time_offset_sec,cpu_percent,memory_rss_mb
0.0,93.3,40.13
0.1,102.4,45.86
0.2,73.8,49.63
0.3,103.5,52.75
0.4,58.3,57.68
0.5,88.8,62.2
0.6,86.7,62.82
0.7,0.0,62.84
0.8,14.7,62.85
0.9,14.6,62.85
1.0,0.0,62.85
1.1,42.9,65.88
1.2,103.8,70.16
1.3,73.6,74.77
1.4,87.7,83.27
1.5,29.6,83.4
1.6,0.0,84.3
1.7,0.0,84.3
1.8,14.7,84.3
1.9,13.7,84.3
2.0,0.0,84.3
2.1,14.1,84.3
2.2,14.0,84.3
2.3,13.7,84.3
2.4,14.2,84.3
2.5,14.3,84.3
2.6,13.8,84.3
2.7,13.5,84.3
2.8,13.8,84.3
2.9,13.9,84.35
3.0,13.4,84.35
3.1,13.9,84.35
3.2,13.8,84.35
3.3,26.5,84.35
3.4,13.5,84.35
3.5,14.3,84.35
3.6,25.6,84.35
3.7,14.1,84.35
3.8,14.2,84.35
3.9,13.2,84.35
4.0,13.4,84.35
4.1,26.1,84.35
4.2,13.3,84.35
4.3,13.6,84.35
4.4,13.9,84.35
4.5,14.2,84.35
4.6,13.7,84.35
4.7,0.0,84.35
4.8,0.0,84.35
4.9,0.0,84.35
5.0,13.8,84.35
5.1,13.3,84.35
5.2,0.0,84.35
5.3,0.0,84.35
5.4,13.7,84.35
5.5,26.6,84.52
5.6,14.1,84.53
5.7,13.6,84.53
5.8,13.2,84.53
5.9,38.2,84.54
6.0,106.4,84.63
6.1,107.4,84.75
6.2,114.1,84.84
6.3,108.0,85.1
6.4,39.5,85.11
6.5,14.2,85.12
6.6,13.1,85.12
6.7,13.6,85.12
6.8,38.7,85.7
6.9,13.5,86.12
7.0,13.4,86.13
7.1,0.0,86.13
7.2,13.2,86.13
7.3,14.0,86.13
7.4,0.0,86.13
7.5,0.0,86.13
7.6,14.5,86.13
7.7,14.3,86.13
7.8,13.9,86.13
7.9,14.0,86.14
8.0,0.0,86.16
8.1,0.0,86.17
8.2,14.0,86.17
8.3,0.0,86.17
8.4,0.0,86.18
8.5,13.5,86.18
8.6,14.0,86.18
8.7,14.1,86.18
8.8,0.0,86.18
8.9,14.3,86.18
9.0,28.1,86.18
9.1,0.0,86.18
9.2,0.0,86.18
9.3,13.7,86.18
9.4,14.2,86.18
9.5,14.3,86.18
9.6,14.1,86.18
9.7,14.2,86.19
9.8,13.9,86.19
9.9,0.0,86.19
10.0,0.0,86.19
10.1,13.8,86.19
10.2,13.9,86.19
10.3,14.0,86.19
10.4,14.0,86.19
10.5,0.0,86.19
10.6,13.9,86.19
10.7,0.0,86.19
10.8,13.5,86.19
10.9,0.0,86.19
11.0,0.0,86.19
11.1,0.0,86.19
11.2,13.6,86.19
11.3,14.0,86.19
11.4,0.0,86.19
11.5,0.0,86.19
11.6,14.2,86.22
11.7,14.2,86.23
11.8,13.9,86.23
11.9,14.8,86.23
12.0,0.0,86.23
12.1,0.0,86.23
12.2,13.9,86.23
12.3,0.0,86.23
12.4,14.1,86.23
12.5,13.9,86.23
12.6,0.0,86.23
12.7,14.6,86.23
12.8,0.0,86.23
12.9,0.0,86.23
13.0,14.3,86.23
13.1,14.2,86.23
13.2,0.0,86.23
13.3,13.6,86.23
13.4,13.9,86.23
13.5,13.8,86.23
13.6,13.7,86.23
13.7,13.6,86.23
13.8,13.8,86.23
13.9,13.8,86.23
14.0,13.5,86.23
14.1,13.6,86.23
14.2,14.5,86.23
14.3,13.8,86.23
14.4,13.6,86.23
14.5,0.0,86.23
14.6,14.1,86.23
14.7,13.7,86.23
14.8,13.7,86.23
14.9,0.0,86.23
15.0,13.8,86.23
15.1,13.8,86.23
15.2,13.8,86.23
15.3,13.7,86.23
15.4,13.8,86.23
15.5,27.6,86.34
15.6,14.2,86.34
15.7,13.9,86.34
15.8,13.7,86.34
15.9,13.8,86.34
16.0,27.5,86.41
16.1,27.7,86.38
16.2,0.0,86.38
16.3,13.8,86.38
16.4,14.0,86.38
16.5,14.4,86.38
16.6,0.0,86.38
16.7,0.0,86.38
16.8,14.0,86.39
16.9,14.3,86.4
17.0,13.9,86.4
17.1,14.8,86.4
17.2,13.8,86.4
17.3,13.8,86.4
17.4,13.9,86.4
17.5,0.0,86.4
17.6,0.0,86.4
17.7,13.9,86.4
17.8,14.0,86.4
17.9,13.8,86.4
18.0,13.9,86.4
18.1,0.0,86.4
18.2,13.8,86.4
18.3,14.4,86.4
18.4,14.2,86.4
18.5,14.0,86.4
18.6,13.8,86.4
18.7,13.9,86.4
18.8,0.0,86.4
18.9,13.6,86.4
19.0,13.9,86.4
19.1,13.9,86.4
19.2,0.0,86.4
19.3,0.0,86.4
19.4,0.0,86.4
19.5,14.4,86.4
19.6,0.0,86.4
19.7,0.0,86.4
19.8,13.6,86.4
19.9,13.8,86.4
20.0,13.6,86.4
20.1,13.6,86.4
20.2,13.6,86.4
20.3,13.9,86.36
20.4,13.6,86.36
20.5,13.7,86.36
20.6,13.7,86.36
20.7,13.9,86.37
20.8,14.0,86.37
20.9,13.9,86.37
21.0,14.3,86.38
21.1,14.4,86.38
21.2,13.6,86.38
21.3,0.0,86.38
21.4,13.9,86.38
21.5,0.0,86.38
21.6,14.0,86.38
21.7,13.8,86.38
21.8,14.2,86.38
21.9,13.9,86.38
22.0,13.8,86.38
22.1,0.0,86.38
22.2,13.9,86.38
22.3,13.8,86.38
22.4,14.0,86.38
22.5,13.9,86.38
22.6,0.0,86.38
22.7,27.3,86.3
22.8,13.8,86.3
22.9,13.7,86.31
23.0,0.0,86.31
23.1,13.8,86.31
23.2,0.0,86.31
23.3,14.0,86.31
23.4,13.7,86.31
23.5,0.0,86.31
23.6,14.0,86.31
23.7,14.2,86.31
23.8,13.9,86.31
23.9,14.3,86.31
24.0,29.6,86.28
24.1,14.3,86.28
24.2,13.9,86.28
24.3,13.8,86.28
24.4,13.9,86.28
24.5,97.5,86.64
24.6,43.9,86.76
24.7,0.0,86.77
24.8,0.0,86.77
24.9,13.9,86.77
25.0,13.4,86.88
25.1,14.4,150.85
25.2,414.0,163.91
25.3,367.6,175.01
25.4,413.2,185.45
25.5,415.6,196.44
25.6,409.2,208.39
25.7,413.1,219.48
25.8,385.2,232.39
25.9,414.0,243.38
26.0,398.8,254.81
26.1,412.5,264.23
26.2,369.5,275.58
26.3,414.8,286.49
26.4,412.0,298.38
26.5,413.2,309.89
26.6,370.0,320.74
26.7,410.8,332.61
26.8,398.8,343.38
26.9,414.0,354.78
27.0,414.0,365.39
27.1,384.8,377.73
27.2,413.2,388.19
27.3,398.8,399.69
27.4,413.2,411.15
27.5,369.2,421.96
27.6,414.4,432.36
27.7,414.0,444.47
27.8,410.8,454.9
27.9,397.3,465.97
28.0,398.3,476.41
28.1,410.0,488.03
28.2,412.0,499.54
28.3,395.3,510.95
28.4,410.7,522.19
28.5,369.5,533.64
28.6,413.6,544.48
28.7,412.4,555.67
28.8,412.8,566.99
28.9,368.7,578.11
29.0,429.2,589.23
29.1,413.2,600.73
29.2,410.4,612.85
29.3,428.2,622.88
29.4,370.4,636.56
29.5,397.3,647.18
29.6,414.4,658.72
29.7,413.6,670.02
29.8,406.7,688.8
29.9,366.5,754.73
30.0,409.6,790.54
30.1,392.7,719.41
30.2,309.0,621.36
30.3,265.4,628.28
30.4,204.8,703.19
30.5,201.5,767.91
30.6,203.2,666.92
30.7,201.6,667.29
30.8,202.8,667.29
30.9,187.4,667.29
31.0,203.4,667.29
31.1,201.8,667.29
31.2,217.2,667.29
31.3,204.0,667.31
31.4,217.8,667.31
31.5,214.3,667.38
31.6,202.5,667.38
31.7,218.8,667.39
31.8,202.6,667.39
31.9,203.6,667.39
32.0,186.2,667.39
32.1,199.8,667.39
32.2,197.6,457.53
32.3,197.4,446.68
32.4,129.4,446.91
32.5,100.3,446.93
32.6,101.6,446.93
32.7,114.7,446.93
32.8,101.6,446.93
32.9,85.9,446.93
33.0,115.6,446.93
33.1,115.8,446.93
33.2,115.3,446.93
33.3,115.5,446.93
33.4,116.2,446.93
33.5,86.6,446.93
33.6,101.3,446.93
33.7,100.3,446.93
33.8,102.0,446.95
33.9,100.9,446.95
34.0,101.3,446.95
34.1,86.0,446.95
34.2,101.4,446.95
34.3,114.8,446.95
34.4,116.1,446.95
34.5,116.0,446.95
34.6,101.5,446.95
34.7,116.0,446.95
34.8,101.1,446.95
34.9,101.1,446.95
35.0,100.5,446.95
35.1,101.3,446.95
35.2,101.4,446.95
35.3,101.2,446.95
35.4,101.5,446.95
35.5,116.5,446.95
35.6,115.3,446.95
35.7,115.3,446.95
35.8,115.1,446.95
35.9,100.5,446.95
36.0,101.3,446.95
36.1,116.1,446.95
36.2,101.3,446.95
36.3,87.0,446.95
36.4,101.1,446.95
36.5,101.0,446.95
36.6,101.2,446.95
36.7,115.3,446.95
36.8,114.8,446.95
36.9,115.3,446.95
37.0,114.9,446.95
37.1,101.4,446.95
37.2,115.2,446.95
37.3,116.0,446.95
37.4,101.2,446.95
37.5,101.6,446.95
37.6,100.7,446.95
37.7,101.3,446.95
37.8,100.4,446.95
37.9,100.7,446.95
38.0,86.4,446.95
38.1,101.5,446.95
38.2,115.2,446.95
38.3,115.7,446.95
38.4,115.1,446.95
38.5,116.2,446.95
38.6,114.9,446.95
38.7,86.9,446.95
38.8,115.3,446.95
38.9,102.5,446.95
39.0,100.6,446.95
39.1,101.7,446.95
39.2,100.8,446.95
39.3,101.5,446.95
39.4,101.2,446.95
39.5,116.2,446.95
39.6,115.5,446.95
39.7,116.2,446.95
39.8,101.0,446.95
39.9,115.9,446.95
40.0,100.9,446.95
40.1,101.4,446.95
40.2,101.5,446.95
40.3,101.2,446.95
40.4,101.4,446.95
40.5,100.5,446.95
40.6,116.2,446.95
40.7,114.0,446.95
40.8,116.0,446.95
40.9,115.7,446.95
41.0,101.6,446.95
41.1,115.4,446.95
41.2,101.8,446.96
41.3,100.4,446.96
41.4,101.4,446.96
41.5,100.6,446.96
41.6,87.3,446.96
41.7,100.2,446.96
41.8,101.7,446.96
41.9,114.0,446.96
42.0,115.8,446.96
42.1,115.4,446.96
42.2,115.9,446.96
42.3,115.7,446.96
42.4,115.5,446.96
42.5,101.2,446.96
42.6,101.7,446.96
42.7,100.2,446.96
42.8,101.8,446.96
42.9,100.7,446.96
43.0,101.7,446.96
43.1,86.2,446.96
43.2,116.1,446.96
43.3,115.9,446.96
43.4,116.3,446.96
43.5,115.3,446.96
43.6,86.5,446.96
43.7,115.3,446.96
43.8,116.1,446.96
43.9,101.4,446.96
44.0,86.2,446.96
44.1,101.2,446.96
44.2,101.5,446.96
44.3,101.6,446.96
44.4,115.6,446.96
44.5,100.4,446.96
44.6,115.6,446.96
44.7,116.1,446.96
44.8,115.9,446.96
44.9,101.5,446.96
45.0,113.2,446.96
45.1,100.8,446.96
45.2,101.9,446.96
45.3,101.0,446.96
45.4,101.5,446.96
45.5,100.7,446.96
45.6,100.6,446.96
45.7,100.8,446.96
45.8,114.2,446.96
45.9,115.4,446.96
46.0,115.7,446.96
46.1,115.4,446.96
46.2,115.9,446.96
46.3,115.9,446.96
46.4,101.1,446.96
46.5,116.1,446.96
46.6,101.0,446.96
46.7,101.3,446.96
46.8,101.0,446.96
46.9,101.5,446.96
47.0,100.9,446.96
47.1,116.4,446.96
47.2,101.4,446.96
47.3,116.1,446.96
47.4,115.9,446.96
47.5,114.2,446.96
47.6,100.6,446.96
47.7,116.1,446.96
47.8,100.7,446.96
47.9,101.2,446.96
48.0,86.3,446.96
48.1,101.6,446.96
48.2,100.8,446.96
48.3,101.2,446.96
48.4,101.1,446.96
48.5,116.3,446.96
48.6,115.4,446.96
48.7,114.6,446.96
48.8,115.3,446.96
48.9,101.4,446.96
49.0,114.8,446.96
49.1,115.8,446.96
49.2,101.2,446.96
49.3,101.3,446.96
49.4,101.0,446.96
49.5,101.5,446.96
49.6,101.2,446.96
49.7,101.6,446.96
49.8,116.4,446.96
49.9,116.0,446.96
50.0,115.8,446.96
50.1,101.0,446.96
50.2,101.6,446.96
50.3,100.9,446.96
50.4,101.0,446.96
50.5,101.2,446.96
50.6,101.6,446.96
50.7,101.3,446.96
50.8,116.4,446.96
50.9,115.0,446.96
51.0,116.0,446.96
51.1,115.5,446.96
51.2,115.6,446.96
51.3,100.8,446.96
51.4,87.2,446.96
51.5,188.0,447.39
51.6,145.0,447.73
51.7,87.0,447.75
51.8,101.5,447.76
51.9,116.0,447.76
52.0,115.8,447.76
52.1,114.5,447.76
52.2,114.3,447.76
52.3,115.5,447.76
52.4,101.5,447.76
52.5,116.2,447.76
52.6,100.3,447.76
52.7,101.5,447.79
52.8,101.6,447.8
52.9,101.0,447.74
53.0,87.0,447.74
53.1,99.4,447.74
53.2,113.8,447.74
53.3,99.0,447.74
53.4,108.5,447.74
53.5,103.3,447.74
53.6,112.1,447.74
53.7,109.4,447.75
53.8,110.8,447.75
53.9,117.4,447.75
54.0,129.9,447.75
54.1,104.7,447.75
54.2,107.3,447.75
54.3,110.6,447.75
54.4,98.7,447.75
54.5,105.1,447.69
54.6,123.2,447.69
54.7,168.1,447.74
54.8,211.5,448.07
54.9,176.0,448.37
55.0,115.8,448.4
55.1,112.1,448.41
55.2,101.3,448.41
55.3,115.9,448.41
55.4,110.2,448.41
55.5,119.3,448.41
55.6,99.9,448.41
55.7,106.4,448.41
55.8,111.6,448.41
55.9,98.3,448.41
56.0,124.7,448.41
56.1,137.4,448.47
56.2,208.8,448.67
56.3,212.3,449.01
56.4,99.3,449.08
56.5,105.8,449.09
56.6,105.1,449.09
56.7,108.6,449.09
56.8,113.2,449.09
56.9,108.2,449.09
57.0,108.1,449.09
57.1,114.5,449.09
57.2,126.0,449.11
57.3,119.3,449.12
57.4,97.5,449.12
57.5,119.6,449.12
57.6,97.7,449.17
57.7,94.1,449.17
57.8,117.4,449.17
57.9,137.8,450.27
58.0,208.3,450.26
58.1,164.5,450.31
58.2,95.2,450.34
58.3,110.1,450.34
58.4,111.3,450.34
58.5,194.2,450.4
58.6,211.8,450.41
58.7,150.3,450.71
58.8,113.1,450.72
58.9,98.1,450.72
59.0,94.1,450.72
59.1,80.5,450.74
59.2,111.7,450.74
59.3,101.7,450.74
59.4,116.2,450.74
59.5,94.1,450.74
59.6,113.2,450.74
59.7,117.5,450.75
59.8,103.3,450.75
59.9,121.8,450.75
60.0,74.2,450.75
60.1,124.1,450.75
60.2,112.5,450.75
60.3,99.1,450.75
60.4,98.9,450.75
60.5,93.9,450.75
60.6,113.2,450.75
60.7,110.0,450.75
60.8,99.2,450.75
60.9,98.3,450.75
61.0,100.6,450.75
61.1,116.4,450.75
61.2,112.1,450.75
61.3,117.3,450.75
61.4,111.7,450.75
61.5,102.4,450.75
61.6,108.0,450.75
61.7,112.2,450.75
61.8,104.2,450.75
61.9,112.1,450.75
62.0,112.0,450.75
62.1,109.0,450.75
62.2,77.2,450.75
62.3,112.4,450.75
62.4,77.5,450.75
62.5,98.3,450.75
62.6,100.5,450.75
62.7,131.2,450.76
62.8,96.5,450.76
62.9,115.1,450.76
63.0,92.7,450.76
63.1,112.0,450.76
63.2,110.1,450.76
63.3,104.2,450.76
63.4,112.1,450.76
63.5,99.4,450.76
63.6,111.6,450.76
63.7,102.1,450.76
63.8,141.8,451.85
63.9,80.9,451.85
64.0,110.9,451.86
64.1,90.9,451.86
64.2,122.4,451.86
64.3,96.5,451.86
64.4,111.9,451.86
64.5,132.3,471.05
64.6,166.5,484.46
64.7,192.7,501.27
64.8,208.0,521.38
64.9,223.8,561.43
65.0,199.4,587.45
65.1,197.2,619.61
65.2,229.5,649.75
65.3,211.2,676.07
65.4,200.1,709.45
65.5,210.5,740.52
65.6,229.3,772.65
65.7,199.3,804.85
65.8,226.3,814.35
65.9,180.9,861.17
66.0,134.4,451.93
66.1,129.3,452.4
66.2,112.1,452.4
66.3,113.6,452.4
66.4,110.5,452.4
66.5,98.9,452.4
66.6,111.5,452.4
66.7,119.9,452.4
66.8,107.8,452.4
66.9,113.8,452.4
67.0,115.5,452.4
67.1,105.2,452.4
67.2,120.5,452.4
67.3,109.2,452.4
67.4,103.6,452.4
67.5,112.1,452.4
67.6,117.4,452.4
67.7,124.6,452.4
67.8,110.2,452.4
67.9,114.2,452.4
68.0,111.7,452.4
68.1,104.0,452.4
68.2,110.9,452.4
68.3,107.1,452.4
68.4,111.4,452.4
68.5,104.0,452.4
68.6,115.9,452.4
68.7,108.9,452.4
68.8,111.5,452.4
68.9,111.7,452.4
69.0,113.3,452.4
69.1,108.1,452.4
69.2,102.5,452.4
69.3,114.9,452.4
69.4,100.8,452.4
69.5,105.9,452.4
69.6,74.5,452.4
69.7,100.4,452.4
69.8,101.8,452.4
69.9,109.5,452.4
70.0,113.5,452.4
70.1,127.2,452.4
70.2,100.9,452.4
70.3,112.7,452.4
70.4,122.2,452.4
70.5,110.0,452.4
70.6,100.3,452.4
70.7,97.9,452.4
70.8,103.4,452.4
70.9,112.0,452.4
71.0,103.3,452.4
71.1,128.7,452.4
71.2,115.5,452.4
71.3,102.2,452.4
71.4,114.6,452.4
71.5,87.0,452.4
71.6,127.0,452.48
71.7,102.6,452.48
71.8,115.3,452.48
71.9,132.2,452.48
72.0,112.8,452.48
72.1,127.0,452.48
72.2,99.0,452.48
72.3,99.2,452.48
72.4,98.9,452.48
72.5,110.7,452.48
72.6,113.1,452.48
72.7,112.7,464.03
72.8,215.5,484.93
72.9,194.8,501.65
73.0,195.9,519.47
73.1,208.8,555.42
73.2,200.7,587.8
73.3,231.9,616.71
73.4,203.0,644.1
73.5,209.4,676.42
73.6,215.2,709.61
73.7,196.9,740.87
73.8,201.9,773.06
73.9,196.9,805.2
74.0,228.5,808.57
74.1,183.5,809.34
74.2,125.0,452.69
74.3,108.2,469.87
74.4,201.2,473.37
74.5,238.0,476.97
74.6,205.9,481.1
74.7,234.7,486.01
74.8,303.1,488.34
74.9,306.3,491.63
75.0,209.0,495.16
75.1,216.2,499.29
75.2,221.7,504.23
75.3,208.5,508.36
75.4,193.6,513.21
75.5,208.6,517.4
75.6,225.1,522.23
75.7,207.7,525.73
75.8,208.3,529.17
75.9,190.8,532.61
76.0,195.5,534.52
76.1,209.2,537.89
76.2,210.1,540.71
76.3,197.0,543.74
76.4,211.5,547.35
76.5,207.1,551.3
76.6,212.6,553.82
76.7,207.5,557.29
76.8,204.5,560.45
76.9,228.3,563.33
77.0,209.8,564.8
77.1,209.4,567.05
77.2,171.0,569.59
77.3,237.8,570.37
77.4,235.6,571.43
77.5,210.4,573.53
77.6,205.1,575.0
77.7,223.9,577.03
77.8,197.0,577.34
77.9,218.2,578.69
78.0,203.4,580.79
78.1,176.4,583.6
78.2,205.9,584.64
78.3,209.1,587.23
78.4,195.6,588.45
78.5,208.4,590.3
78.6,199.3,591.02
78.7,194.5,591.96
78.8,161.4,237.64
78.9,191.2,238.68
79.0,252.7,240.91
79.1,242.6,243.89
79.2,200.7,244.64
79.3,155.2,247.48
79.4,104.8,247.82
79.5,115.3,248.32
79.6,115.8,249.36
79.7,101.1,251.02
79.8,100.8,251.45
79.9,126.8,251.77
80.0,124.1,252.22
80.1,109.8,254.78
80.2,114.7,255.14
80.3,115.4,255.59
80.4,102.2,256.56
80.5,135.0,266.59
80.6,146.6,269.59
80.7,228.2,283.99
80.8,220.2,296.52
80.9,213.1,308.73
81.0,211.1,320.43
81.1,186.8,333.27
81.2,214.7,345.19
81.3,193.9,356.44
81.4,213.8,369.83
81.5,209.8,383.92
81.6,202.3,399.01
81.7,225.8,411.47
81.8,214.0,426.34
81.9,203.4,440.14
82.0,200.4,453.62
82.1,215.2,478.14
82.2,190.6,500.48
82.3,209.0,519.29
82.4,219.2,549.92
82.5,200.0,571.77
82.6,204.5,586.6
82.7,236.1,599.55
82.8,186.3,612.96
82.9,219.5,624.15
83.0,201.6,637.77
83.1,195.6,651.71
83.2,194.6,664.25
83.3,180.0,670.64
83.4,213.8,676.95
83.5,213.0,681.45
83.6,231.8,687.47
83.7,170.1,694.29
83.8,214.2,699.08
83.9,196.9,706.75
84.0,216.2,714.89
84.1,195.9,496.04
84.2,184.5,487.57
84.3,224.4,492.7
84.4,189.6,499.86
84.5,85.3,503.11
84.6,105.3,510.57
84.7,114.2,513.23
84.8,111.8,516.59
84.9,103.1,519.21
85.0,119.6,524.83
85.1,114.5,527.42
85.2,125.2,531.23
85.3,114.4,537.45
85.4,97.9,544.76
85.5,98.9,551.8
85.6,99.3,559.14
85.7,114.3,566.39
85.8,99.2,573.51
85.9,111.6,580.74
86.0,99.8,588.14
86.1,98.9,595.63
86.2,100.3,602.99
86.3,100.0,610.13
86.4,99.9,617.57
86.5,108.7,625.04
86.6,96.0,632.67
86.7,84.4,640.25
86.8,116.8,646.99
86.9,93.6,649.56
87.0,117.7,652.25
87.1,93.3,654.91
87.2,135.7,657.53
87.3,112.4,663.91
87.4,104.0,667.68
87.5,115.4,670.49
87.6,116.0,673.23
87.7,88.5,676.89
87.8,108.9,677.82
87.9,88.5,680.55
88.0,115.1,684.54
88.1,111.9,689.31
88.2,107.2,695.99
88.3,112.9,702.71
88.4,109.9,710.87
88.5,113.3,715.96
88.6,106.7,721.51
88.7,109.6,724.69
88.8,111.3,730.2
88.9,114.4,734.89
89.0,113.0,742.35
89.1,112.7,750.1
89.2,105.8,754.95
89.3,111.6,759.71
89.4,117.8,764.0
89.5,106.3,766.71
89.6,109.6,771.67
89.7,113.8,778.47
89.8,106.3,783.17
89.9,100.6,789.36
90.0,103.6,789.41
90.1,103.5,789.41
90.2,103.2,817.88
90.3,192.4,838.4
90.4,221.2,857.89
90.5,191.3,892.48
90.6,206.6,923.19
90.7,201.6,949.21
90.8,206.8,977.93
90.9,206.6,1004.19
91.0,191.1,1029.88
91.1,206.6,1059.95
91.2,205.8,1086.04
91.3,206.4,1116.11
91.4,191.7,1142.17
91.5,219.4,1147.98
91.6,206.2,1154.64
91.7,206.2,1305.62
91.8,200.2,1366.72
91.9,215.7,1443.94
92.0,220.6,1326.64
92.1,191.8,1330.39
92.2,204.6,1334.08
92.3,207.4,1337.95
92.4,206.2,1341.7
92.5,205.6,1187.09
92.6,191.9,1238.53
92.7,191.8,1290.3
92.8,205.8,1330.14
92.9,205.0,1358.11
93.0,209.8,1133.84
93.1,217.3,1093.28
93.2,217.8,813.38
93.3,117.6,790.08
93.4,103.7,790.08
93.5,103.2,790.08
93.6,103.5,790.08
93.7,91.8,790.08
93.8,103.7,790.08
93.9,102.8,790.08
94.0,101.0,790.08
94.1,117.4,790.08
94.2,124.3,790.08
94.3,115.4,790.08
94.4,103.9,790.08
94.5,106.2,790.08
94.6,78.8,790.08
94.7,123.8,790.08
94.8,115.0,790.08
94.9,105.8,790.08
95.0,113.3,790.08
95.1,107.8,790.08
95.2,99.8,790.08
95.3,100.6,790.08
95.4,121.1,790.08
95.5,98.8,790.08
95.6,96.4,790.08
95.7,100.2,790.08
95.8,109.8,790.08
95.9,106.4,790.08
96.0,118.3,790.08
96.1,97.4,790.08
96.2,84.4,790.08
96.3,117.0,790.08
96.4,120.2,790.08
96.5,98.0,790.08
96.6,91.2,790.08
96.7,100.2,790.08
96.8,115.0,790.08
96.9,117.9,790.08
97.0,122.5,790.08
97.1,114.6,790.08
97.2,110.7,790.08
97.3,122.2,790.08
97.4,85.0,790.08
97.5,128.2,790.08
97.6,99.4,790.08
97.7,100.5,790.08
97.8,113.3,790.08
97.9,96.7,790.08
98.0,114.8,790.08
98.1,115.4,790.08
98.2,111.9,790.08
98.3,86.1,790.08
98.4,115.4,790.08
98.5,119.0,790.08
98.6,98.8,790.08
98.7,118.0,790.08
98.8,97.8,790.08
98.9,98.3,790.08
99.0,125.2,790.08
99.1,88.3,790.08
99.2,117.3,790.08
99.3,121.9,790.08
99.4,115.9,790.08
99.5,110.3,790.08
99.6,122.3,790.08
99.7,119.1,790.08
99.8,116.8,790.08
99.9,111.0,790.08
100.0,103.9,790.08
100.1,114.2,790.08
100.2,85.2,790.08
100.3,102.3,790.08
100.4,114.6,790.08
100.5,96.2,790.08
100.6,98.3,790.08
100.7,88.3,790.08
100.8,85.8,790.08
100.9,109.3,790.08
101.0,115.7,790.08
101.1,109.6,790.08
101.2,123.7,790.08
101.3,109.4,790.08
101.4,102.1,790.08
101.5,89.6,790.08
101.6,114.6,790.08
101.7,118.9,790.08
101.8,116.4,790.08
101.9,88.6,790.08
102.0,124.2,790.08
102.1,98.5,790.08
102.2,121.7,790.08
102.3,169.0,792.74
102.4,224.0,822.08
102.5,188.3,840.54
102.6,187.6,867.11
102.7,208.3,908.82
102.8,221.8,935.2
102.9,211.2,966.11
103.0,212.0,997.62
103.1,201.2,1028.69
103.2,210.3,1060.9
103.3,211.0,1089.18
103.4,187.6,1120.61
103.5,219.0,1150.81
103.6,213.6,1147.67
103.7,200.4,1329.54
103.8,196.0,1308.54
103.9,211.5,1512.39
104.0,212.5,1325.98
104.1,218.9,1330.16
104.2,213.2,1334.23
104.3,211.2,1338.35
104.4,196.7,1342.2
104.5,216.2,1202.86
104.6,202.1,1254.68
104.7,224.2,1301.22
104.8,205.8,1345.39
104.9,220.1,1360.23
105.0,180.6,1360.23
105.1,221.6,1360.23
105.2,213.0,1360.23
105.3,205.7,1360.23
105.4,213.4,1360.23
105.5,196.8,1360.23
105.6,200.8,1360.23
105.7,198.6,1360.23
105.8,194.2,1360.25
105.9,195.6,1360.25
106.0,226.6,1360.25
106.1,225.8,1360.25
106.2,215.3,1360.25
106.3,214.3,1360.25
106.4,190.4,1360.25
106.5,211.4,1360.25
106.6,213.1,1360.25
106.7,208.6,1360.25
106.8,201.2,1360.25
106.9,198.8,1360.25
107.0,202.5,1360.25
107.1,201.2,1360.2
107.2,213.0,1360.2
107.3,191.8,1360.2
107.4,196.3,1360.2
107.5,202.4,1360.2
107.6,200.8,1360.2
107.7,216.3,1360.2
107.8,187.8,1360.2
107.9,223.1,1360.2
108.0,207.3,1360.2
108.1,209.5,1360.2
108.2,211.4,1360.2
108.3,184.6,1360.2
108.4,222.7,1360.2
108.5,184.4,1360.2
108.6,216.2,1360.2
108.7,193.1,1360.2
108.8,209.5,1360.2
108.9,203.4,1360.2
109.0,194.2,1360.2
109.1,214.5,1360.2
109.2,192.8,1360.2
109.3,187.8,1360.2
109.4,205.1,1360.2
109.5,194.8,1360.2
109.6,193.4,1360.2
109.7,207.0,905.28
109.8,109.6,790.27
109.9,96.7,790.27
110.0,116.6,790.27
110.1,110.2,790.27
110.2,81.9,790.27
110.3,97.2,790.27
110.4,85.5,790.27
110.5,85.3,790.27
110.6,110.8,790.25
110.7,98.9,790.25
110.8,84.3,790.25
110.9,92.6,790.25
111.0,137.3,790.25
111.1,113.1,790.25
111.2,111.9,790.25
111.3,114.5,790.25
111.4,114.6,790.25
111.5,111.9,790.25
111.6,90.5,790.25
111.7,108.8,790.25
111.8,97.4,790.25
111.9,113.7,790.25
112.0,86.2,790.25
112.1,99.9,790.25
112.2,116.3,790.25
112.3,115.7,790.25
112.4,112.3,790.25
112.5,112.9,790.25
112.6,108.9,790.25
112.7,110.2,790.25
112.8,112.1,790.25
112.9,115.8,790.26
113.0,123.0,790.26
113.1,95.7,790.26
113.2,120.1,790.27
113.3,109.7,790.27
113.4,116.5,790.27
113.5,105.0,790.27
113.6,107.7,790.27
113.7,118.7,790.06
113.8,118.7,531.07
113.9,109.0,205.07
114.0,68.6,99.38
114.1,98.6,99.38
114.2,113.8,99.38
114.3,38.6,99.38
114.4,12.8,99.38
114.5,0.0,99.38
114.6,13.3,99.38
114.7,24.9,99.38
114.8,26.1,99.38
114.9,12.9,99.38
115.0,13.2,99.38
115.1,25.7,99.38
115.2,13.6,99.38
115.3,13.1,99.38
115.4,13.5,99.38
115.5,12.8,99.38
115.6,26.2,99.38
115.7,13.6,99.38
115.8,13.6,99.38
115.9,13.6,99.38
116.0,13.4,99.38
116.1,13.0,99.38
116.2,25.7,99.38
116.3,13.7,99.38
116.4,25.8,99.38
116.5,13.6,99.38
116.6,26.0,99.38
116.7,14.2,99.38
116.8,13.8,99.38
116.9,25.8,99.38
117.0,13.4,99.38
117.1,13.6,99.38
117.2,13.6,99.38
117.3,25.7,99.38
117.4,13.7,99.38
117.5,13.0,99.38
117.6,13.6,99.38
117.7,12.9,99.38
117.8,14.2,99.38
117.9,25.5,99.38
118.0,14.1,99.38
118.1,13.6,99.38
118.2,13.7,99.38
118.3,13.5,99.38
118.4,26.0,99.38
118.5,0.0,99.38
118.6,13.5,99.38
118.7,13.5,99.38
118.8,13.7,99.35
118.9,13.6,99.35
119.0,13.7,99.35
119.1,13.5,99.35
119.2,13.3,99.35
119.3,13.6,99.35
119.4,12.9,99.35
119.5,13.3,99.35
119.6,13.1,99.35
119.7,26.1,99.35
119.8,13.7,99.35
119.9,26.7,99.35
120.0,12.7,99.35
120.1,13.6,99.35
120.2,13.3,99.35
120.3,13.1,99.35
120.4,25.9,99.35
120.5,13.0,99.35
120.6,13.7,99.35
120.7,13.6,99.35
120.8,13.6,99.35
120.9,13.7,99.35
121.0,13.6,99.35
121.1,0.0,99.35
121.2,13.1,99.35
121.3,13.6,99.35
121.4,13.4,99.35
121.5,13.2,99.35
121.6,13.8,99.35
121.7,13.4,99.35
121.8,25.9,99.35
121.9,13.7,99.35
122.0,26.2,99.35
122.1,13.6,99.35
122.2,13.7,99.35
122.3,13.3,99.35
122.4,13.4,99.35
122.5,13.4,99.35
122.6,13.9,99.35
122.7,13.7,99.35
122.8,13.7,99.35
122.9,13.5,99.35
123.0,13.7,99.35
123.1,13.0,99.35
123.2,26.6,99.35
123.3,13.6,99.35
123.4,13.6,99.35
123.5,0.0,99.35
123.6,13.5,99.35
123.7,13.6,99.35
123.8,13.6,99.35
123.9,13.6,99.35
124.0,13.6,99.35
124.1,0.0,99.35
124.2,13.6,99.35
124.3,0.0,99.35
124.4,0.0,99.35
124.5,0.0,99.37
124.6,13.6,99.37
124.7,13.3,99.37
124.8,13.6,99.37
124.9,13.5,99.37
125.0,0.0,99.37
125.1,13.5,99.37
125.2,24.7,99.37
125.3,25.9,99.37
125.4,13.6,99.37
125.5,13.3,99.37
125.6,13.6,99.37
125.7,13.1,99.37
125.8,13.6,99.37
125.9,13.1,99.37
126.0,13.5,99.37
126.1,14.5,99.37
126.2,13.9,99.37
126.3,13.3,99.37
126.4,13.6,99.37
126.5,13.0,99.37
126.6,12.9,99.37
126.7,13.5,99.37
126.8,13.8,99.37
126.9,13.3,99.37
127.0,13.3,99.37
127.1,13.7,99.37
127.2,13.4,99.37
127.3,13.3,99.37
127.4,0.0,99.37
127.5,0.0,99.37
127.6,13.3,99.37
127.7,13.6,99.37
127.8,12.7,99.37
127.9,13.4,99.37
128.0,13.0,99.37
128.1,12.9,99.37
128.2,13.5,99.37
128.3,13.0,99.37
128.4,13.6,99.37
128.5,13.7,99.37
128.6,13.5,99.37
128.7,13.1,99.37
128.8,14.2,99.37
128.9,27.5,99.37
129.0,13.7,99.37
129.1,13.2,99.37
129.2,13.5,99.37
129.3,12.8,99.37
129.4,13.0,99.37
129.5,13.2,99.37
129.6,13.5,99.37
129.7,0.0,99.37
129.8,13.6,99.37
129.9,13.5,99.37
130.0,13.0,99.37
130.1,13.6,99.37
130.2,13.0,99.37
130.3,13.7,99.37
130.4,13.0,99.37
130.5,0.0,99.37
130.6,13.3,99.37
130.7,13.6,99.37
130.8,0.0,99.37
130.9,13.0,99.37
131.0,13.4,99.37
131.1,13.3,99.37
131.2,13.4,99.37
131.3,13.6,99.37
131.4,13.7,99.37
131.5,12.9,99.37
131.6,13.5,99.37
131.7,13.0,99.37
131.8,13.7,99.37
131.9,13.5,99.37
132.0,13.7,99.37
132.1,0.0,99.37
132.2,13.2,99.37
132.3,13.6,99.37
132.4,13.5,99.37
132.5,13.8,99.37
132.6,26.0,99.37
132.7,13.0,99.37
132.8,13.7,99.37
132.9,13.0,99.37
133.0,12.9,99.37
133.1,0.0,99.37
133.2,13.3,99.37
133.3,26.1,99.37
133.4,0.0,99.37
133.5,13.4,99.37
133.6,26.4,99.37
133.7,14.3,99.37
133.8,13.4,99.37
133.9,13.7,99.37
134.0,13.0,99.37
134.1,26.6,99.37
134.2,13.9,99.37
134.3,13.3,99.37
134.4,0.0,99.37
134.5,13.0,99.37
134.6,13.6,99.37
134.7,13.6,99.37
134.8,13.6,99.37
134.9,13.2,99.37
135.0,14.3,99.37
135.1,13.6,99.37
135.2,95.5,99.48
135.3,101.5,99.62
135.4,39.0,99.79
135.5,13.6,99.79
135.6,13.0,99.79
135.7,13.6,99.79
135.8,0.0,99.79
135.9,13.5,99.79
136.0,12.7,99.79
136.1,13.6,99.79
136.2,0.0,99.79
136.3,13.7,99.79
136.4,13.5,99.79
136.5,13.7,99.79
136.6,26.0,99.83
136.7,13.6,99.83
136.8,14.3,99.83
136.9,13.3,99.83
137.0,0.0,99.83
137.1,13.7,99.83
137.2,13.6,99.83
137.3,13.2,99.83
137.4,13.6,99.83
137.5,13.7,99.83
137.6,13.4,99.83
137.7,14.0,99.83
137.8,13.1,99.83
137.9,13.6,99.83
138.0,13.6,99.83
138.1,13.8,99.83
138.2,13.4,99.83
138.3,13.2,99.83
138.4,40.4,99.84
138.5,114.4,99.9
138.6,110.1,100.32
138.7,56.1,100.44
138.8,27.5,100.52
138.9,13.6,100.52
139.0,13.6,100.52
139.1,13.2,100.52
139.2,13.9,100.52
139.3,12.7,100.52
139.4,13.1,100.52
139.5,13.6,100.52
139.6,13.3,100.52
139.7,14.3,100.52
139.8,14.4,100.52
139.9,14.4,100.52
140.0,13.7,100.52
140.1,0.0,100.52
140.2,26.8,100.52
140.3,13.7,100.52
140.4,13.6,100.52
140.5,13.6,100.52
140.6,14.0,100.52
140.7,14.3,100.52
140.8,13.2,100.52
140.9,0.0,100.52
141.0,13.2,100.52
141.1,13.9,100.52
141.2,0.0,100.52
141.3,13.3,100.52
141.4,13.9,100.52
141.5,13.4,100.52
141.6,0.0,100.52
141.7,13.2,100.52
141.8,13.7,100.52
141.9,13.5,100.52
142.0,13.8,100.52
142.1,13.3,100.52
142.2,0.0,100.52
142.3,13.6,100.52
142.4,13.7,100.52
142.5,12.7,100.52
142.6,13.7,100.52
142.7,13.6,100.52
142.8,12.7,100.52
142.9,13.4,100.52
143.0,0.0,100.52
143.1,13.5,100.52
143.2,14.3,100.52
143.3,13.9,100.52
143.4,0.0,100.52
143.5,0.0,100.52
143.6,0.0,100.52
143.7,12.5,100.52
143.8,12.9,100.52
143.9,13.3,100.52
144.0,13.5,100.52
144.1,27.3,100.54
144.2,0.0,100.54
144.3,27.3,100.54
144.4,13.6,100.54
144.5,26.1,100.54
144.6,13.0,100.54
144.7,13.4,100.54
144.8,13.6,100.54
144.9,0.0,100.54
145.0,13.6,100.54
145.1,13.6,100.54
145.2,13.2,100.54
145.3,13.6,100.54
145.4,26.1,100.54
145.5,0.0,100.54
145.6,13.8,100.54
145.7,14.6,100.54
145.8,40.7,101.46
145.9,26.2,101.46
146.0,13.8,101.46
146.1,13.6,101.46
146.2,13.6,101.46
146.3,13.1,101.46
146.4,12.9,101.46
146.5,13.6,101.46
146.6,13.6,101.46
146.7,13.0,101.46
146.8,13.5,101.46
146.9,13.0,101.46
147.0,13.3,101.46
147.1,0.0,101.46
147.2,25.6,101.46
147.3,13.6,101.46
147.4,25.7,101.46
147.5,13.7,101.46
147.6,13.7,101.46
147.7,13.4,101.46
147.8,13.4,101.46
147.9,12.9,101.46
148.0,26.0,101.46
148.1,0.0,101.46
148.2,13.6,101.46
148.3,13.6,101.46
148.4,0.0,101.46
148.5,13.1,101.46
148.6,13.4,101.46
148.7,13.8,101.46
148.8,13.5,101.46
148.9,12.7,101.46
149.0,14.1,101.46
149.1,12.8,101.46
149.2,13.8,101.46
149.3,13.3,101.46
149.4,0.0,101.46
149.5,0.0,101.46
149.6,13.4,101.46
149.7,13.7,101.46
149.8,0.0,101.46
149.9,13.9,101.46
150.0,13.6,101.46
150.1,13.8,101.46
150.2,12.7,101.46
150.3,13.6,101.46
150.4,13.5,101.46
150.5,13.9,101.46
150.6,14.0,101.46
150.7,0.0,101.46
150.8,13.5,101.46
150.9,13.7,101.46
151.0,13.1,101.46
151.1,13.0,101.46
151.2,13.6,101.46
151.3,13.7,101.46
151.4,0.0,101.46
151.5,0.0,101.46
151.6,13.2,101.46
151.7,25.5,101.46
151.8,26.2,101.46
151.9,13.3,101.46
152.0,25.1,101.46
152.1,13.6,101.46
152.2,94.4,101.46
152.3,113.1,101.47
152.4,100.1,101.51
152.5,13.7,101.57
152.6,0.0,101.57
152.7,13.4,101.58
152.8,13.1,101.58
152.9,25.5,129.52
153.0,81.3,144.74
153.1,108.0,168.12
153.2,13.5,102.09
153.3,0.0,102.09
153.4,14.0,102.09
153.5,13.6,102.09
153.6,26.1,102.09
153.7,13.6,102.09
153.8,13.9,102.09
153.9,0.0,102.09
154.0,13.9,102.09
154.1,13.7,102.09
154.2,14.2,102.09
154.3,13.8,102.09
154.4,0.0,102.09
154.5,54.2,102.09
154.6,114.4,102.12
154.7,112.8,102.11
154.8,70.0,102.12
154.9,27.4,102.15
155.0,13.7,102.15
155.1,14.2,102.15
155.2,24.4,102.15
155.3,13.4,102.15
155.4,13.6,102.15
155.5,0.0,102.15
155.6,12.4,102.15
155.7,13.6,102.15
155.8,13.4,102.15
155.9,25.8,102.17
156.0,13.6,102.17
156.1,25.5,102.17
156.2,13.4,102.17
156.3,26.8,102.17
156.4,13.5,102.17
156.5,13.6,102.17
156.6,13.3,102.17
156.7,0.0,102.17
156.8,13.1,102.17
156.9,13.7,102.17
157.0,25.7,102.17
157.1,13.5,102.17
157.2,13.2,102.17
157.3,13.8,102.17
157.4,0.0,102.17
157.5,13.1,102.17
157.6,26.8,102.17
157.7,14.4,102.17
157.8,13.9,102.17
157.9,14.4,102.17
158.0,14.4,102.17
158.1,13.1,102.17
158.2,0.0,102.17
158.3,13.9,102.17
158.4,14.4,102.17
158.5,14.3,102.18
158.6,13.1,102.18
158.7,0.0,102.18
158.8,13.8,102.18
158.9,14.4,102.18
159.0,14.0,102.18
159.1,14.0,102.18
159.2,14.0,102.18
159.3,26.5,102.18
159.4,12.8,102.18
159.5,13.6,102.18
159.6,13.4,102.18
159.7,0.0,102.18
159.8,13.6,102.18
159.9,25.8,102.18
160.0,13.3,102.18
160.1,13.6,102.18
160.2,13.7,102.18
160.3,13.6,102.18
160.4,13.6,102.18
160.5,13.7,102.18
160.6,13.7,102.18
160.7,0.0,102.18
160.8,13.4,102.18
160.9,13.6,102.18
161.0,13.7,102.18
161.1,13.5,102.18
161.2,27.1,102.18
161.3,13.7,102.18
161.4,13.5,102.18
161.5,13.3,102.18
161.6,13.3,102.18
161.7,13.5,102.18
161.8,13.9,102.18
161.9,27.3,102.18
162.0,0.0,102.18
162.1,40.8,102.71
162.2,12.2,102.75
162.3,14.1,102.75
162.4,13.7,102.75
162.5,12.9,130.65
162.6,97.8,152.98
162.7,88.8,172.77
162.8,97.5,214.03
162.9,98.1,245.92
163.0,100.3,270.12
163.1,110.6,302.26
163.2,101.8,332.34
163.3,102.0,358.79
163.4,103.3,390.1
163.5,97.9,415.05
163.6,98.3,447.12
163.7,99.6,464.25
163.8,87.2,457.88
163.9,108.7,639.14
164.0,101.5,623.82
164.1,96.0,816.14
164.2,109.8,638.81
164.3,112.5,642.87
164.4,116.1,646.68
164.5,92.6,650.93
164.6,122.6,580.66
164.7,115.4,678.39
164.8,14.5,102.89
164.9,40.4,103.44
165.0,0.0,103.44
165.1,13.7,103.44
165.2,13.2,103.44
165.3,25.8,103.44
165.4,13.4,103.44
165.5,0.0,103.44
165.6,0.0,103.44
165.7,0.0,103.44
165.8,14.0,103.44
165.9,0.0,103.44
166.0,0.0,103.44
166.1,12.5,103.44
166.2,12.6,103.44
166.3,13.4,103.44
166.4,0.0,103.44
166.5,24.5,103.44
166.6,14.3,103.44
166.7,12.5,103.44
166.8,12.9,103.44
166.9,14.3,103.44
167.0,14.0,103.44
167.1,13.4,103.44
167.2,13.0,103.44
167.3,0.0,103.44
167.4,13.6,103.44
167.5,13.7,103.44
167.6,14.3,103.44
167.7,13.4,103.44
167.8,13.6,103.44
167.9,13.0,103.44
168.0,13.1,103.44
168.1,0.0,103.44
168.2,12.6,103.44
168.3,13.2,103.44
168.4,13.7,103.44
168.5,13.7,103.44
168.6,13.5,103.44
168.7,13.6,103.44
168.8,13.9,103.44
168.9,0.0,103.44
169.0,13.3,103.44
169.1,13.7,103.44
169.2,0.0,103.44
169.3,0.0,103.44
169.4,0.0,103.44
169.5,0.0,103.44
169.6,0.0,103.44
169.7,0.0,103.44
169.8,0.0,103.44
169.9,13.0,103.44
170.0,25.7,103.44
170.1,13.1,103.44
170.2,13.0,103.44
170.3,14.2,103.44
170.4,25.9,103.44
170.5,13.0,103.44
170.6,13.4,103.44
170.7,25.7,103.44
170.8,12.8,103.44
170.9,0.0,103.44
171.0,13.2,103.44
171.1,13.7,103.44
171.2,13.6,103.44
171.3,13.5,103.44
171.4,0.0,103.44
171.5,13.3,103.44
171.6,0.0,103.44
171.7,12.9,103.44
171.8,13.7,103.44
171.9,0.0,103.44
172.0,13.8,103.44
172.1,12.8,103.44
172.2,13.7,103.44
172.3,14.0,103.44
172.4,13.8,103.44
172.5,12.6,103.44
172.6,12.6,103.44
172.7,13.6,103.44
172.8,13.3,103.44
172.9,13.6,103.44
173.0,27.1,103.44
173.1,13.0,103.44
173.2,13.6,103.44
173.3,13.0,103.44
173.4,13.5,103.44
173.5,25.9,103.44
173.6,13.0,103.44
173.7,13.6,103.44
173.8,13.6,103.44
173.9,13.6,103.44
174.0,13.4,103.44
174.1,13.6,103.44
174.2,0.0,103.44
174.3,13.7,103.44
174.4,13.5,103.44
174.5,13.5,103.44
174.6,13.6,103.44
174.7,13.7,103.44
174.8,12.9,103.44
174.9,13.6,103.44
175.0,13.6,103.44
175.1,13.6,103.44
175.2,12.4,103.44
175.3,13.0,103.44
175.4,13.6,103.44
175.5,13.5,103.44
175.6,25.4,120.96
175.7,81.4,144.6
175.8,101.9,166.75
175.9,100.3,198.68
176.0,117.7,230.1
176.1,113.5,259.5
176.2,115.0,287.38
176.3,115.8,316.29
176.4,112.9,343.71
176.5,113.1,375.28
176.6,116.9,401.12
176.7,102.6,431.92
176.8,102.5,458.73
176.9,101.8,469.98
177.0,96.6,515.42
177.1,101.3,619.83
177.2,106.6,770.48
177.3,109.4,637.84
177.4,119.7,641.96
177.5,112.9,645.9
177.6,114.7,649.77
177.7,115.0,653.65
177.8,102.8,487.82
177.9,99.8,723.96
178.0,98.7,950.36
178.1,110.6,1053.24
178.2,112.6,1108.17
178.3,114.7,1157.98
178.4,115.2,1189.86
178.5,113.2,1221.42
178.6,114.9,1255.17
178.7,100.4,1288.98
178.8,113.4,1320.92
178.9,113.9,1344.86
179.0,107.1,1344.86
179.1,96.7,1344.87
179.2,107.4,1344.87
179.3,109.3,1327.22
179.4,112.5,1309.77
179.5,103.3,1310.05
179.6,97.4,1310.41
179.7,120.9,1310.83
179.8,84.2,1311.2
179.9,96.5,1311.39
180.0,100.6,1311.78
180.1,93.4,1311.98
180.2,114.0,1312.38
180.3,104.2,1312.7
180.4,93.8,1313.25
180.5,117.4,1313.61
180.6,103.6,1313.8
180.7,109.9,1314.0
180.8,97.3,1314.26
180.9,100.2,1314.58
181.0,115.1,1314.84
181.1,110.6,1315.18
181.2,95.9,1315.41
181.3,106.5,1315.83
181.4,95.6,1316.16
181.5,114.8,1316.66
181.6,118.8,1316.85
181.7,98.0,1317.06
181.8,111.3,1317.36
181.9,95.5,1317.62
182.0,118.6,1318.08
182.1,116.7,1318.27
182.2,102.9,1318.53
182.3,136.0,1319.01
182.4,116.6,1319.2
182.5,125.6,1319.53
182.6,111.7,1319.93
182.7,95.6,1320.21
182.8,109.3,1320.65
182.9,106.9,1321.04
183.0,110.7,1321.55
183.1,113.7,1322.48
183.2,100.7,1322.98
183.3,96.9,1323.36
183.4,99.9,1323.59
183.5,111.2,1323.91
183.6,100.0,1324.29
183.7,104.3,1324.65
183.8,113.5,1325.04
183.9,99.0,1325.41
184.0,94.0,1326.44
184.1,122.1,1326.87
184.2,97.7,1327.38
184.3,110.0,1327.77
184.4,99.9,1328.16
184.5,110.2,1328.7
184.6,103.2,1329.01
184.7,100.9,1329.32
184.8,112.3,1329.5
184.9,116.0,1329.67
185.0,119.4,1329.87
185.1,110.4,1330.08
185.2,82.3,1331.42
185.3,109.5,1331.88
185.4,87.8,1332.19
185.5,121.3,1332.59
185.6,112.5,1332.8
185.7,94.4,1333.16
185.8,110.6,1334.34
185.9,95.7,1334.79
186.0,105.4,1334.96
186.1,117.0,1335.17
186.2,109.7,1335.43
186.3,100.4,1335.8
186.4,100.0,1336.2
186.5,98.1,1336.71
186.6,107.6,1337.96
186.7,116.3,1338.14
186.8,109.7,1338.46
186.9,114.9,1338.93
187.0,115.6,1339.22
187.1,114.9,1339.7
187.2,100.9,1340.12
187.3,107.6,1340.64
187.4,113.6,1341.14
187.5,117.9,1341.47
187.6,108.9,1341.96
187.7,103.4,1342.23
187.8,110.2,1342.47
187.9,102.8,1342.73
188.0,128.4,1342.9
188.1,116.2,1343.17
188.2,114.1,1343.43
188.3,97.9,1344.0
188.4,103.3,1344.38
188.5,112.0,1344.62
188.6,105.0,1344.91
188.7,99.3,1345.17
188.8,112.0,1345.72
188.9,103.2,1346.04
189.0,125.5,1346.46
189.1,112.3,1346.77
189.2,113.1,1347.15
189.3,100.8,1347.54
189.4,121.3,1347.74
189.5,100.1,1347.93
189.6,84.9,1348.24
189.7,105.1,1348.55
189.8,111.7,1348.86
189.9,97.8,1349.37
190.0,119.6,1349.79
190.1,105.2,1350.0
190.2,100.2,1350.37
190.3,122.4,1350.66
190.4,104.8,1350.95
190.5,120.1,1351.12
190.6,96.8,1351.5
190.7,92.4,1351.7
190.8,127.5,1351.92
190.9,107.2,1352.18
191.0,100.3,1352.49
191.1,77.8,1352.68
191.2,129.3,1352.81
191.3,102.3,1353.07
191.4,97.3,1353.28
191.5,97.6,1353.71
191.6,109.1,1353.94
191.7,114.4,1354.5
191.8,114.9,1354.98
191.9,105.0,1355.32
192.0,122.0,1355.71
192.1,113.1,1356.05
192.2,111.0,1356.28
192.3,98.1,1356.52
192.4,114.3,1356.85
192.5,94.0,1357.08
192.6,114.0,1357.46
192.7,126.8,1357.84
192.8,92.3,1358.09
192.9,111.3,1358.51
193.0,93.8,1358.89
193.1,99.0,1359.1
193.2,118.5,1359.41
193.3,118.7,1359.76
193.4,99.5,1360.12
193.5,95.6,1360.3
193.6,108.1,1360.77
193.7,107.8,1361.26
193.8,123.1,1361.51
193.9,112.2,1361.82
194.0,98.0,1362.04
194.1,117.9,1362.23
194.2,109.5,1362.43
194.3,114.2,1362.87
194.4,102.1,1363.24
194.5,113.1,1363.63
194.6,114.9,1364.09
194.7,111.9,1364.62
194.8,113.5,1364.97
194.9,114.8,1365.46
195.0,114.8,1365.9
195.1,114.1,1366.41
195.2,114.9,1366.91
195.3,114.7,1367.46
195.4,98.0,1368.36
195.5,106.0,1368.67
195.6,100.7,1369.08
195.7,109.8,1369.3
195.8,99.2,1369.66
195.9,97.5,1369.91
196.0,108.5,1370.15
196.1,112.0,1370.45
196.2,93.0,1370.91
196.3,113.9,1371.12
196.4,102.2,1371.32
196.5,109.4,1371.68
196.6,107.9,1372.04
196.7,95.8,1372.49
196.8,84.2,1372.83
196.9,110.1,1373.2
197.0,114.8,1373.58
197.1,99.2,1374.05
197.2,104.1,1374.43
197.3,104.9,1374.64
197.4,99.6,1374.96
197.5,135.8,1375.43
197.6,92.6,1375.89
197.7,96.0,1376.19
197.8,126.2,1376.68
197.9,110.9,1377.2
198.0,103.2,1377.46
198.1,104.0,1377.89
198.2,99.1,1378.15
198.3,99.6,1378.62
198.4,109.9,1378.83
198.5,111.7,1379.18
198.6,103.8,1379.41
198.7,104.3,1379.79
198.8,105.7,1380.03
198.9,112.8,1380.36
199.0,105.6,1380.7
199.1,138.1,1380.99
199.2,100.3,1381.48
199.3,127.3,1381.95
199.4,86.4,1382.39
199.5,129.2,1382.89
199.6,85.4,1383.39
199.7,106.2,1383.66
199.8,118.6,1383.86
199.9,112.5,1384.3
200.0,103.6,1384.5
200.1,112.2,1384.89
200.2,127.6,1385.42
200.3,111.6,1385.93
200.4,77.9,1386.42
200.5,124.6,1386.84
200.6,81.6,1387.42
200.7,98.6,1387.71
200.8,117.2,1388.07
200.9,105.1,1388.42
201.0,119.7,1388.67
201.1,98.1,1388.89
201.2,118.7,1389.25
201.3,126.8,1389.54
201.4,100.6,1390.01
201.5,115.1,1390.55
201.6,101.0,1391.04
201.7,101.0,1391.56
201.8,100.9,1392.03
201.9,100.1,1392.56
202.0,86.5,1393.05
202.1,100.3,1393.59
202.2,100.4,1394.08
202.3,99.5,1394.57
202.4,99.5,1394.87
202.5,100.5,1395.38
202.6,100.9,1395.93
202.7,100.9,1396.4
202.8,98.8,1396.83
202.9,96.3,1397.31
203.0,118.6,1397.68
203.1,112.6,1398.0
203.2,97.3,1398.5
203.3,99.3,1398.87
203.4,94.8,1399.29
203.5,111.3,1399.69
203.6,97.9,1400.06
203.7,111.7,1400.52
203.8,98.2,1401.02
203.9,100.5,1401.52
204.0,96.2,1401.84
204.1,113.6,1402.31
204.2,85.7,1402.74
204.3,115.0,1403.21
204.4,100.5,1403.65
204.5,127.8,1404.42
204.6,100.4,1404.81
204.7,96.9,1405.22
204.8,76.6,1405.41
204.9,111.3,1405.79
205.0,92.8,1406.07
205.1,103.8,1406.22
205.2,113.1,1406.37
205.3,101.1,1406.58
205.4,98.7,1406.72
205.5,86.2,1406.88
205.6,118.9,1407.32
205.7,104.9,1407.54
205.8,123.3,1407.82
205.9,113.0,1408.41
206.0,109.2,1408.81
206.1,96.3,1409.23
206.2,102.9,1409.54
206.3,112.8,1409.89
206.4,97.6,1410.25
206.5,100.6,1410.75
206.6,100.8,1411.35
206.7,100.2,1411.91
206.8,98.1,1412.32
206.9,100.1,1412.82
207.0,98.6,1413.21
207.1,100.9,1413.68
207.2,98.8,1414.1
207.3,112.0,1414.27
207.4,114.0,1414.91
207.5,110.6,1415.12
207.6,110.0,1415.48
207.7,113.8,1415.67
207.8,112.1,1416.02
207.9,95.4,1416.5
208.0,124.0,1416.95
208.1,116.8,1417.13
208.2,122.2,1417.61
208.3,108.2,1418.0
208.4,100.0,1418.32
208.5,105.7,1418.58
208.6,109.9,1418.95
208.7,89.4,1419.21
208.8,110.7,1419.47
208.9,123.0,1419.84
209.0,102.5,1420.31
209.1,111.5,1420.85
209.2,117.4,1421.15
209.3,79.1,1421.44
209.4,93.2,1421.67
209.5,118.2,1421.89
209.6,109.2,1422.32
209.7,114.0,1422.53
209.8,113.0,1422.79
209.9,94.6,1423.2
210.0,96.3,1423.59
210.1,94.3,1424.02
210.2,99.3,1424.46
210.3,92.7,1424.87
210.4,138.9,1425.31
210.5,96.8,1425.74
210.6,98.8,1426.3
210.7,99.3,1426.78
210.8,95.7,1427.21
210.9,111.6,1427.75
211.0,114.3,1427.94
211.1,103.9,1428.13
211.2,113.4,1428.5
211.3,108.0,1428.79
211.4,107.3,1429.18
211.5,92.2,1429.5
211.6,111.8,1429.88
211.7,115.8,1430.25
211.8,99.2,1430.51
211.9,93.5,1431.08
212.0,112.3,1431.44
212.1,95.7,1431.86
212.2,110.0,1432.27
212.3,127.6,1432.55
212.4,105.8,1432.88
212.5,121.9,1433.14
212.6,112.2,1433.56
212.7,105.8,1433.79
212.8,121.9,1434.31
212.9,97.8,1434.53
213.0,114.1,1434.9
213.1,115.2,1435.25
213.2,105.5,1435.63
213.3,113.9,1436.01
213.4,75.7,1436.43
213.5,113.1,1436.67
213.6,100.3,1437.21
213.7,99.8,1437.58
213.8,100.3,1438.02
213.9,85.2,1438.33
214.0,90.8,1438.68
214.1,113.1,1439.16
214.2,105.0,1439.54
214.3,119.1,1439.67
214.4,112.2,1440.02
214.5,112.9,1440.44
214.6,98.9,1440.91
214.7,104.4,1441.39
214.8,92.1,1441.63
214.9,122.9,1441.99
215.0,109.0,1442.29
215.1,99.0,1442.65
215.2,106.2,1442.91
215.3,106.7,1443.13
215.4,111.6,1443.38
215.5,100.7,1443.89
215.6,82.7,1444.41
215.7,127.2,1444.9
215.8,113.1,1445.39
215.9,114.1,1445.96
216.0,112.2,1446.48
216.1,114.7,1446.88
216.2,111.9,1447.25
216.3,111.5,1447.76
216.4,109.5,1448.52
216.5,92.2,1448.72
216.6,108.1,1449.23
216.7,108.4,1449.51
216.8,113.1,1449.85
216.9,114.5,1450.35
217.0,114.8,1450.75
217.1,113.2,1451.01
217.2,81.5,1451.3
217.3,97.5,1451.6
217.4,104.2,1451.97
217.5,113.2,1452.28
217.6,95.6,1452.63
217.7,100.6,1453.03
217.8,85.7,1453.54
217.9,100.8,1453.98
218.0,108.1,1454.38
218.1,96.5,1454.59
218.2,104.0,1454.91
218.3,118.3,1455.1
218.4,112.0,1455.56
218.5,110.1,1456.02
218.6,94.3,1456.45
218.7,107.6,1456.67
218.8,113.8,1457.13
218.9,120.5,1457.55
219.0,111.7,1457.91
219.1,98.6,1458.29
219.2,102.7,1458.61
219.3,95.8,1459.0
219.4,98.1,1459.47
219.5,85.0,1459.8
219.6,107.4,1460.04
219.7,111.8,1460.77
219.8,109.8,1461.22
219.9,100.3,1461.42
220.0,98.7,1461.92
220.1,99.7,1462.41
220.2,99.6,1462.91
220.3,112.2,1463.46
220.4,100.0,1463.86
220.5,124.8,1464.26
220.6,112.6,1464.85
220.7,98.7,1465.27
220.8,108.8,1465.6
220.9,120.2,1465.84
221.0,103.2,1466.0
221.1,124.8,1466.3
221.2,103.8,1466.66
221.3,120.2,1466.87
221.4,101.4,1467.14
221.5,107.3,1467.38
221.6,112.1,1467.83
221.7,101.4,1468.02
221.8,113.5,1468.27
221.9,98.6,1468.71
222.0,108.2,1469.12
222.1,141.1,1469.55
222.2,109.4,1470.08
222.3,113.4,1470.39
222.4,113.4,1470.78
222.5,114.2,1471.21
222.6,106.3,1471.79
222.7,130.5,1472.14
222.8,113.2,1472.48
222.9,95.6,1472.8
223.0,93.8,1473.11
223.1,113.4,1473.46
223.2,114.8,1473.95
223.3,100.2,1474.45
223.4,114.9,1474.95
223.5,114.6,1475.51
223.6,114.8,1475.98
223.7,115.7,1476.47
223.8,114.8,1477.08
223.9,114.6,1477.52
224.0,113.2,1478.02
224.1,114.0,1478.54
224.2,100.3,1479.02
224.3,114.7,1479.5
224.4,115.1,1480.06
224.5,113.3,1480.43
224.6,105.8,1480.68
224.7,98.9,1481.06
224.8,99.6,1481.63
224.9,100.2,1482.13
225.0,99.7,1482.67
225.1,100.3,1483.29
225.2,99.3,1483.77
225.3,100.8,1484.14
225.4,98.3,1484.52
225.5,118.1,1484.78
225.6,113.5,1485.25
225.7,100.6,1485.71
225.8,100.5,1486.33
225.9,100.2,1486.74
226.0,99.8,1487.13
226.1,100.6,1487.61
226.2,100.0,1488.19
226.3,100.5,1488.74
226.4,99.5,1489.08
226.5,114.8,1489.52
226.6,105.9,1489.97
226.7,123.2,1490.14
226.8,108.2,1490.53
226.9,127.2,1491.08
227.0,97.8,1491.56
227.1,102.4,1492.02
227.2,94.0,1492.2
227.3,93.7,1492.44
227.4,114.0,1492.78
227.5,91.9,1493.14
227.6,107.5,1493.35
227.7,117.1,1493.58
227.8,112.4,1493.95
227.9,94.1,1494.21
228.0,118.5,1494.39
228.1,118.0,1494.67
228.2,103.2,1494.91
228.3,113.1,759.26
228.4,14.3,103.49
228.5,0.0,103.49
228.6,0.0,103.49
228.7,0.0,103.49
228.8,13.7,103.49
228.9,25.5,103.49
229.0,0.0,103.49
229.1,12.7,103.49
229.2,13.6,103.49
229.3,13.7,103.49
229.4,25.9,103.49
229.5,14.6,103.49
229.6,12.9,103.49
229.7,13.1,103.49
229.8,13.6,103.49
229.9,13.6,103.49
230.0,13.5,103.49
230.1,0.0,103.49
230.2,0.0,103.49
230.3,0.0,103.49
230.4,12.9,103.49
230.5,12.9,103.49
230.6,26.4,103.49
230.7,13.0,103.49
230.8,13.1,103.49
230.9,25.7,103.49
231.0,12.8,103.49
231.1,13.6,103.49
231.2,13.7,103.49
231.3,12.2,103.49
231.4,12.9,103.49
231.5,0.0,103.49
231.6,0.0,103.49
231.7,13.3,103.49
231.8,14.0,103.49
231.9,0.0,103.49
232.0,13.5,103.49
232.1,13.6,103.49
232.2,13.7,103.49
232.3,13.6,103.49
232.4,27.8,103.49
232.5,13.1,103.49
232.6,13.6,103.49
232.7,25.9,103.49
232.8,13.4,103.49
232.9,14.5,103.49
233.0,26.2,103.49
233.1,13.3,103.49
233.2,12.9,103.49
233.3,14.8,103.49
233.4,13.6,103.49
233.5,25.7,103.49
233.6,13.6,103.49
233.7,25.9,103.49
233.8,13.6,103.49
233.9,0.0,103.49
234.0,0.0,103.49
234.1,0.0,103.49
234.2,14.4,103.49
234.3,26.1,103.49
234.4,13.5,103.49
234.5,13.6,103.49
234.6,13.0,103.49
234.7,14.0,103.49
234.8,13.6,103.49
234.9,14.4,103.49
235.0,14.0,103.49
235.1,14.2,103.49
235.2,13.9,103.49
235.3,13.6,103.49
235.4,13.1,103.49
235.5,13.7,103.49
235.6,13.2,103.49
235.7,25.6,103.49
235.8,12.9,103.49
235.9,13.6,103.49
236.0,13.7,103.49
236.1,13.6,103.49
236.2,13.7,103.49
236.3,13.6,103.49
236.4,26.3,103.49
236.5,13.4,103.49
236.6,13.6,103.49
236.7,12.9,103.49
236.8,13.6,103.49
236.9,13.0,103.49
237.0,12.9,103.49
237.1,0.0,103.49
237.2,13.8,103.49
237.3,13.5,103.49
237.4,12.8,103.49
237.5,13.6,103.49
237.6,27.2,122.8
237.7,64.8,136.04
237.8,58.6,152.84
237.9,109.2,173.7
238.0,112.0,214.79
238.1,100.6,245.43
238.2,103.1,271.25
238.3,103.4,301.75
238.4,116.4,327.95
238.5,102.1,358.04
238.6,102.5,384.17
238.7,97.5,416.27
238.8,110.9,446.34
238.9,115.2,477.1
239.0,100.9,459.07
239.1,120.9,640.14
239.2,114.4,632.39
239.3,118.5,795.07
239.4,113.8,639.85
239.5,115.5,643.79
239.6,103.3,647.6
239.7,87.8,651.48
239.8,99.3,655.31
239.9,111.8,655.68
240.0,98.9,855.15
240.1,98.7,1035.65
240.2,113.5,1090.71
240.3,101.7,1139.46
240.4,98.9,1163.26
240.5,103.0,1177.09
240.6,116.9,1192.59
240.7,102.0,1205.9
240.8,116.9,1233.71
240.9,101.4,1257.72
241.0,119.2,1272.16
241.1,116.9,1289.34
241.2,122.7,1309.53
241.3,113.4,1335.25
241.4,97.7,1344.85
241.5,122.6,1344.85
241.6,105.7,1344.85
241.7,114.5,1344.85
241.8,124.9,1327.2
241.9,94.2,1309.68
242.0,100.3,1310.13
242.1,100.5,1310.32
242.2,111.7,1310.6
242.3,101.6,1311.0
242.4,120.5,1311.21
242.5,97.1,1311.62
242.6,110.9,1312.12
242.7,117.6,1312.6
242.8,100.6,1312.89
242.9,110.5,1313.09
243.0,104.8,1313.31
243.1,115.0,1313.52
243.2,117.9,1313.78
243.3,105.0,1314.03
243.4,111.7,1314.24
243.5,115.8,1314.43
243.6,110.1,1314.64
243.7,99.7,1315.17
243.8,95.9,1315.55
243.9,104.4,1316.01
244.0,114.5,1316.19
244.1,119.0,1316.41
244.2,112.5,1316.62
244.3,101.9,1316.82
244.4,127.7,1317.02
244.5,97.1,1317.27
244.6,111.2,1317.68
244.7,98.1,1317.97
244.8,114.8,1318.46
244.9,118.0,1318.71
245.0,109.1,1319.08
245.1,87.2,1319.88
245.2,128.7,1320.14
245.3,108.9,1320.59
245.4,106.6,1320.89
245.5,94.0,1321.13
245.6,101.1,1321.42
245.7,103.2,1321.57
245.8,113.5,1321.82
245.9,91.6,1322.04
246.0,137.8,1322.89
246.1,109.2,1323.14
246.2,106.2,1323.39
246.3,127.2,1323.85
246.4,91.8,1324.24
246.5,113.2,1324.44
246.6,95.5,1324.67
246.7,122.1,1324.91
246.8,80.1,1325.25
246.9,112.6,1325.61
247.0,114.9,1326.63
247.1,101.1,1326.88
247.2,101.7,1327.28
247.3,112.6,1327.7
247.4,82.7,1328.07
247.5,114.5,1329.19
247.6,100.1,1329.75
247.7,100.1,1330.22
247.8,100.6,1330.71
247.9,100.4,1331.1
248.0,99.3,1331.46
248.1,85.2,1332.04
248.2,113.9,1332.43
248.3,104.6,1332.92
248.4,117.1,1333.11
248.5,109.8,1334.69
248.6,100.1,1335.02
248.7,99.0,1335.42
248.8,106.6,1335.79
248.9,95.9,1336.01
249.0,112.3,1336.53
249.1,100.2,1336.92
249.2,99.1,1338.45
249.3,101.2,1338.69
249.4,94.5,1339.07
249.5,117.7,1339.41
249.6,104.4,1339.64
249.7,117.7,1340.06
249.8,112.9,1340.5
249.9,103.4,1340.88
250.0,70.7,1341.24
250.1,89.9,1341.46
250.2,112.6,1341.9
250.3,113.5,1342.44
250.4,115.1,1342.93
250.5,119.6,1343.16
250.6,112.7,1343.32
250.7,110.7,1343.78
250.8,99.5,1344.15
250.9,110.7,1344.41
251.0,99.0,1344.8
251.1,94.7,1345.23
251.2,113.3,1345.63
251.3,118.6,1346.02
251.4,119.5,1346.45
251.5,91.4,1346.91
251.6,102.2,1347.09
251.7,109.9,1347.47
251.8,102.2,1347.87
251.9,99.6,1348.16
252.0,108.0,1348.46
252.1,106.5,1348.79
252.2,122.6,1349.18
252.3,108.2,1349.39
252.4,114.7,1349.75
252.5,115.2,1350.31
252.6,112.7,1350.59
252.7,105.0,1350.81
252.8,114.1,1351.06
252.9,123.7,1351.27
253.0,95.7,1351.64
253.1,119.0,1352.11
253.2,89.1,1352.31
253.3,138.4,1352.71
253.4,113.2,1353.23
253.5,115.2,1353.64
253.6,106.7,1354.03
253.7,119.2,1354.4
253.8,95.9,1354.8
253.9,94.4,1355.25
254.0,115.9,1355.53
254.1,123.2,1355.84
254.2,98.7,1356.23
254.3,128.2,1356.77
254.4,113.5,1357.24
254.5,112.3,1357.64
254.6,113.3,1357.92
254.7,99.1,1358.15
254.8,99.0,1358.37
254.9,107.6,1358.78
255.0,117.8,1359.04
255.1,97.5,1359.46
255.2,113.5,1359.93
255.3,97.1,1360.23
255.4,105.9,1360.6
255.5,105.4,1360.86
255.6,103.1,1361.11
255.7,112.4,1361.5
255.8,102.5,1361.86
255.9,107.2,1362.29
256.0,107.7,1362.74
256.1,94.7,1362.95
256.2,121.1,1363.41
256.3,93.5,1363.63
256.4,96.5,1363.91
256.5,109.0,1364.28
256.6,113.4,1364.77
256.7,96.1,1365.09
256.8,113.9,1365.28
256.9,98.9,1365.66
257.0,99.5,1366.03
257.1,105.2,1366.27
257.2,110.3,1366.73
257.3,103.4,1366.95
257.4,126.6,1367.31
257.5,114.8,1367.56
257.6,108.1,1367.8
257.7,114.0,1368.25
257.8,114.2,1368.81
257.9,116.3,1369.1
258.0,127.6,1369.45
258.1,111.7,1369.72
258.2,115.4,1370.18
258.3,110.0,1370.62
258.4,102.0,1370.8
258.5,127.7,1371.05
258.6,121.1,1371.37
258.7,106.5,1371.56
258.8,125.6,1371.75
258.9,109.9,1372.01
259.0,108.4,1372.44
259.1,101.4,1372.86
259.2,119.4,1373.12
259.3,108.8,1373.54
259.4,98.6,1373.79
259.5,98.9,1374.29
259.6,112.7,1374.79
259.7,99.3,1375.32
259.8,102.2,1375.64
259.9,115.1,1375.81
260.0,108.1,1375.99
260.1,113.1,1376.3
260.2,118.4,1376.61
260.3,102.2,1376.94
260.4,102.7,1377.17
260.5,121.9,1377.69
260.6,113.3,1377.93
260.7,104.7,1378.12
260.8,114.5,1378.3
260.9,111.7,1378.77
261.0,103.1,1379.23
261.1,112.4,1379.68
261.2,110.2,1380.16
261.3,95.0,1380.62
261.4,108.0,1381.07
261.5,110.5,1381.27
261.6,102.1,1381.62
261.7,102.4,1381.81
261.8,117.4,1382.12
261.9,107.2,1382.44
262.0,123.7,1382.9
262.1,114.4,1383.41
262.2,100.9,1384.06
262.3,122.7,1384.45
262.4,98.6,1384.79
262.5,114.4,1384.99
262.6,118.2,1385.86
262.7,116.4,1386.07
262.8,122.7,1386.31
262.9,101.3,1386.81
263.0,112.7,1387.24
263.1,97.0,1387.7
263.2,110.7,1388.16
263.3,106.3,1388.84
263.4,107.1,1389.09
263.5,117.1,1389.29
263.6,101.2,1389.54
263.7,123.7,1389.77
263.8,107.2,1390.23
263.9,108.6,1390.65
264.0,110.5,1390.78
264.1,94.2,1391.12
264.2,121.9,1391.41
264.3,111.7,1391.7
264.4,99.2,1392.09
264.5,99.6,1392.55
264.6,114.6,1392.81
264.7,104.7,1393.04
264.8,126.1,1393.35
264.9,113.6,1393.7
265.0,82.8,1393.94
265.1,111.1,1394.2
265.2,106.3,1394.43
265.3,126.1,1394.77
265.4,104.1,1395.28
265.5,116.1,1395.64
265.6,114.7,1395.97
265.7,98.6,1396.45
265.8,110.3,1396.95
265.9,97.0,1397.24
266.0,106.8,1397.61
266.1,96.8,1398.09
266.2,110.6,1398.32
266.3,86.7,1398.58
266.4,124.5,1398.85
266.5,105.3,1399.07
266.6,116.1,1399.3
266.7,89.6,1399.58
266.8,112.5,1399.82
266.9,115.2,1400.33
267.0,106.9,1400.64
267.1,113.5,1400.99
267.2,100.8,1401.53
267.3,109.7,1402.0
267.4,93.3,1402.39
267.5,119.4,1402.7
267.6,111.3,1403.25
267.7,113.7,1403.5
267.8,108.4,1403.81
267.9,86.0,1404.16
268.0,109.4,1404.66
268.1,110.8,1404.95
268.2,98.8,1405.35
268.3,66.9,1405.62
268.4,120.3,1405.88
268.5,94.1,1406.32
268.6,117.3,1406.51
268.7,114.1,1406.82
268.8,122.3,1407.07
268.9,102.3,1407.33
269.0,120.2,1407.67
269.1,114.2,1407.86
269.2,111.8,1408.02
269.3,91.3,1408.24
269.4,111.7,1408.42
269.5,93.0,1408.91
269.6,112.2,1409.23
269.7,114.1,1409.61
269.8,99.5,1409.97
269.9,110.6,1410.35
270.0,113.0,1410.74
270.1,103.5,1411.05
270.2,126.0,1411.39
270.3,112.9,1412.45
270.4,97.6,1412.75
270.5,101.3,1412.94
270.6,129.0,1413.14
270.7,114.0,1413.51
270.8,112.4,1413.91
270.9,115.9,1414.12
271.0,116.1,1414.44
271.1,111.9,1415.0
271.2,110.7,1415.49
271.3,110.7,1415.78
271.4,96.0,1416.14
271.5,109.5,1416.57
271.6,113.9,1416.91
271.7,114.7,1417.25
271.8,112.8,1417.89
271.9,92.2,1418.14
272.0,114.2,1418.65
272.1,91.9,1418.89
272.2,109.1,1419.27
272.3,96.9,1419.72
272.4,96.8,1420.06
272.5,102.9,1420.29
272.6,113.3,1420.55
272.7,105.1,1420.88
272.8,113.3,1421.3
272.9,112.4,1421.72
273.0,97.6,1422.0
273.1,106.8,1422.37
273.2,114.3,1422.83
273.3,113.5,1423.29
273.4,111.7,1423.73
273.5,115.7,1423.98
273.6,112.6,1424.46
273.7,76.8,1424.68
273.8,117.1,1424.85
273.9,120.8,1425.05
274.0,116.7,1425.42
274.1,112.0,1425.86
274.2,114.9,1426.39
274.3,113.2,1426.97
274.4,105.3,1427.21
274.5,110.6,1427.46
274.6,99.2,1427.71
274.7,112.5,1428.14
274.8,113.2,1428.72
274.9,111.8,1428.99
275.0,109.0,1429.3
275.1,111.2,1429.64
275.2,99.3,1430.14
275.3,98.8,1430.53
275.4,85.5,1430.91
275.5,111.5,1431.28
275.6,113.2,1431.79
275.7,96.7,1432.13
275.8,113.7,1432.47
275.9,96.7,1432.84
276.0,111.1,1433.27
276.1,103.9,1433.54
276.2,111.2,1433.88
276.3,97.9,1434.22
276.4,105.8,1434.45
276.5,113.2,1434.9
276.6,112.5,1435.34
276.7,102.5,1435.64
276.8,113.9,1436.15
276.9,114.1,1436.61
277.0,99.1,1436.95
277.1,113.0,1437.43
277.2,111.4,1438.03
277.3,114.0,1438.46
277.4,99.1,1439.16
277.5,99.9,1439.63
277.6,106.3,1440.26
277.7,113.8,1440.75
277.8,95.5,1441.22
277.9,108.4,1441.46
278.0,124.2,1441.79
278.1,112.4,1442.32
278.2,99.5,1442.6
278.3,107.8,1443.32
278.4,118.7,1443.52
278.5,94.6,1443.82
278.6,113.6,1444.36
278.7,85.8,1444.93
278.8,99.2,1445.31
278.9,106.9,1445.71
279.0,105.3,1445.91
279.1,127.6,1446.36
279.2,93.8,1446.87
279.3,88.3,1447.07
279.4,124.1,1447.43
279.5,113.6,1448.09
279.6,108.5,1448.27
279.7,107.4,1448.51
279.8,113.8,1448.88
279.9,100.2,1449.3
280.0,118.3,1449.54
280.1,113.6,1449.89
280.2,101.0,1450.24
280.3,96.4,1450.66
280.4,93.1,1451.12
280.5,93.5,1451.52
280.6,116.7,1451.71
280.7,110.9,1451.99
280.8,107.3,1452.2
280.9,94.6,1452.5
281.0,100.8,1452.99
281.1,102.8,1453.26
281.2,115.7,1453.64
281.3,109.1,1453.93
281.4,112.0,1454.22
281.5,113.8,1454.52
281.6,107.2,1454.82
281.7,123.6,1455.18
281.8,96.0,1455.68
281.9,101.9,1455.95
282.0,79.8,1456.11
282.1,100.7,1456.56
282.2,102.9,1456.91
282.3,113.3,1457.41
282.4,99.8,1457.92
282.5,93.1,1458.29
282.6,92.3,1458.55
282.7,107.2,1458.92
282.8,107.5,1459.16
282.9,109.6,1459.55
283.0,107.5,1459.86
283.1,114.1,1460.09
283.2,116.0,1460.33
283.3,113.6,1460.52
283.4,138.3,1460.73
283.5,102.6,1461.27
283.6,107.6,1461.82
283.7,114.2,1462.32
283.8,98.6,1462.7
283.9,104.6,1463.05
284.0,114.1,1463.32
284.1,119.8,1463.55
284.2,98.3,1464.04
284.3,99.0,1464.3
284.4,120.0,1464.65
284.5,110.5,1464.91
284.6,93.8,1465.17
284.7,116.7,1465.45
284.8,120.1,1465.79
284.9,111.2,1466.17
285.0,102.3,1466.42
285.1,118.1,1466.64
285.2,95.7,1466.93
285.3,111.4,1467.44
285.4,112.3,1467.8
285.5,112.4,1468.36
285.6,112.3,1468.87
285.7,97.8,1469.36
285.8,115.1,1469.91
285.9,83.3,1470.39
286.0,83.3,1470.92
286.1,100.3,1471.45
286.2,87.3,1471.92
286.3,100.5,1472.42
286.4,99.5,1472.99
286.5,86.2,1474.21
286.6,95.3,1474.69
286.7,112.2,1475.19
286.8,104.4,1475.42
286.9,130.4,1475.63
287.0,111.3,1475.88
287.1,102.2,1476.07
287.2,99.1,1476.39
287.3,82.9,1476.8
287.4,109.6,1477.13
287.5,111.9,1477.63
287.6,97.8,1477.9
287.7,103.2,1478.26
287.8,101.4,1478.48
287.9,102.1,1478.86
288.0,106.6,1479.09
288.1,96.9,1479.48
288.2,102.3,1479.82
288.3,110.2,1480.25
288.4,108.4,1480.63
288.5,110.6,1480.92
288.6,106.7,1481.19
288.7,101.3,1481.82
288.8,100.7,1482.0
288.9,122.1,1482.15
289.0,91.8,1482.46
289.1,97.6,1482.82
289.2,99.4,1483.28
289.3,98.6,1483.62
289.4,104.0,1484.01
289.5,93.5,1484.27
289.6,113.8,1484.78
289.7,113.7,1485.44
289.8,42.6,103.66
289.9,13.5,103.66
290.0,25.8,103.66
290.1,14.3,103.66
290.2,25.4,103.66
290.3,14.0,103.66
290.4,12.6,103.66
290.5,13.9,103.66
290.6,25.7,103.66
290.7,13.4,103.66
290.8,13.2,103.66
290.9,13.0,103.66
291.0,14.0,103.66
291.1,13.5,103.66
291.2,25.2,103.66
291.3,25.2,103.66
291.4,12.6,103.66
291.5,13.9,103.66
291.6,26.5,103.66
291.7,14.1,103.66
291.8,13.9,103.66
291.9,25.6,103.66
292.0,12.8,103.66
292.1,0.0,103.66
292.2,12.9,103.66
292.3,25.3,103.66
292.4,25.0,103.66
292.5,14.2,103.66
292.6,25.2,103.66
292.7,13.8,103.66
292.8,0.0,103.66
292.9,13.0,103.66
293.0,0.0,103.66
293.1,25.6,103.66
293.2,25.3,103.66
293.3,0.0,103.66
293.4,0.0,103.66
293.5,0.0,103.66
293.6,12.7,103.66
293.7,12.9,103.66
293.8,26.2,103.66
293.9,14.4,103.66
294.0,14.3,103.66
294.1,14.0,103.66
294.2,14.2,103.66
294.3,13.6,103.66
294.4,0.0,103.66
294.5,13.5,103.66
294.6,13.5,103.66
294.7,13.8,103.66
294.8,13.7,103.66
294.9,13.0,103.66
295.0,13.3,103.66
295.1,14.0,103.66
295.2,0.0,103.66
295.3,13.9,103.66
295.4,13.7,103.66
295.5,25.3,103.66
295.6,13.2,103.66
295.7,12.7,103.66
295.8,13.2,103.66
295.9,26.4,103.66
296.0,12.8,103.66
296.1,13.3,103.66
296.2,14.1,103.66
296.3,13.4,103.66
296.4,13.5,103.66
296.5,13.5,103.66
296.6,13.6,103.66
296.7,13.8,103.66
296.8,14.4,103.66
296.9,13.1,103.66
297.0,13.5,103.66
297.1,13.5,103.66
297.2,0.0,103.66
297.3,13.3,103.66
297.4,13.8,103.66
297.5,14.1,103.66
297.6,13.2,103.66
297.7,13.4,103.66
297.8,13.1,103.66
297.9,13.1,103.66
298.0,13.2,103.66
298.1,25.9,103.66
298.2,13.4,103.66
298.3,13.1,103.66
298.4,13.4,103.66
298.5,12.2,103.66
298.6,13.4,103.66
298.7,26.5,103.66
298.8,0.0,103.66
298.9,0.0,103.66
299.0,13.6,103.66
299.1,13.6,103.66
299.2,13.6,103.66
299.3,0.0,103.66
299.4,13.6,103.66
299.5,25.7,103.66
299.6,13.0,103.66
299.7,13.6,103.66
299.8,13.7,103.66
299.9,27.8,103.66
300.0,0.0,103.66
300.1,13.2,103.66
300.2,13.2,103.66
300.3,13.6,103.66
300.4,14.6,103.66
300.5,13.7,103.66
300.6,13.9,103.66
300.7,13.6,103.66
300.8,13.5,103.66
300.9,13.7,103.66
301.0,13.5,103.66
301.1,13.7,103.66
301.2,13.1,103.66
301.3,12.6,103.66
301.4,13.7,103.66
301.5,13.3,103.66
301.6,13.6,103.66
301.7,13.0,103.66
301.8,12.6,103.66
301.9,12.1,103.66
302.0,13.3,103.66
302.1,13.2,103.66
302.2,12.8,103.66
302.3,13.5,103.66
302.4,13.8,103.66
302.5,13.5,103.66
302.6,13.8,103.66
302.7,13.6,103.66
302.8,13.8,103.66
302.9,12.6,103.66
303.0,0.0,103.66
303.1,12.7,103.66
303.2,13.6,103.66
303.3,14.0,103.66
303.4,25.8,103.66
303.5,13.4,103.66
303.6,13.6,103.66
303.7,13.4,103.66
303.8,13.5,103.66
303.9,12.9,103.66
304.0,26.2,103.66
304.1,13.8,103.66
304.2,12.4,103.66
304.3,13.5,103.66
304.4,13.6,103.66
304.5,13.6,103.66
304.6,13.7,103.66
304.7,13.6,103.66
304.8,13.7,103.66
304.9,25.9,103.66
305.0,25.4,103.66
305.1,13.5,103.66
305.2,13.5,103.66
305.3,13.3,103.66
305.4,26.1,103.66
305.5,13.2,103.66
305.6,12.8,103.66
305.7,12.9,103.66
305.8,14.0,103.66
305.9,14.1,103.66
306.0,13.6,103.66
306.1,13.6,103.66
306.2,13.3,103.66
306.3,13.6,103.66
306.4,12.8,103.66
306.5,13.3,103.66
306.6,13.7,103.66
306.7,12.8,103.66
306.8,25.2,103.66
306.9,14.4,103.66
307.0,25.5,103.66
307.1,13.8,103.66
307.2,25.3,103.66
307.3,25.5,103.66
307.4,13.6,103.66
307.5,0.0,103.66
307.6,26.4,103.66
307.7,13.6,103.66
307.8,13.5,103.66
307.9,13.5,103.66
308.0,13.6,103.66
308.1,13.0,103.66
308.2,0.0,103.66
308.3,13.1,103.66
308.4,13.5,103.66
308.5,13.5,103.66
308.6,14.4,103.66
308.7,13.2,103.66
308.8,13.6,103.66
308.9,13.6,103.66
309.0,26.0,103.66
309.1,14.2,103.66
309.2,14.0,103.66
309.3,13.7,103.66
309.4,13.6,103.66
309.5,13.2,103.66
309.6,13.1,103.66
309.7,13.4,103.66
309.8,13.6,103.66
309.9,13.4,103.66
310.0,13.3,103.66
310.1,14.1,103.66
310.2,13.7,103.66
310.3,13.2,103.66
310.4,12.6,103.66
310.5,13.2,103.66
310.6,13.5,103.66
310.7,13.6,103.66
310.8,13.9,103.66
310.9,12.9,103.66
311.0,13.8,103.66
311.1,14.0,103.66
311.2,13.7,103.66
311.3,13.6,103.66
311.4,13.6,103.66
311.5,0.0,103.66
311.6,12.8,103.66
311.7,13.6,103.66
311.8,13.1,103.66
311.9,13.4,103.66
312.0,13.5,103.66
312.1,13.6,103.66
312.2,13.9,103.66
312.3,13.6,103.66
312.4,25.3,103.66
312.5,13.6,103.66
312.6,13.6,103.66
312.7,13.2,103.66
312.8,13.6,103.66
312.9,13.7,103.66
313.0,14.1,103.66
313.1,25.7,103.66
313.2,13.0,103.66
313.3,13.9,103.66
313.4,12.7,103.66
313.5,13.6,103.66
313.6,13.6,103.66
313.7,13.4,103.66
313.8,13.7,103.66
313.9,13.7,103.66
314.0,12.8,103.66
314.1,0.0,103.66
314.2,0.0,103.66
314.3,0.0,103.66
314.4,12.8,103.66
314.5,13.3,103.66
314.6,13.8,103.66
314.7,13.5,103.66
314.8,13.4,103.66
314.9,13.1,103.66
315.0,12.7,103.66
315.1,13.3,103.66
315.2,13.3,103.66
315.3,13.6,103.66
315.4,13.5,103.66
315.5,12.9,103.66
315.6,13.7,103.66
315.7,0.0,103.66
315.8,26.1,103.66
315.9,0.0,103.66
316.0,12.8,103.66
316.1,13.6,103.66
316.2,14.3,103.66
316.3,12.7,103.66
316.4,13.2,103.66
316.5,26.1,103.66
316.6,13.7,103.66
316.7,25.5,103.66
316.8,13.1,103.66
316.9,12.7,103.66
317.0,13.7,103.66
317.1,13.7,103.66
317.2,25.7,103.66
317.3,13.6,103.66
317.4,25.8,103.66
317.5,13.9,103.66
317.6,14.3,103.66
317.7,13.5,103.66
317.8,13.9,103.66
317.9,12.9,103.66
318.0,0.0,103.66
318.1,13.6,103.66
318.2,13.7,103.66
318.3,14.3,103.66
318.4,13.7,103.66
318.5,12.9,103.66
318.6,14.0,103.66
318.7,12.9,103.66
318.8,13.7,103.66
318.9,13.5,103.66
319.0,13.7,103.66
319.1,13.7,103.66
319.2,13.4,103.66
319.3,13.6,103.66
319.4,0.0,103.66
319.5,13.6,103.66
319.6,13.6,103.66
319.7,13.7,103.66
319.8,13.7,103.66
319.9,14.2,103.66
320.0,0.0,103.66
320.1,0.0,103.66
320.2,13.6,103.66
320.3,25.5,103.66
320.4,13.4,103.66
320.5,13.5,103.66
320.6,13.7,103.66
320.7,13.6,103.66
320.8,13.5,103.66
320.9,13.6,103.66
321.0,13.5,103.66
321.1,0.0,103.66
321.2,13.7,103.66
321.3,12.9,103.66
321.4,13.4,103.66
321.5,13.7,103.66
321.6,0.0,103.66
321.7,13.5,103.66
321.8,13.5,103.66
321.9,13.4,103.66
322.0,13.6,103.66
322.1,13.7,103.66
322.2,13.7,103.66
322.3,13.3,103.66
322.4,13.5,103.66
322.5,13.4,103.66
322.6,14.3,103.66
322.7,14.0,103.66
322.8,0.0,103.66
322.9,13.6,103.66
323.0,13.6,103.66
323.1,0.0,103.66
323.2,13.6,103.66
323.3,13.3,103.67
323.4,13.3,103.67
323.5,25.2,103.67
323.6,14.6,103.67
323.7,14.6,103.67
323.8,14.2,103.67
323.9,13.5,103.67
324.0,13.6,103.67
324.1,13.6,103.67
324.2,13.9,103.67
324.3,0.0,103.67
324.4,13.7,103.67
324.5,13.8,103.67
324.6,13.4,103.67
324.7,13.2,103.67
324.8,26.2,103.67
324.9,13.3,103.67
325.0,13.3,103.67
325.1,13.0,103.67
325.2,13.6,103.67
325.3,13.3,103.67
325.4,13.1,103.67
325.5,26.1,103.67
325.6,13.1,103.67
325.7,0.0,103.67
325.8,12.7,103.67
325.9,13.0,103.67
326.0,13.4,103.67
326.1,14.0,103.67
326.2,13.5,103.67
326.3,13.4,103.67
326.4,13.3,103.67
326.5,14.2,103.67
326.6,25.2,103.67
326.7,13.5,103.67
326.8,0.0,103.67
326.9,14.4,103.67
327.0,25.7,103.67
327.1,14.0,103.67
327.2,25.2,103.67
327.3,0.0,103.67
327.4,0.0,103.67
327.5,12.9,103.67
327.6,12.6,103.67
327.7,26.1,103.67
327.8,13.1,103.67
327.9,13.5,103.67
328.0,13.7,103.67
328.1,13.6,103.67
328.2,0.0,103.67
328.3,14.1,103.67
328.4,13.6,103.67
328.5,13.6,103.67
328.6,13.6,103.67
328.7,14.2,103.67
328.8,13.5,103.67
328.9,25.8,103.67
329.0,13.6,103.67
329.1,13.5,103.67
329.2,13.6,103.67
329.3,25.8,103.67
329.4,13.3,103.67
329.5,0.0,103.67
329.6,12.9,103.67
329.7,13.6,103.73
329.8,13.5,103.73
329.9,13.6,103.73
330.0,13.6,103.73
330.1,13.3,103.73
330.2,0.0,103.73
330.3,12.9,103.73
330.4,13.4,103.73
330.5,13.8,103.73
330.6,13.7,103.73
330.7,14.0,103.73
330.8,0.0,103.73
330.9,0.0,103.73
331.0,13.0,103.73
331.1,26.1,103.73
331.2,25.5,103.73
331.3,14.3,103.73
331.4,14.2,103.73
331.5,13.6,103.73
331.6,13.6,103.73
331.7,13.5,103.73
331.8,13.7,103.73
331.9,13.4,103.73
332.0,13.6,103.73
332.1,13.7,103.73
332.2,13.1,103.73
332.3,13.7,103.73
332.4,0.0,103.73
332.5,12.7,103.73
332.6,13.4,103.73
332.7,25.9,103.73
332.8,13.7,103.73
332.9,13.7,103.73
333.0,0.0,103.73
333.1,12.9,103.73
333.2,13.6,103.73
333.3,12.9,103.73
333.4,0.0,103.73
333.5,13.4,103.73
333.6,13.3,103.73
333.7,12.8,103.73
333.8,12.9,103.73
333.9,13.6,103.73
334.0,0.0,103.73
334.1,12.8,103.73
334.2,13.5,103.73
334.3,13.7,103.73
334.4,13.1,103.73
334.5,13.4,103.73
334.6,13.8,103.73
334.7,13.2,103.73
334.8,13.4,103.73
334.9,0.0,103.73
335.0,13.0,103.73
335.1,13.3,103.73
335.2,13.5,103.73
335.3,0.0,103.73
335.4,14.7,103.73
335.5,13.6,103.73
335.6,13.4,103.73
335.7,13.3,103.73
335.8,13.0,103.73
335.9,13.3,103.73
336.0,12.7,103.73
336.1,12.8,103.73
336.2,13.0,103.73
336.3,25.8,103.73
336.4,13.1,103.73
336.5,12.7,103.73
336.6,12.7,103.73
336.7,14.3,103.73
336.8,14.4,103.73
336.9,14.3,103.73
337.0,14.4,103.73
337.1,13.6,103.73
337.2,13.6,103.73
337.3,13.5,103.73
337.4,13.4,103.73
337.5,13.4,103.73
337.6,13.1,103.73
337.7,13.6,103.73
337.8,26.1,103.73
337.9,0.0,103.73
338.0,0.0,103.73
338.1,13.7,103.73
338.2,13.6,103.73
338.3,0.0,103.73
338.4,13.3,103.73
338.5,13.7,103.73
338.6,13.7,103.73
338.7,26.3,103.73
338.8,13.6,103.73
338.9,13.1,103.73
339.0,0.0,103.73
339.1,13.6,103.73
339.2,13.3,103.73
339.3,13.3,103.73
339.4,13.2,103.73
339.5,13.5,103.73
339.6,13.1,103.73
339.7,13.5,103.73
339.8,13.4,103.73
339.9,13.6,103.73
340.0,12.9,103.73
340.1,0.0,103.73
340.2,0.0,103.73
340.3,13.6,103.73
340.4,0.0,103.73
340.5,12.8,103.73
340.6,13.9,103.73
340.7,0.0,103.73
340.8,13.7,103.73
340.9,24.8,103.73
341.0,13.6,103.73
341.1,12.6,103.73
341.2,0.0,103.73
341.3,13.7,103.73
341.4,13.7,103.73
341.5,13.2,103.73
341.6,25.7,103.73
341.7,14.3,103.73
341.8,14.2,103.73
341.9,13.6,103.73
342.0,25.9,103.73
342.1,12.9,103.73
342.2,13.5,103.73
342.3,0.0,103.73
342.4,13.2,103.73
342.5,13.6,103.73
342.6,13.3,103.73
342.7,12.9,103.73
342.8,13.5,103.73
342.9,13.9,103.73
343.0,13.4,103.73
343.1,12.9,103.73
343.2,13.6,103.73
343.3,13.6,103.73
343.4,13.5,103.73
343.5,13.7,103.73
343.6,13.5,103.73
343.7,12.9,103.73
343.8,13.4,103.73
343.9,13.1,103.73
344.0,0.0,103.73
344.1,13.6,103.73
344.2,13.6,103.73
344.3,0.0,103.73
344.4,13.6,103.73
344.5,13.8,103.73
344.6,25.8,103.73
344.7,13.7,103.73
344.8,13.4,103.73
344.9,13.0,103.73
345.0,13.5,103.73
345.1,13.5,103.73
345.2,26.1,103.73
345.3,13.6,103.73
345.4,0.0,103.73
345.5,13.1,103.73
345.6,13.8,103.73
345.7,13.6,103.73
345.8,12.7,103.73
345.9,13.2,103.73
346.0,0.0,103.73
346.1,13.6,103.73
346.2,14.0,103.73
346.3,25.2,103.73
346.4,13.5,103.73
346.5,12.8,103.73
346.6,13.5,103.73
346.7,12.9,103.73
346.8,12.9,103.73
346.9,13.9,103.73
347.0,13.3,103.73
347.1,13.6,103.73
347.2,13.7,103.73
347.3,13.7,103.73
347.4,13.6,103.73
347.5,13.3,103.73
347.6,12.9,103.73
347.7,0.0,103.73
347.8,0.0,103.73
347.9,0.0,103.73
348.0,13.7,103.73
348.1,13.7,103.73
348.2,13.4,103.73
348.3,13.9,103.73
348.4,13.5,103.73
348.5,14.3,103.73
348.6,0.0,103.73
348.7,14.4,103.73
348.8,13.4,103.73
348.9,13.5,103.73
349.0,13.6,103.73
349.1,14.0,103.73
349.2,13.0,103.73
349.3,0.0,103.73
349.4,13.0,103.73
349.5,0.0,103.73
349.6,25.4,103.73
349.7,12.9,103.73
349.8,14.3,103.73
349.9,14.1,103.73
350.0,13.6,103.73
350.1,13.9,103.73
350.2,0.0,103.73
350.3,13.4,103.73
350.4,13.6,103.73
350.5,13.9,103.73
350.6,14.0,103.73
350.7,13.4,103.73
350.8,13.6,103.73
350.9,26.4,103.73
351.0,13.6,103.73
351.1,13.2,103.73
351.2,13.1,103.73
351.3,13.7,103.7
351.4,13.6,103.7
351.5,13.1,103.7
351.6,12.8,103.7
351.7,0.0,103.7
351.8,14.1,103.7
351.9,13.6,103.7
352.0,26.0,103.7
352.1,13.4,103.7
352.2,0.0,103.7
352.3,13.4,103.7
352.4,25.5,103.7
352.5,13.5,103.7
352.6,13.3,103.7
352.7,13.3,103.7
352.8,13.2,103.7
352.9,13.2,103.7
353.0,13.7,103.7
353.1,12.9,103.7
353.2,13.4,103.7
353.3,13.7,103.7
353.4,13.6,103.7
353.5,13.9,103.7
353.6,13.7,103.7
353.7,0.0,103.7
353.8,13.0,103.7
353.9,13.3,103.7
354.0,12.7,103.7
354.1,13.0,103.7
354.2,12.9,103.7
354.3,13.3,103.7
354.4,13.5,103.7
354.5,13.3,103.7
354.6,12.9,103.7
354.7,13.6,103.7
354.8,13.6,103.7
354.9,13.9,103.7
355.0,12.7,103.7
355.1,0.0,103.7
355.2,12.7,103.7
355.3,13.6,103.7
355.4,12.8,103.7
355.5,13.6,103.7
355.6,24.5,103.7
355.7,26.1,103.7
355.8,13.2,103.7
355.9,13.6,103.7
356.0,13.1,103.7
356.1,13.7,103.7
356.2,0.0,103.7
356.3,25.4,103.7
356.4,25.9,103.7
356.5,12.8,103.7
356.6,13.7,103.7
356.7,13.6,103.7
356.8,14.3,103.7
356.9,25.5,103.7
357.0,24.4,103.7
357.1,0.0,103.7
357.2,13.2,103.7
357.3,0.0,103.7
357.4,13.5,103.7
357.5,13.2,103.7
357.6,13.6,103.7
357.7,13.6,103.7
357.8,13.6,103.7
357.9,13.6,103.7
358.0,13.9,103.7
358.1,13.6,103.7
358.2,0.0,103.7
358.3,12.2,103.7
358.4,13.1,103.7
358.5,0.0,103.7
358.6,13.4,103.7
358.7,13.8,103.7
358.8,13.9,103.7
358.9,13.7,103.7
359.0,13.4,103.7
359.1,13.9,103.7
359.2,13.7,103.7
359.3,0.0,103.7
359.4,13.7,103.7
359.5,25.4,103.7
359.6,13.5,103.7
359.7,13.6,103.7
359.8,0.0,103.7
359.9,13.6,103.7
360.0,13.6,103.7
360.1,12.9,103.7
360.2,25.9,103.7
360.3,13.0,103.7
360.4,13.5,103.7
360.5,13.6,103.7
360.6,13.5,103.7
360.7,13.2,103.7
360.8,26.0,103.7
360.9,12.8,103.7
361.0,13.2,103.7
361.1,14.4,103.7
361.2,25.2,103.7
361.3,0.0,103.7
361.4,13.4,103.7
361.5,13.1,103.7
361.6,13.5,103.7
361.7,13.3,103.7
361.8,0.0,103.7
361.9,13.3,103.7
362.0,13.6,103.7
362.1,13.2,103.7
362.2,13.6,103.7
362.3,13.0,103.7
362.4,13.6,103.7
362.5,25.8,103.7
362.6,13.5,103.7
362.7,13.6,103.7
362.8,13.6,103.7
362.9,0.0,103.7
363.0,12.8,103.7
363.1,13.6,103.7
363.2,13.6,103.7
363.3,26.3,103.7
363.4,13.9,103.7
363.5,0.0,103.7
363.6,14.3,103.7
363.7,13.7,103.7
363.8,13.5,103.7
363.9,13.5,103.7
364.0,13.6,103.7
364.1,13.6,103.7
364.2,13.3,103.7
364.3,12.9,103.7
364.4,13.4,103.7
364.5,12.9,103.7
364.6,13.7,103.7
364.7,13.5,103.7
364.8,25.9,103.7
364.9,13.6,103.7
365.0,0.0,103.7
365.1,13.6,103.7
365.2,14.0,103.7
365.3,13.6,103.7
365.4,13.5,103.7
365.5,0.0,103.7
365.6,25.6,103.7
365.7,13.2,103.7
365.8,11.7,103.7
365.9,26.1,103.7
366.0,13.6,103.7
366.1,13.7,103.7
366.2,12.8,103.7
366.3,0.0,103.7
366.4,12.9,103.7
366.5,13.5,103.7
366.6,13.5,103.7
366.7,13.3,103.7
366.8,12.9,103.7
366.9,0.0,103.7
367.0,13.6,103.7
367.1,13.6,103.7
367.2,0.0,103.7
367.3,12.9,103.7
367.4,13.7,103.7
367.5,12.9,103.7
367.6,13.0,103.7
367.7,25.4,103.7
367.8,13.3,103.7
367.9,13.6,103.7
368.0,14.2,103.7
368.1,13.9,103.7
368.2,13.8,103.7
368.3,13.5,103.7
368.4,0.0,103.7
368.5,13.0,103.7
368.6,12.9,103.7
368.7,25.1,103.7
368.8,13.0,103.7
368.9,13.5,103.7
369.0,25.9,103.7
369.1,13.2,103.7
369.2,12.7,103.7
369.3,0.0,103.7
369.4,12.8,103.7
369.5,13.6,103.7
369.6,13.1,103.7
369.7,0.0,103.7
369.8,25.1,103.7
369.9,13.9,103.7
370.0,13.7,103.7
370.1,13.7,103.7
370.2,13.8,103.7
370.3,25.2,103.7
370.4,13.6,103.7
370.5,12.7,103.7
370.6,13.6,103.7
370.7,12.8,103.7
370.8,13.6,103.7
370.9,12.8,103.7
371.0,13.6,103.7
371.1,14.0,103.7
371.2,25.1,103.7
371.3,13.7,103.7
371.4,13.5,103.7
371.5,27.2,103.7
371.6,25.9,103.7
371.7,12.9,103.7
371.8,13.6,103.7
371.9,13.0,103.7
372.0,13.2,103.7
372.1,13.6,103.7
372.2,13.6,103.7
372.3,25.4,103.7
372.4,12.7,103.7
372.5,13.7,103.7
372.6,12.8,103.7
372.7,13.8,103.7
372.8,13.3,103.7
372.9,13.4,103.7
373.0,13.6,103.7
373.1,0.0,103.7
373.2,13.5,103.7
373.3,25.9,103.7
373.4,13.6,103.7
373.5,13.8,103.7
373.6,0.0,103.7
373.7,12.9,103.7
373.8,13.5,103.7
373.9,13.6,103.7
374.0,13.7,103.7
374.1,12.9,103.7
374.2,13.5,103.7
374.3,0.0,103.7
374.4,12.8,103.7
374.5,13.4,103.7
374.6,25.7,103.7
374.7,13.7,103.7
374.8,26.1,103.7
374.9,13.7,103.7
375.0,13.0,103.7
375.1,13.0,103.7
375.2,12.9,103.7
375.3,13.8,103.7
375.4,13.7,103.7
375.5,13.4,103.7
375.6,24.9,103.7
375.7,13.6,103.7
375.8,13.4,103.7
375.9,13.5,103.7
376.0,13.2,103.7
376.1,13.9,103.7
376.2,13.6,103.7
376.3,13.0,103.7
376.4,26.7,103.7
376.5,12.9,103.7
376.6,0.0,103.7
376.7,13.8,103.7
376.8,13.5,103.7
376.9,25.5,103.7
377.0,13.5,103.7
377.1,13.4,103.7
377.2,13.0,103.7
377.3,12.9,103.7
377.4,13.6,103.7
377.5,13.4,103.7
377.6,26.1,103.7
377.7,13.4,103.7
377.8,0.0,103.7
377.9,13.5,103.7
378.0,12.9,103.7
378.1,13.6,103.7
378.2,13.4,103.7
378.3,26.5,103.7
378.4,13.5,103.7
378.5,13.3,103.7
378.6,25.0,103.7
378.7,13.5,103.7
378.8,25.5,103.7
378.9,13.7,103.7
379.0,13.0,103.7
379.1,13.2,103.7
379.2,13.4,103.7
379.3,14.2,103.7
379.4,13.0,103.7
379.5,13.0,103.7
379.6,13.6,103.7
379.7,13.2,103.7
379.8,0.0,103.7
379.9,12.8,103.7
380.0,0.0,103.7
380.1,13.6,103.7
380.2,0.0,103.7
380.3,13.6,103.7
380.4,12.9,103.7
380.5,13.6,103.7
380.6,14.1,103.7
380.7,13.9,103.7
380.8,25.6,103.7
380.9,0.0,103.7
381.0,12.7,103.7
381.1,12.9,103.7
381.2,12.9,103.7
381.3,14.0,103.7
381.4,13.4,103.7
381.5,14.1,103.7
381.6,13.7,103.7
381.7,12.4,103.7
381.8,13.7,103.7
381.9,13.1,103.7
382.0,13.1,103.7
382.1,12.8,103.7
382.2,13.1,103.7
382.3,25.4,103.7
382.4,13.6,103.7
382.5,13.0,103.7
382.6,13.5,103.7
382.7,13.2,103.7
382.8,13.5,103.7
382.9,13.0,103.7
383.0,13.5,103.7
383.1,13.7,103.7
383.2,12.7,103.7
383.3,13.3,103.7
383.4,26.8,103.7
383.5,13.2,103.7
383.6,0.0,103.7
383.7,14.4,103.7
383.8,13.6,103.7
383.9,13.3,103.7
384.0,25.7,103.7
384.1,13.6,103.7
384.2,25.7,103.7
384.3,13.4,103.7
384.4,13.7,103.7
384.5,13.7,103.7
384.6,13.3,103.7
384.7,13.6,103.7
384.8,13.5,103.7
384.9,13.5,103.7
385.0,13.1,103.7
385.1,12.9,103.7
385.2,13.1,103.7
385.3,13.0,103.7
385.4,13.6,103.7
385.5,14.3,103.7
385.6,13.6,103.7
385.7,13.6,103.7
385.8,13.1,103.7
385.9,13.3,103.7
386.0,13.3,103.7
386.1,13.7,103.7
386.2,13.6,103.7
386.3,0.0,103.7
386.4,13.6,103.7
386.5,12.8,103.7
386.6,13.4,103.7
386.7,13.7,103.7
386.8,26.6,103.7
386.9,12.9,103.7
387.0,13.6,103.7
387.1,13.6,103.7
387.2,26.2,103.7
387.3,13.0,103.7
387.4,0.0,103.7
387.5,13.3,103.7
387.6,13.1,103.7
387.7,25.9,103.7
387.8,13.6,103.7
387.9,13.5,103.7
388.0,0.0,103.7
388.1,13.7,103.7
388.2,13.3,103.7
388.3,12.8,103.7
388.4,26.2,103.7
388.5,13.6,103.7
388.6,13.6,103.7
388.7,13.2,103.7
388.8,26.0,103.7
388.9,13.7,103.7
389.0,12.6,103.7
389.1,13.5,103.7
389.2,0.0,103.7
389.3,13.6,103.7
389.4,12.8,103.7
389.5,13.0,103.7
389.6,0.0,103.7
389.7,13.9,103.7
389.8,24.9,103.7
389.9,13.7,103.7
390.0,14.2,103.7
390.1,0.0,103.7
390.2,0.0,103.7
390.3,14.0,103.7
390.4,13.6,103.7
390.5,13.7,103.7
390.6,0.0,103.7
390.7,12.9,103.7
390.8,12.8,103.7
390.9,13.4,103.7
391.0,13.1,103.7
391.1,13.4,103.7
391.2,26.7,103.7
391.3,0.0,103.7
391.4,13.7,103.7
391.5,13.5,103.7
391.6,13.6,103.7
391.7,0.0,103.7
391.8,13.1,103.7
391.9,0.0,103.7
392.0,12.7,103.7
392.1,13.7,103.7
392.2,13.2,103.7
392.3,13.5,103.7
392.4,13.6,103.7
392.5,26.0,103.7
392.6,13.5,103.7
392.7,13.6,103.7
392.8,13.1,103.7
392.9,13.6,103.7
393.0,12.9,103.7
393.1,13.0,103.7
393.2,14.0,103.7
393.3,14.2,103.7
393.4,13.7,103.7
393.5,12.8,103.7
393.6,26.0,103.7
393.7,27.2,103.7
393.8,0.0,103.7
393.9,12.9,103.7
394.0,13.6,103.7
394.1,24.9,103.7
394.2,13.1,103.7
394.3,13.2,103.7
394.4,13.5,103.7
394.5,0.0,103.7
394.6,0.0,103.7
394.7,13.6,103.7
394.8,13.6,103.7
394.9,13.3,103.7
395.0,12.6,103.7
395.1,12.8,103.7
395.2,12.7,103.7
395.3,0.0,103.7
395.4,0.0,103.7
395.5,13.9,103.7
395.6,13.5,103.7
395.7,12.9,103.7
395.8,13.4,103.7
395.9,13.1,103.7
396.0,13.7,103.7
396.1,13.3,103.7
396.2,26.6,103.7
396.3,0.0,103.7
396.4,0.0,103.7
396.5,13.7,103.7
396.6,13.3,103.7
396.7,13.5,103.7
396.8,12.9,103.7
396.9,13.1,103.7
397.0,26.7,103.7
397.1,13.8,103.7
397.2,25.8,103.7
397.3,13.6,103.7
397.4,13.6,103.7
397.5,0.0,103.7
397.6,13.4,103.7
397.7,27.9,103.7
397.8,13.0,103.7
397.9,13.7,103.7
398.0,13.7,103.7
398.1,13.6,103.7
398.2,0.0,103.7
398.3,13.6,103.7
398.4,13.2,103.7
398.5,13.7,103.7
398.6,13.6,103.7
398.7,13.9,103.7
398.8,13.4,103.7
398.9,13.6,103.7
399.0,13.6,103.7
399.1,13.6,103.7
399.2,13.6,103.7
399.3,13.9,103.7
399.4,12.8,103.7
399.5,13.7,103.7
399.6,25.5,103.7
399.7,0.0,103.7
399.8,13.7,103.7
399.9,14.0,103.7
400.0,13.8,103.7
400.1,14.2,103.7
400.2,0.0,103.7
400.3,27.3,103.7
400.4,13.6,103.7
400.5,25.9,103.7
400.6,13.0,103.7
400.7,0.0,103.7
400.8,13.6,103.7
400.9,0.0,103.7
401.0,0.0,103.7
401.1,13.3,103.7
401.2,0.0,103.7
401.3,14.7,103.7
401.4,13.6,103.7
401.5,13.9,103.7
401.6,13.3,103.7
401.7,14.0,103.7
401.8,13.7,103.7
401.9,13.6,103.7
402.0,14.1,103.7
402.1,13.1,103.7
402.2,13.2,103.7
402.3,13.4,103.7
402.4,13.6,103.7
402.5,13.3,103.7
402.6,13.1,103.7
402.7,25.4,103.7
402.8,13.3,103.7
402.9,12.9,103.7
403.0,13.7,103.7
403.1,13.7,103.7
403.2,13.8,103.7
403.3,25.7,103.7
403.4,14.0,103.7
403.5,13.7,103.7
403.6,12.9,103.7
403.7,13.6,103.7
403.8,13.0,103.7
403.9,27.4,103.7
404.0,12.9,103.7
404.1,13.5,103.7
404.2,12.8,103.7
404.3,13.6,103.7
404.4,12.9,103.7
404.5,13.4,103.7
404.6,25.6,103.7
404.7,13.2,103.7
404.8,13.0,103.7
404.9,13.6,103.7
405.0,13.4,103.7
405.1,12.9,103.7
405.2,13.7,103.7
405.3,13.3,103.7
405.4,13.7,103.7
405.5,12.9,103.7
405.6,0.0,103.7
405.7,13.6,103.7
405.8,25.8,103.7
405.9,13.5,103.7
406.0,14.3,103.7
406.1,25.8,103.7
406.2,13.6,103.7
406.3,14.0,103.7
406.4,13.5,103.7
406.5,13.8,103.7
406.6,25.8,103.7
406.7,13.6,103.7
406.8,25.9,103.7
406.9,13.9,103.7
407.0,13.6,103.7
407.1,0.0,103.7
407.2,12.9,103.7
407.3,13.4,103.7
407.4,13.7,103.7
407.5,13.3,103.7
407.6,13.2,103.7
407.7,0.0,103.7
407.8,13.0,103.7
407.9,0.0,103.7
408.0,13.7,103.7
408.1,13.5,103.7
408.2,13.4,103.7
408.3,13.7,103.7
408.4,14.3,103.7
408.5,13.6,103.7
408.6,26.6,103.7
408.7,13.1,103.7
408.8,0.0,103.7
408.9,12.7,103.7
409.0,13.4,103.7
409.1,25.0,103.7
409.2,25.5,103.7
409.3,13.1,103.7
409.4,13.6,103.7
409.5,13.5,103.7
409.6,26.0,103.7
409.7,13.4,103.7
409.8,13.1,103.7
409.9,13.3,103.7
410.0,13.2,103.7
410.1,13.1,103.7
410.2,13.6,103.7
410.3,13.0,103.7
410.4,13.6,103.7
410.5,13.6,103.7
410.6,13.5,103.7
410.7,13.6,103.7
410.8,26.4,103.7
410.9,12.9,103.7
411.0,13.6,103.7
411.1,13.7,103.7
411.2,14.2,103.7
411.3,25.7,103.7
411.4,14.3,103.7
411.5,13.0,103.7
411.6,13.6,103.7
411.7,13.7,103.7
411.8,13.3,103.7
411.9,13.8,103.7
412.0,25.4,103.7
412.1,13.8,103.7
412.2,13.6,103.7
412.3,13.6,103.7
412.4,12.9,103.7
412.5,13.8,103.71
412.6,14.0,103.71
412.7,13.6,103.71
412.8,0.0,103.71
412.9,12.7,103.71
413.0,13.9,103.71
413.1,12.7,103.71
413.2,0.0,103.71
413.3,0.0,103.71
413.4,13.6,103.71
413.5,13.5,103.71
413.6,14.1,103.71
413.7,13.0,103.71
413.8,13.3,103.71
413.9,12.7,103.71
414.0,12.9,103.71
414.1,25.5,103.71
414.2,13.7,103.71
414.3,13.2,103.71
414.4,13.7,103.71
414.5,13.8,103.71
414.6,13.7,103.71
414.7,13.8,103.71
414.8,13.3,103.71
414.9,13.9,103.71
415.0,13.5,103.71
415.1,13.5,103.71
415.2,12.9,103.71
415.3,13.4,103.71
415.4,12.8,103.71
415.5,13.4,103.71
415.6,13.4,103.71
415.7,13.6,103.71
415.8,25.2,103.71
415.9,13.5,103.71
416.0,13.6,103.71
416.1,13.1,103.71
416.2,26.6,103.71
416.3,13.1,103.71
416.4,13.3,103.71
416.5,13.7,103.71
416.6,25.5,103.71
416.7,13.8,103.71
416.8,14.0,103.71
416.9,13.0,103.71
417.0,13.6,103.71
417.1,13.5,103.71
417.2,13.6,103.71
417.3,24.8,103.71
417.4,0.0,103.71
417.5,13.8,103.71
417.6,12.8,103.71
417.7,13.6,103.71
417.8,13.7,103.71
417.9,12.9,103.71
418.0,25.7,103.71
418.1,13.6,103.71
418.2,13.6,103.71
418.3,13.4,103.71
418.4,25.5,103.71
418.5,13.8,103.71
418.6,25.6,103.71
418.7,13.7,103.71
418.8,13.7,103.71
418.9,12.9,103.71
419.0,13.4,103.71
419.1,13.0,103.71
419.2,13.4,103.71
419.3,13.9,103.71
419.4,14.7,103.71
419.5,13.1,103.71
419.6,13.6,103.71
419.7,13.6,103.71
419.8,26.4,103.71
419.9,0.0,103.71
420.0,26.1,103.71
420.1,13.6,103.71
420.2,26.0,103.71
420.3,13.3,103.71
420.4,13.6,103.71
420.5,13.6,103.71
420.6,12.8,103.71
420.7,13.1,103.71
420.8,0.0,103.71
420.9,13.6,103.71
421.0,13.7,103.71
421.1,13.3,103.71
421.2,12.7,103.71
421.3,12.7,103.71
421.4,13.6,103.71
421.5,13.1,103.71
421.6,0.0,103.71
421.7,12.8,103.71
421.8,13.2,103.71
421.9,25.4,103.71
422.0,26.0,103.71
422.1,0.0,103.71
422.2,13.7,103.71
422.3,13.3,103.71
422.4,13.5,103.71
422.5,13.2,103.71
422.6,12.9,103.71
422.7,13.0,103.71
422.8,25.6,103.71
422.9,13.7,103.71
423.0,25.6,103.71
423.1,0.0,103.71
423.2,13.5,103.71
423.3,13.5,103.71
423.4,12.8,103.71
423.5,13.7,103.71
423.6,13.5,103.71
423.7,13.0,103.71
423.8,12.7,103.71
423.9,13.0,103.71
424.0,13.6,103.71
424.1,0.0,103.71
424.2,13.6,103.71
424.3,13.6,103.71
424.4,0.0,103.71
424.5,12.9,103.71
424.6,13.7,103.71
424.7,13.7,103.71
424.8,13.7,103.71
424.9,26.1,103.71
425.0,13.7,103.71
425.1,13.5,103.71
425.2,13.0,103.71
425.3,26.1,103.71
425.4,13.5,103.71
425.5,13.5,103.71
425.6,0.0,103.71
425.7,13.7,103.71
425.8,12.9,103.71
425.9,13.5,103.71
426.0,25.9,103.71
426.1,13.7,103.71
426.2,24.8,103.71
426.3,0.0,103.71
426.4,25.7,103.71
426.5,13.4,103.71
426.6,12.9,103.71
426.7,25.2,103.71
426.8,13.9,103.71
426.9,0.0,103.71
427.0,0.0,103.71
427.1,12.6,103.71
427.2,12.8,103.71
427.3,12.9,103.71
427.4,13.4,103.71
427.5,13.0,103.71
427.6,13.5,103.71
427.7,13.0,103.71
427.8,0.0,103.71
427.9,12.9,103.71
428.0,12.9,103.71
428.1,0.0,103.71
428.2,12.3,103.71
428.3,13.0,103.71
428.4,13.6,103.71
428.5,13.5,103.71
428.6,13.3,103.71
428.7,12.7,103.71
428.8,13.6,103.71
428.9,13.9,103.71
429.0,13.6,103.71
429.1,13.6,103.71
429.2,12.9,103.71
429.3,13.6,103.71
429.4,25.8,103.71
429.5,12.9,103.71
429.6,13.6,103.71
429.7,13.6,103.71
429.8,13.5,103.71
429.9,13.7,103.71
430.0,13.6,103.71
430.1,13.7,103.71
430.2,13.2,103.71
430.3,25.7,103.71
430.4,25.5,103.71
430.5,13.4,103.71
430.6,13.7,103.71
430.7,13.5,103.71
430.8,13.0,103.71
430.9,12.9,103.71
431.0,13.4,103.71
431.1,13.6,103.71
431.2,13.7,103.71
431.3,12.8,103.71
431.4,13.5,103.71
431.5,13.2,103.71
431.6,0.0,103.71
431.7,13.1,103.72
431.8,14.0,103.72
431.9,26.3,103.72
432.0,13.0,103.72
432.1,13.4,103.72
432.2,13.6,103.72
432.3,0.0,103.72
432.4,13.4,103.72
432.5,13.5,103.72
432.6,12.9,103.72
432.7,25.7,103.72
432.8,13.7,103.72
432.9,25.8,103.72
433.0,13.7,103.72
433.1,0.0,103.72
433.2,13.5,103.72
433.3,12.8,103.72
433.4,13.5,103.72
433.5,13.7,103.72
433.6,13.9,103.72
433.7,13.4,103.72
433.8,14.1,103.72
433.9,25.6,103.72
434.0,25.6,103.72
434.1,13.6,103.72
434.2,26.5,103.72
434.3,12.7,103.72
434.4,13.8,103.72
434.5,13.6,103.72
434.6,13.9,103.72
434.7,12.8,103.72
434.8,26.7,103.72
434.9,13.3,103.72
435.0,26.3,103.72
435.1,13.8,103.72
435.2,25.6,103.72
435.3,13.7,103.72
435.4,25.7,103.72
435.5,13.7,103.72
435.6,12.9,103.72
435.7,13.7,103.72
435.8,13.1,103.72
435.9,13.2,103.72
436.0,13.5,103.72
436.1,13.3,103.72
436.2,13.5,103.72
436.3,13.5,103.72
436.4,13.5,103.72
436.5,13.6,103.72
436.6,13.6,103.72
436.7,13.4,103.72
436.8,13.4,103.72
436.9,25.5,103.72
437.0,13.7,103.72
437.1,0.0,103.72
437.2,0.0,103.72
437.3,13.7,103.72
437.4,13.7,103.72
437.5,13.2,103.72
437.6,13.7,103.72
437.7,13.4,103.72
437.8,13.7,103.72
437.9,26.0,103.72
438.0,13.7,103.72
438.1,14.2,103.72
438.2,14.5,103.72
438.3,13.3,103.72
438.4,13.7,103.72
438.5,13.2,103.72
438.6,0.0,103.72
438.7,13.3,103.72
438.8,25.2,103.72
438.9,13.5,103.72
439.0,13.1,103.72
439.1,13.5,103.72
439.2,0.0,103.72
439.3,13.7,103.72
439.4,13.5,103.72
439.5,12.7,103.72
439.6,13.6,103.72
439.7,12.9,103.72
439.8,0.0,103.72
439.9,12.8,103.72
440.0,13.1,103.72
440.1,14.0,103.72
440.2,13.6,103.72
440.3,12.9,103.72
440.4,13.5,103.72
440.5,25.0,103.72
440.6,13.6,103.72
440.7,13.2,103.72
440.8,13.2,103.72
440.9,13.6,103.72
441.0,13.0,103.72
441.1,0.0,103.72
441.2,12.7,103.72
441.3,13.2,103.72
441.4,25.7,103.72
441.5,13.6,103.72
441.6,25.7,103.72
441.7,0.0,103.72
441.8,12.7,103.72
441.9,13.0,103.72
442.0,25.6,103.72
442.1,13.4,103.72
442.2,13.6,103.72
442.3,13.5,103.72
442.4,13.6,103.72
442.5,13.3,103.72
442.6,13.4,103.72
442.7,25.6,103.72
442.8,25.9,103.72
442.9,12.8,103.72
443.0,13.3,103.72
443.1,24.8,103.72
443.2,25.7,103.72
443.3,13.6,103.72
443.4,13.3,103.72
443.5,25.2,103.72
443.6,13.0,103.72
443.7,13.1,103.72
443.8,13.3,103.72
443.9,13.3,103.72
444.0,13.7,103.72
444.1,13.7,103.72
444.2,12.8,103.72
444.3,13.0,103.73
444.4,13.7,103.73
444.5,0.0,103.73
444.6,13.6,103.73
444.7,25.3,103.73
444.8,13.6,103.73
444.9,13.6,103.73
445.0,12.7,103.73
445.1,13.4,103.73
445.2,12.6,103.73
445.3,12.7,103.73
445.4,13.5,103.73
445.5,13.5,103.73
445.6,13.9,103.73
445.7,25.5,103.73
445.8,12.9,103.73
445.9,13.6,103.73
446.0,14.0,103.73
446.1,25.4,103.73
446.2,13.0,103.73
446.3,13.6,103.73
446.4,13.7,103.73
446.5,0.0,103.73
446.6,13.4,103.73
446.7,13.4,103.73
446.8,13.8,103.73
446.9,13.2,103.73
447.0,13.6,103.73
447.1,13.7,103.73
447.2,12.8,103.73
447.3,13.4,103.73
447.4,0.0,103.73
447.5,13.4,103.73
447.6,25.7,103.73
447.7,13.6,103.73
447.8,25.5,103.73
447.9,13.6,103.73
448.0,13.2,103.73
448.1,13.0,103.73
448.2,13.3,103.73
448.3,13.4,103.73
448.4,13.6,103.73
448.5,13.5,103.73
448.6,13.0,103.73
448.7,25.2,103.73
448.8,13.5,103.73
448.9,14.1,103.73
449.0,13.5,103.73
449.1,13.7,103.73
449.2,13.7,103.73
449.3,12.8,103.73
449.4,13.5,103.73
449.5,13.6,103.73
449.6,13.7,103.73
449.7,26.2,103.73
449.8,14.3,103.73
449.9,13.7,103.73
450.0,25.9,103.73
450.1,14.3,103.73
450.2,12.9,103.73
450.3,13.7,103.73
450.4,14.0,103.73
450.5,13.6,103.73
450.6,12.7,103.73
450.7,13.6,103.73
450.8,13.2,103.73
450.9,25.7,103.73
451.0,13.8,103.73
451.1,13.7,103.73
451.2,0.0,103.73
451.3,0.0,103.73
451.4,0.0,103.73
451.5,13.0,103.73
451.6,0.0,103.73
451.7,13.0,103.73
451.8,13.6,103.73
451.9,13.8,103.73
452.0,13.6,103.73
452.1,14.7,103.73
452.2,13.6,103.73
452.3,13.5,103.73
452.4,13.5,103.73
452.5,13.8,103.73
452.6,0.0,103.73
452.7,13.5,103.73
452.8,13.9,103.73
452.9,14.0,103.73
453.0,0.0,103.73
453.1,0.0,103.73
453.2,0.0,103.73
453.3,13.6,103.73
453.4,13.8,103.73
453.5,12.7,103.73
453.6,13.6,103.73
453.7,14.0,103.73
453.8,13.5,103.73
453.9,25.4,103.73
454.0,13.4,103.73
454.1,13.4,103.73
454.2,14.4,103.73
454.3,25.1,103.73
454.4,13.0,103.73
454.5,13.4,103.73
454.6,13.2,103.73
454.7,0.0,103.73
454.8,13.6,103.73
454.9,13.6,103.73
455.0,12.9,103.73
455.1,13.5,103.73
455.2,13.7,103.73
455.3,13.6,103.73
455.4,13.0,103.73
455.5,13.4,103.73
455.6,12.8,103.73
455.7,13.4,103.73
455.8,13.7,103.73
455.9,12.4,103.73
456.0,24.9,103.73
456.1,13.6,103.73
456.2,13.5,103.73
456.3,13.6,103.73
456.4,13.5,103.73
456.5,13.1,103.73
456.6,13.6,103.73
456.7,13.6,103.73
456.8,26.9,103.73
456.9,12.7,103.73
457.0,13.6,103.73
457.1,25.1,103.73
457.2,13.4,103.73
457.3,13.5,103.73
457.4,13.3,103.73
457.5,12.5,103.73
457.6,25.3,103.73
457.7,25.8,103.73
457.8,13.5,103.73
457.9,13.0,103.73
458.0,13.4,103.73
458.1,13.5,103.73
458.2,13.0,103.73
458.3,13.6,103.73
458.4,13.7,103.73
458.5,13.8,103.73
458.6,13.3,103.73
458.7,0.0,103.73
458.8,12.9,103.73
458.9,14.0,103.73
459.0,12.5,103.73
459.1,0.0,103.73
459.2,26.3,103.73
459.3,26.0,103.73
459.4,0.0,103.73
459.5,13.0,103.73
459.6,26.6,103.73
459.7,12.7,103.73
459.8,13.7,103.73
459.9,12.9,103.73
460.0,13.6,103.73
460.1,13.7,103.73
460.2,25.9,103.73
460.3,25.7,103.73
460.4,0.0,103.73
460.5,26.4,103.73
460.6,12.8,103.73
460.7,13.6,103.73
460.8,13.0,103.73
460.9,13.4,103.73
461.0,13.5,103.73
461.1,13.4,103.73
461.2,13.7,103.73
461.3,13.4,103.73
461.4,12.9,103.73
461.5,13.5,103.73
461.6,25.7,103.73
461.7,13.2,103.73
461.8,0.0,103.73
461.9,13.6,103.73
462.0,25.7,103.73
462.1,13.7,103.73
462.2,0.0,103.73
462.3,0.0,103.73
462.4,12.8,103.73
462.5,0.0,103.74
462.6,13.0,103.74
462.7,26.4,103.74
462.8,13.7,103.74
462.9,13.6,103.74
463.0,12.6,103.74
463.1,12.9,103.74
463.2,13.6,103.74
463.3,13.7,103.74
463.4,13.6,103.74
463.5,27.9,103.74
463.6,13.6,103.74
463.7,13.7,103.74
463.8,13.6,103.74
463.9,0.0,103.74
464.0,12.7,103.74
464.1,13.3,103.74
464.2,25.7,103.74
464.3,13.2,103.74
464.4,13.7,103.74
464.5,13.6,103.74
464.6,25.8,103.74
464.7,13.7,103.74
464.8,25.6,103.74
464.9,0.0,103.74
465.0,13.6,103.74
465.1,13.7,103.74
465.2,13.0,103.74
465.3,13.7,103.74
465.4,0.0,103.74
465.5,13.6,103.74
465.6,13.0,103.74
465.7,12.9,103.74
465.8,13.7,103.74
465.9,12.9,103.74
466.0,13.7,103.74
466.1,13.7,103.74
466.2,13.6,103.74
466.3,12.6,103.74
466.4,13.5,103.74
466.5,0.0,103.74
466.6,12.9,103.74
466.7,0.0,103.74
466.8,13.6,103.74
466.9,13.7,103.74
467.0,13.6,103.74
467.1,13.6,103.74
467.2,13.6,103.74
467.3,13.4,103.74
467.4,13.5,103.74
467.5,13.7,103.74
467.6,13.7,103.74
467.7,13.5,103.74
467.8,13.7,103.74
467.9,26.1,103.74
468.0,12.8,103.74
468.1,13.7,103.74
468.2,13.6,103.74
468.3,13.9,103.74
468.4,13.1,103.74
468.5,13.2,103.74
468.6,13.6,103.74
468.7,13.8,103.74
468.8,25.7,103.74
468.9,25.0,103.74
469.0,14.3,103.74
469.1,25.8,103.74
469.2,13.0,103.74
469.3,0.0,103.74
469.4,12.9,103.74
469.5,13.6,103.74
469.6,12.9,103.74
469.7,13.6,103.74
469.8,12.9,103.75
469.9,0.0,103.75
470.0,13.2,103.75
470.1,0.0,103.75
470.2,12.8,103.75
470.3,13.6,103.75
470.4,13.4,103.75
470.5,26.3,103.75
470.6,14.0,103.75
470.7,13.1,103.75
470.8,13.6,103.75
470.9,13.5,103.75
471.0,13.6,103.75
471.1,12.9,103.75
471.2,13.7,103.75
471.3,12.9,103.75
471.4,0.0,103.75
471.5,13.6,103.75
471.6,13.4,103.75
471.7,13.5,103.75
471.8,13.7,103.75
471.9,12.6,103.75
472.0,13.0,103.75
472.1,13.4,103.75
472.2,13.7,103.75
472.3,13.6,103.75
472.4,25.9,103.75
472.5,13.5,103.75
472.6,0.0,103.75
472.7,13.9,103.75
472.8,12.9,103.75
472.9,13.7,103.75
473.0,13.0,103.75
473.1,13.3,103.75
473.2,25.1,103.75
473.3,13.7,103.75
473.4,0.0,103.75
473.5,25.7,103.75
473.6,26.8,103.75
473.7,13.6,103.75
473.8,13.3,103.75
473.9,25.4,103.75
474.0,13.0,103.75
474.1,0.0,103.75
474.2,13.2,103.75
474.3,12.7,103.75
474.4,12.8,103.75
474.5,25.5,103.75
474.6,25.3,103.75
474.7,13.4,103.75
474.8,13.2,103.75
474.9,14.0,103.75
475.0,26.3,103.75
475.1,12.9,103.75
475.2,13.7,103.75
475.3,13.8,103.75
475.4,13.6,103.75
475.5,13.7,103.75
475.6,13.1,103.75
475.7,13.4,103.75
475.8,13.5,103.75
475.9,0.0,103.75
476.0,13.3,103.75
476.1,25.8,103.75
476.2,13.4,103.75
476.3,12.7,103.75
476.4,13.6,103.75
476.5,13.7,103.75
476.6,13.0,103.75
476.7,13.8,103.75
476.8,13.7,103.75
476.9,13.6,103.75
477.0,13.9,103.75
477.1,12.8,103.75
477.2,13.5,103.75
477.3,13.7,103.75
477.4,13.7,103.75
477.5,12.5,103.75
477.6,12.9,103.75
477.7,12.8,103.75
477.8,13.2,103.75
477.9,13.4,103.75
478.0,14.2,103.75
478.1,13.6,103.75
478.2,13.1,103.75
478.3,13.5,103.75
478.4,13.6,103.75
478.5,13.5,103.75
478.6,12.8,103.75
478.7,13.4,103.75
478.8,13.9,103.75
478.9,12.9,103.75
479.0,12.5,103.75
479.1,13.5,103.75
479.2,13.2,103.75
479.3,13.6,103.75
479.4,12.9,103.75
479.5,13.9,103.75
479.6,13.6,103.75
479.7,25.6,103.75
479.8,13.7,103.75
479.9,26.5,103.75
480.0,13.4,103.75
480.1,25.4,103.75
480.2,13.6,103.75
480.3,13.5,103.75
480.4,13.7,103.75
480.5,13.3,103.75
480.6,13.6,103.75
480.7,25.7,103.75
480.8,13.4,103.75
480.9,0.0,103.75
481.0,12.9,103.75
481.1,13.5,103.75
481.2,12.7,103.75
481.3,13.4,103.75
481.4,13.6,103.75
481.5,13.7,103.75
481.6,12.9,103.75
481.7,13.6,103.75
481.8,12.7,103.75
481.9,13.7,103.75
482.0,13.1,103.75
482.1,13.2,103.75
482.2,13.7,103.75
482.3,13.6,103.75
482.4,13.0,103.75
482.5,13.6,103.75
482.6,13.4,103.75
482.7,12.8,103.75
482.8,25.9,103.75
482.9,27.4,103.75
483.0,26.2,103.75
483.1,12.9,103.75
483.2,13.9,103.75
483.3,13.3,103.75
483.4,0.0,103.75
483.5,14.6,103.75
483.6,14.2,103.75
483.7,13.8,103.75
483.8,0.0,103.75
483.9,13.7,103.75
484.0,13.6,103.75
484.1,13.8,103.75
484.2,13.1,103.75
484.3,13.5,103.75
484.4,0.0,103.75
484.5,25.8,103.75
484.6,13.7,103.75
484.7,13.6,103.75
484.8,0.0,103.75
484.9,12.8,103.75
485.0,12.8,103.75
485.1,12.8,103.75
485.2,13.6,103.75
485.3,13.6,103.75
485.4,13.0,103.75
485.5,12.4,103.75
485.6,13.7,103.75
485.7,13.3,103.75
485.8,13.6,103.75
485.9,0.0,103.75
486.0,12.9,103.75
486.1,13.5,103.75
486.2,13.7,103.75
486.3,13.7,103.74
486.4,13.6,103.74
486.5,13.2,103.74
486.6,12.9,103.74
486.7,13.6,103.74
486.8,13.6,103.74
486.9,13.2,103.74
487.0,12.9,103.74
487.1,13.2,103.74
487.2,0.0,103.74
487.3,0.0,103.74
487.4,25.9,103.74
487.5,0.0,103.74
487.6,24.7,103.74
487.7,0.0,103.74
487.8,13.5,103.74
487.9,13.7,103.74
488.0,13.7,103.74
488.1,25.9,103.74
488.2,13.6,103.74
488.3,13.6,103.74
488.4,0.0,103.74
488.5,14.0,103.74
488.6,13.5,103.74
488.7,0.0,103.74
488.8,13.5,103.74
488.9,0.0,103.74
489.0,13.6,103.74
489.1,13.7,103.74
489.2,13.6,103.74
489.3,13.6,103.74
489.4,13.2,103.74
489.5,13.5,103.74
489.6,13.9,103.74
489.7,13.6,103.74
489.8,13.0,103.74
489.9,13.7,103.74
490.0,0.0,103.74
490.1,27.4,103.74
490.2,13.6,103.74
490.3,26.0,103.74
490.4,13.6,103.74
490.5,0.0,103.74
490.6,12.9,103.74
490.7,12.7,103.74
490.8,13.7,103.74
490.9,13.6,103.74
491.0,13.0,103.74
491.1,0.0,103.74
491.2,13.0,103.74
491.3,0.0,103.74
491.4,13.1,103.74
491.5,13.6,103.74
491.6,12.7,103.74
491.7,0.0,103.74
491.8,13.2,103.74
491.9,13.6,103.74
492.0,13.0,103.74
492.1,0.0,103.74
492.2,12.9,103.74
492.3,13.4,103.75
492.4,25.4,103.75
492.5,13.6,103.75
492.6,13.6,103.75
492.7,13.6,103.75
492.8,25.4,103.75
492.9,13.6,103.75
493.0,25.9,103.75
493.1,13.2,103.75
493.2,0.0,103.75
493.3,13.4,103.75
493.4,13.6,103.75
493.5,12.9,103.75
493.6,13.7,103.75
493.7,13.6,103.75
493.8,13.4,103.75
493.9,12.8,103.75
494.0,13.7,103.75
494.1,25.6,103.75
494.2,13.6,103.75
494.3,26.1,103.75
494.4,12.9,103.75
494.5,13.6,103.75
494.6,12.8,103.75
494.7,13.4,103.75
494.8,26.0,103.75
494.9,13.5,103.75
495.0,25.9,103.75
495.1,13.6,103.75
495.2,12.9,103.75
495.3,13.6,103.75
495.4,0.0,103.75
495.5,13.6,103.75
495.6,13.6,103.75
495.7,13.0,103.75
495.8,24.7,103.75
495.9,13.5,103.75
496.0,13.7,103.75
496.1,13.6,103.75
496.2,13.4,103.75
496.3,12.8,103.75
496.4,0.0,103.75
496.5,13.6,103.75
496.6,13.5,103.75
496.7,12.9,103.75
496.8,0.0,103.75
496.9,13.5,103.75
497.0,13.8,103.75
497.1,13.9,103.75
497.2,13.5,103.75
497.3,13.6,103.75
497.4,25.9,103.75
497.5,14.1,103.75
497.6,13.3,103.75
497.7,13.6,103.75
497.8,12.9,103.75
497.9,13.7,103.75
498.0,13.9,103.75
498.1,25.8,103.75
498.2,13.7,103.75
498.3,13.7,103.75
498.4,0.0,103.75
498.5,13.3,103.75
498.6,13.6,103.75
498.7,13.7,103.75
498.8,13.7,103.75
498.9,13.7,103.75
499.0,13.0,103.75
499.1,38.3,103.75
499.2,13.4,103.75
499.3,12.7,103.75
499.4,13.5,103.75
499.5,13.1,103.75
499.6,13.7,103.75
499.7,13.5,103.75
499.8,13.7,103.75
499.9,13.5,103.75
500.0,12.8,103.75
500.1,13.5,103.75
500.2,14.2,103.75
500.3,12.6,103.75
500.4,12.9,103.75
500.5,27.3,103.75
500.6,12.9,103.75
500.7,13.3,103.75
500.8,13.6,103.75
500.9,13.7,103.75
501.0,25.6,103.75
501.1,13.6,103.75
501.2,26.0,103.75
501.3,13.7,103.75
501.4,25.6,103.75
501.5,12.6,103.75
501.6,25.4,103.75
501.7,12.8,103.75
501.8,13.5,103.75
501.9,13.5,103.75
502.0,0.0,103.75
502.1,12.9,103.75
502.2,13.7,103.75
502.3,13.4,103.75
502.4,13.7,103.75
502.5,12.8,103.75
502.6,0.0,103.75
502.7,13.0,103.75
502.8,14.0,103.75
502.9,13.5,103.75
503.0,13.5,103.75
503.1,13.6,103.75
503.2,0.0,103.75
503.3,13.9,103.75
503.4,12.9,103.75
503.5,13.9,103.75
503.6,13.6,103.75
503.7,13.8,103.75
503.8,12.9,103.75
503.9,14.8,103.75
504.0,0.0,103.75
504.1,13.5,103.75
504.2,0.0,103.75
504.3,13.6,103.75
504.4,0.0,103.75
504.5,13.9,103.75
504.6,14.3,103.75
504.7,13.6,103.75
504.8,25.6,103.75
504.9,25.4,103.75
505.0,13.7,103.75
505.1,25.8,103.75
505.2,14.5,103.75
505.3,13.9,103.75
505.4,13.8,103.75
505.5,13.4,103.75
505.6,27.9,103.75
505.7,13.6,103.75
505.8,13.3,103.75
505.9,13.1,103.75
506.0,0.0,103.75
506.1,13.6,103.75
506.2,13.5,103.75
506.3,25.9,103.75
506.4,24.3,103.75
506.5,13.7,103.75
506.6,13.4,103.75
506.7,13.5,103.75
506.8,0.0,103.75
506.9,13.9,103.75
507.0,13.8,103.75
507.1,13.4,103.75
507.2,0.0,103.75
507.3,13.6,103.75
507.4,13.5,103.75
507.5,12.8,103.75
507.6,13.6,103.75
507.7,12.7,103.75
507.8,12.8,103.75
507.9,26.0,103.75
508.0,13.2,103.75
508.1,0.0,103.75
508.2,0.0,103.76
508.3,12.8,103.76
508.4,13.5,103.76
508.5,13.5,103.76
508.6,0.0,103.76
508.7,13.6,103.76
508.8,25.6,103.76
508.9,13.2,103.76
509.0,13.5,103.76
509.1,13.7,103.76
509.2,13.5,103.76
509.3,0.0,103.76
509.4,26.2,103.76
509.5,13.6,103.76
509.6,13.6,103.76
509.7,13.1,103.76
509.8,14.0,103.76
509.9,0.0,103.76
510.0,13.7,103.76
510.1,12.9,103.76
510.2,0.0,103.76
510.3,13.6,103.76
510.4,13.7,103.76
510.5,13.3,103.76
510.6,13.8,103.76
510.7,13.7,103.76
510.8,13.6,103.76
510.9,13.7,103.76
511.0,13.6,103.76
511.1,0.0,103.76
511.2,13.7,103.76
511.3,13.6,103.76
511.4,26.6,103.76
511.5,13.5,103.76
511.6,25.3,103.76
511.7,25.8,103.76
511.8,13.8,103.76
511.9,13.0,103.76
512.0,13.1,103.76
512.1,0.0,103.76
512.2,13.7,103.76
512.3,13.6,103.76
512.4,13.5,103.76
512.5,25.8,103.76
512.6,13.5,103.76
512.7,12.4,103.76
512.8,12.9,103.76
512.9,13.5,103.76
513.0,13.9,103.76
513.1,13.7,103.76
513.2,13.8,103.76
513.3,25.8,103.76
513.4,13.7,103.76
513.5,12.2,103.76
513.6,13.6,103.76
513.7,14.1,103.76
513.8,14.2,103.76
513.9,14.3,103.76
514.0,25.9,103.76
514.1,0.0,103.76
514.2,12.7,103.76
514.3,13.6,103.76
514.4,13.4,103.76
514.5,13.3,103.76
514.6,13.7,103.76
514.7,13.5,103.76
514.8,13.5,103.76
514.9,25.3,103.76
515.0,13.4,103.76
515.1,12.8,103.76
515.2,13.5,103.76
515.3,12.9,103.76
515.4,0.0,103.76
515.5,12.7,103.76
515.6,12.8,103.76
515.7,26.0,103.76
515.8,12.8,103.76
515.9,12.8,103.76
516.0,0.0,103.76
516.1,14.3,103.76
516.2,13.4,103.76
516.3,13.3,103.76
516.4,26.1,103.76
516.5,13.5,103.76
516.6,25.8,103.76
516.7,25.9,103.76
516.8,13.7,103.76
516.9,26.0,103.76
517.0,12.9,103.76
517.1,13.5,103.76
517.2,14.4,103.76
517.3,13.0,103.76
517.4,13.0,103.76
517.5,13.9,103.76
517.6,13.0,103.76
517.7,0.0,103.76
517.8,12.7,103.76
517.9,13.5,103.76
518.0,13.6,103.76
518.1,26.8,103.76
518.2,13.7,103.76
518.3,13.7,103.76
518.4,0.0,103.76
518.5,13.6,103.76
518.6,14.0,103.76
518.7,25.5,103.76
518.8,14.3,103.76
518.9,13.6,103.76
519.0,0.0,103.76
519.1,13.5,103.76
519.2,25.4,103.76
519.3,13.7,103.76
519.4,12.8,103.76
519.5,11.8,103.76
519.6,13.5,103.76
519.7,13.6,103.76
519.8,13.5,103.76
519.9,13.5,103.76
520.0,13.6,103.76
520.1,13.6,103.76
520.2,12.9,103.76
520.3,13.7,103.76
520.4,12.8,103.76
520.5,13.7,103.76
520.6,13.6,103.76
520.7,26.1,103.79
520.8,13.6,103.79
520.9,13.7,103.8
521.0,13.5,103.8
521.1,25.8,103.8
521.2,13.8,103.8
521.3,25.4,103.8
521.4,13.2,103.8
521.5,12.8,103.8
521.6,14.5,103.8
521.7,13.5,103.8
521.8,13.8,103.8
521.9,12.9,103.8
522.0,13.5,103.8
522.1,13.6,103.8
522.2,12.6,103.8
522.3,25.5,103.8
522.4,13.2,103.8
522.5,13.6,103.8
522.6,25.9,103.8
522.7,13.2,103.8
522.8,0.0,103.8
522.9,13.8,103.8
523.0,12.9,103.8
523.1,12.8,103.8
523.2,13.6,103.8
523.3,13.7,103.8
523.4,0.0,103.8
523.5,13.5,103.8
523.6,13.3,103.8
523.7,13.5,103.8
523.8,13.4,103.8
523.9,0.0,103.8
524.0,13.5,103.8
524.1,25.5,103.8
524.2,13.4,103.8
524.3,0.0,103.8
524.4,13.3,103.8
524.5,25.7,103.8
524.6,13.9,103.8
524.7,13.5,103.8
524.8,0.0,103.8
524.9,12.9,103.8
525.0,13.1,103.8
525.1,13.4,103.8
525.2,13.4,103.8
525.3,25.5,103.8
525.4,12.9,103.8
525.5,13.4,103.8
525.6,25.4,103.8
525.7,13.6,103.8
525.8,0.0,103.8
525.9,13.6,103.8
526.0,13.5,103.8
526.1,13.6,103.8
526.2,13.7,103.8
526.3,25.5,103.8
526.4,13.8,103.8
526.5,25.6,103.8
526.6,25.4,103.8
526.7,12.8,103.8
526.8,0.0,103.8
526.9,13.2,103.8
527.0,12.7,103.8
527.1,25.0,103.8
527.2,13.4,103.8
527.3,12.5,103.8
527.4,13.3,103.8
527.5,25.7,103.8
527.6,12.8,103.8
527.7,13.5,103.8
527.8,26.1,103.8
527.9,13.5,103.8
528.0,13.4,103.8
528.1,0.0,103.8
528.2,13.7,103.8
528.3,13.5,103.8
528.4,12.9,103.8
528.5,13.6,103.8
528.6,12.8,103.8
528.7,14.4,103.8
528.8,13.7,103.8
528.9,13.5,103.8
529.0,12.6,103.8
529.1,13.5,103.8
529.2,25.8,103.8
529.3,25.6,103.8
529.4,13.7,103.8
529.5,25.4,103.8
529.6,13.6,103.8
529.7,25.7,103.8
529.8,13.6,103.8
529.9,13.0,103.8
530.0,13.0,103.8
530.1,12.8,103.8
530.2,13.6,103.8
530.3,13.4,103.8
530.4,0.0,103.8
530.5,13.2,103.8
530.6,26.4,103.8
530.7,13.6,103.8
530.8,14.2,103.8
530.9,25.6,103.8
531.0,25.8,103.8
531.1,13.6,103.8
531.2,25.8,103.8
531.3,13.6,103.8
531.4,25.9,103.8
531.5,13.4,103.8
531.6,0.0,103.8
531.7,13.4,103.8
531.8,25.8,103.8
531.9,13.3,103.8
532.0,13.8,103.8
532.1,0.0,103.8
532.2,12.6,103.8
532.3,26.8,103.8
532.4,13.5,103.8
532.5,25.6,103.8
532.6,13.5,103.8
532.7,12.9,103.8
532.8,13.7,103.8
532.9,12.7,103.8
533.0,14.7,103.8
533.1,13.6,103.8
533.2,13.5,103.8
533.3,12.8,103.8
533.4,13.7,103.8
533.5,13.4,103.8
533.6,13.6,103.8
533.7,25.1,103.81
533.8,13.9,103.81
533.9,13.5,103.81
534.0,13.3,103.81
534.1,13.6,103.81
534.2,0.0,103.81
534.3,14.0,103.81
534.4,12.8,103.81
534.5,12.9,103.81
534.6,12.9,103.81
534.7,13.6,103.81
534.8,13.0,103.81
534.9,13.8,103.81
535.0,13.6,103.81
535.1,13.2,103.81
535.2,26.8,103.81
535.3,12.6,103.81
535.4,13.7,103.81
535.5,13.1,103.81
535.6,14.1,103.81
535.7,13.7,103.81
535.8,26.0,103.81
535.9,12.8,103.81
536.0,13.6,103.81
536.1,12.9,103.81
536.2,0.0,103.81
536.3,0.0,103.81
536.4,0.0,103.81
536.5,25.7,103.81
536.6,13.7,103.81
536.7,13.5,103.81
536.8,12.9,103.81
536.9,24.9,103.81
537.0,13.3,103.81
537.1,13.5,103.81
537.2,13.6,103.81
537.3,13.4,103.81
537.4,25.8,103.81
537.5,13.7,103.81
537.6,25.8,103.81
537.7,13.6,103.81
537.8,26.0,103.81
537.9,13.6,103.81
538.0,25.2,103.81
538.1,13.7,103.81
538.2,0.0,103.81
538.3,13.4,103.81
538.4,13.7,103.81
538.5,13.6,103.81
538.6,12.7,103.81
538.7,11.4,103.81
538.8,11.8,103.81
538.9,13.6,103.81
539.0,25.6,103.81
539.1,13.7,103.81
539.2,14.2,103.81
539.3,13.7,103.81
539.4,13.3,103.81
539.5,14.1,103.81
539.6,25.4,103.81
539.7,25.3,103.81
539.8,25.6,103.81
539.9,13.4,103.81
540.0,13.6,103.81
540.1,13.6,103.81
540.2,13.8,103.81
540.3,13.4,103.81
540.4,12.9,103.81
540.5,13.3,103.81
540.6,25.4,103.81
540.7,13.7,103.81
540.8,25.8,103.81
540.9,13.6,103.81
541.0,25.9,103.81
541.1,13.6,103.81
541.2,12.7,103.81
541.3,13.7,103.81
541.4,13.5,103.81
541.5,0.0,103.81
541.6,12.7,103.81
541.7,0.0,103.81
541.8,14.0,103.81
541.9,14.3,103.81
542.0,13.3,103.81
542.1,13.6,103.81
542.2,13.6,103.81
542.3,14.0,103.81
542.4,13.0,103.81
542.5,25.2,103.81
542.6,13.6,103.81
542.7,13.4,103.81
542.8,13.1,103.81
542.9,13.3,103.81
543.0,13.5,103.81
543.1,13.0,103.81
543.2,12.5,103.81
543.3,12.9,103.81
543.4,13.6,103.81
543.5,13.6,103.81
543.6,0.0,103.81
543.7,13.5,103.81
543.8,13.0,103.81
543.9,13.9,103.81
544.0,12.7,103.81
544.1,13.9,103.81
544.2,13.7,103.81
544.3,13.8,103.81
544.4,13.2,103.81
544.5,13.3,103.81
544.6,13.7,103.81
544.7,13.7,103.81
544.8,13.5,103.81
544.9,13.1,103.81
545.0,13.6,103.81
545.1,13.0,103.81
545.2,13.6,103.81
545.3,13.3,103.81
545.4,26.3,103.81
545.5,13.4,103.81
545.6,13.6,103.81
545.7,12.9,103.81
545.8,25.6,103.81
545.9,24.8,103.81
546.0,25.5,103.81
546.1,13.5,103.81
546.2,12.6,103.81
546.3,12.5,103.81
546.4,13.0,103.82
546.5,13.5,103.82
546.6,12.8,103.82
546.7,13.5,103.82
546.8,12.8,103.82
546.9,0.0,103.82
547.0,12.8,103.82
547.1,13.6,103.82
547.2,12.7,103.82
547.3,13.5,103.82
547.4,13.1,103.82
547.5,0.0,103.82
547.6,13.1,103.82
547.7,13.5,103.82
547.8,13.7,103.82
547.9,14.1,103.82
548.0,26.2,103.82
548.1,12.9,103.82
548.2,0.0,103.82
548.3,13.2,103.82
548.4,13.5,103.82
548.5,0.0,103.82
548.6,13.0,103.82
548.7,12.2,103.82
548.8,0.0,103.82
548.9,0.0,103.82
549.0,13.2,103.82
549.1,13.9,103.82
549.2,13.5,103.82
549.3,13.3,103.82
549.4,13.3,103.82
549.5,12.7,103.82
549.6,13.3,103.82
549.7,25.5,103.82
549.8,12.8,103.82
549.9,13.5,103.82
550.0,14.2,103.82
550.1,13.4,103.82
550.2,13.7,103.82
550.3,13.3,103.82
550.4,13.0,103.82
550.5,25.9,103.82
550.6,0.0,103.82
550.7,13.1,103.82
550.8,25.3,103.82
550.9,25.1,103.82
551.0,14.7,103.82
551.1,13.2,103.82
551.2,0.0,103.82
551.3,13.2,103.82
551.4,14.4,103.82
551.5,26.0,103.82
551.6,13.6,103.82
551.7,0.0,103.82
551.8,13.7,103.82
551.9,13.5,103.82
552.0,14.2,103.82
552.1,26.8,103.82
552.2,12.7,103.82
552.3,13.0,103.82
552.4,0.0,103.82
552.5,13.2,103.82
552.6,26.2,103.82
552.7,25.3,103.82
552.8,14.2,103.82
552.9,13.4,103.82
553.0,12.9,103.82
553.1,13.9,103.82
553.2,0.0,103.82
553.3,12.9,103.82
553.4,25.4,103.82
553.5,13.4,103.82
553.6,0.0,103.82
553.7,13.4,103.82
553.8,13.4,103.82
553.9,0.0,103.82
554.0,0.0,103.82
554.1,13.7,103.82
554.2,0.0,103.82
554.3,13.7,103.82
554.4,13.6,103.82
554.5,0.0,103.82
554.6,13.3,103.82
554.7,14.1,103.82
554.8,14.5,103.82
554.9,13.8,103.82
555.0,13.7,103.82
555.1,0.0,103.82
555.2,14.3,103.82
555.3,13.9,103.82
555.4,13.5,103.82
555.5,13.0,103.82
555.6,13.6,103.82
555.7,12.3,103.82
555.8,13.1,103.82
555.9,12.5,103.82
556.0,13.2,103.82
556.1,25.4,103.82
556.2,13.8,103.82
556.3,13.6,103.82
556.4,13.2,103.82
556.5,25.8,103.82
556.6,14.3,103.82
556.7,14.4,103.82
556.8,25.7,103.82
556.9,13.8,103.82
557.0,13.4,103.82
557.1,0.0,103.82
557.2,12.7,103.82
557.3,13.5,103.82
557.4,13.2,103.82
557.5,13.6,103.82
557.6,12.7,103.82
557.7,0.0,103.82
557.8,13.4,103.82
557.9,0.0,103.82
558.0,13.7,103.82
558.1,13.8,103.82
558.2,13.5,103.82
558.3,13.0,103.82
558.4,12.9,103.82
558.5,25.5,103.82
558.6,13.7,103.82
558.7,13.7,103.82
558.8,13.7,103.82
558.9,13.3,103.82
559.0,0.0,103.82
559.1,25.2,103.82
559.2,13.0,103.83
559.3,13.5,103.83
559.4,13.0,103.83
559.5,13.6,103.83
559.6,13.1,103.83
559.7,12.9,103.83
559.8,12.9,103.83
559.9,14.1,103.83
560.0,26.1,103.83
560.1,13.0,103.83
560.2,13.6,103.83
560.3,13.5,103.83
560.4,0.0,103.83
560.5,0.0,103.83
560.6,0.0,103.83
560.7,0.0,103.83
560.8,13.4,103.83
560.9,13.5,103.83
561.0,13.7,103.83
561.1,14.1,103.83
561.2,13.9,103.83
561.3,14.3,103.83
561.4,13.6,103.83
561.5,12.7,103.83
561.6,0.0,103.83
561.7,13.6,103.83
561.8,13.4,103.83
561.9,13.7,103.83
562.0,12.8,103.83
562.1,13.7,103.83
562.2,14.1,103.83
562.3,13.5,103.83
562.4,0.0,103.83
562.5,13.3,103.83
562.6,25.7,103.83
562.7,13.2,103.83
562.8,0.0,103.83
562.9,13.2,103.83
563.0,13.1,103.83
563.1,13.9,103.83
563.2,13.6,103.83
563.3,14.2,103.83
563.4,13.7,103.83
563.5,14.6,103.83
563.6,14.5,103.83
563.7,13.5,103.83
563.8,13.8,103.83
563.9,13.6,103.83
564.0,13.7,103.83
564.1,13.8,103.83
564.2,13.5,103.83
564.3,0.0,103.83
564.4,0.0,103.83
564.5,0.0,103.83
564.6,14.8,103.83
564.7,0.0,103.83
564.8,0.0,103.83
564.9,0.0,103.83
565.0,14.4,103.83
565.1,14.7,103.83
565.2,0.0,103.83
565.3,0.0,103.83
565.4,13.6,103.83
565.5,13.7,103.83
565.6,0.0,103.83
565.7,0.0,103.83
565.8,13.1,103.83
565.9,0.0,103.83
566.0,0.0,103.83
566.1,0.0,103.83
566.2,13.5,103.83
566.3,14.2,103.83
566.4,0.0,103.83
566.5,13.3,103.83
566.6,13.5,103.83
566.7,13.4,103.83
566.8,13.5,103.83
566.9,12.8,103.83
567.0,13.6,103.83
567.1,13.4,103.83
567.2,25.2,103.83
567.3,25.5,103.83
567.4,13.6,103.83
567.5,25.6,103.83
567.6,25.7,103.83
567.7,25.1,103.83
567.8,13.2,103.83
567.9,13.8,103.83
568.0,13.6,103.83
568.1,0.0,103.83
568.2,0.0,103.83
568.3,13.7,103.83
568.4,25.8,103.83
568.5,13.6,103.83
568.6,14.4,103.83
568.7,14.5,103.83
568.8,14.5,103.83
568.9,12.2,103.83
569.0,24.4,103.83
569.1,13.6,103.83
569.2,13.6,103.83
569.3,25.3,103.83
569.4,13.4,103.83
569.5,13.7,103.83
569.6,13.6,103.83
569.7,12.9,103.83
569.8,13.6,103.83
569.9,25.5,103.83
570.0,13.8,103.83
570.1,25.6,103.83
570.2,13.6,103.83
570.3,26.9,103.83
570.4,0.0,103.83
570.5,13.0,103.83
570.6,0.0,103.83
570.7,0.0,103.83
570.8,13.2,103.83
570.9,14.0,103.83
571.0,0.0,103.83
571.1,13.9,103.83
571.2,13.7,103.83
571.3,13.7,103.83
571.4,13.4,103.83
571.5,13.3,103.83
571.6,0.0,103.83
571.7,13.5,103.83
571.8,0.0,103.83
571.9,0.0,103.84
572.0,0.0,103.84
572.1,0.0,103.84
572.2,0.0,103.84
572.3,0.0,103.84
572.4,0.0,103.84
572.5,0.0,103.84
572.6,0.0,103.84
572.7,14.8,103.84
572.8,0.0,103.84
572.9,0.0,103.84
573.0,0.0,103.84
573.1,0.0,103.84
573.2,0.0,103.84
573.3,13.6,103.84
573.4,13.3,103.84
573.5,13.9,103.84
573.6,13.5,103.84
573.7,12.8,103.84
573.8,0.0,103.84
573.9,0.0,103.84
574.0,0.0,103.84
574.1,13.0,103.84
574.2,14.4,103.84
574.3,13.5,103.84
574.4,13.1,103.84
574.5,25.3,103.84
574.6,13.6,103.84
574.7,13.8,103.84
574.8,13.6,103.84
574.9,13.6,103.84
575.0,13.4,103.84
575.1,13.7,103.84
575.2,13.7,103.84
575.3,13.6,103.84
575.4,14.2,103.84
575.5,12.8,103.84
575.6,13.9,103.84
575.7,13.6,103.84
575.8,13.5,103.84
575.9,0.0,103.84
576.0,0.0,103.84
576.1,13.1,103.84
576.2,0.0,103.84
576.3,13.2,103.84
576.4,25.6,103.84
576.5,13.6,103.84
576.6,14.3,103.84
576.7,13.9,103.84
576.8,12.8,103.84
576.9,25.3,103.84
577.0,25.6,103.84
577.1,13.7,103.84
577.2,25.4,103.84
577.3,13.6,103.84
577.4,12.8,103.84
577.5,27.4,103.84
577.6,13.7,103.84
577.7,13.8,103.84
577.8,0.0,103.84
577.9,13.1,103.84
578.0,13.7,103.84
578.1,13.3,103.84
578.2,13.8,103.84
578.3,13.6,103.84
578.4,13.6,103.84
578.5,13.5,103.84
578.6,0.0,103.84
578.7,13.5,103.84
578.8,14.2,103.84
578.9,25.2,103.84
579.0,13.8,103.84
579.1,14.1,103.84
579.2,0.0,103.84
579.3,0.0,103.84
579.4,25.6,103.84
579.5,13.2,103.84
579.6,0.0,103.84
579.7,13.1,103.84
579.8,12.7,103.84
579.9,25.5,103.84
580.0,13.6,103.84
580.1,13.2,103.84
580.2,12.7,103.84
580.3,13.4,103.84
580.4,25.7,103.84
580.5,13.5,103.84
580.6,13.2,103.84
580.7,13.4,103.84
580.8,13.4,103.84
580.9,0.0,103.81
581.0,13.6,103.81
581.1,12.9,103.81
581.2,13.6,103.81
581.3,12.8,103.81
581.4,13.5,103.81
581.5,13.1,103.81
581.6,13.6,103.81
581.7,13.4,103.81
581.8,26.3,103.81
581.9,13.1,103.81
582.0,13.8,103.81
582.1,13.6,103.81
582.2,13.9,103.81
582.3,0.0,103.81
582.4,0.0,103.81
582.5,13.7,103.81
582.6,25.3,103.81
582.7,13.6,103.81
582.8,13.6,103.81
582.9,13.2,103.81
583.0,13.5,103.81
583.1,0.0,103.81
583.2,12.6,103.81
583.3,13.6,103.81
583.4,13.2,103.81
583.5,13.5,103.81
583.6,13.1,103.81
583.7,12.7,103.81
583.8,13.5,103.81
583.9,12.7,103.81
584.0,13.4,103.81
584.1,13.5,103.81
584.2,13.5,103.81
584.3,13.3,103.81
584.4,13.7,103.81
584.5,13.6,103.81
584.6,14.2,103.87
584.7,26.8,103.87
584.8,13.7,103.87
584.9,0.0,103.87
585.0,13.4,103.87
585.1,12.7,103.87
585.2,12.7,103.87
585.3,13.5,103.87
585.4,25.8,103.87
585.5,13.5,103.87
585.6,13.5,103.87
585.7,13.5,103.87
585.8,25.6,103.87
585.9,0.0,103.87
586.0,13.7,103.87
586.1,12.7,103.87
586.2,26.1,103.87
586.3,13.6,103.87
586.4,13.6,103.87
586.5,0.0,103.87
586.6,13.9,103.87
586.7,13.2,103.87
586.8,0.0,103.87
586.9,13.6,103.87
587.0,13.5,103.87
587.1,13.6,103.87
587.2,13.5,103.87
587.3,13.6,103.87
587.4,0.0,103.87
587.5,25.2,103.87
587.6,13.9,103.87
587.7,13.4,103.87
587.8,25.9,103.87
587.9,13.7,103.87
588.0,12.8,103.87
588.1,13.3,103.87
588.2,26.0,103.87
588.3,14.3,103.87
588.4,14.0,103.87
588.5,13.1,103.87
588.6,13.5,103.87
588.7,13.0,103.87
588.8,12.8,103.87
588.9,13.4,103.87
589.0,13.5,103.87
589.1,0.0,103.87
589.2,13.4,103.87
589.3,12.8,103.87
589.4,13.6,103.87
589.5,25.4,103.87
589.6,13.5,103.87
589.7,12.9,103.87
589.8,25.2,103.87
589.9,25.7,103.87
590.0,13.6,103.87
590.1,12.8,103.87
590.2,13.6,103.87
590.3,12.9,103.87
590.4,0.0,103.87
590.5,13.4,103.87
590.6,13.5,103.87
590.7,13.5,103.87
590.8,13.0,103.87
590.9,12.7,103.87
591.0,0.0,103.87
591.1,0.0,103.87
591.2,13.5,103.87
591.3,13.7,103.87
591.4,12.7,103.87
591.5,13.9,103.87
591.6,13.6,103.87
591.7,12.8,103.87
591.8,13.4,103.87
591.9,13.7,103.87
592.0,24.9,103.87
592.1,25.4,103.87
592.2,13.3,103.87
592.3,13.5,103.87
592.4,13.5,103.87
592.5,12.3,103.87
592.6,0.0,103.87
592.7,12.9,103.87
592.8,13.3,103.87
592.9,25.0,103.87
593.0,25.5,103.87
593.1,13.5,103.87
593.2,12.5,103.87
593.3,13.4,103.87
593.4,24.9,103.87
593.5,12.8,103.87
593.6,13.8,103.87
593.7,14.2,103.87
593.8,14.4,103.87
593.9,13.5,103.87
594.0,14.1,103.87
594.1,0.0,103.87
594.2,12.6,103.87
594.3,13.8,103.87
594.4,13.0,103.87
594.5,13.6,103.87
594.6,12.8,103.87
594.7,13.6,103.87
594.8,14.0,103.87
594.9,14.1,103.87
595.0,26.1,103.87
595.1,13.3,103.87
595.2,0.0,103.87
595.3,13.3,103.87
595.4,13.5,103.87
595.5,12.5,103.87
595.6,13.1,103.87
595.7,26.4,103.87
595.8,13.7,103.87
595.9,13.9,103.87
596.0,0.0,103.87
596.1,0.0,103.87
596.2,0.0,103.87
596.3,0.0,103.87
596.4,0.0,103.87
596.5,0.0,103.87
596.6,0.0,103.87
596.7,14.5,103.87
596.8,14.7,103.87
596.9,0.0,103.87
597.0,0.0,103.87
597.1,0.0,103.87
597.2,14.8,103.87
597.3,14.3,103.87
597.4,13.6,103.87
597.5,13.5,103.87
597.6,13.7,103.87
597.7,13.6,103.87
597.8,26.5,103.87
597.9,13.6,103.87
598.0,25.7,103.87
598.1,13.4,103.87
598.2,0.0,103.87
598.3,13.9,103.87
598.4,13.5,103.87
598.5,13.5,103.87
598.6,13.5,103.87
598.7,14.3,103.87
598.8,13.6,103.87
598.9,13.6,103.87
599.0,13.6,103.87
599.1,25.7,103.87
599.2,13.5,103.87
599.3,12.7,103.87
599.4,13.6,103.87
599.5,0.0,103.87
599.6,12.6,103.87
599.7,13.1,103.87
599.8,13.2,103.87
599.9,12.6,103.87
600.0,0.0,103.87
600.1,13.3,103.87
600.2,13.6,103.87
600.3,13.4,103.87
600.4,13.6,103.87
600.5,13.5,103.87
600.6,13.4,103.87
600.7,13.8,103.87
600.8,12.9,103.87
600.9,13.5,103.87
601.0,12.7,103.87
601.1,13.2,103.87
601.2,25.5,103.87
601.3,25.4,103.87
601.4,13.6,103.87
601.5,25.8,103.87
601.6,13.8,103.87
601.7,13.3,103.87
601.8,12.8,103.87
601.9,12.7,103.87
602.0,12.6,103.87
602.1,13.0,103.87
602.2,24.7,103.87
602.3,13.5,103.87
602.4,13.2,103.87
602.5,25.5,103.87
602.6,13.6,103.87
602.7,0.0,103.87
602.8,13.5,103.87
602.9,25.5,103.87
603.0,13.5,103.87
603.1,13.0,103.87
603.2,13.5,103.87
603.3,13.1,103.87
603.4,13.5,103.87
603.5,13.3,103.87
603.6,14.1,103.87
603.7,12.5,103.87
603.8,13.9,103.87
603.9,13.6,103.87
604.0,0.0,103.87
604.1,13.4,103.87
604.2,13.5,103.87
604.3,13.6,103.87
604.4,25.3,103.87
604.5,12.7,103.87
604.6,13.2,103.87
604.7,13.5,103.87
604.8,12.5,103.87
604.9,12.7,103.87
605.0,12.7,103.87
605.1,13.4,103.87
605.2,13.6,103.87
605.3,12.9,103.87
605.4,14.4,103.87
605.5,14.1,103.87
605.6,14.0,103.87
605.7,13.7,103.87
605.8,13.1,103.87
605.9,26.3,103.87
606.0,0.0,103.87
606.1,13.2,103.87
606.2,13.5,103.87
606.3,13.4,103.87
606.4,13.6,103.87
606.5,13.6,103.87
606.6,13.7,103.87
606.7,0.0,103.87
606.8,12.7,103.87
606.9,0.0,103.87
607.0,0.0,103.87
607.1,13.9,103.87
607.2,0.0,103.87
607.3,0.0,103.87
607.4,13.6,103.87
607.5,14.5,103.87
607.6,13.1,103.87
607.7,0.0,103.87
607.8,13.2,103.87
607.9,13.1,103.87
608.0,13.4,103.87
608.1,13.7,103.87
608.2,0.0,103.87
608.3,12.9,103.87
608.4,13.5,103.87
608.5,25.5,103.87
608.6,13.6,103.87
608.7,25.4,103.87
608.8,13.6,103.87
608.9,0.0,103.87
609.0,13.6,103.87
609.1,13.1,103.87
609.2,13.0,103.87
609.3,13.5,103.87
609.4,12.9,103.87
609.5,13.5,103.87
609.6,12.8,103.87
609.7,12.9,103.87
609.8,12.9,103.87
609.9,13.5,103.87
610.0,12.9,103.87
610.1,25.6,103.87
610.2,24.9,103.87
610.3,13.7,103.87
610.4,12.8,103.87
610.5,13.3,103.87
610.6,13.5,103.87
610.7,13.2,103.87
610.8,12.6,103.87
610.9,13.6,103.87
611.0,13.0,103.87
611.1,13.5,103.87
611.2,13.9,103.87
611.3,26.7,103.87
611.4,13.3,103.87
611.5,14.0,103.87
611.6,0.0,103.87
611.7,12.9,103.87
611.8,0.0,103.87
611.9,12.8,103.87
612.0,0.0,103.87
612.1,12.6,103.87
612.2,0.0,103.87
612.3,13.4,103.87
612.4,13.3,103.87
612.5,13.5,103.87
612.6,12.8,103.87
612.7,13.5,103.87
612.8,13.7,103.87
612.9,13.4,103.87
613.0,25.0,103.87
613.1,13.5,103.87
613.2,25.9,103.87
613.3,13.5,103.87
613.4,13.5,103.87
613.5,24.7,103.87
613.6,13.4,103.87
613.7,13.6,103.87
613.8,0.0,103.87
613.9,25.9,103.87
614.0,14.2,103.87
614.1,13.6,103.87
614.2,14.0,103.87
614.3,12.8,103.87
614.4,12.7,103.87
614.5,13.5,103.87
614.6,13.6,103.87
614.7,25.1,103.87
614.8,13.6,103.87
614.9,13.6,103.87
615.0,0.0,103.87
615.1,13.0,103.87
615.2,13.6,103.87
615.3,13.6,103.87
615.4,13.0,103.87
615.5,13.6,103.87
615.6,25.6,103.87
615.7,13.0,103.87
615.8,13.2,103.87
615.9,14.0,103.87
616.0,13.7,103.87
616.1,13.6,103.87
616.2,13.4,103.87
616.3,12.9,103.87
616.4,13.2,103.87
616.5,13.1,103.87
616.6,26.7,103.87
616.7,12.7,103.87
616.8,0.0,103.87
616.9,13.6,103.87
617.0,0.0,103.87
617.1,0.0,103.87
617.2,12.9,103.87
617.3,14.1,103.87
617.4,0.0,103.87
617.5,13.6,103.87
617.6,13.6,103.87
617.7,25.7,103.87
617.8,25.5,103.87
617.9,14.3,103.87
618.0,13.6,103.87
618.1,13.6,103.87
618.2,0.0,103.87
618.3,13.1,103.87
618.4,13.5,103.87
618.5,13.8,103.87
618.6,13.6,103.87
618.7,12.4,103.87
618.8,12.6,103.87
618.9,13.5,103.87
619.0,12.9,103.87
619.1,0.0,103.87
619.2,13.6,103.87
619.3,25.9,103.87
619.4,13.3,103.87
619.5,13.8,103.87
619.6,12.3,103.87
619.7,12.8,103.87
619.8,13.7,103.87
619.9,13.6,103.87
620.0,12.5,103.87
620.1,25.7,103.87
620.2,25.5,103.87
620.3,0.0,103.87
620.4,13.0,103.87
620.5,13.5,103.87
620.6,12.8,103.87
620.7,12.9,103.87
620.8,0.0,103.87
620.9,14.0,103.87
621.0,12.8,103.87
621.1,0.0,103.87
621.2,13.5,103.87
621.3,13.7,103.87
621.4,0.0,103.87
621.5,13.4,103.87
621.6,13.2,103.87
621.7,13.5,103.87
621.8,13.4,103.87
621.9,13.6,103.87
622.0,0.0,103.87
622.1,0.0,103.87
622.2,0.0,103.87
622.3,0.0,103.87
622.4,13.9,103.87
622.5,13.1,103.87
622.6,13.5,103.87
622.7,14.2,103.87
622.8,13.4,103.87
622.9,12.6,103.87
623.0,13.4,103.87
623.1,13.6,103.87
623.2,25.4,103.87
623.3,13.0,103.87
623.4,0.0,103.87
623.5,25.4,103.87
623.6,25.9,103.87
623.7,13.3,103.87
623.8,13.0,103.87
623.9,13.3,103.87
624.0,13.0,103.87
624.1,13.5,103.87
624.2,13.7,103.87
624.3,13.0,103.87
624.4,0.0,103.87
624.5,13.9,103.87
624.6,13.3,103.87
624.7,13.3,103.87
624.8,13.4,103.87
624.9,13.6,103.87
625.0,13.5,103.87
625.1,26.2,103.87
625.2,25.3,103.87
625.3,0.0,103.87
625.4,25.6,103.87
625.5,13.2,103.87
625.6,13.1,103.87
625.7,25.9,103.87
625.8,13.5,103.87
625.9,0.0,103.87
626.0,13.5,103.87
626.1,25.9,103.87
626.2,0.0,103.87
626.3,13.7,103.87
626.4,13.0,103.87
626.5,26.3,103.87
626.6,13.6,103.87
626.7,13.7,103.87
626.8,12.8,103.87
626.9,13.3,103.87
627.0,13.6,103.87
627.1,0.0,103.87
627.2,12.9,103.87
627.3,0.0,103.87
627.4,13.5,103.87
627.5,13.6,103.87
627.6,13.5,103.87
627.7,13.7,103.87
627.8,13.4,103.87
627.9,13.1,103.87
628.0,0.0,103.87
628.1,13.6,103.87
628.2,13.7,103.87
628.3,25.5,103.87
628.4,13.9,103.87
628.5,13.6,103.87
628.6,13.4,103.87
628.7,13.9,103.87
628.8,26.8,103.87
628.9,13.4,103.87
629.0,13.8,103.87
629.1,13.5,103.87
629.2,12.7,103.87
629.3,12.9,103.87
629.4,13.1,103.87
629.5,13.4,103.87
629.6,12.6,103.87
629.7,13.7,103.87
629.8,13.6,103.87
629.9,13.6,103.87
630.0,13.1,103.87
630.1,13.6,103.87
630.2,0.0,103.87
630.3,25.9,103.87
630.4,13.8,103.87
630.5,13.6,103.87
630.6,0.0,103.87
630.7,12.9,103.87
630.8,0.0,103.87
630.9,12.7,103.87
631.0,12.9,103.87
631.1,25.4,103.87
631.2,13.4,103.87
631.3,13.5,103.87
631.4,13.6,103.87
631.5,0.0,103.87
631.6,14.2,103.87
631.7,0.0,103.87
631.8,0.0,103.87
631.9,12.8,103.87
632.0,0.0,103.87
632.1,12.8,103.87
632.2,13.6,103.87
632.3,13.0,103.87
632.4,12.9,103.87
632.5,13.5,103.87
632.6,13.5,103.87
632.7,13.5,103.87
632.8,13.6,103.87
632.9,13.1,103.87
633.0,26.3,103.87
633.1,13.2,103.87
633.2,0.0,103.87
633.3,12.8,103.87
633.4,13.3,103.87
633.5,13.7,103.87
633.6,0.0,103.87
633.7,14.6,103.87
633.8,14.8,103.87
633.9,0.0,103.87
634.0,0.0,103.87
634.1,0.0,103.87
634.2,14.7,103.87
634.3,14.4,103.87
634.4,0.0,103.87
634.5,0.0,103.87
634.6,0.0,103.87
634.7,14.8,103.87
634.8,0.0,103.87
634.9,0.0,103.87
635.0,0.0,103.87
635.1,0.0,103.87
635.2,0.0,103.87
635.3,0.0,103.87
635.4,13.7,103.87
635.5,0.0,103.87
635.6,12.7,103.87
635.7,0.0,103.87
635.8,0.0,103.87
635.9,14.1,103.87
636.0,14.0,103.87
636.1,13.4,103.87
636.2,0.0,103.87
636.3,13.5,103.87
636.4,14.5,103.87
636.5,12.7,103.87
636.6,13.3,103.87
636.7,12.7,103.87
636.8,13.0,103.87
636.9,13.5,103.87
637.0,13.1,103.87
637.1,14.2,103.87
637.2,13.6,103.87
637.3,12.8,103.87
637.4,26.5,103.87
637.5,13.5,103.87
637.6,12.7,103.87
637.7,13.3,103.87
637.8,13.7,103.87
637.9,13.4,103.87
638.0,13.6,103.87
638.1,0.0,103.87
638.2,13.4,103.87
638.3,12.8,103.87
638.4,12.9,103.87
638.5,13.0,103.87
638.6,13.5,103.87
638.7,13.3,103.87
638.8,13.7,103.87
638.9,13.6,103.87
639.0,12.7,103.87
639.1,12.7,103.87
639.2,25.2,103.87
639.3,13.5,103.87
639.4,0.0,103.87
639.5,13.4,103.87
639.6,0.0,103.87
639.7,0.0,103.87
639.8,14.0,103.87
639.9,13.2,103.87
640.0,0.0,103.87
640.1,0.0,103.87
640.2,13.4,103.87
640.3,13.3,103.87
640.4,13.7,103.87
640.5,13.3,103.87
640.6,12.8,103.87
640.7,0.0,103.87
640.8,12.8,103.87
640.9,13.4,103.87
641.0,13.5,103.87
641.1,13.5,103.87
641.2,13.7,103.87
641.3,13.7,103.87
641.4,25.6,103.87
641.5,13.6,103.87
641.6,13.5,103.87
641.7,13.6,103.87
641.8,26.1,103.87
641.9,13.8,103.87
642.0,13.6,103.87
642.1,13.6,103.87
642.2,13.5,103.87
642.3,25.7,103.87
642.4,12.8,103.87
642.5,13.5,103.87
642.6,26.0,103.87
642.7,13.2,103.87
642.8,12.8,103.87
642.9,14.4,103.87
643.0,13.5,103.87
643.1,0.0,103.87
643.2,0.0,103.87
643.3,13.3,103.87
643.4,13.9,103.87
643.5,0.0,103.87
643.6,13.7,103.87
643.7,13.7,103.87
643.8,12.9,103.87
643.9,14.3,103.87
644.0,25.8,103.87
644.1,13.6,103.87
644.2,26.1,103.87
644.3,14.3,103.87
644.4,14.3,103.87
644.5,13.6,103.87
644.6,14.2,103.87
644.7,13.6,103.87
644.8,13.6,103.87
644.9,25.3,103.87
645.0,13.6,103.87
645.1,26.1,103.87
645.2,13.7,103.87
645.3,25.7,103.87
645.4,13.6,103.87
645.5,0.0,103.87
645.6,12.5,103.87
645.7,13.0,103.87
645.8,13.6,103.87
645.9,0.0,103.87
646.0,13.2,103.87
646.1,0.0,103.87
646.2,13.8,103.87
646.3,13.3,103.87
646.4,25.6,103.87
646.5,13.3,103.87
646.6,13.4,103.87
646.7,14.3,103.87
646.8,14.1,103.87
646.9,14.4,103.87
647.0,14.4,103.87
647.1,13.2,103.87
647.2,0.0,103.87
647.3,13.5,103.87
647.4,13.6,103.87
647.5,25.3,103.87
647.6,13.4,103.87
647.7,13.3,103.87
647.8,25.8,103.87
647.9,25.0,103.87
648.0,13.5,103.87
648.1,25.0,103.87
648.2,13.5,103.87
648.3,12.7,103.87
648.4,12.9,103.87
648.5,13.7,103.87
648.6,13.3,103.87
648.7,25.6,103.87
648.8,14.0,103.87
648.9,13.9,103.87
649.0,13.5,103.87
649.1,13.6,103.87
649.2,14.4,103.87
649.3,14.4,103.87
649.4,14.0,103.87
649.5,13.3,103.87
649.6,0.0,103.87
649.7,0.0,103.87
649.8,13.9,103.87
649.9,13.7,103.88
650.0,14.2,103.88
650.1,13.8,103.88
650.2,13.1,103.88
650.3,14.4,103.88
650.4,13.5,103.88
650.5,13.3,103.88
650.6,13.4,103.88
650.7,13.7,103.88
650.8,13.8,103.88
650.9,13.3,103.88
651.0,13.6,103.88
651.1,13.5,103.88
651.2,25.6,103.88
651.3,25.8,103.88
651.4,13.9,103.88
651.5,13.4,103.88
651.6,12.6,103.88
651.7,13.4,103.88
651.8,13.1,103.88
651.9,0.0,103.88
652.0,13.6,103.88
652.1,13.6,103.88
652.2,14.1,103.88
652.3,12.9,103.88
652.4,26.1,103.88
652.5,13.5,103.88
652.6,14.5,103.88
652.7,13.7,103.88
652.8,0.0,103.88
652.9,12.5,103.88
653.0,13.5,103.88
653.1,13.5,103.88
653.2,0.0,103.88
653.3,13.3,103.88
653.4,25.6,103.88
653.5,13.5,103.88
653.6,12.8,103.88
653.7,13.6,103.88
653.8,13.0,103.88
653.9,13.6,103.88
654.0,0.0,103.88
654.1,13.6,103.88
654.2,13.9,103.88
654.3,14.0,103.88
654.4,13.3,103.88
654.5,12.8,103.88
654.6,13.5,103.88
654.7,13.6,103.88
654.8,13.5,103.88
654.9,0.0,103.88
655.0,13.9,103.88
655.1,13.6,103.88
655.2,13.9,103.88
655.3,0.0,103.88
655.4,13.6,103.88
655.5,25.3,103.88
655.6,14.0,103.88
655.7,25.9,103.88
655.8,13.6,103.88
655.9,14.3,103.88
656.0,25.7,103.88
656.1,13.6,103.88
656.2,13.6,103.88
656.3,13.7,103.88
656.4,12.9,103.88
656.5,13.1,103.88
656.6,25.4,103.88
656.7,13.7,103.88
656.8,0.0,103.88
656.9,13.4,103.88
657.0,13.8,103.88
657.1,12.8,103.88
657.2,13.7,103.88
657.3,13.7,103.88
657.4,14.1,103.88
657.5,13.8,103.88
657.6,14.1,103.88
657.7,13.7,103.88
657.8,13.2,103.88
657.9,14.0,103.88
658.0,13.8,103.88
658.1,13.7,103.88
658.2,13.7,103.88
658.3,13.7,103.88
658.4,13.7,103.88
658.5,13.8,103.88
658.6,13.4,103.88
658.7,13.6,103.88
658.8,13.9,103.88
658.9,13.3,103.88
659.0,0.0,103.88
659.1,0.0,103.88
659.2,12.7,103.88
659.3,0.0,103.88
659.4,0.0,103.88
659.5,13.7,103.88
659.6,13.9,103.88
659.7,25.8,103.88
659.8,13.8,103.88
659.9,13.7,103.88
660.0,12.7,103.88
660.1,13.6,103.88
660.2,13.6,103.88
660.3,13.6,103.88
660.4,0.0,103.88
660.5,14.2,103.88
660.6,13.0,103.88
660.7,13.7,103.88
660.8,13.5,103.88
660.9,13.9,103.88
661.0,13.1,103.88
661.1,13.3,103.88
661.2,12.6,103.88
661.3,13.2,103.88
661.4,25.5,103.88
661.5,13.7,103.88
661.6,13.3,103.88
661.7,13.7,103.88
661.8,13.7,103.88
661.9,12.8,103.88
662.0,13.3,103.88
662.1,12.8,103.88
662.2,13.3,103.88
662.3,13.6,103.88
662.4,13.8,103.88
662.5,13.4,103.88
662.6,0.0,103.88
662.7,13.3,103.88
662.8,13.7,103.88
662.9,13.0,103.88
663.0,13.6,103.88
663.1,13.5,103.88
663.2,13.4,103.88
663.3,0.0,103.88
663.4,13.7,103.88
663.5,13.0,103.88
663.6,12.7,103.88
663.7,13.0,103.88
663.8,13.6,103.88
663.9,13.8,103.88
664.0,13.3,103.88
664.1,13.2,103.88
664.2,13.4,103.88
664.3,0.0,103.88
664.4,13.8,103.88
664.5,13.6,103.88
664.6,0.0,103.88
664.7,13.2,103.88
664.8,13.7,103.88
664.9,13.4,103.88
665.0,13.7,103.88
665.1,13.6,103.88
665.2,13.6,103.88
665.3,13.2,103.88
665.4,0.0,103.88
665.5,13.7,103.88
665.6,14.3,103.88
665.7,14.3,103.88
665.8,25.8,103.88
665.9,13.9,103.88
666.0,13.6,103.88
666.1,13.6,103.88
666.2,13.3,103.88
666.3,13.7,103.88
666.4,13.6,103.88
666.5,13.6,103.88
666.6,13.3,103.88
666.7,13.8,103.88
666.8,13.7,103.88
666.9,0.0,103.88
667.0,13.2,103.88
667.1,13.6,103.88
667.2,0.0,103.88
667.3,25.7,103.88
667.4,13.7,103.88
667.5,13.3,103.88
667.6,14.0,103.88
667.7,13.4,103.88
667.8,14.1,103.88
667.9,13.8,103.88
668.0,13.9,103.88
668.1,12.8,103.88
668.2,13.6,103.88
668.3,14.0,103.88
668.4,26.2,103.88
668.5,13.9,103.88
668.6,13.4,103.88
668.7,0.0,103.88
668.8,0.0,103.88
668.9,13.9,103.88
669.0,13.5,103.88
669.1,13.5,103.88
669.2,13.5,103.88
669.3,14.0,103.88
669.4,13.9,103.88
669.5,13.6,103.88
669.6,13.5,103.88
669.7,25.5,103.88
669.8,14.6,103.88
669.9,13.7,103.88
670.0,13.4,103.88
670.1,14.1,103.88
670.2,13.0,103.88
670.3,13.7,103.88
670.4,13.2,103.88
670.5,0.0,103.88
670.6,12.8,103.88
670.7,13.4,103.88
670.8,12.6,103.88
670.9,13.6,103.88
671.0,13.6,103.88
671.1,13.7,103.88
671.2,13.5,103.88
671.3,25.8,103.88
671.4,13.8,103.88
671.5,13.6,103.88
671.6,25.5,103.88
671.7,13.6,103.88
671.8,0.0,103.88
671.9,12.7,103.88
672.0,13.6,103.88
672.1,13.6,103.88
672.2,25.8,103.88
672.3,13.5,103.88
672.4,13.2,103.88
672.5,13.5,103.88
672.6,26.4,103.88
672.7,13.9,103.88
672.8,13.4,103.88
672.9,0.0,103.88
673.0,13.1,103.88
673.1,13.5,103.88
673.2,25.5,103.88
673.3,13.7,103.88
673.4,13.7,103.88
673.5,13.4,103.88
673.6,12.8,103.88
673.7,13.0,103.88
673.8,13.0,103.89
673.9,13.6,103.89
674.0,12.6,103.89
674.1,13.6,103.89
674.2,12.7,103.89
674.3,13.8,103.89
674.4,13.9,103.89
674.5,25.7,103.89
674.6,13.8,103.89
674.7,12.9,103.89
674.8,13.9,103.89
674.9,12.9,103.89
675.0,13.7,103.89
675.1,13.4,103.89
675.2,0.0,103.89
675.3,12.7,103.89
675.4,13.3,103.89
675.5,13.8,103.89
675.6,13.7,103.89
675.7,13.5,103.89
675.8,13.1,103.89
675.9,13.6,103.89
676.0,13.9,103.89
676.1,13.6,103.89
676.2,12.6,103.89
676.3,13.6,103.89
676.4,13.0,103.89
676.5,13.6,103.89
676.6,13.7,103.89
676.7,13.3,103.89
676.8,13.5,103.89
676.9,13.2,103.89
677.0,12.8,103.89
677.1,13.3,103.89
677.2,12.9,103.89
677.3,12.7,103.89
677.4,0.0,103.89
677.5,13.6,103.89
677.6,13.8,103.89
677.7,25.6,103.89
677.8,13.5,103.89
677.9,12.9,103.89
678.0,14.3,103.89
678.1,13.7,103.89
678.2,13.4,103.89
678.3,13.3,103.89
678.4,0.0,103.89
678.5,13.7,103.89
678.6,14.3,103.89
678.7,14.3,103.89
678.8,13.6,103.89
678.9,0.0,103.89
679.0,12.8,103.89
679.1,12.9,103.89
679.2,25.5,103.89
679.3,25.6,103.89
679.4,13.7,103.89
679.5,13.5,103.89
679.6,13.5,103.89
679.7,14.1,103.89
679.8,13.7,103.89
679.9,13.6,103.89
680.0,13.5,103.89
680.1,13.8,103.89
680.2,0.0,103.89
680.3,0.0,103.89
680.4,13.4,103.89
680.5,12.7,103.89
680.6,25.6,103.89
680.7,25.3,103.89
680.8,12.1,103.89
680.9,25.3,103.89
681.0,13.8,103.89
681.1,0.0,103.89
681.2,13.5,103.89
681.3,13.3,103.89
681.4,14.4,103.89
681.5,13.4,103.89
681.6,12.8,103.89
681.7,0.0,103.89
681.8,13.7,103.89
681.9,13.0,103.89
682.0,13.6,103.89
682.1,13.6,103.89
682.2,13.5,103.89
682.3,13.6,103.89
682.4,13.7,103.89
682.5,13.6,103.89
682.6,13.4,103.89
682.7,0.0,103.89
682.8,13.7,103.89
682.9,12.9,103.89
683.0,13.7,103.89
683.1,13.1,103.89
683.2,13.0,103.89
683.3,13.0,103.89
683.4,13.6,103.89
683.5,0.0,103.89
683.6,13.5,103.89
683.7,13.7,103.89
683.8,0.0,103.89
683.9,13.6,103.89
684.0,25.7,103.89
684.1,13.0,103.89
684.2,13.2,103.89
684.3,13.6,103.89
684.4,12.6,103.89
684.5,13.3,103.89
684.6,12.8,103.89
684.7,14.2,103.89
684.8,13.6,103.89
684.9,13.5,103.89
685.0,13.0,103.89
685.1,25.5,103.89
685.2,13.5,103.89
685.3,0.0,103.89
685.4,13.5,103.89
685.5,25.7,103.89
685.6,13.6,103.89
685.7,13.9,103.89
685.8,12.8,103.89
685.9,25.8,103.89
686.0,14.4,103.89
686.1,13.4,103.89
686.2,13.0,103.89
686.3,0.0,103.89
686.4,13.6,103.89
686.5,14.4,103.89
686.6,13.2,103.89
686.7,0.0,103.89
686.8,12.8,103.89
686.9,13.5,103.89
687.0,13.6,103.89
687.1,13.6,103.89
687.2,12.8,103.89
687.3,12.7,103.89
687.4,26.6,103.89
687.5,13.4,103.89
687.6,25.4,103.89
687.7,26.0,103.89
687.8,12.7,103.89
687.9,13.6,103.89
688.0,13.2,103.89
688.1,13.3,103.89
688.2,0.0,103.89
688.3,13.2,103.89
688.4,13.2,103.89
688.5,13.6,103.89
688.6,13.4,103.89
688.7,12.9,103.89
688.8,13.9,103.89
688.9,26.4,103.89
689.0,13.6,103.89
689.1,26.2,103.89
689.2,13.0,103.89
689.3,13.2,103.89
689.4,13.6,103.89
689.5,13.1,103.89
689.6,25.9,103.89
689.7,25.2,103.89
689.8,13.3,103.89
689.9,0.0,103.89
690.0,13.8,103.89
690.1,14.2,103.89
690.2,25.8,103.89
690.3,14.1,103.89
690.4,25.5,103.89
690.5,12.6,103.89
690.6,12.9,103.89
690.7,0.0,103.89
690.8,13.7,103.89
690.9,0.0,103.89
691.0,13.7,103.89
691.1,13.5,103.89
691.2,13.5,103.89
691.3,13.0,103.89
691.4,13.3,103.89
691.5,13.3,103.89
691.6,12.7,103.89
691.7,0.0,103.89
691.8,0.0,103.89
691.9,13.2,103.89
692.0,13.8,103.89
692.1,0.0,103.89
692.2,13.3,103.89
692.3,13.3,103.89
692.4,13.2,103.89
692.5,0.0,103.89
692.6,12.8,103.89
692.7,0.0,103.89
692.8,0.0,103.89
692.9,13.5,103.9
693.0,13.0,103.9
693.1,13.7,103.9
693.2,25.8,103.9
693.3,13.5,103.9
693.4,13.4,103.9
693.5,13.6,103.9
693.6,25.8,103.9
693.7,13.6,103.9
693.8,13.7,103.9
693.9,0.0,103.9
694.0,13.5,103.9
694.1,13.6,103.9
694.2,13.9,103.9
694.3,12.9,103.9
694.4,13.5,103.9
694.5,12.9,103.9
694.6,0.0,103.9
694.7,12.7,103.9
694.8,13.5,103.9
694.9,13.7,103.9
695.0,12.9,103.9
695.1,13.7,103.9
695.2,0.0,103.9
695.3,13.9,103.9
695.4,12.9,103.9
695.5,0.0,103.9
695.6,13.9,103.9
695.7,13.1,103.9
695.8,25.4,103.9
695.9,13.5,103.9
696.0,13.8,103.9
696.1,0.0,103.9
696.2,0.0,103.9
696.3,13.7,103.9
696.4,13.7,103.9
696.5,13.0,103.9
696.6,13.3,103.9
696.7,25.9,103.9
696.8,11.3,103.9
696.9,12.9,103.9
697.0,13.3,103.9
697.1,13.7,103.9
697.2,13.7,103.9
697.3,12.9,103.9
697.4,13.5,103.9
697.5,12.8,103.9
697.6,12.8,103.9
697.7,14.3,103.9
697.8,25.4,103.9
697.9,25.2,103.9
698.0,25.5,103.9
698.1,13.7,103.9
698.2,13.3,103.9
698.3,13.1,103.9
698.4,13.5,103.9
698.5,13.6,103.9
698.6,25.8,103.9
698.7,25.3,103.9
698.8,12.8,103.9
698.9,13.7,103.9
699.0,12.8,103.9
699.1,13.6,103.9
699.2,13.6,103.9
699.3,0.0,103.9
699.4,13.5,103.9
699.5,13.6,103.9
699.6,13.6,103.9
699.7,12.8,103.9
699.8,13.3,103.9
699.9,13.6,103.9
700.0,13.4,103.9
700.1,25.7,103.9
700.2,13.9,103.9
700.3,13.0,103.9
700.4,13.7,103.9
700.5,13.7,103.9
700.6,26.4,103.9
700.7,12.8,103.9
700.8,13.1,103.9
700.9,13.6,103.9
701.0,13.3,103.9
701.1,26.8,103.9
701.2,13.6,103.9
701.3,13.6,103.9
701.4,13.1,103.9
701.5,14.1,103.9
701.6,26.0,103.9
701.7,13.7,103.9
701.8,25.5,103.9
701.9,13.6,103.9
702.0,13.7,103.9
702.1,12.9,103.9
702.2,25.8,103.9
702.3,0.0,103.9
702.4,0.0,103.9
702.5,13.6,103.9
702.6,13.5,103.9
702.7,13.5,103.9
702.8,0.0,103.9
702.9,12.9,103.9
703.0,13.5,103.9
703.1,13.0,103.9
703.2,0.0,103.9
703.3,13.7,103.9
703.4,13.6,103.9
703.5,12.3,103.9
703.6,12.2,103.9
703.7,13.5,103.9
703.8,14.3,103.9
703.9,26.0,103.9
704.0,13.3,103.9
704.1,14.0,103.9
704.2,0.0,103.9
704.3,13.7,103.9
704.4,14.3,103.9
704.5,12.9,103.9
704.6,13.4,103.9
704.7,13.6,103.9
704.8,13.5,103.9
704.9,13.0,103.9
705.0,12.6,103.9
705.1,13.4,103.9
705.2,13.5,103.9
705.3,13.7,103.9
705.4,21.6,103.9
705.5,13.6,103.9
705.6,12.0,103.9
705.7,13.5,103.91
705.8,13.5,103.91
705.9,0.0,103.91
706.0,13.6,103.91
706.1,13.2,103.91
706.2,0.0,103.91
706.3,13.9,103.91
706.4,14.5,103.91
706.5,12.9,103.91
706.6,13.5,103.91
706.7,13.9,103.91
706.8,13.7,103.91
706.9,0.0,103.91
707.0,13.7,103.91
707.1,13.3,103.91
707.2,14.1,103.91
707.3,13.8,103.91
707.4,13.9,103.91
707.5,14.7,103.91
707.6,13.8,103.91
707.7,13.5,103.91
707.8,12.8,103.91
707.9,12.9,103.91
708.0,14.5,103.91
708.1,13.4,103.91
708.2,13.1,103.91
708.3,13.3,103.91
708.4,13.6,103.91
708.5,14.4,103.91
708.6,14.2,103.91
708.7,14.3,103.91
708.8,25.9,103.91
708.9,13.2,103.91
709.0,13.6,103.91
709.1,0.0,103.91
709.2,0.0,103.91
709.3,13.4,103.91
709.4,14.3,103.91
709.5,13.8,103.91
709.6,13.4,103.91
709.7,13.4,103.91
709.8,14.4,103.91
709.9,13.4,103.91
710.0,12.9,103.91
710.1,14.5,103.91
710.2,26.5,103.91
710.3,14.1,103.91
710.4,13.8,103.91
710.5,14.6,103.91
710.6,0.0,103.91
710.7,13.8,103.91
710.8,0.0,103.91
710.9,0.0,103.91
711.0,13.4,103.91
711.1,13.3,103.91
711.2,13.9,103.91
711.3,13.6,103.91
711.4,25.7,103.91
711.5,13.8,103.91
711.6,13.5,103.91
711.7,13.2,103.91
711.8,13.8,103.91
711.9,0.0,103.91
712.0,12.9,103.91
712.1,13.1,103.91
712.2,13.4,103.91
712.3,13.4,103.91
712.4,14.1,103.91
712.5,25.5,103.91
712.6,14.3,103.91
712.7,13.5,103.91
712.8,13.6,103.91
712.9,12.9,103.91
713.0,13.0,103.91
713.1,13.6,103.91
713.2,0.0,103.91
713.3,12.5,103.91
713.4,12.9,103.91
713.5,0.0,103.91
713.6,13.8,103.91
713.7,13.6,103.91
713.8,13.7,103.91
713.9,12.6,103.91
714.0,12.8,103.91
714.1,13.3,103.91
714.2,12.8,103.91
714.3,13.6,103.91
714.4,12.5,103.91
714.5,13.2,103.91
714.6,0.0,103.91
714.7,13.6,103.91
714.8,0.0,103.91
714.9,13.6,103.91
715.0,12.6,103.91
715.1,13.7,103.91
715.2,13.6,103.91
715.3,13.8,103.91
715.4,14.2,103.91
715.5,25.5,103.91
715.6,14.0,103.91
715.7,13.8,103.91
715.8,0.0,103.91
715.9,13.6,103.91
716.0,13.6,103.91
716.1,25.7,103.91
716.2,13.6,103.91
716.3,13.6,103.91
716.4,12.9,103.91
716.5,0.0,103.91
716.6,13.4,103.91
716.7,13.4,103.91
716.8,13.3,103.91
716.9,13.6,103.91
717.0,12.9,103.91
717.1,13.7,103.91
717.2,12.8,103.91
717.3,0.0,103.91
717.4,0.0,103.91
717.5,13.3,103.91
717.6,25.1,103.91
717.7,13.6,103.91
717.8,14.0,103.91
717.9,13.5,103.91
718.0,13.7,103.91
718.1,13.7,103.91
718.2,0.0,103.91
718.3,12.9,103.91
718.4,13.5,103.92
718.5,12.8,103.92
718.6,13.1,103.92
718.7,25.5,103.92
718.8,13.8,103.92
718.9,13.5,103.92
719.0,13.4,103.92
719.1,13.5,103.92
719.2,13.6,103.92
719.3,13.8,103.92
719.4,25.7,103.92
719.5,13.6,103.92
719.6,13.0,103.92
719.7,13.5,103.92
719.8,0.0,103.92
719.9,0.0,103.92
720.0,12.8,103.92
720.1,12.9,103.92
720.2,25.3,103.92
720.3,13.5,103.92
720.4,12.7,103.92
720.5,0.0,103.92
720.6,13.2,103.92
720.7,26.7,103.92
720.8,13.5,103.92
720.9,14.1,103.92
721.0,26.0,103.92
721.1,13.4,103.92
721.2,0.0,103.92
721.3,12.9,103.92
721.4,13.6,103.92
721.5,13.2,103.92
721.6,0.0,103.92
721.7,13.9,103.92
721.8,13.1,103.92
721.9,13.2,103.92
722.0,13.6,103.92
722.1,12.8,103.92
722.2,26.3,103.92
722.3,12.7,103.92
722.4,0.0,103.92
722.5,13.6,103.92
722.6,13.0,103.92
722.7,14.5,103.92
722.8,25.8,103.92
722.9,13.2,103.92
723.0,12.8,103.92
723.1,13.9,103.92
723.2,13.7,103.92
723.3,13.1,103.92
723.4,13.4,103.92
723.5,13.6,103.92
723.6,13.7,103.92
723.7,12.9,103.92
723.8,13.6,103.92
723.9,12.9,103.92
724.0,26.2,103.92
724.1,13.4,103.92
724.2,0.0,103.92
724.3,12.8,103.92
724.4,13.4,103.92
724.5,13.6,103.92
724.6,13.7,103.92
724.7,13.6,103.92
724.8,12.9,103.92
724.9,13.0,103.92
725.0,13.4,103.92
725.1,12.9,103.92
725.2,13.0,103.92
725.3,13.4,103.92
725.4,13.6,103.92
725.5,25.6,103.92
725.6,13.7,103.92
725.7,13.7,103.92
725.8,13.8,103.92
725.9,13.7,103.92
726.0,13.4,103.92
726.1,0.0,103.92
726.2,13.7,103.92
726.3,13.7,103.92
726.4,13.3,103.92
726.5,12.8,103.92
726.6,13.0,103.92
726.7,25.9,103.92
726.8,13.5,103.92
726.9,0.0,103.92
727.0,13.7,103.92
727.1,13.6,103.92
727.2,13.7,103.92
727.3,0.0,103.92
727.4,13.7,103.92
727.5,13.4,103.92
727.6,12.7,103.92
727.7,26.5,103.92
727.8,0.0,103.92
727.9,0.0,103.92
728.0,12.9,103.92
728.1,0.0,103.92
728.2,26.0,103.92
728.3,13.5,103.92
728.4,25.9,103.92
728.5,12.9,103.92
728.6,12.8,103.92
728.7,13.4,103.92
728.8,12.9,103.92
728.9,12.8,103.92
729.0,12.7,103.92
729.1,0.0,103.92
729.2,13.6,103.92
729.3,13.5,103.92
729.4,13.5,103.92
729.5,13.7,103.92
729.6,0.0,103.92
729.7,12.8,103.92
729.8,0.0,103.92
729.9,13.5,103.92
730.0,12.5,103.92
730.1,14.5,103.92
730.2,14.0,103.92
730.3,25.8,103.92
730.4,14.4,103.92
730.5,14.0,103.92
730.6,25.5,103.92
730.7,13.8,103.92
730.8,13.2,103.92
730.9,13.9,103.92
731.0,13.7,103.92
731.1,0.0,103.92
731.2,12.8,103.93
731.3,13.3,103.93
731.4,14.1,103.93
731.5,13.4,103.93
731.6,13.7,103.93
731.7,12.9,103.93
731.8,12.8,103.93
731.9,26.4,103.93
732.0,13.6,103.93
732.1,13.8,103.93
732.2,12.5,103.93
732.3,13.6,103.93
732.4,13.7,103.93
732.5,25.3,103.93
732.6,13.7,103.93
732.7,13.5,103.93
732.8,13.6,103.93
732.9,13.6,103.93
733.0,26.6,103.93
733.1,12.8,103.93
733.2,12.8,103.93
733.3,13.4,103.93
733.4,13.8,103.93
733.5,0.0,103.93
733.6,13.7,103.93
733.7,13.7,103.93
733.8,25.6,103.93
733.9,25.1,103.93
734.0,13.2,103.93
734.1,13.5,103.93
734.2,13.3,103.93
734.3,13.9,103.93
734.4,0.0,103.93
734.5,12.9,103.93
734.6,13.4,103.93
734.7,12.8,103.93
734.8,13.7,103.93
734.9,13.6,103.93
735.0,0.0,103.93
735.1,0.0,103.93
735.2,14.0,103.93
735.3,13.6,103.93
735.4,13.6,103.93
735.5,25.9,103.93
735.6,13.8,103.93
735.7,25.9,103.93
735.8,13.6,103.93
735.9,13.6,103.93
736.0,12.8,103.93
736.1,0.0,103.93
736.2,13.5,103.93
736.3,13.6,103.93
736.4,13.5,103.93
736.5,13.5,103.93
736.6,14.2,103.93
736.7,13.1,103.93
736.8,13.6,103.93
736.9,12.9,103.93
737.0,13.7,103.93
737.1,0.0,103.93
737.2,13.5,103.93
737.3,13.9,103.93
737.4,14.4,103.93
737.5,14.4,103.93
737.6,14.3,103.93
737.7,14.7,103.93
737.8,0.0,103.93
737.9,0.0,103.93
738.0,0.0,103.93
738.1,14.6,103.93
738.2,14.6,103.93
738.3,0.0,103.93
738.4,0.0,103.93
738.5,0.0,103.93
738.6,0.0,103.93
738.7,0.0,103.93
738.8,14.5,103.93
738.9,14.6,103.93
739.0,14.4,103.93
739.1,0.0,103.93
739.2,13.4,103.93
739.3,13.5,103.93
739.4,13.2,103.93
739.5,13.6,103.93
739.6,12.6,103.93
739.7,26.3,103.93
739.8,12.7,103.93
739.9,13.5,103.93
740.0,26.1,103.93
740.1,12.8,103.93
740.2,13.5,103.93
740.3,13.6,103.93
740.4,0.0,103.93
740.5,13.0,103.93
740.6,0.0,103.93
740.7,13.6,103.93
740.8,13.6,103.93
740.9,13.7,103.93
741.0,13.6,103.93
741.1,25.5,103.93
741.2,14.0,103.93
741.3,25.7,103.93
741.4,13.2,103.93
741.5,13.6,103.93
741.6,13.5,103.93
741.7,13.8,103.93
741.8,0.0,103.93
741.9,0.0,103.93
742.0,13.1,103.93
742.1,13.7,103.93
742.2,0.0,103.93
742.3,0.0,103.93
742.4,13.6,103.93
742.5,0.0,103.93
742.6,13.9,103.93
742.7,14.3,103.93
742.8,27.1,103.93
742.9,13.6,103.93
743.0,13.7,103.93
743.1,13.1,103.93
743.2,12.7,103.93
743.3,13.6,103.93
743.4,13.4,103.93
743.5,13.7,103.93
743.6,13.6,103.93
743.7,13.4,103.93
743.8,0.0,103.93
743.9,26.8,103.94
744.0,0.0,103.94
744.1,0.0,103.94
744.2,14.2,103.94
744.3,0.0,103.94
744.4,0.0,103.94
744.5,14.7,103.94
744.6,0.0,103.94
744.7,0.0,103.94
744.8,0.0,103.94
744.9,0.0,103.94
745.0,0.0,103.94
745.1,14.2,103.94
745.2,14.8,103.94
745.3,0.0,103.94
745.4,0.0,103.94
745.5,12.9,103.94
745.6,13.4,103.94
745.7,13.9,103.94
745.8,13.1,103.94
745.9,12.8,103.94
746.0,13.5,103.94
746.1,13.6,103.94
746.2,13.5,103.94
746.3,12.9,103.94
746.4,0.0,103.94
746.5,12.6,103.94
746.6,11.7,103.94
746.7,13.1,103.94
746.8,13.6,103.94
746.9,13.3,103.94
747.0,12.8,103.94
747.1,12.9,103.94
747.2,24.8,103.94
747.3,13.2,103.94
747.4,12.9,103.94
747.5,13.6,103.94
747.6,13.6,103.94
747.7,14.0,103.94
747.8,12.4,103.94
747.9,13.0,103.94
748.0,14.1,103.94
748.1,13.8,103.94
748.2,0.0,103.94
748.3,14.1,103.94
748.4,13.2,103.94
748.5,13.7,103.94
748.6,14.8,103.94
748.7,13.5,103.94
748.8,13.0,103.94
748.9,26.2,103.94
749.0,13.9,103.94
749.1,13.1,103.94
749.2,13.6,103.94
749.3,14.0,103.94
749.4,25.9,103.94
749.5,13.6,103.94
749.6,13.8,103.94
749.7,12.6,103.94
749.8,13.3,103.94
749.9,13.4,103.94
750.0,13.6,103.94
750.1,13.6,103.94
750.2,25.7,103.94
750.3,13.4,103.94
750.4,25.9,103.94
750.5,14.0,103.94
750.6,24.9,103.94
750.7,13.6,103.94
750.8,0.0,103.94
750.9,14.3,103.94
751.0,14.7,103.94
751.1,14.7,103.94
751.2,0.0,103.94
751.3,0.0,103.94
751.4,0.0,103.94
751.5,14.4,103.94
751.6,14.3,103.94
751.7,14.4,103.94
751.8,14.3,103.94
751.9,14.4,103.94
752.0,14.7,103.94
752.1,0.0,103.94
752.2,0.0,103.94
752.3,0.0,103.94
752.4,13.3,103.94
752.5,0.0,103.94
752.6,13.6,103.94
752.7,12.9,103.94
752.8,13.5,103.94
752.9,12.9,103.94
753.0,13.0,103.94
753.1,13.2,103.94
753.2,13.6,103.94
753.3,12.9,103.94
753.4,13.0,103.94
753.5,12.7,103.94
753.6,13.6,103.94
753.7,13.5,103.94
753.8,13.6,103.94
753.9,13.5,103.94
754.0,12.6,103.94
754.1,0.0,103.94
754.2,13.6,103.94
754.3,13.6,103.94
754.4,0.0,103.94
754.5,13.8,103.94
754.6,12.9,103.94
754.7,13.0,103.94
754.8,13.4,103.94
754.9,13.4,103.94
755.0,25.6,103.94
755.1,13.5,103.94
755.2,0.0,103.94
755.3,13.7,103.94
755.4,13.8,103.94
755.5,13.7,103.94
755.6,13.7,103.94
755.7,13.1,103.94
755.8,13.1,103.94
755.9,25.7,103.94
756.0,13.6,103.94
756.1,25.7,103.94
756.2,13.7,103.94
756.3,13.0,103.94
756.4,25.4,103.94
756.5,25.5,103.94
756.6,13.4,103.94
756.7,25.9,103.95
756.8,24.6,103.95
756.9,13.3,103.95
757.0,12.9,103.95
757.1,0.0,103.95
757.2,0.0,103.95
757.3,24.9,103.95
757.4,13.8,103.95
757.5,26.6,103.95
757.6,13.5,103.95
757.7,13.9,103.95
757.8,13.5,103.95
757.9,13.7,103.95
758.0,25.6,103.95
758.1,25.2,103.95
758.2,13.3,103.95
758.3,13.4,103.95
758.4,12.9,103.95
758.5,0.0,103.95
758.6,13.4,103.95
758.7,25.5,103.95
758.8,14.7,103.95
758.9,13.3,103.95
759.0,12.4,103.95
759.1,0.0,103.95
759.2,13.7,103.95
759.3,13.4,103.95
759.4,13.7,103.95
759.5,13.9,103.95
759.6,13.8,103.95
759.7,25.8,103.95
759.8,13.4,103.95
759.9,13.4,103.95
760.0,13.6,103.95
760.1,13.7,103.95
760.2,13.7,103.95
760.3,13.7,103.95
760.4,13.5,103.95
760.5,12.7,103.95
760.6,0.0,103.95
760.7,0.0,103.95
760.8,12.8,103.95
760.9,0.0,103.95
761.0,0.0,103.95
761.1,13.7,103.95
761.2,13.6,103.95
761.3,13.7,103.95
761.4,13.6,103.95
761.5,13.0,103.95
761.6,0.0,103.95
761.7,13.4,103.95
761.8,14.3,103.95
761.9,12.9,103.95
762.0,14.2,103.95
762.1,14.2,103.95
762.2,13.3,103.95
762.3,13.8,103.95
762.4,12.8,103.95
762.5,0.0,103.95
762.6,13.5,103.95
762.7,25.1,103.95
762.8,13.6,103.95
762.9,12.8,103.95
763.0,25.6,103.95
763.1,13.5,103.95
763.2,0.0,103.95
763.3,14.4,103.95
763.4,25.5,103.95
763.5,13.6,103.95
763.6,14.3,103.95
763.7,13.6,103.95
763.8,13.4,103.95
763.9,12.9,103.95
764.0,12.7,103.95
764.1,13.9,103.95
764.2,13.7,103.95
764.3,13.7,103.95
764.4,0.0,103.95
764.5,12.9,103.95
764.6,13.0,103.95
764.7,13.3,103.95
764.8,12.7,103.95
764.9,13.1,103.95
765.0,13.4,103.95
765.1,12.6,103.95
765.2,13.6,103.95
765.3,13.6,103.95
765.4,25.6,103.95
765.5,13.2,103.95
765.6,13.0,103.95
765.7,13.7,103.95
765.8,0.0,103.95
765.9,13.7,103.95
766.0,13.0,103.95
766.1,0.0,103.95
766.2,13.9,103.95
766.3,14.5,103.95
766.4,14.3,103.95
766.5,14.0,103.95
766.6,13.9,103.95
766.7,13.4,103.95
766.8,13.6,103.95
766.9,13.9,103.95
767.0,13.6,103.95
767.1,12.9,103.95
767.2,13.5,103.95
767.3,13.2,103.95
767.4,14.2,103.95
767.5,38.5,103.95
767.6,13.6,103.95
767.7,0.0,103.95
767.8,13.1,103.95
767.9,26.4,103.95
768.0,13.7,103.95
768.1,13.4,103.95
768.2,0.0,103.95
768.3,0.0,103.95
768.4,12.9,103.95
768.5,0.0,103.95
768.6,13.5,103.95
768.7,14.1,103.95
768.8,14.0,103.95
768.9,12.9,103.95
769.0,13.4,103.95
769.1,13.4,103.95
769.2,0.0,103.95
769.3,13.0,103.95
769.4,13.4,103.95
769.5,25.8,103.96
769.6,12.8,103.96
769.7,12.8,103.96
769.8,13.1,103.96
769.9,25.9,103.96
770.0,13.5,103.96
770.1,25.7,103.96
770.2,13.6,103.96
770.3,0.0,103.96
770.4,13.7,103.96
770.5,25.4,103.96
770.6,0.0,103.96
770.7,13.0,103.96
770.8,13.5,103.96
770.9,13.9,103.96
771.0,13.4,103.96
771.1,13.6,103.96
771.2,13.7,103.96
771.3,0.0,103.96
771.4,13.3,103.96
771.5,13.6,103.96
771.6,13.0,103.96
771.7,13.7,103.96
771.8,13.7,103.96
771.9,13.4,103.96
772.0,0.0,103.96
772.1,13.6,103.96
772.2,13.7,103.96
772.3,13.7,103.96
772.4,13.9,103.96
772.5,13.6,103.96
772.6,13.8,103.96
772.7,13.3,103.96
772.8,13.0,103.96
772.9,13.7,103.96
773.0,0.0,103.96
773.1,0.0,103.96
773.2,0.0,103.96
773.3,14.4,103.96
773.4,14.8,103.96
773.5,0.0,103.96
773.6,0.0,103.96
773.7,0.0,103.96
773.8,14.9,103.96
773.9,14.3,103.96
774.0,0.0,103.96
774.1,12.8,103.96
774.2,13.3,103.96
774.3,13.3,103.96
774.4,13.3,103.96
774.5,14.6,103.96
774.6,13.4,103.96
774.7,0.0,103.96
774.8,13.1,103.96
774.9,13.7,103.96
775.0,13.1,103.96
775.1,13.7,103.96
775.2,13.3,103.96
775.3,13.8,103.96
775.4,25.8,103.96
775.5,13.7,103.96
775.6,13.4,103.96
775.7,13.5,103.96
775.8,13.5,103.96
775.9,13.5,103.96
776.0,13.2,103.96
776.1,13.4,103.96
776.2,38.4,103.96
776.3,13.5,103.96
776.4,13.7,103.96
776.5,13.6,103.96
776.6,14.2,103.96
776.7,13.0,103.96
776.8,13.7,103.96
776.9,13.2,103.96
777.0,0.0,103.96
777.1,0.0,103.96
777.2,0.0,103.96
777.3,0.0,103.96
777.4,12.5,103.96
777.5,13.3,103.96
777.6,13.0,103.96
777.7,13.5,103.96
777.8,13.6,103.96
777.9,0.0,103.96
778.0,13.5,103.96
778.1,13.7,103.96
778.2,13.9,103.96
778.3,13.5,103.96
778.4,13.5,103.96
778.5,13.2,103.96
778.6,13.5,103.96
778.7,13.2,103.96
778.8,0.0,103.96
778.9,0.0,103.96
779.0,13.4,103.96
779.1,25.9,103.96
779.2,12.8,103.96
779.3,12.8,103.96
779.4,0.0,103.96
779.5,0.0,103.96
779.6,0.0,103.96
779.7,0.0,103.96
779.8,13.5,103.96
779.9,13.3,103.96
780.0,13.0,103.96
780.1,13.7,103.96
780.2,13.1,103.96
780.3,13.6,103.96
780.4,13.4,103.96
780.5,12.8,103.96
780.6,13.2,103.96
780.7,13.5,103.96
780.8,12.9,103.96
780.9,26.5,103.96
781.0,13.5,103.96
781.1,26.2,103.96
781.2,13.4,103.96
781.3,13.0,103.96
781.4,14.0,103.96
781.5,26.0,103.96
781.6,13.7,103.96
781.7,13.8,103.96
781.8,0.0,103.96
781.9,13.7,103.96
782.0,13.6,103.96
782.1,13.1,103.96
782.2,14.0,103.96
782.3,13.6,103.96
782.4,13.6,103.96
782.5,13.7,103.96
782.6,25.9,103.96
782.7,13.7,103.96
782.8,25.2,103.96
782.9,13.8,103.96
783.0,13.6,103.96
783.1,13.6,103.96
783.2,25.5,103.96
783.3,12.9,103.96
783.4,13.1,103.96
783.5,26.4,103.96
783.6,13.4,103.96
783.7,26.2,103.96
783.8,12.6,103.96
783.9,13.9,103.96
784.0,13.7,103.96
784.1,13.7,103.96
784.2,13.5,103.96
784.3,25.8,103.96
784.4,13.4,103.96
784.5,13.5,103.96
784.6,0.0,103.96
784.7,25.4,103.96
784.8,25.7,103.96
784.9,0.0,103.96
785.0,12.9,103.96
785.1,13.3,103.96
785.2,13.2,103.96
785.3,13.7,103.96
785.4,12.9,103.96
785.5,13.2,103.96
785.6,13.5,103.96
785.7,13.6,103.96
785.8,12.9,103.96
785.9,13.5,103.96
786.0,13.7,103.96
786.1,13.6,103.96
786.2,13.5,103.96
786.3,13.8,103.96
786.4,0.0,103.96
786.5,0.0,103.96
786.6,13.2,103.96
786.7,25.2,103.96
786.8,13.5,103.96
786.9,13.8,103.96
787.0,13.6,103.96
787.1,25.5,103.96
787.2,25.5,103.96
787.3,10.8,103.96
787.4,12.0,103.96
787.5,13.2,103.96
787.6,13.6,103.96
787.7,13.5,103.96
787.8,12.9,103.96
787.9,13.5,103.96
788.0,12.8,103.96
788.1,12.8,103.96
788.2,13.6,103.96
788.3,13.6,103.96
788.4,26.2,103.96
788.5,13.8,103.96
788.6,13.6,103.96
788.7,13.7,103.97
788.8,13.7,103.97
788.9,13.3,103.97
789.0,0.0,103.97
789.1,0.0,103.97
789.2,13.1,103.97
789.3,14.4,103.97
789.4,14.2,103.97
789.5,13.6,103.97
789.6,13.8,103.97
789.7,13.6,103.97
789.8,26.6,103.97
789.9,13.7,103.97
790.0,13.3,103.97
790.1,13.7,103.97
790.2,13.6,103.97
790.3,25.7,103.97
790.4,13.7,103.97
790.5,25.5,103.97
790.6,13.6,103.97
790.7,13.5,103.97
790.8,12.9,103.97
790.9,13.6,103.97
791.0,13.0,103.97
791.1,13.6,103.97
791.2,13.6,103.97
791.3,25.9,103.97
791.4,13.9,103.97
791.5,13.3,103.97
791.6,13.7,103.97
791.7,13.6,103.97
791.8,12.8,103.97
791.9,26.4,103.97
792.0,13.4,103.97
792.1,27.3,103.97
792.2,13.6,103.97
792.3,14.0,103.97
792.4,13.1,103.97
792.5,12.9,103.97
792.6,13.5,103.97
792.7,13.4,103.97
792.8,0.0,103.97
792.9,13.0,103.97
793.0,13.6,103.97
793.1,12.9,103.97
793.2,13.1,103.97
793.3,25.3,103.97
793.4,13.8,103.97
793.5,13.7,103.97
793.6,13.0,103.97
793.7,13.4,103.97
793.8,13.2,103.97
793.9,13.7,103.97
794.0,13.4,103.97
794.1,13.3,103.97
794.2,13.6,103.97
794.3,25.3,103.97
794.4,13.4,103.97
794.5,13.7,103.97
794.6,12.9,103.97
794.7,13.7,103.97
794.8,14.0,103.97
794.9,14.0,103.97
795.0,13.5,103.97
795.1,14.0,103.97
795.2,13.7,103.97
795.3,13.6,103.97
795.4,13.6,103.97
795.5,13.7,103.97
795.6,13.6,103.97
795.7,25.8,103.97
795.8,12.8,103.97
795.9,13.6,103.97
796.0,13.0,103.97
796.1,13.6,103.97
796.2,14.0,103.97
796.3,13.6,103.97
796.4,13.7,103.97
796.5,13.1,103.97
796.6,13.7,103.97
796.7,13.6,103.97
796.8,25.7,103.97
796.9,14.1,103.97
797.0,13.6,103.97
797.1,13.7,103.97
797.2,13.2,103.97
797.3,13.6,103.97
797.4,12.9,103.97
797.5,13.6,103.97
797.6,13.6,103.97
797.7,13.2,103.97
797.8,13.4,103.97
797.9,25.9,103.97
798.0,13.5,103.97
798.1,13.5,103.97
798.2,12.7,103.97
798.3,13.7,103.97
798.4,13.6,103.97
798.5,25.7,103.97
798.6,13.4,103.97
798.7,12.7,103.97
798.8,13.8,103.97
798.9,13.4,103.97
799.0,14.4,103.97
799.1,13.5,103.97
799.2,13.7,103.97
799.3,13.6,103.98
799.4,14.2,103.98
799.5,13.8,103.98
799.6,25.6,103.98
799.7,13.7,103.98
799.8,25.7,103.98
799.9,0.0,103.98
800.0,12.8,103.98
800.1,0.0,103.98
800.2,13.5,103.98
800.3,13.6,103.98
800.4,0.0,103.98
800.5,0.0,103.98
800.6,13.7,103.98
800.7,25.4,103.98
800.8,13.5,103.98
800.9,13.6,103.98
801.0,13.4,103.98
801.1,25.8,103.98
801.2,13.6,103.98
801.3,25.7,103.98
801.4,13.6,103.98
801.5,12.6,103.98
801.6,13.6,103.98
801.7,0.0,103.98
801.8,13.9,103.98
801.9,13.0,103.98
802.0,13.6,103.98
802.1,13.7,103.98
802.2,12.7,103.98
802.3,13.7,103.98
802.4,12.9,103.98
802.5,13.1,103.98
802.6,0.0,103.98
802.7,13.7,103.98
802.8,14.2,103.98
802.9,0.0,103.98
803.0,0.0,103.98
803.1,0.0,103.98
803.2,0.0,103.98
803.3,12.9,103.98
803.4,0.0,103.98
803.5,13.3,103.98
803.6,13.3,103.98
803.7,12.9,103.98
803.8,26.3,103.98
803.9,12.8,103.98
804.0,13.5,103.98
804.1,13.8,103.98
804.2,0.0,103.98
804.3,12.7,103.98
804.4,13.4,103.98
804.5,13.5,103.98
804.6,13.6,103.98
804.7,13.1,103.98
804.8,0.0,103.98
804.9,13.4,103.98
805.0,25.4,103.98
805.1,13.7,103.98
805.2,26.7,103.98
805.3,13.7,103.98
805.4,26.0,103.98
805.5,13.5,103.98
805.6,13.3,103.98
805.7,13.3,103.98
805.8,13.5,103.98
805.9,12.9,103.98
806.0,13.5,103.98
806.1,13.0,103.98
806.2,0.0,103.98
806.3,12.9,103.98
806.4,13.5,103.98
806.5,13.5,103.98
806.6,13.5,103.98
806.7,12.9,103.98
806.8,13.1,103.98
806.9,0.0,103.98
807.0,12.8,103.98
807.1,12.4,103.98
807.2,13.6,103.98
807.3,13.5,103.98
807.4,0.0,103.98
807.5,0.0,103.98
807.6,13.6,103.98
807.7,14.3,103.98
807.8,25.9,103.98
807.9,13.5,103.98
808.0,13.6,103.98
808.1,13.4,103.98
808.2,13.7,103.98
808.3,0.0,103.98
808.4,13.1,103.98
808.5,0.0,103.98
808.6,0.0,103.98
808.7,13.8,103.98
808.8,14.1,103.98
808.9,14.3,103.98
809.0,13.5,103.98
809.1,26.1,103.98
809.2,13.9,103.98
809.3,13.5,103.98
809.4,13.1,103.98
809.5,13.3,103.98
809.6,13.1,103.98
809.7,13.7,103.98
809.8,13.6,103.98
809.9,13.8,103.98
810.0,13.7,103.98
810.1,13.2,103.98
810.2,25.5,103.98
810.3,12.9,103.98
810.4,13.2,103.98
810.5,12.7,103.98
810.6,13.8,103.98
810.7,13.6,103.98
810.8,13.5,103.98
810.9,13.7,103.98
811.0,13.3,103.98
811.1,25.5,103.98
811.2,13.6,103.98
811.3,26.1,103.98
811.4,13.5,103.98
811.5,12.8,103.98
811.6,13.2,103.98
811.7,13.3,103.98
811.8,13.5,103.98
811.9,13.4,103.98
812.0,14.3,103.98
812.1,13.0,103.98
812.2,13.5,103.98
812.3,14.5,103.98
812.4,14.8,103.98
812.5,13.8,103.98
812.6,13.6,103.98
812.7,13.2,103.98
812.8,13.7,103.98
812.9,13.7,103.98
813.0,13.4,103.98
813.1,13.7,103.98
813.2,13.2,103.98
813.3,14.0,103.98
813.4,13.7,103.98
813.5,0.0,103.98
813.6,13.7,103.98
813.7,12.9,103.98
813.8,13.6,103.98
813.9,13.6,103.98
814.0,13.8,103.98
814.1,14.1,103.98
814.2,0.0,103.99
814.3,13.3,103.99
814.4,25.7,103.99
814.5,13.6,103.99
814.6,14.1,103.99
814.7,13.8,103.99
814.8,12.8,103.99
814.9,0.0,103.99
815.0,13.0,103.99
815.1,0.0,103.99
815.2,12.9,103.99
815.3,0.0,103.99
815.4,12.9,103.99
815.5,13.7,103.99
815.6,13.6,103.99
815.7,13.7,103.99
815.8,12.8,103.99
815.9,13.7,103.99
816.0,13.6,103.99
816.1,13.3,103.99
816.2,13.6,103.99
816.3,0.0,103.99
816.4,0.0,103.99
816.5,13.9,103.99
816.6,13.8,103.99
816.7,13.8,103.99
816.8,0.0,103.99
816.9,13.8,103.99
817.0,0.0,103.99
817.1,13.9,103.99
817.2,13.9,103.99
817.3,13.7,103.99
817.4,0.0,103.99
817.5,13.8,103.99
817.6,14.3,103.99
817.7,13.8,103.99
817.8,13.8,103.99
817.9,0.0,103.99
818.0,13.7,103.99
818.1,13.7,103.99
818.2,14.0,103.99
818.3,13.4,103.99
818.4,12.8,103.99
818.5,13.6,103.99
818.6,13.7,103.99
818.7,0.0,103.99
818.8,13.6,103.99
818.9,0.0,103.99
819.0,0.0,103.99
819.1,13.3,103.99
819.2,25.9,103.99
819.3,13.9,103.99
819.4,13.7,103.99
819.5,13.5,103.99
819.6,12.9,103.99
819.7,13.8,103.99
819.8,13.4,103.99
819.9,26.1,103.99
820.0,14.3,103.99
820.1,13.6,103.99
820.2,13.4,103.99
820.3,12.8,103.99
820.4,13.6,103.99
820.5,13.3,103.99
820.6,0.0,103.99
820.7,13.5,103.99
820.8,13.5,103.99
820.9,13.6,103.99
821.0,13.5,103.99
821.1,14.8,103.99
821.2,13.8,103.99
821.3,25.9,103.99
821.4,25.4,103.99
821.5,13.6,103.99
821.6,13.6,103.99
821.7,13.3,103.99
821.8,13.7,103.99
821.9,13.1,103.99
822.0,13.0,103.99
822.1,12.8,103.99
822.2,13.7,103.99
822.3,13.7,103.99
822.4,13.6,103.99
822.5,13.7,103.99
822.6,13.7,103.99
822.7,13.7,103.99
822.8,0.0,103.99
822.9,12.8,103.99
823.0,13.1,103.99
823.1,13.1,103.99
823.2,13.6,103.99
823.3,25.3,103.99
823.4,13.5,103.99
823.5,12.9,103.99
823.6,25.7,103.99
823.7,13.3,103.99
823.8,12.9,103.99
823.9,14.0,103.99
824.0,0.0,103.99
824.1,13.6,103.99
824.2,25.5,103.99
824.3,14.4,103.99
824.4,13.7,103.99
824.5,13.7,103.99
824.6,13.4,103.99
824.7,24.7,103.99
824.8,13.3,103.99
824.9,13.0,103.99
825.0,13.6,103.99
825.1,12.8,103.99
825.2,0.0,103.99
825.3,13.7,103.99
825.4,13.5,103.99
825.5,25.7,103.99
825.6,13.1,103.99
825.7,13.6,103.99
825.8,13.5,103.99
825.9,13.7,103.99
826.0,13.5,103.99
826.1,14.2,103.99
826.2,13.6,103.99
826.3,13.4,103.99
826.4,13.0,103.99
826.5,0.0,103.99
826.6,13.0,103.99
826.7,13.8,103.99
826.8,13.6,103.99
826.9,13.6,104.0
827.0,26.4,104.0
827.1,13.2,104.0
827.2,13.0,104.0
827.3,26.3,104.0
827.4,13.8,104.0
827.5,25.7,104.0
827.6,12.9,104.0
827.7,13.6,104.0
827.8,13.5,104.0
827.9,13.4,104.0
828.0,13.9,104.0
828.1,25.7,104.0
828.2,13.6,104.0
828.3,13.7,104.0
828.4,0.0,104.0
828.5,13.8,104.0
828.6,13.2,104.0
828.7,13.1,104.0
828.8,13.6,104.0
828.9,13.8,104.0
829.0,13.4,104.0
829.1,13.6,104.0
829.2,13.0,104.0
829.3,13.6,104.0
829.4,13.7,104.0
829.5,13.7,104.0
829.6,26.2,104.0
829.7,13.7,104.0
829.8,13.5,104.0
829.9,13.7,104.0
830.0,13.2,104.0
830.1,13.7,104.0
830.2,13.7,104.0
830.3,13.3,104.0
830.4,13.5,104.0
830.5,0.0,104.0
830.6,13.7,104.0
830.7,13.7,104.0
830.8,0.0,104.0
830.9,14.3,104.0
831.0,13.3,104.0
831.1,12.8,104.0
831.2,13.7,104.0
831.3,12.8,104.01
831.4,13.6,104.01
831.5,13.7,104.01
831.6,13.7,104.01
831.7,13.7,104.01
831.8,13.7,104.01
831.9,13.9,104.01
832.0,13.2,104.01
832.1,25.6,104.01
832.2,13.1,104.01
832.3,13.4,104.01
832.4,13.4,104.01
832.5,13.8,104.01
832.6,12.8,104.01
832.7,27.0,104.01
832.8,13.6,104.01
832.9,13.9,104.01
833.0,14.1,104.01
833.1,13.2,104.01
833.2,0.0,104.01
833.3,13.7,104.01
833.4,13.6,104.01
833.5,25.7,104.01
833.6,13.8,104.01
833.7,25.8,104.01
833.8,13.7,104.01
833.9,13.7,104.01
834.0,0.0,104.01
834.1,27.2,104.01
834.2,12.9,104.01
834.3,13.2,104.01
834.4,25.8,104.01
834.5,13.0,104.01
834.6,12.9,104.01
834.7,26.4,104.01
834.8,13.7,104.01
834.9,13.5,104.01
835.0,13.7,104.01
835.1,13.6,104.01
835.2,25.0,104.01
835.3,25.5,104.01
835.4,25.0,104.01
835.5,13.2,104.01
835.6,13.2,104.01
835.7,26.7,104.01
835.8,13.8,104.01
835.9,13.6,104.01
836.0,26.7,104.01
836.1,13.6,104.01
836.2,0.0,104.01
836.3,12.9,104.01
836.4,13.5,104.01
836.5,12.9,104.01
836.6,13.6,104.01
836.7,13.0,104.01
836.8,0.0,104.01
836.9,13.4,104.01
837.0,13.6,104.01
837.1,0.0,104.01
837.2,13.7,104.01
837.3,13.7,104.01
837.4,13.6,104.01
837.5,13.5,104.01
837.6,13.9,104.01
837.7,13.5,104.01
837.8,12.7,104.01
837.9,13.3,104.01
838.0,13.1,104.01
838.1,13.6,104.01
838.2,13.6,104.01
838.3,13.6,104.01
838.4,13.7,104.01
838.5,13.2,104.01
838.6,13.2,104.01
838.7,13.6,104.01
838.8,13.5,104.01
838.9,13.0,104.01
839.0,13.6,104.01
839.1,12.9,104.01
839.2,13.5,104.01
839.3,13.7,104.01
839.4,0.0,104.01
839.5,13.1,104.01
839.6,13.5,104.01
839.7,13.2,104.02
839.8,25.4,104.02
839.9,13.7,104.02
840.0,13.7,104.02
840.1,13.7,104.02
840.2,13.6,104.02
840.3,0.0,104.02
840.4,12.9,104.02
840.5,13.5,104.02
840.6,13.6,104.02
840.7,13.8,104.02
840.8,0.0,104.02
840.9,13.6,104.02
841.0,13.4,104.02
841.1,13.6,104.02
841.2,13.5,104.02
841.3,26.1,104.02
841.4,12.8,104.02
841.5,12.8,104.02
841.6,0.0,104.02
841.7,12.9,104.02
841.8,13.2,104.02
841.9,13.6,104.02
842.0,0.0,104.02
842.1,13.6,104.02
842.2,14.0,104.02
842.3,13.4,104.02
842.4,24.1,104.02
842.5,13.7,104.02
842.6,13.7,104.02
842.7,13.1,104.02
842.8,25.6,104.02
842.9,13.9,104.02
843.0,13.7,104.02
843.1,13.4,104.02
843.2,25.6,104.02
843.3,13.7,104.02
843.4,25.9,104.02
843.5,13.9,104.02
843.6,25.7,104.02
843.7,0.0,104.02
843.8,13.7,104.02
843.9,13.9,104.02
844.0,13.5,104.02
844.1,13.0,104.02
844.2,25.6,104.02
844.3,13.6,104.02
844.4,13.7,104.02
844.5,12.9,104.02
844.6,0.0,104.02
844.7,12.9,104.02
844.8,13.5,104.02
844.9,13.0,104.02
845.0,0.0,104.02
845.1,13.6,104.02
845.2,13.7,104.02
845.3,13.4,104.02
845.4,0.0,104.02
845.5,13.7,104.02
845.6,12.9,104.02
845.7,13.7,104.02
845.8,25.8,104.02
845.9,28.0,104.02
846.0,12.8,104.02
846.1,13.6,104.02
846.2,13.6,104.02
846.3,13.0,104.02
846.4,0.0,104.02
846.5,13.1,104.02
846.6,13.3,104.02
846.7,14.0,104.02
846.8,13.6,104.02
846.9,12.8,104.02
847.0,13.6,104.02
847.1,26.1,104.02
847.2,13.5,104.02
847.3,25.6,104.02
847.4,13.3,104.02
847.5,12.7,104.02
847.6,13.7,104.02
847.7,13.0,104.02
847.8,13.7,104.02
847.9,0.0,104.02
848.0,13.8,104.02
848.1,12.7,104.02
848.2,13.4,104.02
848.3,13.6,104.02
848.4,12.8,104.02
848.5,13.6,104.02
848.6,12.8,104.02
848.7,0.0,104.02
848.8,12.9,104.02
848.9,13.7,104.02
849.0,13.0,104.02
849.1,13.7,104.02
849.2,12.8,104.02
849.3,13.0,104.02
849.4,26.5,104.02
849.5,12.9,104.02
849.6,13.7,104.02
849.7,12.7,104.02
849.8,13.6,104.02
849.9,25.6,104.02
850.0,13.7,104.02
850.1,14.3,104.02
850.2,13.7,104.02
850.3,13.1,104.02
850.4,25.9,104.02
850.5,12.9,104.02
850.6,13.1,104.02
850.7,26.1,104.02
850.8,13.7,104.02
850.9,13.6,104.02
851.0,13.6,104.02
851.1,13.1,104.02
851.2,13.5,104.02
851.3,13.7,104.02
851.4,13.7,104.02
851.5,13.7,104.02
851.6,12.9,104.02
851.7,13.7,104.02
851.8,12.8,104.02
851.9,12.7,104.02
852.0,0.0,104.02
852.1,13.4,104.02
852.2,25.6,104.02
852.3,13.1,104.02
852.4,13.6,104.02
852.5,13.8,104.02
852.6,25.3,104.02
852.7,13.6,104.02
852.8,25.8,104.02
852.9,12.4,104.02
853.0,13.7,104.02
853.1,12.9,104.02
853.2,13.2,104.02
853.3,13.6,104.02
853.4,13.6,104.02
853.5,0.0,104.02
853.6,0.0,104.02
853.7,12.8,104.02
853.8,13.1,104.02
853.9,13.9,104.02
854.0,0.0,104.02
854.1,12.7,104.02
854.2,13.2,104.02
854.3,14.2,104.02
854.4,13.7,104.02
854.5,13.4,104.02
854.6,13.6,104.02
854.7,13.7,104.02
854.8,13.0,104.02
854.9,26.8,104.02
855.0,13.7,104.02
855.1,13.1,104.02
855.2,12.6,104.02
855.3,13.7,104.02
855.4,13.2,104.02
855.5,13.0,104.02
855.6,25.5,104.02
855.7,13.4,104.02
855.8,13.0,104.02
855.9,13.6,104.02
856.0,13.7,104.02
856.1,13.7,104.02
856.2,13.7,104.02
856.3,13.6,104.02
856.4,13.6,104.02
856.5,14.5,104.02
856.6,13.7,104.02
856.7,13.2,104.02
856.8,13.7,104.02
856.9,13.6,104.02
857.0,13.7,104.02
857.1,13.5,104.02
857.2,13.5,104.02
857.3,13.6,104.02
857.4,25.9,104.02
857.5,13.5,104.02
857.6,14.1,104.02
857.7,13.0,104.02
857.8,25.8,104.02
857.9,12.9,104.02
858.0,13.5,104.02
858.1,13.7,104.02
858.2,26.9,104.02
858.3,13.1,104.02
858.4,0.0,104.02
858.5,13.7,104.02
858.6,13.6,104.02
858.7,13.0,104.02
858.8,13.7,104.03
858.9,0.0,104.03
859.0,13.5,104.03
859.1,25.6,104.03
859.2,13.7,104.03
859.3,25.9,104.03
859.4,13.7,104.03
859.5,13.8,104.03
859.6,13.6,104.03
859.7,13.6,104.03
859.8,26.0,104.03
859.9,13.6,104.03
860.0,13.5,104.03
860.1,13.5,104.03
860.2,25.7,104.03
860.3,13.7,104.03
860.4,26.1,104.03
860.5,13.5,104.03
860.6,13.5,104.03
860.7,12.4,104.03
860.8,12.8,104.03
860.9,0.0,104.03
861.0,13.7,104.03
861.1,13.5,104.03
861.2,0.0,104.03
861.3,12.9,104.03
861.4,13.0,104.03
861.5,26.0,104.03
861.6,13.7,104.03
861.7,13.7,104.03
861.8,13.0,104.03
861.9,13.9,104.03
862.0,13.7,104.03
862.1,12.9,104.03
862.2,0.0,104.03
862.3,13.0,104.03
862.4,14.0,104.03
862.5,0.0,104.03
862.6,0.0,104.03
862.7,0.0,104.03
862.8,13.7,104.03
862.9,13.7,104.03
863.0,25.8,104.03
863.1,13.7,104.03
863.2,13.6,104.03
863.3,13.7,104.03
863.4,12.9,104.03
863.5,13.2,104.03
863.6,14.0,104.03
863.7,0.0,104.03
863.8,13.0,104.03
863.9,0.0,104.03
864.0,13.9,104.03
864.1,13.5,104.03
864.2,13.8,104.03
864.3,13.7,104.03
864.4,13.7,104.03
864.5,13.4,104.03
864.6,0.0,104.03
864.7,13.2,104.03
864.8,13.9,104.03
864.9,25.5,104.03
865.0,0.0,104.03
865.1,13.2,104.03
865.2,14.0,104.03
865.3,0.0,104.03
865.4,11.9,104.03
865.5,0.0,104.03
865.6,0.0,104.03
865.7,0.0,104.03
865.8,0.0,104.03
865.9,14.0,104.03
866.0,25.0,104.03
866.1,13.8,104.03
866.2,26.2,104.03
866.3,12.8,104.03
866.4,13.5,104.03
866.5,25.9,104.03
866.6,13.4,104.03
866.7,13.7,104.03
866.8,13.6,104.03
866.9,12.8,104.03
867.0,13.7,104.03
867.1,12.9,104.03
867.2,13.5,104.03
867.3,14.0,104.03
867.4,0.0,104.03
867.5,13.7,104.03
867.6,12.9,104.03
867.7,13.7,104.03
867.8,14.3,104.03
867.9,13.7,104.03
868.0,25.9,104.03
868.1,13.0,104.03
868.2,13.6,104.03
868.3,13.4,104.03
868.4,13.3,104.03
868.5,14.2,104.03
868.6,13.2,104.03
868.7,13.6,104.03
868.8,14.0,104.03
868.9,13.7,104.03
869.0,13.2,104.03
869.1,14.1,104.03
869.2,13.7,104.03
869.3,25.9,104.03
869.4,14.2,104.03
869.5,25.5,104.03
869.6,13.6,104.03
869.7,26.7,104.03
869.8,13.5,104.03
869.9,13.6,104.03
870.0,13.4,104.03
870.1,13.8,104.03
870.2,13.5,104.03
870.3,13.7,104.03
870.4,25.8,104.03
870.5,13.6,104.03
870.6,25.8,104.03
870.7,13.8,104.03
870.8,13.8,104.03
870.9,0.0,104.03
871.0,13.5,104.03
871.1,13.5,104.03
871.2,13.2,104.03
871.3,13.2,104.03
871.4,13.5,104.03
871.5,13.6,104.04
871.6,14.1,104.04
871.7,13.0,104.04
871.8,13.4,104.04
871.9,12.8,104.04
872.0,13.7,104.04
872.1,13.7,104.04
872.2,13.7,104.04
872.3,25.8,104.04
872.4,12.9,104.04
872.5,12.7,104.04
872.6,0.0,104.04
872.7,13.3,104.04
872.8,25.7,104.04
872.9,13.6,104.04
873.0,26.1,104.04
873.1,13.8,104.04
873.2,13.7,104.04
873.3,0.0,104.04
873.4,12.9,104.04
873.5,13.7,104.04
873.6,13.7,104.04
873.7,13.9,104.04
873.8,25.0,104.04
873.9,13.8,104.04
874.0,0.0,104.04
874.1,13.5,104.04
874.2,12.6,104.04
874.3,13.1,104.04
874.4,13.7,104.04
874.5,25.9,104.04
874.6,13.7,104.04
874.7,14.3,104.04
874.8,13.6,104.04
874.9,12.8,104.04
875.0,13.7,104.04
875.1,13.0,104.04
875.2,13.8,104.04
875.3,12.8,104.04
875.4,13.8,104.04
875.5,13.6,104.04
875.6,14.0,104.04
875.7,13.9,104.04
875.8,13.7,104.04
875.9,0.0,104.04
876.0,12.6,104.04
876.1,12.8,104.04
876.2,12.9,104.04
876.3,13.6,104.04
876.4,13.5,104.04
876.5,13.9,104.04
876.6,25.1,104.04
876.7,13.7,104.04
876.8,0.0,104.04
876.9,13.9,104.04
877.0,26.0,104.04
877.1,13.6,104.04
877.2,13.7,104.04
877.3,12.9,104.04
877.4,26.6,104.04
877.5,12.9,104.04
877.6,13.2,104.04
877.7,25.7,104.04
877.8,13.3,104.04
877.9,0.0,104.04
878.0,0.0,104.04
878.1,13.1,104.04
878.2,13.1,104.04
878.3,25.9,104.04
878.4,12.8,104.04
878.5,13.7,104.04
878.6,13.4,104.04
878.7,13.7,104.04
878.8,12.9,104.04
878.9,26.7,104.04
879.0,13.7,104.04
879.1,13.7,104.04
879.2,0.0,104.04
879.3,13.3,104.04
879.4,25.8,104.04
879.5,12.9,104.04
879.6,13.7,104.04
879.7,13.6,104.04
879.8,13.3,104.04
879.9,13.5,104.04
880.0,26.6,104.04
880.1,13.6,104.04
880.2,14.1,104.04
880.3,13.7,104.04
880.4,13.7,104.04
880.5,13.0,104.04
880.6,13.7,104.04
880.7,13.6,104.04
880.8,13.5,104.04
880.9,13.6,104.04
881.0,13.9,104.04
881.1,13.9,104.04
881.2,13.6,104.04
881.3,13.5,104.04
881.4,13.9,104.04
881.5,13.8,104.04
881.6,25.8,104.04
881.7,13.9,104.04
881.8,13.3,104.04
881.9,25.4,104.04
882.0,13.8,104.04
882.1,13.1,104.04
882.2,12.8,104.04
882.3,13.0,104.04
882.4,13.5,104.04
882.5,13.7,104.04
882.6,13.7,104.04
882.7,25.6,104.04
882.8,13.6,104.04
882.9,0.0,104.04
883.0,13.7,104.04
883.1,13.0,104.04
883.2,13.8,104.04
883.3,13.5,104.04
883.4,0.0,104.04
883.5,13.1,104.04
883.6,13.6,104.04
883.7,0.0,104.04
883.8,13.6,104.04
883.9,13.9,104.04
884.0,25.8,104.04
884.1,13.9,104.04
884.2,13.7,104.04
884.3,12.6,104.04
884.4,26.1,104.04
884.5,14.0,104.04
884.6,13.9,104.04
884.7,13.9,104.04
884.8,13.6,104.04
884.9,13.3,104.04
885.0,13.5,104.04
885.1,13.7,104.04
885.2,13.7,104.04
885.3,12.9,104.04
885.4,12.9,104.04
885.5,12.6,104.04
885.6,14.0,104.04
885.7,12.9,104.04
885.8,13.4,104.04
885.9,14.0,104.04
886.0,0.0,104.04
886.1,13.4,104.04
886.2,13.0,104.04
886.3,13.7,104.04
886.4,25.3,104.04
886.5,13.7,104.04
886.6,0.0,104.04
886.7,13.7,104.04
886.8,12.9,104.04
886.9,14.0,104.04
887.0,14.3,104.04
887.1,13.7,104.04
887.2,25.6,104.04
887.3,13.5,104.04
887.4,26.6,104.04
887.5,13.1,104.04
887.6,0.0,104.04
887.7,12.9,104.04
887.8,13.6,104.04
887.9,13.7,104.04
888.0,13.3,104.04
888.1,12.8,104.04
888.2,0.0,104.04
888.3,13.7,104.04
888.4,13.5,104.04
888.5,12.8,104.04
888.6,13.7,104.04
888.7,13.4,104.04
888.8,13.7,104.04
888.9,13.7,104.04
889.0,12.9,104.04
889.1,26.6,104.04
889.2,12.9,104.04
889.3,13.8,104.04
889.4,13.7,104.04
889.5,13.5,104.04
889.6,0.0,104.04
889.7,26.1,104.04
889.8,12.7,104.04
889.9,13.3,104.04
890.0,13.6,104.04
890.1,13.7,104.04
890.2,13.8,104.04
890.3,26.0,104.04
890.4,14.1,104.04
890.5,13.6,104.04
890.6,13.5,104.04
890.7,13.6,104.04
890.8,25.9,104.05
890.9,12.9,104.05
891.0,13.5,104.05
891.1,13.7,104.05
891.2,13.7,104.05
891.3,13.7,104.05
891.4,12.9,104.05
891.5,13.1,104.05
891.6,0.0,104.05
891.7,13.6,104.05
891.8,13.7,104.05
891.9,13.7,104.05
892.0,12.9,104.05
892.1,25.0,104.05
892.2,13.6,104.05
892.3,13.5,104.05
892.4,13.4,104.05
892.5,0.0,104.05
892.6,25.5,104.05
892.7,25.9,104.05
892.8,13.5,104.05
892.9,13.5,104.05
893.0,13.3,104.05
893.1,13.5,104.05
893.2,0.0,104.05
893.3,13.6,104.05
893.4,13.3,104.05
893.5,12.9,104.05
893.6,26.2,104.05
893.7,12.9,104.05
893.8,13.8,104.05
893.9,13.6,104.05
894.0,13.7,104.05
894.1,12.6,104.05
894.2,13.4,104.05
894.3,13.0,104.05
894.4,13.7,104.05
894.5,14.1,104.05
894.6,25.7,104.05
894.7,13.7,104.05
894.8,26.1,104.05
894.9,13.7,104.05
895.0,13.7,104.05
895.1,0.0,104.05
895.2,12.8,104.05
895.3,13.7,104.05
895.4,12.8,104.05
895.5,13.9,104.05
895.6,0.0,104.05
895.7,13.7,104.05
895.8,13.3,104.05
895.9,13.0,104.05
896.0,13.5,104.05
896.1,13.7,104.05
896.2,13.7,104.05
896.3,26.2,104.05
896.4,13.6,104.05
896.5,14.2,104.05
896.6,13.8,104.05
896.7,13.6,104.05
896.8,13.4,104.05
896.9,13.9,104.05
897.0,0.0,104.05
897.1,13.0,104.05
897.2,0.0,104.05
897.3,13.7,104.05
897.4,12.9,104.05
897.5,13.8,104.05
897.6,12.9,104.05
897.7,13.6,104.05
897.8,13.6,104.05
897.9,0.0,104.05
898.0,13.1,104.05
898.1,13.4,104.05
898.2,13.7,104.05
898.3,13.7,104.05
898.4,0.0,104.05
898.5,13.1,104.05
898.6,13.7,104.05
898.7,12.8,104.05
898.8,0.0,104.05
898.9,13.8,104.05
899.0,13.2,104.05
899.1,12.8,104.05
899.2,13.7,104.05
899.3,13.9,104.05
899.4,13.5,104.05
899.5,13.7,104.05
899.6,13.0,104.05
899.7,13.7,104.05
899.8,13.6,104.05
899.9,13.7,104.05
900.0,13.7,104.05
900.1,0.0,104.05
900.2,12.8,104.05
900.3,0.0,104.05
900.4,13.3,104.05
900.5,13.7,104.05
900.6,0.0,104.05
900.7,12.9,104.05
900.8,13.9,104.05
900.9,13.6,104.05
901.0,13.5,104.05
901.1,13.7,104.05
901.2,13.0,104.05
901.3,12.9,104.05
901.4,12.8,104.05
901.5,12.8,104.05
901.6,13.7,104.05
901.7,13.7,104.05
901.8,13.1,104.05
901.9,13.6,104.05
902.0,13.6,104.05
902.1,14.0,104.05
902.2,0.0,104.05
902.3,0.0,104.05
902.4,0.0,104.05
902.5,12.8,104.05
902.6,13.4,104.05
902.7,13.0,104.05
902.8,0.0,104.05
902.9,12.9,104.05
903.0,0.0,104.05
903.1,13.5,104.05
903.2,13.7,104.05
903.3,12.1,104.05
903.4,13.4,104.05
903.5,25.8,104.05
903.6,13.3,104.05
903.7,0.0,104.05
903.8,0.0,104.05
903.9,13.5,104.05
904.0,13.5,104.05
904.1,13.5,104.05
904.2,13.6,104.05
904.3,13.7,104.05
904.4,13.7,104.05
904.5,13.7,104.05
904.6,12.9,104.05
904.7,26.0,104.05
904.8,13.6,104.05
904.9,13.6,104.05
905.0,12.9,104.05
905.1,14.2,104.05
905.2,13.2,104.05
905.3,13.7,104.05
905.4,13.6,104.05
905.5,0.0,104.05
905.6,13.7,104.05
905.7,13.2,104.05
905.8,13.5,104.05
905.9,13.7,104.05
906.0,26.8,104.05
906.1,13.0,104.05
906.2,13.7,104.05
906.3,0.0,104.05
906.4,13.4,104.05
906.5,13.4,104.05
906.6,13.5,104.05
906.7,13.7,104.05
906.8,13.5,104.05
906.9,13.7,104.05
907.0,13.8,104.05
907.1,13.8,104.05
907.2,12.9,104.05
907.3,26.5,104.05
907.4,12.8,104.05
907.5,13.6,104.05
907.6,25.5,104.05
907.7,13.3,104.05
907.8,0.0,104.05
907.9,13.2,104.05
908.0,14.0,104.05
908.1,13.8,104.05
908.2,13.8,104.05
908.3,13.7,104.05
908.4,13.4,104.05
908.5,13.0,104.05
908.6,13.7,104.05
908.7,13.8,104.05
908.8,13.7,104.05
908.9,13.7,104.05
909.0,13.2,104.05
909.1,13.1,104.05
909.2,13.3,104.05
909.3,25.8,104.05
909.4,12.9,104.05
909.5,25.9,104.05
909.6,12.7,104.05
909.7,13.6,104.05
909.8,12.8,104.05
909.9,13.2,104.06
910.0,14.3,104.06
910.1,13.6,104.06
910.2,25.9,104.06
910.3,14.0,104.06
910.4,26.2,104.06
910.5,13.8,104.06
910.6,13.5,104.06
910.7,0.0,104.06
910.8,13.5,104.06
910.9,13.6,104.06
911.0,0.0,104.06
911.1,12.9,104.06
911.2,26.4,104.06
911.3,12.8,104.06
911.4,0.0,104.06
911.5,13.7,104.06
911.6,13.4,104.06
911.7,13.6,104.06
911.8,13.0,104.06
911.9,0.0,104.06
912.0,13.4,104.06
912.1,25.8,104.06
912.2,14.4,104.06
912.3,13.7,104.06
912.4,13.6,104.06
912.5,0.0,104.06
912.6,13.4,104.06
912.7,12.8,104.06
912.8,0.0,104.06
912.9,13.4,104.06
913.0,13.3,104.06
913.1,13.7,104.06
913.2,26.9,104.06
913.3,13.6,104.06
913.4,13.8,104.06
913.5,0.0,104.06
913.6,12.8,104.06
913.7,13.5,104.06
913.8,13.9,104.06
913.9,12.8,104.06
914.0,13.0,104.06
914.1,13.4,104.06
914.2,13.3,104.06
914.3,0.0,104.06
914.4,0.0,104.06
914.5,13.5,104.06
914.6,13.9,104.06
914.7,13.5,104.06
914.8,13.2,104.06
914.9,14.0,104.06
915.0,12.9,104.06
915.1,11.8,104.06
915.2,0.0,104.06
915.3,13.7,104.06
915.4,14.0,104.06
915.5,14.3,104.06
915.6,14.2,104.06
915.7,14.3,104.06
915.8,13.5,104.06
915.9,0.0,104.06
916.0,0.0,104.06
916.1,13.4,104.06
916.2,13.6,104.06
916.3,13.7,104.12
916.4,13.7,104.12
916.5,13.8,104.12
916.6,13.4,104.12
916.7,13.2,104.12
916.8,13.7,104.12
916.9,13.5,104.12
917.0,13.2,104.12
917.1,0.0,104.12
917.2,13.4,104.12
917.3,14.4,104.12
917.4,0.0,104.12
917.5,13.7,104.12
917.6,25.7,104.12
917.7,0.0,104.12
917.8,13.6,104.12
917.9,12.8,104.12
918.0,0.0,104.12
918.1,12.7,104.12
918.2,13.2,104.12
918.3,25.7,104.12
918.4,13.0,104.12
918.5,12.9,104.12
918.6,13.6,104.12
918.7,0.0,104.12
918.8,0.0,104.12
918.9,13.9,104.12
919.0,13.5,104.12
919.1,0.0,104.12
919.2,12.7,104.12
919.3,13.9,104.12
919.4,12.9,104.12
919.5,13.8,104.12
919.6,13.1,104.12
919.7,13.7,104.12
919.8,13.8,104.12
919.9,13.3,104.12
920.0,38.9,104.12
920.1,13.7,104.12
920.2,14.2,104.12
920.3,0.0,104.12
920.4,13.6,104.12
920.5,13.7,104.12
920.6,13.7,104.12
920.7,13.7,104.12
920.8,12.7,104.12
920.9,14.1,104.12
921.0,13.2,104.12
921.1,12.9,104.12
921.2,13.3,104.12
921.3,13.5,104.12
921.4,14.2,104.12
921.5,13.2,104.12
921.6,13.5,104.12
921.7,13.4,104.12
921.8,0.0,104.12
921.9,13.3,104.12
922.0,14.3,104.12
922.1,14.0,104.13
922.2,14.5,104.13
922.3,13.4,104.13
922.4,0.0,104.13
922.5,13.7,104.13
922.6,25.9,104.13
922.7,13.4,104.13
922.8,13.7,104.13
922.9,13.1,104.13
923.0,25.4,104.13
923.1,13.1,104.13
923.2,13.4,104.13
923.3,25.7,104.13
923.4,13.6,104.13
923.5,13.7,104.13
923.6,13.0,104.13
923.7,13.7,104.13
923.8,13.8,104.13
923.9,14.0,104.13
924.0,13.3,104.13
924.1,13.1,104.13
924.2,13.8,104.13
924.3,13.4,104.13
924.4,12.9,104.13
924.5,0.0,104.13
924.6,0.0,104.13
924.7,12.9,104.13
924.8,13.0,104.13
924.9,14.0,104.13
925.0,13.8,104.13
925.1,13.2,104.13
925.2,25.7,104.13
925.3,13.7,104.13
925.4,25.5,104.13
925.5,13.0,104.13
925.6,0.0,104.13
925.7,26.6,104.13
925.8,13.7,104.13
925.9,26.4,104.13
926.0,13.8,104.13
926.1,13.7,104.13
926.2,13.0,104.13
926.3,25.7,104.13
926.4,13.6,104.13
926.5,13.0,104.13
926.6,13.6,104.13
926.7,25.9,104.13
926.8,13.6,104.13
926.9,12.6,104.13
927.0,13.9,104.13
927.1,0.0,104.13
927.2,12.8,104.13
927.3,13.6,104.13
927.4,13.7,104.13
927.5,26.1,104.13
927.6,13.0,104.13
927.7,13.2,104.13
927.8,25.7,104.13
927.9,13.8,104.13
928.0,25.8,104.13
928.1,12.8,104.13
928.2,12.4,104.13
928.3,0.0,104.13
928.4,13.7,104.13
928.5,13.7,104.13
928.6,13.2,104.13
928.7,13.5,104.13
928.8,0.0,104.13
928.9,13.0,104.13
929.0,13.6,104.13
929.1,14.0,104.13
929.2,13.6,104.13
929.3,26.0,104.13
929.4,13.7,104.13
929.5,13.6,104.13
929.6,0.0,104.13
929.7,13.4,104.13
929.8,13.6,104.13
929.9,13.3,104.13
930.0,14.1,104.13
930.1,0.0,104.13
930.2,12.7,104.13
930.3,0.0,104.13
930.4,12.9,104.13
930.5,0.0,104.13
930.6,13.3,104.13
930.7,14.7,104.13
930.8,13.6,104.13
930.9,25.2,104.13
931.0,26.4,104.13
931.1,13.8,104.13
931.2,13.3,104.13
931.3,13.6,104.13
931.4,13.1,104.13
931.5,12.9,104.13
931.6,14.3,104.13
931.7,25.7,104.13
931.8,13.5,104.13
931.9,13.5,104.13
932.0,13.5,104.13
932.1,12.8,104.13
932.2,13.6,104.13
932.3,13.0,104.13
932.4,14.0,104.13
932.5,14.3,104.13
932.6,12.7,104.13
932.7,13.5,104.13
932.8,13.7,104.13
932.9,13.9,104.13
933.0,13.7,104.13
933.1,0.0,104.13
933.2,12.8,104.13
933.3,13.6,104.13
933.4,13.7,104.13
933.5,13.7,104.13
933.6,13.7,104.13
933.7,13.8,104.13
933.8,25.8,104.13
933.9,13.4,104.13
934.0,13.3,104.13
934.1,13.3,104.13
934.2,14.1,104.13
934.3,13.3,104.13
934.4,12.8,104.13
934.5,0.0,104.13
934.6,13.3,104.13
934.7,13.6,104.13
934.8,13.6,104.13
934.9,0.0,104.13
935.0,13.2,104.13
935.1,26.9,104.13
935.2,13.0,104.13
935.3,13.3,104.13
935.4,13.9,104.13
935.5,26.7,104.13
935.6,0.0,104.13
935.7,0.0,104.13
935.8,13.2,104.13
935.9,14.3,104.13
936.0,14.4,104.13
936.1,13.7,104.13
936.2,12.9,104.13
936.3,25.4,104.13
936.4,26.2,104.13
936.5,13.3,104.13
936.6,0.0,104.13
936.7,26.1,104.13
936.8,13.1,104.13
936.9,13.9,104.13
937.0,12.7,104.13
937.1,13.7,104.13
937.2,13.7,104.13
937.3,13.6,104.13
937.4,13.4,104.13
937.5,13.6,104.13
937.6,0.0,104.13
937.7,25.3,104.13
937.8,13.1,104.13
937.9,12.9,104.13
938.0,0.0,104.13
938.1,13.3,104.13
938.2,13.2,104.13
938.3,13.3,104.13
938.4,13.4,104.13
938.5,13.5,104.13
938.6,13.7,104.13
938.7,0.0,104.13
938.8,13.1,104.13
938.9,13.5,104.13
939.0,13.7,104.13
939.1,14.2,104.13
939.2,13.7,104.13
939.3,0.0,104.13
939.4,13.4,104.13
939.5,13.5,104.13
939.6,0.0,104.13
939.7,13.8,104.13
939.8,13.4,104.13
939.9,13.2,104.13
940.0,14.1,104.13
940.1,13.6,104.13
940.2,13.0,104.13
940.3,13.7,104.13
940.4,0.0,104.13
940.5,12.7,104.13
940.6,13.4,104.13
940.7,14.4,104.13
940.8,13.3,104.13
940.9,0.0,104.13
941.0,13.7,104.13
941.1,13.1,104.13
941.2,13.2,104.13
941.3,14.1,104.13
941.4,13.8,104.13
941.5,0.0,104.13
941.6,0.0,104.13
941.7,13.0,104.13
941.8,0.0,104.13
941.9,0.0,104.13
942.0,25.6,104.13
942.1,13.6,104.13
942.2,25.6,104.13
942.3,13.9,104.13
942.4,12.8,104.13
942.5,13.9,104.13
942.6,0.0,104.13
942.7,12.8,104.13
942.8,13.1,104.13
942.9,25.6,104.13
943.0,13.6,104.13
943.1,13.5,104.13
943.2,13.4,104.13
943.3,25.9,104.13
943.4,12.9,104.13
943.5,13.0,104.13
943.6,0.0,104.13
943.7,12.8,104.13
943.8,13.6,104.13
943.9,14.3,104.13
944.0,14.0,104.13
944.1,13.8,104.13
944.2,13.5,104.13
944.3,13.3,104.13
944.4,25.7,104.13
944.5,13.7,104.13
944.6,25.9,104.13
944.7,12.9,104.13
944.8,12.9,104.13
944.9,0.0,104.13
945.0,13.9,104.13
945.1,13.4,104.13
945.2,13.4,104.13
945.3,0.0,104.13
945.4,12.8,104.13
945.5,0.0,104.13
945.6,13.6,104.13
945.7,0.0,104.13
945.8,13.6,104.13
945.9,25.5,104.13
946.0,13.6,104.13
946.1,25.5,104.13
946.2,25.6,104.13
946.3,25.5,104.13
946.4,13.6,104.13
946.5,25.8,104.13
946.6,13.7,104.13
946.7,13.2,104.13
946.8,13.4,104.13
946.9,14.0,104.13
947.0,13.6,104.13
947.1,0.0,104.13
947.2,12.9,104.13
947.3,0.0,104.13
947.4,12.8,104.13
947.5,13.5,104.13
947.6,13.3,104.13
947.7,13.2,104.13
947.8,13.7,104.13
947.9,13.3,104.13
948.0,13.4,104.13
948.1,0.0,104.13
948.2,13.4,104.13
948.3,13.7,104.13
948.4,13.7,104.13
948.5,12.9,104.13
948.6,25.9,104.13
948.7,13.6,104.13
948.8,13.1,104.13
948.9,14.0,104.13
949.0,14.2,104.13
949.1,13.7,104.13
949.2,13.4,104.13
949.3,13.7,104.13
949.4,13.9,104.13
949.5,0.0,104.13
949.6,12.9,104.13
949.7,13.4,104.13
949.8,13.7,104.13
949.9,13.7,104.13
950.0,13.1,104.13
950.1,13.6,104.13
950.2,13.6,104.13
950.3,26.0,104.13
950.4,12.5,104.13
950.5,13.0,104.13
950.6,13.2,104.13
950.7,13.0,104.13
950.8,13.6,104.13
950.9,13.9,104.13
951.0,14.2,104.13
951.1,25.7,104.13
951.2,13.7,104.13
951.3,25.5,104.13
951.4,25.9,104.13
951.5,13.9,104.13
951.6,13.6,104.13
951.7,13.4,104.13
951.8,13.7,104.13
951.9,25.9,104.13
952.0,13.5,104.13
952.1,13.5,104.13
952.2,12.8,104.13
952.3,13.2,104.13
952.4,12.9,104.13
952.5,14.0,104.13
952.6,13.0,104.13
952.7,13.7,104.13
952.8,12.9,104.13
952.9,13.6,104.13
953.0,25.9,104.13
953.1,13.5,104.13
953.2,25.7,104.13
953.3,13.6,104.13
953.4,25.4,104.13
953.5,0.0,104.13
953.6,0.0,104.13
953.7,13.0,104.13
953.8,12.9,104.13
953.9,25.4,104.13
954.0,13.6,104.13
954.1,13.1,104.13
954.2,14.1,104.13
954.3,25.8,104.13
954.4,14.4,104.13
954.5,12.7,104.13
954.6,13.8,104.13
954.7,13.0,104.13
954.8,13.0,104.13
954.9,12.5,104.13
955.0,13.7,104.13
955.1,13.7,104.13
955.2,13.0,104.13
955.3,13.5,104.13
955.4,13.1,104.13
955.5,13.3,104.13
955.6,25.5,104.13
955.7,13.6,104.13
955.8,12.9,104.13
955.9,13.7,104.13
956.0,12.7,104.13
956.1,13.7,104.13
956.2,13.1,104.13
956.3,13.6,104.13
956.4,0.0,104.13
956.5,26.1,104.13
956.6,13.6,104.13
956.7,26.1,104.13
956.8,13.3,104.13
956.9,13.0,104.13
957.0,14.0,104.13
957.1,25.7,104.13
957.2,14.0,104.13
957.3,13.9,104.13
957.4,26.3,104.13
957.5,13.5,104.13
957.6,25.6,104.13
957.7,25.3,104.13
957.8,13.5,104.13
957.9,0.0,104.13
958.0,13.3,104.13
958.1,25.3,104.13
958.2,12.8,104.13
958.3,13.7,104.13
958.4,13.1,104.13
958.5,13.1,104.13
958.6,13.6,104.13
958.7,13.6,104.13
958.8,13.1,104.13
958.9,13.7,104.13
959.0,13.0,104.13
959.1,13.7,104.13
959.2,13.1,104.13
959.3,13.5,104.13
959.4,25.3,104.13
959.5,13.5,104.13
959.6,13.4,104.13
959.7,12.9,104.13
959.8,13.4,104.13
959.9,13.0,104.13
960.0,13.0,104.13
960.1,25.7,104.13
960.2,13.5,104.13
960.3,12.8,104.13
960.4,13.8,104.13
960.5,13.4,104.13
960.6,13.3,104.13
960.7,13.6,104.13
960.8,14.6,104.13
960.9,13.6,104.13
961.0,25.9,104.13
961.1,24.8,104.13
961.2,12.9,104.13
961.3,13.0,104.13
961.4,12.9,104.13
961.5,13.7,104.13
961.6,13.4,104.13
961.7,13.2,104.13
961.8,12.9,104.13
961.9,13.9,104.13
962.0,12.8,104.13
962.1,13.6,104.13
962.2,12.7,104.13
962.3,13.6,104.13
962.4,13.0,104.13
962.5,12.9,104.13
962.6,13.5,104.13
962.7,13.6,104.13
962.8,13.5,104.13
962.9,13.4,104.13
963.0,13.7,104.13
963.1,25.5,104.13
963.2,13.7,104.13
963.3,0.0,104.13
963.4,13.1,104.13
963.5,13.4,104.13
963.6,13.3,104.13
963.7,12.8,104.13
963.8,13.9,104.13
963.9,26.7,104.13
964.0,13.1,104.13
964.1,0.0,104.13
964.2,13.8,104.13
964.3,13.0,104.13
964.4,13.7,104.13
964.5,13.9,104.13
964.6,13.0,104.13
964.7,13.7,104.13
964.8,25.6,104.13
964.9,13.6,104.13
965.0,13.5,104.13
965.1,13.5,104.13
965.2,13.2,104.13
965.3,0.0,104.13
965.4,12.9,104.13
965.5,13.4,104.13
965.6,13.5,104.13
965.7,26.0,104.13
965.8,13.7,104.13
965.9,26.0,104.13
966.0,13.6,104.13
966.1,13.7,104.13
966.2,12.9,104.13
966.3,12.9,104.13
966.4,12.9,104.13
966.5,12.8,104.13
966.6,13.4,104.13
966.7,14.7,104.13
966.8,13.7,104.13
966.9,13.7,104.13
967.0,0.0,104.13
967.1,26.7,104.13
967.2,13.3,104.13
967.3,14.2,104.13
967.4,0.0,104.13
967.5,0.0,104.13
967.6,13.5,104.13
967.7,13.3,104.13
967.8,13.6,104.13
967.9,13.8,104.13
968.0,14.5,104.13
968.1,25.7,104.13
968.2,13.3,104.13
968.3,13.3,104.13
968.4,14.0,104.13
968.5,26.2,104.13
968.6,14.0,104.13
968.7,0.0,104.13
968.8,13.0,104.13
968.9,12.9,104.13
969.0,13.5,104.13
969.1,13.2,104.13
969.2,13.7,104.13
969.3,13.6,104.13
969.4,13.0,104.13
969.5,13.3,104.13
969.6,13.1,104.13
969.7,14.1,104.13
969.8,13.1,104.13
969.9,13.4,104.13
970.0,13.0,104.13
970.1,13.8,104.13
970.2,12.7,104.13
970.3,13.7,104.13
970.4,25.6,104.13
970.5,13.7,104.13
970.6,13.6,104.13
970.7,0.0,104.13
970.8,13.7,104.13
970.9,14.0,104.13
971.0,14.0,104.13
971.1,25.6,104.13
971.2,13.5,104.13
971.3,26.2,104.13
971.4,13.4,104.13
971.5,0.0,104.13
971.6,13.7,104.13
971.7,0.0,104.13
971.8,13.0,104.13
971.9,13.4,104.13
972.0,13.5,104.13
972.1,13.6,104.13
972.2,12.9,104.13
972.3,13.5,104.13
972.4,13.0,104.13
972.5,13.5,104.13
972.6,12.9,104.13
972.7,13.4,104.13
972.8,25.6,104.13
972.9,13.6,104.13
973.0,14.0,104.13
973.1,0.0,104.13
973.2,12.9,104.13
973.3,13.4,104.13
973.4,13.6,104.13
973.5,26.5,104.13
973.6,13.5,104.13
973.7,13.3,104.13
973.8,13.3,104.13
973.9,25.8,104.13
974.0,13.2,104.13
974.1,13.2,104.13
974.2,14.4,104.13
974.3,25.6,104.13
974.4,13.2,104.13
974.5,13.8,104.13
974.6,12.9,104.13
974.7,13.2,104.13
974.8,14.3,104.13
974.9,26.0,104.13
975.0,13.6,104.13
975.1,13.7,104.13
975.2,12.7,104.13
975.3,13.0,104.13
975.4,26.0,104.13
975.5,13.2,104.13
975.6,26.1,104.13
975.7,13.7,104.13
975.8,25.9,104.13
975.9,13.7,104.13
976.0,26.1,104.13
976.1,25.2,104.13
976.2,13.3,104.13
976.3,12.9,104.13
976.4,25.4,104.13
976.5,0.0,104.13
976.6,13.1,104.13
976.7,13.8,104.13
976.8,0.0,104.13
976.9,12.9,104.13
977.0,13.5,104.13
977.1,13.0,104.13
977.2,13.2,104.13
977.3,25.6,104.13
977.4,14.3,104.13
977.5,13.1,104.13
977.6,0.0,104.13
977.7,12.9,104.13
977.8,13.5,104.13
977.9,13.4,104.13
978.0,0.0,104.13
978.1,0.0,104.13
978.2,13.7,104.13
978.3,14.1,104.13
978.4,25.5,104.13
978.5,0.0,104.13
978.6,13.0,104.13
978.7,0.0,104.13
978.8,13.0,104.13
978.9,13.5,104.13
979.0,12.6,104.13
979.1,0.0,104.13
979.2,25.0,104.13
979.3,13.7,104.13
979.4,12.9,104.13
979.5,13.0,104.13
979.6,12.7,104.13
979.7,25.7,104.13
979.8,13.3,104.13
979.9,12.9,104.13
980.0,0.0,104.13
980.1,12.9,104.13
980.2,13.7,104.13
980.3,12.9,104.13
980.4,13.5,104.13
980.5,12.9,104.13
980.6,0.0,104.13
980.7,13.4,104.13
980.8,13.6,104.13
980.9,12.5,104.13
981.0,0.0,104.13
981.1,0.0,104.13
981.2,12.8,104.13
981.3,13.6,104.13
981.4,13.0,104.13
981.5,13.6,104.13
981.6,12.8,104.13
981.7,13.8,104.13
981.8,12.9,104.13
981.9,13.5,104.13
982.0,25.8,104.13
982.1,13.6,104.13
982.2,25.6,104.13
982.3,0.0,104.13
982.4,12.6,104.13
982.5,24.6,104.13
982.6,12.7,104.13
982.7,13.7,104.13
982.8,13.7,104.13
982.9,13.1,104.13
983.0,13.3,104.13
983.1,13.2,104.13
983.2,0.0,104.13
983.3,13.0,104.13
983.4,26.0,104.13
983.5,13.5,104.13
983.6,12.8,104.13
983.7,26.3,104.13
983.8,12.9,104.13
983.9,12.8,104.13
984.0,13.6,104.13
984.1,13.4,104.13
984.2,13.7,104.13
984.3,13.7,104.13
984.4,13.1,104.13
984.5,12.9,104.13
984.6,26.0,104.13
984.7,13.0,104.13
984.8,12.9,104.13
984.9,13.7,104.13
985.0,12.9,104.13
985.1,0.0,104.13
985.2,13.0,104.13
985.3,0.0,104.13
985.4,12.8,104.13
985.5,12.8,104.13
985.6,14.2,104.13
985.7,13.9,104.13
985.8,0.0,104.13
985.9,13.5,104.13
986.0,13.6,104.13
986.1,25.6,104.13
986.2,13.6,104.13
986.3,26.3,104.13
986.4,13.4,104.13
986.5,12.8,104.13
986.6,13.8,104.13
986.7,13.0,104.13
986.8,13.6,104.13
986.9,13.1,104.13
987.0,25.5,104.13
987.1,25.0,104.13
987.2,13.6,104.13
987.3,13.2,104.13
987.4,0.0,104.13
987.5,13.0,104.13
987.6,25.7,104.13
987.7,13.5,104.13
987.8,0.0,104.13
987.9,12.9,104.13
988.0,13.6,104.13
988.1,13.6,104.13
988.2,25.3,104.13
988.3,13.4,104.13
988.4,0.0,104.13
988.5,0.0,104.13
988.6,0.0,104.13
988.7,13.0,104.13
988.8,13.5,104.13
988.9,12.9,104.13
989.0,13.3,104.13
989.1,13.7,104.13
989.2,13.8,104.13
989.3,12.9,104.13
989.4,13.6,104.13
989.5,12.9,104.13
989.6,0.0,104.13
989.7,0.0,104.13
989.8,26.3,104.13
989.9,0.0,104.13
990.0,0.0,104.13
990.1,13.0,104.13
990.2,26.7,104.13
990.3,12.9,104.13
990.4,12.9,104.13
990.5,26.8,104.13
990.6,0.0,104.13
990.7,13.6,104.13
990.8,12.9,104.13
990.9,13.2,104.13
991.0,25.5,104.13
991.1,13.4,104.13
991.2,0.0,104.13
991.3,13.8,104.13
991.4,13.7,104.13
991.5,13.4,104.13
991.6,13.6,104.13
991.7,13.1,104.13
991.8,13.6,104.13
991.9,12.9,104.13
992.0,13.3,104.13
992.1,26.3,104.13
992.2,13.9,104.13
992.3,12.9,104.13
992.4,13.7,104.13
992.5,12.8,104.13
992.6,13.5,104.13
992.7,13.8,104.13
992.8,12.9,104.13
992.9,14.3,104.13
993.0,14.4,104.13
993.1,26.0,104.13
993.2,14.3,104.13
993.3,14.3,104.13
993.4,13.3,104.13
993.5,26.5,104.13
993.6,12.9,104.13
993.7,13.1,104.13
993.8,0.0,104.15
993.9,13.3,104.15
994.0,13.6,104.15
994.1,25.8,104.15
994.2,13.6,104.15
994.3,12.8,104.15
994.4,25.6,104.15
994.5,25.8,104.15
994.6,13.9,104.15
994.7,13.8,104.15
994.8,13.4,104.15
994.9,12.9,104.15
995.0,13.5,104.15
995.1,13.7,104.15
995.2,14.4,104.15
995.3,14.4,104.15
995.4,25.5,104.15
995.5,13.1,104.15
995.6,13.5,104.15
995.7,13.4,104.15
995.8,12.9,104.15
995.9,13.8,104.15
996.0,12.9,104.15
996.1,13.7,104.15
996.2,12.9,104.15
996.3,12.8,104.15
996.4,25.8,104.15
996.5,13.7,104.15
996.6,13.3,104.15
996.7,13.4,104.15
996.8,13.6,104.15
996.9,13.5,104.15
997.0,13.4,104.15
997.1,13.0,104.15
997.2,13.7,104.15
997.3,13.0,104.15
997.4,13.7,104.15
997.5,12.8,104.15
997.6,13.7,104.15
997.7,13.6,104.15
997.8,13.4,104.15
997.9,0.0,104.15
998.0,13.0,104.15
998.1,0.0,104.15
998.2,13.7,104.15
998.3,14.3,104.15
998.4,13.1,104.15
998.5,13.5,104.15
998.6,14.1,104.15
998.7,14.0,104.15
998.8,13.6,104.15
998.9,13.0,104.15
999.0,13.9,104.15
999.1,13.0,104.15
999.2,13.5,104.15
999.3,12.9,104.15
999.4,13.7,104.15
999.5,12.7,104.15
999.6,13.6,104.15
999.7,12.8,104.15
999.8,13.6,104.15
999.9,25.6,104.15
1000.0,14.0,104.15
1000.1,14.1,104.15
1000.2,13.5,104.15
1000.3,0.0,104.15
1000.4,13.0,104.15
1000.5,0.0,104.15
1000.6,12.9,104.15
1000.7,13.0,104.15
1000.8,26.0,104.15
1000.9,13.7,104.15
1001.0,13.4,104.15
1001.1,13.3,104.15
1001.2,13.6,104.15
1001.3,0.0,104.15
1001.4,0.0,104.15
1001.5,13.4,104.15
1001.6,25.9,104.15
1001.7,13.0,104.15
1001.8,13.6,104.15
1001.9,0.0,104.15
1002.0,13.6,104.15
1002.1,25.8,104.15
1002.2,13.6,104.15
1002.3,25.6,104.15
1002.4,13.4,104.15
1002.5,0.0,104.15
1002.6,13.6,104.15
1002.7,13.5,104.15
1002.8,13.3,104.15
1002.9,13.6,104.15
1003.0,13.0,104.15
1003.1,12.8,104.15
1003.2,12.9,104.15
1003.3,25.6,104.15
1003.4,25.7,104.15
1003.5,13.6,104.15
1003.6,25.1,104.15
1003.7,13.6,104.15
1003.8,12.9,104.15
1003.9,13.6,104.15
1004.0,13.0,104.15
1004.1,13.9,104.15
1004.2,0.0,104.15
1004.3,13.0,104.15
1004.4,13.6,104.15
1004.5,13.5,104.15
1004.6,13.5,104.15
1004.7,0.0,104.15
1004.8,13.7,104.15
1004.9,13.0,104.15
1005.0,13.8,104.15
1005.1,24.3,104.15
1005.2,25.0,104.15
1005.3,25.1,104.15
1005.4,13.1,104.15
1005.5,13.5,104.16
1005.6,25.8,104.16
1005.7,14.1,104.16
1005.8,13.2,104.16
1005.9,0.0,104.16
1006.0,14.1,104.16
1006.1,13.8,104.16
1006.2,13.0,104.16
1006.3,0.0,104.16
1006.4,12.9,104.16
1006.5,13.1,104.16
1006.6,26.0,104.16
1006.7,13.5,104.16
1006.8,26.1,104.16
1006.9,13.8,104.16
1007.0,25.1,104.16
1007.1,13.7,104.16
1007.2,0.0,104.16
1007.3,14.2,104.16
1007.4,13.2,104.16
1007.5,0.0,104.16
1007.6,13.4,104.16
1007.7,13.7,104.16
1007.8,14.3,104.16
1007.9,26.6,104.16
1008.0,13.8,104.16
1008.1,13.3,104.16
1008.2,13.8,104.16
1008.3,13.2,104.16
1008.4,13.6,104.16
1008.5,13.6,104.16
1008.6,13.1,104.16
1008.7,13.9,104.16
1008.8,13.3,104.16
1008.9,0.0,104.16
1009.0,13.5,104.16
1009.1,13.4,104.16
1009.2,0.0,104.16
1009.3,12.8,104.16
1009.4,13.6,104.16
1009.5,13.4,104.16
1009.6,13.8,104.16
1009.7,25.7,104.16
1009.8,13.7,104.16
1009.9,12.8,104.16
1010.0,13.7,104.16
1010.1,0.0,104.16
1010.2,13.6,104.16
1010.3,13.7,104.16
1010.4,25.6,104.16
1010.5,13.8,104.16
1010.6,14.5,104.16
1010.7,14.5,104.16
1010.8,25.7,104.16
1010.9,13.5,104.16
1011.0,0.0,104.16
1011.1,0.0,104.16
1011.2,0.0,104.16
1011.3,13.4,104.16
1011.4,13.3,104.16
1011.5,13.2,104.16
1011.6,25.9,104.16
1011.7,13.0,104.16
1011.8,13.6,104.16
1011.9,12.9,104.16
1012.0,13.8,104.16
1012.1,14.0,104.16
1012.2,13.0,104.16
1012.3,13.9,104.16
1012.4,13.5,104.16
1012.5,13.4,104.16
1012.6,14.0,104.16
1012.7,0.0,104.16
1012.8,0.0,104.16
1012.9,0.0,104.16
1013.0,0.0,104.16
1013.1,0.0,104.16
1013.2,13.1,104.16
1013.3,13.6,104.16
1013.4,0.0,104.16
1013.5,0.0,104.16
1013.6,13.8,104.16
1013.7,13.0,104.16
1013.8,14.1,104.16
1013.9,13.0,104.16
1014.0,0.0,104.16
1014.1,12.7,104.16
1014.2,0.0,104.16
1014.3,13.9,104.16
1014.4,12.8,104.16
1014.5,13.6,104.16
1014.6,13.5,104.16
1014.7,13.6,104.16
1014.8,14.0,104.16
1014.9,13.4,104.16
1015.0,13.0,104.16
1015.1,13.4,104.16
1015.2,12.9,104.16
1015.3,0.0,104.16
1015.4,0.0,104.16
1015.5,25.0,104.16
1015.6,26.2,104.16
1015.7,13.6,104.16
1015.8,25.3,104.16
1015.9,25.6,104.16
1016.0,13.7,104.16
1016.1,26.1,104.16
1016.2,13.7,104.16
1016.3,25.9,104.16
1016.4,13.6,104.16
1016.5,12.9,104.16
1016.6,25.8,104.16
1016.7,13.0,104.16
1016.8,13.6,104.16
1016.9,12.9,104.16
1017.0,13.7,104.16
1017.1,13.2,104.16
1017.2,13.4,104.16
1017.3,13.5,104.16
1017.4,0.0,104.16
1017.5,13.1,104.16
1017.6,13.5,104.16
1017.7,0.0,104.16
1017.8,13.0,104.16
1017.9,13.6,104.16
1018.0,13.0,104.16
1018.1,0.0,104.16
1018.2,13.5,104.16
1018.3,0.0,104.16
1018.4,13.9,104.16
1018.5,0.0,104.16
1018.6,13.2,104.16
1018.7,14.1,104.16
1018.8,14.3,104.16
1018.9,26.5,104.16
1019.0,13.2,104.16
1019.1,13.6,104.16
1019.2,13.3,104.16
1019.3,12.9,104.16
1019.4,13.2,104.16
1019.5,0.0,104.16
1019.6,0.0,104.16
1019.7,0.0,104.16
1019.8,0.0,104.16
1019.9,0.0,104.16
1020.0,13.4,104.16
1020.1,12.9,104.16
1020.2,12.9,104.16
1020.3,13.8,104.16
1020.4,0.0,104.16
1020.5,13.7,104.16
1020.6,25.5,104.16
1020.7,12.7,104.16
1020.8,13.2,104.16
1020.9,25.7,104.16
1021.0,13.4,104.16
1021.1,13.4,104.16
1021.2,13.8,104.16
1021.3,25.8,104.16
1021.4,13.8,104.16
1021.5,13.9,104.16
1021.6,0.0,104.16
1021.7,12.8,104.16
1021.8,13.7,104.16
1021.9,12.9,104.16
1022.0,13.8,104.16
1022.1,12.8,104.16
1022.2,13.8,104.16
1022.3,25.2,104.16
1022.4,13.0,104.16
1022.5,13.7,104.16
1022.6,13.6,104.16
1022.7,13.7,104.16
1022.8,13.0,104.16
1022.9,13.7,104.16
1023.0,13.0,104.16
1023.1,25.8,104.16
1023.2,12.9,104.16
1023.3,13.6,104.16
1023.4,12.9,104.16
1023.5,13.6,104.16
1023.6,25.4,104.16
1023.7,13.6,104.16
1023.8,23.8,104.16
1023.9,13.8,104.16
1024.0,0.0,104.16
1024.1,12.7,104.16
1024.2,12.6,104.16
1024.3,13.3,104.16
1024.4,12.9,104.17
1024.5,13.0,104.17
1024.6,13.6,104.17
1024.7,12.9,104.17
1024.8,13.4,104.17
1024.9,25.9,104.17
1025.0,13.7,104.17
1025.1,13.8,104.17
1025.2,0.0,104.17
1025.3,12.9,104.17
1025.4,13.6,104.17
1025.5,13.4,104.17
1025.6,14.4,104.17
1025.7,25.7,104.17
1025.8,14.1,104.17
1025.9,13.3,104.17
1026.0,12.9,104.17
1026.1,26.3,104.17
1026.2,12.8,104.17
1026.3,0.0,104.17
1026.4,24.6,104.17
1026.5,0.0,104.17
1026.6,12.8,104.17
1026.7,13.1,104.17
1026.8,25.6,104.17
1026.9,13.3,104.17
1027.0,0.0,104.17
1027.1,13.9,104.17
1027.2,13.4,104.17
1027.3,25.7,104.17
1027.4,13.6,104.17
1027.5,13.0,104.17
1027.6,26.0,104.17
1027.7,13.0,104.17
1027.8,13.1,104.17
1027.9,12.7,104.17
1028.0,25.5,104.17
1028.1,14.0,104.17
1028.2,13.6,104.17
1028.3,12.9,104.17
1028.4,13.6,104.17
1028.5,13.3,104.17
1028.6,13.1,104.17
1028.7,12.4,104.17
1028.8,13.9,104.17
1028.9,0.0,104.17
1029.0,13.3,104.17
1029.1,13.6,104.17
1029.2,12.9,104.17
1029.3,13.9,104.17
1029.4,12.7,104.17
1029.5,25.8,104.17
1029.6,12.9,104.17
1029.7,13.7,104.17
1029.8,25.6,104.17
1029.9,0.0,104.17
1030.0,25.8,104.17
1030.1,13.9,104.17
1030.2,13.9,104.17
1030.3,13.7,104.17
1030.4,13.2,104.17
1030.5,25.3,104.17
1030.6,12.8,104.17
1030.7,12.8,104.17
1030.8,13.9,104.17
1030.9,12.9,104.17
1031.0,0.0,104.17
1031.1,12.8,104.17
1031.2,13.6,104.17
1031.3,12.8,104.17
1031.4,13.6,104.17
1031.5,14.4,104.17
1031.6,13.4,104.17
1031.7,13.6,104.17
1031.8,13.0,104.17
1031.9,0.0,104.17
1032.0,13.1,104.17
1032.1,12.7,104.17
1032.2,26.5,104.17
1032.3,13.6,104.17
1032.4,25.7,104.17
1032.5,13.1,104.17
1032.6,13.1,104.17
1032.7,26.1,104.17
1032.8,12.7,104.17
1032.9,0.0,104.17
1033.0,12.9,104.17
1033.1,13.2,104.17
1033.2,12.8,104.17
1033.3,13.3,104.17
1033.4,24.6,104.17
1033.5,13.5,104.17
1033.6,23.9,104.17
1033.7,13.6,104.17
1033.8,13.7,104.17
1033.9,13.7,104.17
1034.0,25.9,104.17
1034.1,12.8,104.17
1034.2,13.5,104.17
1034.3,13.1,104.17
1034.4,13.0,104.17
1034.5,25.6,104.17
1034.6,13.5,104.17
1034.7,12.8,104.17
1034.8,26.5,104.17
1034.9,12.7,104.17
1035.0,14.0,104.17
1035.1,13.6,104.17
1035.2,13.7,104.17
1035.3,0.0,104.17
1035.4,26.0,104.17
1035.5,13.6,104.17
1035.6,13.3,104.17
1035.7,13.8,104.17
1035.8,12.9,104.17
1035.9,13.8,104.17
1036.0,25.5,104.17
1036.1,12.7,104.17
1036.2,12.9,104.17
1036.3,0.0,104.17
1036.4,25.7,104.17
1036.5,0.0,104.17
1036.6,13.6,104.17
1036.7,13.3,104.17
1036.8,13.8,104.17
1036.9,12.7,104.17
1037.0,13.2,104.17
1037.1,25.7,104.18
1037.2,13.0,104.18
1037.3,12.9,104.18
1037.4,13.5,104.18
1037.5,13.0,104.18
1037.6,13.5,104.18
1037.7,13.2,104.18
1037.8,13.6,104.18
1037.9,13.0,104.18
1038.0,0.0,104.18
1038.1,13.3,104.18
1038.2,25.5,104.18
1038.3,14.0,104.18
1038.4,26.0,104.18
1038.5,24.9,104.18
1038.6,13.6,104.18
1038.7,0.0,104.18
1038.8,12.9,104.18
1038.9,12.6,104.18
1039.0,25.8,104.18
1039.1,13.7,104.18
1039.2,12.8,104.18
1039.3,25.9,104.18
1039.4,13.9,104.18
1039.5,25.7,104.18
1039.6,12.8,104.18
1039.7,12.9,104.18
1039.8,12.7,104.18
1039.9,26.2,104.18
1040.0,0.0,104.18
1040.1,13.6,104.18
1040.2,25.0,104.18
1040.3,13.4,104.18
1040.4,26.2,104.18
1040.5,13.7,104.18
1040.6,13.6,104.18
1040.7,13.4,104.18
1040.8,14.0,104.18
1040.9,26.0,104.18
1041.0,13.6,104.18
1041.1,13.1,104.18
1041.2,13.6,104.18
1041.3,13.6,104.18
1041.4,13.3,104.18
1041.5,13.0,104.18
1041.6,0.0,104.18
1041.7,13.6,104.18
1041.8,25.7,104.18
1041.9,13.3,104.18
1042.0,13.6,104.18
1042.1,13.6,104.18
1042.2,13.7,104.18
1042.3,13.6,104.18
1042.4,13.3,104.18
1042.5,0.0,104.18
1042.6,13.4,104.18
1042.7,0.0,104.18
1042.8,12.8,104.18
1042.9,26.1,104.18
1043.0,13.5,104.18
1043.1,25.9,104.18
1043.2,13.7,104.18
1043.3,13.6,104.18
1043.4,13.4,104.18
1043.5,25.6,104.18
1043.6,13.1,104.18
1043.7,13.1,104.18
1043.8,13.6,104.18
1043.9,12.9,104.18
1044.0,13.7,104.18
1044.1,12.9,104.18
1044.2,0.0,104.18
1044.3,13.2,104.18
1044.4,13.7,104.18
1044.5,13.3,104.18
1044.6,0.0,104.18
1044.7,13.5,104.18
1044.8,26.0,104.18
1044.9,13.7,104.18
1045.0,25.8,104.18
1045.1,13.3,104.18
1045.2,12.8,104.18
1045.3,13.0,104.18
1045.4,25.6,104.18
1045.5,13.3,104.18
1045.6,12.8,104.18
1045.7,25.6,104.18
1045.8,25.6,104.18
1045.9,13.5,104.18
1046.0,26.7,104.18
1046.1,13.4,104.18
1046.2,12.7,104.18
1046.3,25.8,104.18
1046.4,13.2,104.18
1046.5,13.3,104.18
1046.6,13.9,104.18
1046.7,13.8,104.18
1046.8,13.3,104.18
1046.9,13.5,104.18
1047.0,0.0,104.18
1047.1,0.0,104.18
1047.2,13.3,104.18
1047.3,13.8,104.18
1047.4,25.8,104.18
1047.5,25.8,104.18
1047.6,13.2,104.18
1047.7,0.0,104.18
1047.8,12.9,104.18
1047.9,13.6,104.18
1048.0,13.0,104.18
1048.1,13.6,104.18
1048.2,12.8,104.18
1048.3,13.5,104.18
1048.4,25.6,104.18
1048.5,13.4,104.18
1048.6,12.8,104.18
1048.7,13.8,104.18
1048.8,13.0,104.18
1048.9,13.1,104.18
1049.0,12.9,104.18
1049.1,0.0,104.18
1049.2,13.5,104.18
1049.3,13.6,104.18
1049.4,13.2,104.18
1049.5,13.3,104.18
1049.6,13.7,104.18
1049.7,12.6,104.18
1049.8,13.6,104.18
1049.9,25.9,104.18
1050.0,13.7,104.18
1050.1,25.9,104.18
1050.2,13.5,104.18
1050.3,25.5,104.18
1050.4,13.6,104.18
1050.5,12.5,104.18
1050.6,13.3,104.18
1050.7,14.4,104.18
1050.8,13.2,104.18
1050.9,13.6,104.18
1051.0,13.8,104.18
1051.1,13.3,104.18
1051.2,12.8,104.18
1051.3,13.6,104.18
1051.4,14.1,104.18
1051.5,13.8,104.18
1051.6,14.1,104.18
1051.7,13.7,104.18
1051.8,13.5,104.18
1051.9,14.1,104.18
1052.0,13.7,104.18
1052.1,14.0,104.18
1052.2,13.1,104.18
1052.3,25.8,104.18
1052.4,13.1,104.18
1052.5,0.0,104.18
1052.6,13.6,104.18
1052.7,13.8,104.18
1052.8,13.8,104.18
1052.9,13.3,104.18
1053.0,25.7,104.18
1053.1,14.2,104.18
1053.2,13.6,104.18
1053.3,26.7,104.18
1053.4,12.7,104.18
1053.5,13.4,104.18
1053.6,25.7,104.18
1053.7,13.6,104.18
1053.8,25.6,104.18
1053.9,13.2,104.18
1054.0,12.9,104.18
1054.1,0.0,104.18
1054.2,12.8,104.18
1054.3,13.6,104.18
1054.4,13.8,104.18
1054.5,13.8,104.18
1054.6,13.3,104.18
1054.7,13.5,104.18
1054.8,13.2,104.18
1054.9,13.1,104.18
1055.0,13.3,104.18
1055.1,25.7,104.18
1055.2,0.0,104.18
1055.3,26.1,104.18
1055.4,13.6,104.18
1055.5,25.2,104.18
1055.6,13.7,104.18
1055.7,13.0,104.18
1055.8,13.6,104.18
1055.9,12.7,104.18
1056.0,13.7,104.18
1056.1,13.3,104.18
1056.2,13.3,104.19
1056.3,13.6,104.19
1056.4,26.2,104.19
1056.5,13.2,104.19
1056.6,25.0,104.19
1056.7,13.8,104.19
1056.8,13.5,104.19
1056.9,13.5,104.19
1057.0,0.0,104.19
1057.1,12.8,104.19
1057.2,12.7,104.19
1057.3,0.0,104.19
1057.4,0.0,104.19
1057.5,13.5,104.19
1057.6,12.7,104.19
1057.7,13.5,104.19
1057.8,13.5,104.19
1057.9,0.0,104.19
1058.0,13.1,104.19
1058.1,25.1,104.19
1058.2,14.0,104.19
1058.3,12.8,104.19
1058.4,13.4,104.19
1058.5,13.0,104.19
1058.6,26.4,104.19
1058.7,13.1,104.19
1058.8,13.5,104.19
1058.9,13.0,104.19
1059.0,14.0,104.19
1059.1,14.2,104.19
1059.2,14.1,104.19
1059.3,14.5,104.19
1059.4,13.1,104.19
1059.5,12.9,104.19
1059.6,25.9,104.19
1059.7,13.6,104.19
1059.8,26.1,104.19
1059.9,13.6,104.19
1060.0,25.6,104.19
1060.1,13.6,104.19
1060.2,12.7,104.19
1060.3,25.7,104.19
1060.4,25.7,104.19
1060.5,13.7,104.19
1060.6,13.8,104.19
1060.7,0.0,104.19
1060.8,13.6,104.19
1060.9,25.5,104.19
1061.0,13.3,104.19
1061.1,25.8,104.19
1061.2,13.6,104.19
1061.3,12.9,104.19
1061.4,13.7,104.19
1061.5,13.0,104.19
1061.6,25.4,104.19
1061.7,14.4,104.19
1061.8,25.5,104.19
1061.9,12.8,104.19
1062.0,13.1,104.19
1062.1,13.9,104.19
1062.2,13.0,104.19
1062.3,13.8,104.19
1062.4,13.2,104.19
1062.5,38.2,104.19
1062.6,12.7,104.19
1062.7,13.8,104.19
1062.8,12.9,104.19
1062.9,13.2,104.19
1063.0,26.0,104.19
1063.1,25.1,104.19
1063.2,13.3,104.19
1063.3,13.7,104.19
1063.4,12.8,104.19
1063.5,12.9,104.19
1063.6,12.7,104.19
1063.7,13.7,104.19
1063.8,13.5,104.19
1063.9,13.0,104.19
1064.0,24.4,104.19
1064.1,13.7,104.2
1064.2,14.1,104.2
1064.3,0.0,104.2
1064.4,13.6,104.2
1064.5,13.0,104.2
1064.6,13.5,104.2
1064.7,13.0,104.2
1064.8,0.0,104.2
1064.9,12.8,104.2
1065.0,0.0,104.2
1065.1,12.8,104.2
1065.2,0.0,104.2
1065.3,13.6,104.2
1065.4,13.1,104.2
1065.5,13.5,104.2
1065.6,14.0,104.2
1065.7,13.8,104.2
1065.8,13.0,104.2
1065.9,0.0,104.2
1066.0,13.2,104.2
1066.1,0.0,104.2
1066.2,13.2,104.2
1066.3,14.0,104.2
1066.4,0.0,104.2
1066.5,13.5,104.2
1066.6,13.8,104.2
1066.7,24.8,104.2
1066.8,34.2,104.2
1066.9,13.6,104.2
1067.0,13.1,104.2
1067.1,13.6,104.2
1067.2,0.0,104.2
1067.3,12.8,104.2
1067.4,13.5,104.2
1067.5,12.9,104.2
1067.6,14.2,104.2
1067.7,12.9,104.2
1067.8,13.4,104.2
1067.9,25.7,104.2
1068.0,13.9,104.2
1068.1,13.4,104.2
1068.2,0.0,104.2
1068.3,13.7,104.2
1068.4,13.3,104.2
1068.5,13.7,104.2
1068.6,13.0,104.2
1068.7,13.5,104.2
1068.8,0.0,104.2
1068.9,14.6,104.2
1069.0,13.4,104.2
1069.1,13.6,104.2
1069.2,14.5,104.2
1069.3,13.8,104.2
1069.4,14.3,104.2
1069.5,13.3,104.2
1069.6,13.7,104.2
1069.7,13.1,104.2
1069.8,13.9,104.2
1069.9,0.0,104.2
1070.0,13.1,104.2
1070.1,13.7,104.2
1070.2,13.3,104.2
1070.3,26.3,104.2
1070.4,0.0,104.2
1070.5,13.2,104.2
1070.6,12.9,104.2
1070.7,14.5,104.2
1070.8,13.0,104.2
1070.9,13.7,104.2
1071.0,13.1,104.2
1071.1,0.0,104.2
1071.2,0.0,104.2
1071.3,13.3,104.2
1071.4,13.6,104.2
1071.5,13.1,104.2
1071.6,13.5,104.2
1071.7,13.7,104.2
1071.8,13.5,104.2
1071.9,14.0,104.2
1072.0,12.8,104.2
1072.1,26.1,104.2
1072.2,13.5,104.2
1072.3,13.8,104.2
1072.4,13.6,104.2
1072.5,13.3,104.2
1072.6,13.6,104.2
1072.7,14.3,104.2
1072.8,12.7,104.2
1072.9,13.9,104.2
1073.0,12.8,104.2
1073.1,13.9,104.2
1073.2,12.9,104.2
1073.3,13.5,104.2
1073.4,25.6,104.2
1073.5,13.5,104.2
1073.6,13.4,104.2
1073.7,13.9,104.2
1073.8,24.9,104.2
1073.9,14.1,104.2
1074.0,13.9,104.2
1074.1,13.7,104.2
1074.2,13.6,104.2
1074.3,12.8,104.2
1074.4,0.0,104.2
1074.5,12.8,104.2
1074.6,13.6,104.2
1074.7,13.0,104.2
1074.8,0.0,104.2
1074.9,12.7,104.2
1075.0,13.2,104.2
1075.1,25.5,104.2
1075.2,13.6,104.2
1075.3,14.0,104.2
1075.4,0.0,104.2
1075.5,0.0,104.2
1075.6,14.6,104.21
1075.7,14.5,104.21
1075.8,13.7,104.21
1075.9,0.0,104.21
1076.0,13.5,104.21
1076.1,0.0,104.21
1076.2,0.0,104.21
1076.3,14.1,104.21
1076.4,14.2,104.21
1076.5,0.0,104.21
1076.6,0.0,104.21
1076.7,0.0,104.21
1076.8,14.6,104.21
1076.9,14.8,104.21
1077.0,14.0,104.21
1077.1,13.9,104.21
1077.2,14.4,104.21
1077.3,13.8,104.21
1077.4,0.0,104.21
1077.5,13.9,104.21
1077.6,0.0,104.21
1077.7,0.0,104.21
1077.8,13.9,104.21
1077.9,14.0,104.21
1078.0,13.9,104.21
1078.1,14.7,104.21
1078.2,0.0,104.21
1078.3,0.0,104.21
1078.4,0.0,104.21
1078.5,0.0,104.21
1078.6,13.8,104.21
1078.7,14.1,104.21
1078.8,14.0,104.21
1078.9,14.0,104.21
1079.0,12.9,104.21
1079.1,13.7,104.21
1079.2,13.1,104.21
1079.3,13.6,104.21
1079.4,12.8,104.21
1079.5,26.1,104.21
1079.6,14.2,104.21
1079.7,13.4,104.21
1079.8,0.0,104.21
1079.9,12.5,104.21
1080.0,0.0,104.21
1080.1,13.3,104.21
1080.2,13.3,104.21
1080.3,0.0,104.21
1080.4,13.0,104.21
1080.5,13.3,104.21
1080.6,13.0,104.21
1080.7,13.4,104.21
1080.8,14.3,104.21
1080.9,13.5,104.21
1081.0,0.0,104.21
1081.1,13.4,104.21
1081.2,13.6,104.21
1081.3,0.0,104.21
1081.4,0.0,104.21
1081.5,12.8,104.21
1081.6,13.5,104.21
1081.7,13.5,104.21
1081.8,0.0,104.21
1081.9,0.0,104.21
1082.0,13.4,104.21
1082.1,13.8,104.21
1082.2,0.0,104.21
1082.3,12.9,104.21
1082.4,14.1,104.21
1082.5,0.0,104.21
1082.6,12.7,104.21
1082.7,0.0,104.21
1082.8,12.8,104.21
1082.9,26.2,104.21
1083.0,12.8,104.21
1083.1,14.1,104.21
1083.2,13.9,104.21
1083.3,25.8,104.21
1083.4,13.6,104.21
1083.5,13.1,104.21
1083.6,13.9,104.21
1083.7,12.9,104.21
1083.8,13.2,104.21
1083.9,13.7,104.21
1084.0,13.4,104.21
1084.1,13.4,104.21
1084.2,12.6,104.21
1084.3,0.0,104.21
1084.4,13.1,104.21
1084.5,14.5,104.21
1084.6,13.9,104.21
1084.7,13.9,104.21
1084.8,26.3,104.21
1084.9,13.6,104.21
1085.0,25.9,104.21
1085.1,13.0,104.21
1085.2,13.7,104.21
1085.3,13.6,104.21
1085.4,25.6,104.21
1085.5,12.9,104.21
1085.6,13.9,104.21
1085.7,26.0,104.21
1085.8,12.8,104.21
1085.9,13.4,104.21
1086.0,13.5,104.21
1086.1,0.0,104.21
1086.2,0.0,104.21
1086.3,25.5,104.21
1086.4,14.1,104.21
1086.5,25.8,104.21
1086.6,13.6,104.21
1086.7,25.6,104.21
1086.8,12.8,104.21
1086.9,12.8,104.21
1087.0,12.7,104.21
1087.1,0.0,104.21
1087.2,13.6,104.21
1087.3,13.0,104.21
1087.4,13.5,104.21
1087.5,26.0,104.21
1087.6,13.8,104.22
1087.7,11.4,104.22
1087.8,13.6,104.22
1087.9,13.6,104.22
1088.0,13.2,104.22
1088.1,13.4,104.22
1088.2,12.7,104.22
1088.3,13.7,104.22
1088.4,13.9,104.22
1088.5,13.5,104.22
1088.6,13.1,104.22
1088.7,12.5,104.22
1088.8,25.9,104.22
1088.9,13.9,104.22
1089.0,25.5,104.22
1089.1,12.6,104.22
1089.2,13.0,104.22
1089.3,13.1,104.22
1089.4,26.2,104.22
1089.5,0.0,104.22
1089.6,12.5,104.22
1089.7,0.0,104.22
1089.8,13.7,104.22
1089.9,14.2,104.22
1090.0,0.0,104.22
1090.1,0.0,104.22
1090.2,0.0,104.22
1090.3,0.0,104.22
1090.4,14.7,104.22
1090.5,0.0,104.22
1090.6,0.0,104.22
1090.7,0.0,104.22
1090.8,14.8,104.22
1090.9,14.4,104.22
1091.0,14.7,104.22
1091.1,14.3,104.22
1091.2,13.8,104.22
1091.3,13.0,104.22
1091.4,13.5,104.22
1091.5,25.3,104.22
1091.6,13.6,104.22
1091.7,13.0,104.22
1091.8,13.8,104.22
1091.9,12.9,104.22
1092.0,13.5,104.22
1092.1,13.2,104.22
1092.2,0.0,104.22
1092.3,0.0,104.22
1092.4,13.0,104.22
1092.5,13.0,104.22
1092.6,13.8,104.22
1092.7,13.7,104.22
1092.8,13.6,104.22
1092.9,14.1,104.22
1093.0,25.6,104.22
1093.1,13.7,104.22
1093.2,13.4,104.22
1093.3,14.0,104.22
1093.4,13.0,104.22
1093.5,13.6,104.22
1093.6,14.3,104.22
1093.7,13.6,104.22
1093.8,24.6,104.22
1093.9,12.8,104.22
1094.0,26.2,104.22
1094.1,13.4,104.22
1094.2,14.2,104.22
1094.3,14.3,104.22
1094.4,13.7,104.22
1094.5,0.0,104.22
1094.6,13.5,104.22
1094.7,13.3,104.22
1094.8,13.4,104.22
1094.9,24.6,104.22
1095.0,14.3,104.22
1095.1,14.4,104.22
1095.2,13.7,104.22
1095.3,14.0,104.22
1095.4,13.4,104.22
1095.5,12.8,104.22
1095.6,12.7,104.22
1095.7,12.9,104.22
1095.8,0.0,104.22
1095.9,13.9,104.22
1096.0,12.9,104.22
1096.1,0.0,104.22
1096.2,13.0,104.22
1096.3,13.6,104.22
1096.4,13.1,104.22
1096.5,26.7,104.22
1096.6,0.0,104.22
1096.7,0.0,104.22
1096.8,12.9,104.22
1096.9,0.0,104.22
1097.0,13.9,104.22
1097.1,13.6,104.22
1097.2,13.6,104.22
1097.3,12.8,104.22
1097.4,13.4,104.22
1097.5,25.2,104.22
1097.6,13.5,104.22
1097.7,24.6,104.22
1097.8,0.0,104.22
1097.9,0.0,104.22
1098.0,12.9,104.22
1098.1,0.0,104.22
1098.2,0.0,104.22
1098.3,0.0,104.22
1098.4,12.7,104.22
1098.5,12.8,104.22
1098.6,14.4,104.22
1098.7,13.2,104.22
1098.8,12.7,104.22
1098.9,13.5,104.22
1099.0,13.3,104.22
1099.1,12.8,104.21
1099.2,25.7,104.21
1099.3,13.2,104.21
1099.4,0.0,104.21
1099.5,12.8,104.21
1099.6,13.8,104.21
1099.7,13.0,104.21
1099.8,0.0,104.21
1099.9,13.1,104.21
1100.0,13.4,104.21
1100.1,13.5,104.21
1100.2,14.2,104.21
1100.3,13.3,104.21
1100.4,0.0,104.21
1100.5,13.0,104.21
1100.6,13.3,104.21
1100.7,13.7,104.21
1100.8,25.9,104.21
1100.9,13.3,104.21
1101.0,25.7,104.21
1101.1,26.5,104.21
1101.2,13.3,104.21
1101.3,26.6,104.21
1101.4,12.7,104.21
1101.5,13.6,104.21
1101.6,25.5,104.21
1101.7,25.1,104.21
1101.8,12.7,104.21
1101.9,13.5,104.21
1102.0,25.6,104.21
1102.1,13.3,104.21
1102.2,12.3,104.21
1102.3,0.0,104.21
1102.4,13.2,104.21
1102.5,25.9,104.21
1102.6,13.4,104.21
1102.7,0.0,104.21
1102.8,13.6,104.21
1102.9,25.7,104.21
1103.0,13.4,104.21
1103.1,25.6,104.21
1103.2,13.5,104.21
1103.3,13.0,104.21
1103.4,13.1,104.21
1103.5,13.6,104.21
1103.6,13.6,104.21
1103.7,13.3,104.21
1103.8,25.4,104.21
1103.9,13.4,104.21
1104.0,13.4,104.21
1104.1,13.6,104.21
1104.2,25.4,104.21
1104.3,13.2,104.21
1104.4,12.9,104.21
1104.5,12.9,104.21
1104.6,25.5,104.21
1104.7,13.6,104.21
1104.8,12.8,104.21
1104.9,13.4,104.21
1105.0,12.6,104.21
1105.1,13.6,104.21
1105.2,25.3,104.21
1105.3,13.3,104.21
1105.4,13.5,104.21
1105.5,13.7,104.21
1105.6,13.2,104.21
1105.7,12.9,104.21
1105.8,13.0,104.21
1105.9,25.7,104.21
1106.0,13.4,104.21
1106.1,12.7,104.21
1106.2,13.6,104.21
1106.3,12.8,104.21
1106.4,12.9,104.21
1106.5,26.0,104.21
1106.6,12.8,104.21
1106.7,12.8,104.21
1106.8,13.7,104.21
1106.9,13.4,104.21
1107.0,13.4,104.21
1107.1,13.1,104.21
1107.2,13.3,104.21
1107.3,12.8,104.21
1107.4,13.1,104.21
1107.5,13.5,104.21
1107.6,13.1,104.21
1107.7,0.0,104.21
1107.8,12.7,104.21
1107.9,0.0,104.21
1108.0,13.9,104.21
1108.1,14.3,104.21
1108.2,12.8,104.21
1108.3,12.7,104.21
1108.4,12.7,104.21
1108.5,13.6,104.21
1108.6,24.8,104.21
1108.7,13.7,104.21
1108.8,26.0,104.21
1108.9,13.2,104.21
1109.0,12.8,104.21
1109.1,13.4,104.21
1109.2,12.8,104.21
1109.3,13.2,104.21
1109.4,13.3,104.21
1109.5,0.0,104.21
1109.6,14.1,104.21
1109.7,13.3,104.21
1109.8,0.0,104.21
1109.9,13.4,104.21
1110.0,13.6,104.21
1110.1,13.3,104.21
1110.2,13.2,104.21
1110.3,0.0,104.21
1110.4,13.5,104.21
1110.5,13.3,104.21
1110.6,0.0,104.21
1110.7,13.3,104.21
1110.8,25.2,104.21
1110.9,13.5,104.21
1111.0,11.9,104.21
1111.1,12.7,104.21
1111.2,12.8,104.21
1111.3,13.5,104.21
1111.4,12.9,104.21
1111.5,13.6,104.21
1111.6,25.6,104.21
1111.7,13.5,104.21
1111.8,25.1,104.21
1111.9,13.0,104.21
1112.0,12.6,104.21
1112.1,13.6,104.21
1112.2,24.6,104.21
1112.3,13.6,104.21
1112.4,12.7,104.21
1112.5,12.9,104.21
1112.6,13.5,104.21
1112.7,12.9,104.21
1112.8,13.2,104.21
1112.9,12.8,104.21
1113.0,13.4,104.21
1113.1,25.4,104.21
1113.2,13.5,104.21
1113.3,12.8,104.22
1113.4,13.9,104.22
1113.5,13.0,104.22
1113.6,13.3,104.22
1113.7,13.9,104.22
1113.8,13.5,104.22
1113.9,26.3,104.22
1114.0,14.0,104.22
1114.1,13.5,104.22
1114.2,12.9,104.22
1114.3,13.8,104.22
1114.4,12.6,104.22
1114.5,0.0,104.22
1114.6,13.3,104.22
1114.7,13.6,104.22
1114.8,13.8,104.22
1114.9,12.9,104.22
1115.0,13.2,104.22
1115.1,13.6,104.22
1115.2,25.0,104.22
1115.3,13.8,104.22
1115.4,13.3,104.22
1115.5,0.0,104.22
1115.6,13.4,104.22
1115.7,25.9,104.22
1115.8,13.5,104.22
1115.9,25.6,104.22
1116.0,13.5,104.22
1116.1,12.8,104.22
1116.2,13.4,104.22
1116.3,12.9,104.22
1116.4,0.0,104.22
1116.5,12.7,104.22
1116.6,12.9,104.22
1116.7,25.2,104.22
1116.8,13.5,104.22
1116.9,12.4,104.22
1117.0,13.6,104.22
1117.1,13.6,104.22
1117.2,12.8,104.22
1117.3,13.6,104.22
1117.4,12.8,104.22
1117.5,0.0,104.22
1117.6,13.2,104.22
1117.7,13.2,104.22
1117.8,25.8,104.22
1117.9,12.9,104.22
1118.0,12.8,104.22
1118.1,13.2,105.27
1118.2,101.4,105.27
1118.3,113.0,105.27
1118.4,108.6,105.27
1118.5,29.5,105.29
1118.6,25.2,105.29
1118.7,13.2,105.29
1118.8,13.8,105.29
1118.9,13.6,105.29
1119.0,13.3,105.29
1119.1,12.8,105.29
1119.2,13.5,105.29
1119.3,12.9,105.29
1119.4,13.5,105.29
1119.5,25.3,105.29
1119.6,12.9,105.29
1119.7,13.9,105.29
1119.8,13.7,105.29
1119.9,25.4,105.29
1120.0,13.9,105.29
1120.1,12.6,105.3
1120.2,13.6,105.3
1120.3,12.4,105.3
1120.4,13.3,105.3
1120.5,13.5,105.3
1120.6,13.0,105.3
1120.7,13.3,105.3
1120.8,13.3,105.3
1120.9,13.3,105.3
1121.0,13.2,105.3
1121.1,13.5,105.3
1121.2,13.4,105.3
1121.3,14.7,105.3
1121.4,0.0,105.3
1121.5,0.0,105.3
1121.6,0.0,105.3
1121.7,0.0,105.3
1121.8,43.3,105.36
1121.9,111.8,105.35
1122.0,56.8,105.35
1122.1,0.0,105.39
1122.2,0.0,105.39
1122.3,14.7,105.39
1122.4,14.3,105.39
1122.5,14.1,105.39
1122.6,14.3,105.39
1122.7,14.8,105.39
1122.8,0.0,105.39
1122.9,0.0,105.39
1123.0,0.0,105.39
1123.1,12.5,105.39
1123.2,13.4,105.39
1123.3,12.8,105.39
1123.4,13.7,105.39
1123.5,13.3,105.39
1123.6,12.8,105.39
1123.7,13.0,105.39
1123.8,13.6,105.39
1123.9,13.4,105.39
1124.0,13.3,105.39
1124.1,0.0,105.39
1124.2,13.0,105.39
1124.3,13.5,105.39
1124.4,12.8,105.39
1124.5,13.5,105.39
1124.6,25.6,105.39
1124.7,13.0,105.39
1124.8,12.6,105.39
1124.9,13.6,105.39
1125.0,0.0,105.39
1125.1,12.6,105.39
1125.2,0.0,105.39
1125.3,12.7,105.39
1125.4,13.0,105.39
1125.5,13.5,105.39
1125.6,13.0,105.39
1125.7,12.8,105.39
1125.8,13.6,105.39
1125.9,12.8,105.39
1126.0,25.5,105.39
1126.1,13.8,105.39
1126.2,13.6,105.39
1126.3,12.9,105.39
1126.4,13.7,105.39
1126.5,12.9,105.39
1126.6,13.6,105.41
1126.7,38.4,105.41
1126.8,12.7,105.41
1126.9,13.1,105.41
1127.0,13.7,105.41
1127.1,13.0,105.41
1127.2,0.0,105.41
1127.3,13.6,105.41
1127.4,12.8,105.41
1127.5,13.4,105.41
1127.6,25.2,105.41
1127.7,13.6,105.41
1127.8,12.8,105.41
1127.9,13.5,105.41
1128.0,12.8,105.41
1128.1,13.3,105.41
1128.2,25.5,105.41
1128.3,13.5,105.41
1128.4,12.7,105.41
1128.5,13.6,105.41
1128.6,12.6,105.41
1128.7,0.0,105.41
1128.8,25.2,105.41
1128.9,13.7,105.41
1129.0,25.5,105.41
1129.1,13.4,105.41
1129.2,13.3,105.41
1129.3,13.5,105.41
1129.4,13.6,105.41
1129.5,12.7,105.41
1129.6,13.6,105.41
1129.7,12.9,105.41
1129.8,13.7,105.41
1129.9,13.0,105.41
1130.0,13.6,105.41
1130.1,12.7,105.41
1130.2,13.3,105.41
1130.3,24.5,105.41
1130.4,12.7,105.41
1130.5,25.3,105.41
1130.6,13.6,105.41
1130.7,0.0,105.41
1130.8,13.4,105.41
1130.9,13.7,105.41
1131.0,13.6,105.41
1131.1,13.5,105.41
1131.2,13.6,105.11
1131.3,12.6,105.12
1131.4,12.9,105.12
1131.5,13.5,105.12
1131.6,12.7,105.12
1131.7,12.7,105.2
1131.8,12.9,105.2
1131.9,26.3,105.2
1132.0,0.0,105.2
1132.1,0.0,105.21
1132.2,28.2,122.11
1132.3,109.1,125.62
1132.4,106.7,129.16
1132.5,132.4,133.41
1132.6,120.0,138.32
1132.7,107.3,140.68
1132.8,109.5,144.24
1132.9,119.8,148.31
1133.0,104.6,153.25
1133.1,126.7,157.42
1133.2,108.3,162.48
1133.3,117.2,168.18
1133.4,107.9,171.68
1133.5,111.1,175.91
1133.6,104.7,179.42
1133.7,94.8,182.41
1133.8,113.0,185.57
1133.9,100.5,188.89
1134.0,104.9,192.33
1134.1,112.7,195.52
1134.2,112.8,197.49
1134.3,95.4,202.28
1134.4,116.7,205.54
1134.5,103.6,207.32
1134.6,102.8,210.51
1134.7,89.0,212.96
1134.8,115.9,215.98
1134.9,109.6,218.86
1135.0,82.0,219.24
1135.1,111.0,220.46
1135.2,97.9,222.49
1135.3,98.5,225.43
1135.4,124.9,226.28
1135.5,109.7,227.21
1135.6,105.4,228.95
1135.7,90.0,229.25
1135.8,119.2,229.62
1135.9,96.1,230.91
1136.0,110.0,232.69
1136.1,114.1,233.47
1136.2,102.2,235.8
1136.3,106.8,236.38
1136.4,113.9,237.79
1136.5,109.3,240.61
1136.6,100.2,242.77
1136.7,99.5,244.23
1136.8,98.1,246.3
1136.9,96.8,249.09
1137.0,115.4,249.87
1137.1,120.7,250.64
1137.2,97.8,252.93
1137.3,99.5,255.53
1137.4,96.0,256.28
1137.5,108.2,257.31
1137.6,111.3,259.16
1137.7,110.4,259.85
1137.8,118.2,261.19
1137.9,104.2,262.85
1138.0,116.4,263.54
1138.1,111.0,264.76
1138.2,108.2,266.79
1138.3,113.0,268.32
1138.4,107.5,270.36
1138.5,114.5,270.73
1138.6,108.5,271.27
1138.7,99.4,273.68
1138.8,100.5,274.18
1138.9,99.2,276.22
1139.0,114.9,278.25
1139.1,100.3,281.19
1139.2,99.5,282.71
1139.3,90.8,284.38
1139.4,110.0,287.13
1139.5,107.8,287.52
1139.6,110.2,300.8
1139.7,113.4,315.78
1139.8,102.6,321.88
1139.9,84.1,335.09
1140.0,117.2,342.13
1140.1,101.3,342.13
1140.2,115.2,342.13
1140.3,112.3,342.13
1140.4,113.8,342.13
1140.5,116.5,342.13
1140.6,109.8,342.13
1140.7,123.0,342.13
1140.8,108.0,342.13
1140.9,116.8,342.13
1141.0,96.1,342.13
1141.1,122.6,342.13
1141.2,103.1,342.13
1141.3,93.5,342.13
1141.4,101.5,342.13
1141.5,124.4,342.13
1141.6,85.5,264.05
1141.7,28.6,105.22
1141.8,13.5,105.22
1141.9,12.8,105.22
1142.0,13.5,105.22
1142.1,11.5,105.22
