time_offset_sec,cpu_percent,memory_rss_mb
0.0,92.1,120.3
0.1,86.8,120.35
0.2,102.9,120.52
0.3,86.2,120.7
0.4,25.7,120.77
0.5,0.0,120.77
0.6,13.9,120.77
0.7,13.2,120.77
0.8,0.0,120.77
0.9,13.6,120.77
1.0,14.1,120.77
1.1,14.2,120.77
1.2,25.6,120.77
1.3,0.0,120.77
1.4,13.7,120.77
1.5,26.4,120.8
1.6,13.4,120.8
1.7,13.6,120.8
1.8,25.7,120.8
1.9,13.8,120.8
2.0,13.4,120.8
2.1,13.5,120.8
2.2,24.7,120.8
2.3,26.1,120.8
2.4,12.9,120.8
2.5,12.9,120.8
2.6,12.4,120.8
2.7,13.3,120.8
2.8,13.2,120.8
2.9,12.9,120.8
3.0,0.0,120.8
3.1,24.9,120.8
3.2,13.1,120.8
3.3,25.0,120.8
3.4,13.2,120.8
3.5,0.0,120.8
3.6,26.4,120.8
3.7,13.4,120.8
3.8,13.3,120.8
3.9,13.0,120.8
4.0,12.7,120.8
4.1,12.5,120.8
4.2,0.0,120.8
4.3,13.4,120.8
4.4,26.3,120.8
4.5,13.5,120.8
4.6,26.1,120.8
4.7,24.9,120.8
4.8,12.2,120.8
4.9,13.5,120.8
5.0,12.5,120.8
5.1,12.9,120.8
5.2,39.9,120.8
5.3,13.2,120.8
5.4,13.4,120.8
5.5,53.8,120.91
5.6,106.7,121.19
5.7,95.4,121.73
5.8,41.2,121.94
5.9,13.6,121.96
6.0,12.9,121.96
6.1,13.6,121.96
6.2,13.0,121.96
6.3,13.1,121.96
6.4,13.3,121.96
6.5,12.4,122.03
6.6,12.8,122.03
6.7,13.4,122.03
6.8,12.9,122.03
6.9,12.6,122.03
7.0,12.7,122.03
7.1,13.0,122.03
7.2,13.7,122.03
7.3,13.5,122.07
7.4,14.6,122.07
7.5,13.7,122.07
7.6,13.4,122.07
7.7,12.3,122.07
7.8,13.4,122.07
7.9,12.8,122.07
8.0,12.8,122.07
8.1,13.3,122.07
8.2,13.4,122.07
8.3,13.0,122.07
8.4,13.3,122.07
8.5,12.7,122.07
8.6,0.0,122.07
8.7,13.6,122.07
8.8,12.9,122.07
8.9,12.5,122.07
9.0,12.9,122.07
9.1,13.4,122.07
9.2,13.0,122.07
9.3,14.0,122.07
9.4,13.0,122.07
9.5,24.0,122.07
9.6,12.8,122.07
9.7,26.2,122.07
9.8,25.2,122.07
9.9,13.2,122.07
10.0,13.5,122.07
10.1,25.0,122.07
10.2,11.8,122.07
10.3,13.7,122.07
10.4,13.7,122.07
10.5,12.6,122.07
10.6,0.0,122.07
10.7,13.3,122.07
10.8,13.3,122.07
10.9,13.6,122.07
11.0,13.3,122.07
11.1,13.0,122.07
11.2,13.7,122.07
11.3,13.6,122.07
11.4,13.4,122.07
11.5,12.7,122.07
11.6,13.7,122.07
11.7,12.7,122.07
11.8,13.4,122.07
11.9,24.6,122.07
12.0,12.5,122.07
12.1,13.4,122.07
12.2,13.0,122.07
12.3,13.7,122.07
12.4,13.7,122.07
12.5,13.7,122.07
12.6,13.3,122.07
12.7,12.7,122.07
12.8,13.3,122.07
12.9,14.3,122.07
13.0,13.9,122.07
13.1,26.4,122.07
13.2,13.9,122.07
13.3,25.9,122.07
13.4,13.6,122.07
13.5,24.3,122.07
13.6,13.1,122.07
13.7,13.0,122.07
13.8,38.2,135.46
13.9,0.0,122.13
14.0,13.8,122.13
14.1,13.4,122.13
14.2,13.4,122.13
14.3,13.0,122.13
14.4,13.4,122.13
14.5,13.4,122.13
14.6,13.4,122.13
14.7,13.6,122.13
14.8,13.6,122.13
14.9,12.6,122.13
15.0,13.3,122.16
15.1,13.9,122.16
15.2,24.9,122.16
15.3,13.6,122.16
15.4,13.3,122.16
15.5,11.8,122.16
15.6,13.2,122.16
15.7,13.4,122.16
15.8,12.6,122.16
15.9,13.2,122.16
16.0,24.5,122.16
16.1,13.5,122.16
16.2,13.5,122.16
16.3,26.6,122.16
16.4,13.5,122.16
16.5,26.1,122.16
16.6,24.9,122.16
16.7,13.5,122.16
16.8,13.7,122.16
16.9,13.9,122.16
17.0,13.7,122.16
17.1,13.3,122.16
17.2,13.6,122.16
17.3,25.7,122.16
17.4,13.8,122.16
17.5,13.5,122.16
17.6,13.6,122.16
17.7,0.0,122.16
17.8,13.3,122.16
17.9,13.6,122.16
18.0,13.3,122.16
18.1,13.7,122.16
18.2,25.0,122.16
18.3,13.7,122.16
18.4,26.8,122.16
18.5,13.3,122.16
18.6,13.9,122.16
18.7,13.5,122.16
18.8,14.2,122.16
18.9,13.0,122.16
19.0,13.1,122.16
19.1,13.5,122.16
19.2,0.0,122.16
19.3,0.0,122.16
19.4,12.2,122.16
19.5,13.5,122.16
19.6,13.0,122.16
19.7,13.3,122.16
19.8,13.4,122.16
19.9,13.4,122.16
20.0,13.3,122.16
20.1,13.3,122.16
20.2,13.6,122.16
20.3,24.9,122.16
20.4,13.8,122.16
20.5,25.5,122.16
20.6,14.2,122.16
20.7,24.4,122.16
20.8,25.6,122.16
20.9,13.2,122.16
21.0,13.2,122.16
21.1,13.5,122.16
21.2,12.9,122.16
21.3,13.4,122.16
21.4,14.3,122.16
21.5,25.0,122.16
21.6,14.3,122.16
21.7,13.3,122.16
21.8,0.0,122.16
21.9,13.3,122.16
22.0,14.1,122.16
22.1,14.6,122.16
22.2,12.5,122.16
22.3,25.7,122.16
22.4,13.3,122.16
22.5,13.4,122.16
22.6,13.7,122.16
22.7,25.2,122.16
22.8,12.4,122.16
22.9,13.4,122.16
23.0,13.3,122.16
23.1,13.4,122.16
23.2,13.4,122.16
23.3,13.5,122.16
23.4,12.6,122.16
23.5,0.0,122.16
23.6,13.5,122.16
23.7,13.0,122.16
23.8,13.6,122.16
23.9,13.3,122.16
24.0,13.3,122.16
24.1,13.5,122.16
24.2,13.3,122.16
24.3,12.8,122.16
24.4,12.9,122.16
24.5,0.0,122.16
24.6,0.0,122.16
24.7,13.1,122.16
24.8,0.0,122.16
24.9,13.2,122.16
25.0,12.5,122.16
25.1,13.2,122.16
25.2,13.0,122.16
25.3,13.3,122.16
25.4,13.7,122.16
25.5,13.1,122.2
25.6,14.6,122.2
25.7,13.4,122.2
25.8,13.4,122.2
25.9,25.5,122.2
26.0,13.4,122.2
26.1,13.4,122.2
26.2,0.0,122.2
26.3,13.9,122.2
26.4,13.4,122.2
26.5,13.2,122.2
26.6,13.1,122.2
26.7,13.3,122.2
26.8,12.4,122.2
26.9,13.8,122.2
27.0,24.3,122.2
27.1,13.5,122.2
27.2,0.0,122.2
27.3,13.4,122.2
27.4,13.2,122.2
27.5,13.6,122.2
27.6,13.5,122.2
27.7,12.3,122.2
27.8,24.4,122.2
27.9,14.1,122.2
28.0,24.9,122.2
28.1,0.0,122.2
28.2,13.5,122.2
28.3,24.7,122.2
28.4,25.0,122.2
28.5,12.8,122.2
28.6,13.2,122.2
28.7,13.0,122.2
28.8,24.9,122.2
28.9,13.3,122.2
29.0,0.0,122.2
29.1,13.5,122.2
29.2,13.5,122.2
29.3,13.0,122.2
29.4,13.1,122.2
29.5,12.8,122.2
29.6,0.0,122.2
29.7,13.5,122.2
29.8,26.0,122.2
29.9,12.9,122.2
30.0,13.5,122.2
30.1,13.8,122.2
30.2,14.3,122.2
30.3,25.9,122.2
30.4,13.7,122.2
30.5,26.4,122.2
30.6,14.0,122.2
30.7,14.3,122.2
30.8,13.7,122.2
30.9,12.3,122.2
31.0,12.7,122.2
31.1,12.9,122.2
31.2,12.3,122.2
31.3,11.6,122.2
31.4,24.9,122.2
31.5,13.3,122.2
31.6,26.7,122.2
31.7,13.3,122.2
31.8,13.3,122.2
31.9,24.6,122.2
32.0,13.5,122.2
32.1,13.2,122.2
32.2,13.4,122.2
32.3,0.0,122.2
32.4,25.4,122.2
32.5,13.4,122.2
32.6,13.3,122.2
32.7,13.6,122.2
32.8,26.7,122.2
32.9,13.1,122.2
33.0,12.6,122.2
33.1,12.4,122.2
33.2,0.0,122.2
33.3,12.6,122.2
33.4,12.9,122.2
33.5,12.3,122.2
33.6,13.2,122.2
33.7,25.7,122.2
33.8,25.4,122.2
33.9,13.9,122.2
34.0,13.0,122.2
34.1,13.8,122.2
34.2,13.1,122.2
34.3,13.6,122.2
34.4,12.4,122.2
34.5,13.2,122.2
34.6,12.7,122.2
34.7,12.6,122.2
34.8,13.4,122.2
34.9,13.4,122.2
35.0,12.9,122.2
35.1,14.7,122.2
35.2,13.3,122.2
35.3,0.0,122.2
35.4,13.6,122.2
35.5,14.2,122.2
35.6,25.7,122.2
35.7,13.7,122.2
35.8,13.3,122.2
35.9,13.1,122.2
36.0,12.5,122.2
36.1,13.7,122.2
36.2,13.6,122.2
36.3,13.6,122.2
36.4,12.5,122.2
36.5,26.0,122.2
36.6,13.8,122.2
36.7,13.7,122.2
36.8,0.0,122.2
36.9,0.0,122.2
37.0,13.9,122.2
37.1,13.8,122.2
37.2,14.0,122.2
37.3,26.6,122.2
37.4,0.0,122.2
37.5,12.9,122.2
37.6,13.4,122.2
37.7,13.4,122.2
37.8,13.1,122.2
37.9,13.5,122.2
38.0,13.1,122.2
38.1,13.5,122.2
38.2,12.7,122.2
38.3,13.4,122.2
38.4,13.9,122.2
38.5,24.8,122.2
38.6,13.3,122.2
38.7,12.5,122.2
38.8,13.4,122.2
38.9,13.8,122.2
39.0,13.4,122.2
39.1,24.4,122.2
39.2,13.2,122.2
39.3,13.1,122.2
39.4,26.8,122.2
39.5,12.6,122.2
39.6,13.0,122.2
39.7,13.3,122.2
39.8,13.4,122.2
39.9,13.4,122.2
40.0,12.5,122.2
40.1,13.6,122.2
40.2,13.3,122.2
40.3,13.5,122.2
40.4,12.5,122.2
40.5,13.5,122.2
40.6,13.7,122.2
40.7,13.8,122.2
40.8,13.3,122.2
40.9,13.8,122.2
41.0,13.5,122.2
41.1,26.3,122.2
41.2,13.4,122.2
41.3,0.0,122.2
41.4,13.1,122.2
41.5,25.3,122.2
41.6,12.9,122.2
41.7,13.3,122.2
41.8,13.3,122.2
41.9,13.6,122.2
42.0,13.3,122.2
42.1,13.8,122.2
42.2,13.4,122.2
42.3,26.7,122.2
42.4,13.6,122.2
42.5,13.9,122.2
42.6,13.5,122.2
42.7,13.4,122.2
42.8,13.3,122.2
42.9,13.4,122.2
43.0,25.1,122.2
43.1,14.3,122.2
43.2,13.3,122.2
43.3,13.3,122.2
43.4,13.8,122.2
43.5,13.4,122.2
43.6,13.0,122.2
43.7,13.6,122.2
43.8,13.0,122.2
43.9,13.4,122.2
44.0,13.5,122.2
44.1,0.0,122.2
44.2,13.2,122.2
44.3,26.7,122.2
44.4,13.4,122.2
44.5,25.3,122.2
44.6,13.3,122.2
44.7,12.6,122.2
44.8,13.4,122.2
44.9,13.0,122.2
45.0,13.7,122.2
45.1,13.9,122.2
45.2,13.3,122.2
45.3,13.1,122.2
45.4,12.8,122.2
45.5,24.9,122.2
45.6,25.2,122.2
45.7,13.5,122.2
45.8,13.5,122.2
45.9,13.5,122.2
46.0,13.2,122.2
46.1,0.0,122.2
46.2,13.6,122.2
46.3,25.1,122.2
46.4,13.4,122.2
46.5,25.3,122.2
46.6,26.2,122.2
46.7,24.9,122.2
46.8,13.0,122.2
46.9,13.3,122.2
47.0,13.3,122.2
47.1,13.5,122.2
47.2,13.7,122.2
47.3,24.7,122.2
47.4,13.3,122.2
47.5,24.8,122.2
47.6,13.4,122.2
47.7,13.3,122.2
47.8,13.4,122.2
47.9,12.4,122.2
48.0,13.1,122.2
48.1,25.0,122.2
48.2,0.0,122.2
48.3,13.7,122.2
48.4,13.4,122.2
48.5,12.4,122.2
48.6,0.0,122.2
48.7,0.0,122.2
48.8,11.6,122.2
48.9,26.0,122.2
49.0,13.3,122.2
49.1,26.8,122.2
49.2,13.4,122.2
49.3,13.6,122.2
49.4,0.0,122.2
49.5,13.5,122.2
49.6,25.3,122.2
49.7,13.4,122.2
49.8,13.3,122.2
49.9,13.4,122.2
50.0,13.4,122.2
50.1,12.4,122.2
50.2,13.5,122.2
50.3,12.8,122.2
50.4,24.9,122.2
50.5,24.8,122.2
50.6,26.1,122.2
50.7,25.1,122.2
50.8,13.7,122.2
50.9,13.5,122.2
51.0,13.5,122.2
51.1,25.5,122.2
51.2,13.4,122.2
51.3,0.0,122.2
51.4,13.1,122.2
51.5,26.4,122.2
51.6,13.2,122.2
51.7,13.7,122.2
51.8,14.1,122.2
51.9,13.2,122.2
52.0,13.3,122.2
52.1,12.9,122.2
52.2,13.4,122.2
52.3,14.2,122.2
52.4,25.3,122.18
52.5,25.0,122.18
52.6,13.4,122.18
52.7,13.5,122.18
52.8,14.0,122.18
52.9,13.4,122.18
53.0,13.4,122.18
53.1,13.3,122.18
53.2,0.0,122.18
53.3,13.7,122.18
53.4,14.2,122.18
53.5,25.2,122.18
53.6,14.2,122.18
53.7,12.9,122.18
53.8,13.8,122.18
53.9,13.7,122.18
54.0,13.9,122.18
54.1,14.3,122.18
54.2,26.7,122.18
54.3,13.7,122.18
54.4,13.6,122.18
54.5,13.1,122.18
54.6,13.5,122.18
54.7,12.8,122.18
54.8,14.7,122.18
54.9,13.8,122.18
55.0,13.5,122.18
55.1,13.5,122.18
55.2,14.1,122.18
55.3,13.8,122.18
55.4,13.3,122.18
55.5,13.5,122.18
55.6,13.0,122.18
55.7,13.8,122.18
55.8,13.4,122.18
55.9,13.5,122.18
56.0,26.9,122.18
56.1,13.0,122.18
56.2,0.0,122.18
56.3,13.4,122.18
56.4,13.4,122.18
56.5,12.4,122.18
56.6,13.5,122.18
56.7,13.8,122.18
56.8,0.0,122.18
56.9,0.0,122.18
57.0,13.5,122.18
57.1,13.3,122.18
57.2,13.3,122.18
57.3,13.3,122.18
57.4,13.5,122.18
57.5,13.1,122.18
57.6,13.4,122.18
57.7,13.4,122.18
57.8,12.5,122.18
57.9,13.3,122.18
58.0,13.3,122.18
58.1,13.2,122.18
58.2,13.8,122.18
58.3,12.6,122.18
58.4,26.2,122.18
58.5,13.5,122.18
58.6,12.1,122.18
58.7,13.1,122.18
58.8,26.4,122.18
58.9,13.1,122.18
59.0,12.4,122.18
59.1,12.7,122.18
59.2,13.2,122.18
59.3,25.1,122.18
59.4,13.4,122.18
59.5,12.7,122.18
59.6,13.0,122.18
59.7,25.7,122.18
59.8,13.1,122.18
59.9,12.7,122.18
60.0,26.1,122.18
60.1,0.0,122.18
60.2,13.5,122.18
60.3,13.5,122.18
60.4,24.9,122.18
60.5,13.7,122.18
60.6,0.0,122.18
60.7,13.2,122.18
60.8,13.8,122.18
60.9,13.2,122.18
61.0,13.6,122.18
61.1,13.5,122.18
61.2,13.7,122.18
61.3,26.1,122.18
61.4,0.0,122.18
61.5,26.7,122.18
61.6,13.5,122.18
61.7,13.4,122.18
61.8,13.4,122.18
61.9,25.1,122.18
62.0,13.2,122.18
62.1,0.0,122.18
62.2,13.1,122.18
62.3,13.4,122.18
62.4,13.4,122.18
62.5,13.7,122.18
62.6,26.5,122.18
62.7,13.4,122.18
62.8,12.9,122.18
62.9,12.6,122.18
63.0,13.0,122.18
63.1,13.2,122.18
63.2,26.0,122.18
63.3,0.0,122.18
63.4,26.8,122.18
63.5,12.8,122.18
63.6,13.8,122.18
63.7,13.7,122.18
63.8,25.9,122.18
63.9,13.5,122.18
64.0,13.5,122.18
64.1,13.4,122.18
64.2,24.8,122.18
64.3,13.4,122.18
64.4,13.0,122.18
64.5,13.3,122.18
64.6,0.0,122.18
64.7,12.9,122.18
64.8,13.5,122.18
64.9,13.6,122.18
65.0,0.0,122.18
65.1,25.9,122.18
65.2,25.2,122.18
65.3,13.4,122.18
65.4,0.0,122.18
65.5,13.3,122.18
65.6,13.3,122.18
65.7,13.4,122.18
65.8,13.0,122.18
65.9,13.7,122.18
66.0,13.3,122.18
66.1,13.2,122.18
66.2,13.2,122.18
66.3,13.5,122.18
66.4,13.4,122.18
66.5,13.1,122.18
66.6,13.8,122.18
66.7,24.9,122.18
66.8,24.4,122.18
66.9,13.6,122.18
67.0,13.6,122.18
67.1,13.5,122.18
67.2,14.1,122.18
67.3,14.0,122.18
67.4,0.0,122.18
67.5,12.6,122.18
67.6,13.4,122.18
67.7,13.3,122.18
67.8,12.6,122.18
67.9,26.5,122.18
68.0,13.0,122.18
68.1,12.8,122.18
68.2,25.5,122.18
68.3,13.4,122.18
68.4,0.0,122.18
68.5,14.2,122.18
68.6,13.3,122.18
68.7,13.4,122.18
68.8,13.4,122.18
68.9,25.7,122.18
69.0,25.1,122.18
69.1,13.5,122.18
69.2,12.9,122.18
69.3,13.9,122.18
69.4,26.2,122.18
69.5,25.4,122.18
69.6,12.8,122.18
69.7,13.4,122.18
69.8,13.9,122.18
69.9,25.8,122.18
70.0,13.0,122.18
70.1,13.4,122.18
70.2,0.0,122.18
70.3,25.5,122.18
70.4,14.2,122.18
70.5,13.8,122.18
70.6,12.3,122.18
70.7,13.4,122.18
70.8,13.0,122.18
70.9,12.9,122.18
71.0,13.6,122.18
71.1,0.0,122.18
71.2,13.6,122.18
71.3,14.2,122.18
71.4,13.4,122.18
71.5,13.5,122.18
71.6,13.1,122.18
71.7,12.4,122.18
71.8,0.0,122.18
71.9,12.8,122.18
72.0,0.0,122.18
72.1,12.6,122.18
72.2,0.0,122.18
72.3,14.4,122.18
72.4,13.6,122.18
72.5,13.3,122.18
72.6,13.3,122.18
72.7,13.6,122.18
72.8,13.4,122.18
72.9,0.0,122.18
73.0,13.4,122.18
73.1,0.0,122.18
73.2,13.4,122.18
73.3,13.1,122.18
73.4,26.3,122.18
73.5,12.9,122.18
73.6,13.2,122.18
73.7,12.7,122.18
73.8,25.4,122.18
73.9,14.2,122.18
74.0,13.5,122.18
74.1,13.7,122.18
74.2,0.0,122.18
74.3,26.1,122.18
74.4,13.5,122.18
74.5,14.0,122.18
74.6,0.0,122.18
74.7,12.8,122.18
74.8,13.5,122.18
74.9,13.5,122.18
75.0,13.5,122.18
75.1,13.6,122.18
75.2,13.6,122.18
75.3,13.6,122.18
75.4,12.8,122.18
75.5,12.8,122.18
75.6,13.5,122.18
75.7,13.6,122.18
75.8,13.6,122.18
75.9,12.7,122.18
76.0,12.8,122.18
76.1,14.1,122.19
76.2,0.0,122.19
76.3,0.0,122.19
76.4,14.2,122.19
76.5,13.7,122.19
76.6,13.5,122.19
76.7,13.5,122.19
76.8,13.6,122.19
76.9,13.7,122.19
77.0,13.8,122.19
77.1,13.7,122.19
77.2,14.1,122.19
77.3,13.6,122.19
77.4,12.9,122.19
77.5,13.7,122.19
77.6,12.9,122.19
77.7,13.5,122.19
77.8,13.2,122.19
77.9,13.7,122.19
78.0,13.5,122.19
78.1,13.5,122.19
78.2,14.0,122.19
78.3,12.9,122.19
78.4,13.6,122.19
78.5,13.0,122.19
78.6,12.9,122.19
78.7,13.9,122.19
78.8,13.6,122.19
78.9,13.1,122.19
79.0,13.6,122.19
79.1,25.2,122.19
79.2,13.6,122.19
79.3,13.4,122.19
79.4,12.4,122.19
79.5,13.1,122.19
79.6,0.0,122.19
79.7,12.7,122.19
79.8,13.2,122.19
79.9,13.2,122.19
80.0,14.1,122.19
80.1,0.0,122.19
80.2,25.6,122.19
80.3,13.3,122.19
80.4,0.0,122.19
80.5,12.8,122.19
80.6,12.8,122.19
80.7,0.0,122.19
80.8,13.5,122.19
80.9,13.2,122.19
81.0,13.3,122.19
81.1,25.7,122.19
81.2,13.6,122.19
81.3,13.0,122.19
81.4,13.9,122.19
81.5,24.8,122.19
81.6,13.4,122.19
81.7,13.3,122.19
81.8,14.3,122.19
81.9,26.8,122.19
82.0,13.9,122.19
82.1,13.1,122.19
82.2,24.4,122.19
82.3,13.5,122.19
82.4,25.7,122.19
82.5,13.6,122.19
82.6,13.3,122.19
82.7,12.9,122.19
82.8,13.9,122.19
82.9,13.9,122.19
83.0,11.9,122.19
83.1,0.0,122.19
83.2,26.5,122.19
83.3,12.7,122.19
83.4,12.7,122.19
83.5,13.7,122.19
83.6,13.5,122.19
83.7,13.6,122.19
83.8,13.1,122.19
83.9,14.1,122.19
84.0,12.6,122.19
84.1,25.4,122.19
84.2,0.0,122.19
84.3,13.9,122.19
84.4,13.2,122.19
84.5,12.9,122.19
84.6,12.7,122.19
84.7,12.9,122.19
84.8,13.1,122.19
84.9,12.6,122.19
85.0,25.5,122.19
85.1,13.4,122.19
85.2,13.3,122.19
85.3,13.2,122.19
85.4,13.5,122.19
85.5,13.2,122.19
85.6,13.5,122.19
85.7,13.7,122.19
85.8,13.4,122.19
85.9,13.0,122.19
86.0,25.4,122.19
86.1,25.5,122.2
86.2,13.6,122.2
86.3,14.0,122.2
86.4,13.1,122.2
86.5,13.7,122.2
86.6,0.0,122.2
86.7,13.1,122.2
86.8,13.6,122.2
86.9,0.0,122.2
87.0,0.0,122.2
87.1,0.0,122.2
87.2,13.5,122.2
87.3,13.5,122.2
87.4,23.6,122.2
87.5,13.6,122.2
87.6,13.8,122.2
87.7,13.5,122.2
87.8,12.9,122.2
87.9,0.0,122.2
88.0,13.7,122.2
88.1,13.2,122.2
88.2,0.0,122.2
88.3,13.5,122.2
88.4,14.4,122.2
88.5,13.7,122.2
88.6,26.8,122.2
88.7,13.6,122.2
88.8,13.2,122.2
88.9,13.4,122.2
89.0,25.3,122.2
89.1,25.9,122.2
89.2,13.0,122.2
89.3,13.6,122.2
89.4,14.1,122.2
89.5,25.0,122.2
89.6,13.1,122.2
89.7,0.0,122.2
89.8,13.6,122.2
89.9,13.4,122.2
90.0,0.0,122.2
90.1,12.3,122.2
90.2,13.3,122.2
90.3,26.2,122.2
90.4,13.3,122.2
90.5,12.5,122.2
90.6,12.8,122.2
90.7,26.2,122.2
90.8,12.7,122.2
90.9,12.8,122.2
91.0,13.1,122.2
91.1,13.3,122.2
91.2,13.3,122.2
91.3,13.4,122.2
91.4,0.0,122.2
91.5,13.2,122.2
91.6,13.3,122.2
91.7,12.8,122.2
91.8,14.2,122.2
91.9,13.9,122.2
92.0,13.3,122.2
92.1,14.2,122.2
92.2,14.2,122.2
92.3,13.8,122.2
92.4,26.8,122.2
92.5,12.7,122.2
92.6,14.1,122.2
92.7,12.9,122.2
92.8,13.2,122.2
92.9,25.9,122.2
93.0,13.5,122.2
93.1,13.6,122.2
93.2,13.3,122.2
93.3,13.4,122.2
93.4,13.7,122.2
93.5,24.8,122.2
93.6,13.5,122.2
93.7,13.7,122.2
93.8,0.0,122.2
93.9,25.2,122.2
94.0,12.5,122.2
94.1,13.3,122.2
94.2,13.3,122.2
94.3,25.8,122.2
94.4,13.9,122.2
94.5,13.4,122.2
94.6,12.9,122.2
94.7,13.3,122.2
94.8,24.5,122.2
94.9,14.3,122.2
95.0,25.2,122.2
95.1,12.9,122.2
95.2,13.2,122.2
95.3,26.2,122.2
95.4,13.4,122.2
95.5,13.5,122.2
95.6,13.8,122.2
95.7,13.3,122.2
95.8,12.8,122.2
95.9,0.0,122.2
96.0,14.0,122.2
96.1,13.4,122.2
96.2,0.0,122.2
96.3,12.9,122.2
96.4,0.0,122.2
96.5,0.0,122.2
96.6,0.0,122.2
96.7,13.2,122.2
96.8,13.6,122.2
96.9,12.3,122.2
97.0,12.6,122.2
97.1,13.0,122.2
97.2,13.6,122.2
97.3,13.6,122.2
97.4,13.6,122.2
97.5,26.7,122.2
97.6,0.0,122.2
97.7,13.3,122.2
97.8,13.3,122.2
97.9,25.0,122.2
98.0,13.1,122.2
98.1,0.0,122.2
98.2,13.2,122.2
98.3,26.6,122.2
98.4,13.4,122.2
98.5,13.5,122.2
98.6,13.6,122.2
98.7,24.7,122.2
98.8,13.8,122.2
98.9,0.0,122.2
99.0,13.1,122.2
99.1,0.0,122.2
99.2,12.4,122.2
99.3,13.8,122.2
99.4,13.2,122.2
99.5,12.8,122.2
99.6,0.0,122.2
99.7,24.5,122.2
99.8,12.8,122.2
99.9,12.9,122.2
100.0,12.4,122.2
100.1,12.9,122.2
100.2,14.0,122.2
100.3,13.4,122.2
100.4,13.5,122.2
100.5,13.4,122.2
100.6,13.2,122.2
100.7,25.5,122.2
100.8,25.5,122.2
100.9,25.2,122.2
101.0,13.3,122.2
101.1,13.4,122.2
101.2,13.4,122.2
101.3,12.4,122.2
101.4,12.6,122.2
101.5,0.0,122.2
101.6,13.4,122.2
101.7,13.5,122.2
101.8,12.4,122.2
101.9,12.9,122.2
102.0,26.2,122.2
102.1,24.9,122.2
102.2,12.9,122.2
102.3,0.0,122.2
102.4,24.6,122.2
102.5,14.0,122.2
102.6,14.0,122.2
102.7,24.7,122.2
102.8,13.7,122.2
102.9,13.2,122.2
103.0,13.3,122.2
103.1,13.5,122.2
103.2,13.3,122.2
103.3,13.8,122.2
103.4,12.5,122.2
103.5,13.3,122.2
103.6,26.7,122.2
103.7,0.0,122.2
103.8,13.1,122.2
103.9,13.3,122.2
104.0,12.2,122.2
104.1,13.4,122.2
104.2,13.3,122.2
104.3,13.4,122.2
104.4,13.6,122.2
104.5,13.4,122.2
104.6,13.2,122.2
104.7,12.9,122.2
104.8,13.5,122.2
104.9,12.9,122.2
105.0,13.0,122.2
105.1,13.8,122.2
105.2,13.5,122.2
105.3,14.2,122.2
105.4,13.4,122.2
105.5,12.9,122.2
105.6,25.5,122.2
105.7,13.6,122.2
105.8,25.8,122.2
105.9,13.6,122.2
106.0,0.0,122.2
106.1,0.0,122.2
106.2,13.6,122.2
106.3,24.9,122.2
106.4,13.3,122.2
106.5,0.0,122.2
106.6,13.7,122.2
106.7,0.0,122.2
106.8,0.0,122.2
106.9,13.2,122.2
107.0,13.2,122.2
107.1,13.4,122.2
107.2,26.5,122.2
107.3,13.5,122.2
107.4,13.4,122.2
107.5,13.4,122.2
107.6,13.8,122.2
107.7,0.0,122.2
107.8,13.4,122.2
107.9,13.7,122.2
108.0,13.3,122.2
108.1,25.3,122.2
108.2,12.9,122.2
108.3,14.0,122.2
108.4,13.0,122.2
108.5,0.0,122.2
108.6,0.0,122.2
108.7,13.2,122.2
108.8,12.9,122.2
108.9,12.3,122.2
109.0,13.2,122.2
109.1,25.7,122.2
109.2,12.7,122.2
109.3,12.8,122.2
109.4,0.0,122.2
109.5,12.8,122.2
109.6,25.6,122.2
109.7,13.5,122.2
109.8,12.7,122.2
109.9,0.0,122.2
110.0,13.4,122.2
110.1,13.4,122.2
110.2,12.7,122.2
110.3,13.6,122.2
110.4,13.5,122.2
110.5,13.4,122.2
110.6,13.2,122.2
110.7,12.6,122.2
110.8,13.6,122.2
110.9,13.6,122.2
111.0,13.0,122.2
111.1,13.1,122.2
111.2,26.3,122.2
111.3,13.7,122.2
111.4,13.2,122.2
111.5,24.8,122.2
111.6,13.6,122.2
111.7,14.4,122.2
111.8,24.7,122.2
111.9,25.5,122.2
112.0,13.6,122.2
112.1,13.5,122.2
112.2,13.4,122.2
112.3,24.9,122.2
112.4,25.4,122.2
112.5,25.4,122.2
112.6,13.3,122.2
112.7,13.3,122.2
112.8,25.0,122.2
112.9,13.2,122.2
113.0,13.4,122.2
113.1,13.4,122.2
113.2,13.4,122.2
113.3,13.4,122.2
113.4,13.7,122.2
113.5,13.1,122.2
113.6,12.9,122.2
113.7,26.0,122.2
113.8,12.9,122.2
113.9,13.5,122.2
114.0,13.4,122.2
114.1,13.2,122.2
114.2,13.5,122.2
114.3,13.2,122.2
114.4,13.0,122.2
114.5,13.0,122.2
114.6,12.9,122.2
114.7,25.3,122.2
114.8,13.6,122.2
114.9,13.3,122.2
115.0,13.4,122.2
115.1,13.2,122.2
115.2,24.9,122.2
115.3,13.9,122.2
115.4,25.9,122.2
115.5,13.4,122.2
115.6,0.0,122.2
115.7,13.2,122.2
115.8,13.2,122.2
115.9,13.3,122.2
116.0,13.2,122.2
116.1,25.4,122.2
116.2,13.4,122.2
116.3,13.5,122.2
116.4,13.1,122.2
116.5,13.4,122.2
116.6,13.3,122.2
116.7,0.0,122.2
116.8,13.3,122.2
116.9,13.5,122.2
117.0,13.8,122.2
117.1,24.6,122.2
117.2,13.6,122.2
117.3,13.3,122.2
117.4,12.9,122.2
117.5,13.3,122.2
117.6,13.1,122.2
117.7,13.9,122.2
117.8,13.2,122.2
117.9,13.3,122.2
118.0,27.3,122.2
118.1,12.6,122.2
118.2,13.4,122.2
118.3,13.6,122.2
118.4,25.7,122.2
118.5,0.0,122.2
118.6,13.4,122.2
118.7,14.3,122.2
118.8,14.7,122.2
118.9,14.2,122.2
119.0,14.0,122.2
119.1,14.2,122.2
119.2,13.3,122.2
119.3,0.0,122.2
119.4,0.0,122.2
119.5,13.9,122.2
119.6,12.4,122.2
119.7,12.6,122.2
119.8,12.6,122.2
119.9,13.0,122.2
120.0,14.6,122.2
120.1,0.0,122.2
120.2,0.0,122.2
120.3,12.5,122.2
120.4,13.7,122.2
120.5,25.5,122.2
120.6,13.0,122.2
120.7,13.5,122.2
120.8,13.7,122.2
120.9,0.0,122.2
121.0,13.3,122.2
121.1,13.0,122.2
121.2,13.6,122.2
121.3,13.2,122.2
121.4,13.2,122.2
121.5,26.2,122.2
121.6,13.4,122.2
121.7,13.2,122.2
121.8,0.0,122.2
121.9,0.0,122.2
122.0,13.4,122.2
122.1,13.3,122.2
122.2,24.3,122.2
122.3,13.5,122.2
122.4,26.7,122.2
122.5,12.7,122.2
122.6,13.6,122.2
122.7,25.2,122.2
122.8,13.7,122.2
122.9,13.9,122.2
123.0,13.1,122.2
123.1,24.9,122.2
123.2,12.4,122.2
123.3,13.7,122.2
123.4,12.3,122.2
123.5,13.2,122.2
123.6,14.4,122.2
123.7,13.6,122.2
123.8,12.7,122.2
123.9,12.5,122.2
124.0,0.0,122.2
124.1,13.3,122.2
124.2,13.2,122.2
124.3,13.3,122.2
124.4,24.5,122.2
124.5,13.1,122.21
124.6,13.3,122.21
124.7,12.8,122.21
124.8,26.7,122.21
124.9,12.7,122.21
125.0,12.7,122.21
125.1,13.4,122.21
125.2,24.6,122.21
125.3,25.1,122.21
125.4,25.1,122.21
125.5,13.2,122.21
125.6,13.5,122.21
125.7,13.6,122.21
125.8,12.6,122.21
125.9,26.6,122.21
126.0,13.3,122.21
126.1,0.0,122.21
126.2,13.6,122.21
126.3,13.3,122.21
126.4,13.1,122.21
126.5,13.2,122.21
126.6,13.4,122.21
126.7,26.4,122.21
126.8,12.7,122.21
126.9,0.0,122.21
127.0,13.3,122.21
127.1,13.7,122.21
127.2,13.6,122.21
127.3,13.5,122.21
127.4,13.4,122.21
127.5,13.4,122.21
127.6,0.0,122.21
127.7,13.5,122.21
127.8,12.9,122.21
127.9,24.4,122.21
128.0,13.3,122.21
128.1,13.3,122.21
128.2,13.4,122.21
128.3,12.7,122.21
128.4,13.6,122.21
128.5,13.5,122.21
128.6,13.2,122.21
128.7,12.6,122.21
128.8,13.2,122.21
128.9,13.2,122.21
129.0,0.0,122.21
129.1,13.5,122.21
129.2,13.2,122.21
129.3,13.5,122.21
129.4,12.3,122.21
129.5,14.3,122.21
129.6,13.8,122.21
129.7,13.4,122.21
129.8,13.1,122.21
129.9,0.0,122.21
130.0,12.6,122.21
130.1,13.3,122.21
130.2,13.4,122.21
130.3,13.0,122.21
130.4,26.2,122.21
130.5,0.0,122.21
130.6,24.9,122.21
130.7,13.1,122.21
130.8,12.7,122.21
130.9,13.7,122.21
131.0,13.5,122.21
131.1,14.2,122.21
131.2,13.4,122.21
131.3,12.9,122.21
131.4,26.7,122.21
131.5,13.4,122.21
131.6,0.0,122.21
131.7,12.6,122.21
131.8,13.4,122.21
131.9,13.4,122.21
132.0,13.1,122.21
132.1,26.7,122.21
132.2,13.4,122.21
132.3,25.9,122.21
132.4,24.8,122.21
132.5,24.7,122.21
132.6,13.2,122.21
132.7,13.4,122.21
132.8,13.8,122.21
132.9,12.8,122.21
133.0,13.8,122.21
133.1,13.2,122.21
133.2,13.4,122.21
133.3,13.3,122.21
133.4,12.8,122.21
133.5,13.7,122.21
133.6,13.5,122.21
133.7,13.4,122.21
133.8,13.1,122.21
133.9,13.8,122.21
134.0,13.5,122.21
134.1,13.4,122.21
134.2,13.6,122.21
134.3,13.3,122.21
134.4,12.9,122.21
134.5,13.4,122.21
134.6,13.1,122.21
134.7,0.0,122.21
134.8,13.4,122.21
134.9,0.0,122.21
135.0,12.8,122.21
135.1,12.3,122.21
135.2,13.4,122.21
135.3,13.2,122.21
135.4,25.5,122.21
135.5,13.2,122.21
135.6,13.6,122.21
135.7,12.7,122.21
135.8,13.0,122.21
135.9,12.7,122.21
136.0,13.6,122.21
136.1,12.9,122.21
136.2,0.0,122.21
136.3,12.9,122.21
136.4,13.5,122.21
136.5,12.8,122.21
136.6,13.3,122.21
136.7,26.2,122.21
136.8,13.1,122.21
136.9,0.0,122.21
137.0,13.0,122.21
137.1,13.4,122.21
137.2,13.8,122.21
137.3,14.4,122.21
137.4,14.0,122.21
137.5,13.4,122.21
137.6,13.7,122.21
137.7,13.3,122.21
137.8,13.5,122.21
137.9,13.5,122.21
138.0,13.4,122.21
138.1,13.3,122.21
138.2,26.4,122.21
138.3,13.1,122.21
138.4,13.3,122.21
138.5,0.0,122.21
138.6,25.7,122.21
138.7,13.8,122.21
138.8,13.9,122.21
138.9,0.0,122.21
139.0,13.8,122.21
139.1,13.5,122.21
139.2,14.4,122.21
139.3,13.5,122.21
139.4,0.0,122.21
139.5,13.7,122.21
139.6,13.6,122.21
139.7,0.0,122.21
139.8,12.8,122.21
139.9,13.1,122.21
140.0,26.0,122.21
140.1,25.0,122.21
140.2,13.6,122.21
140.3,13.7,122.21
140.4,13.6,122.21
140.5,12.6,122.21
140.6,13.3,122.21
140.7,12.5,122.21
140.8,12.9,122.21
140.9,12.0,122.21
141.0,13.5,122.21
141.1,13.0,122.21
141.2,13.5,122.21
141.3,13.6,122.21
141.4,0.0,122.21
141.5,26.7,122.21
141.6,13.1,122.21
141.7,13.0,122.21
141.8,26.4,122.21
141.9,13.1,122.21
142.0,12.6,122.21
142.1,13.7,122.21
142.2,13.8,122.21
142.3,14.4,122.21
142.4,13.0,122.21
142.5,12.3,122.21
142.6,13.1,122.21
142.7,25.9,122.21
142.8,13.2,122.21
142.9,13.4,122.21
143.0,13.3,122.21
143.1,12.3,122.21
143.2,13.8,122.21
143.3,13.9,122.21
143.4,13.7,122.21
143.5,12.6,122.21
143.6,13.3,122.21
143.7,13.7,122.21
143.8,13.2,122.21
143.9,13.8,122.21
144.0,14.0,122.21
144.1,25.5,122.21
144.2,12.9,122.21
144.3,13.4,122.21
144.4,26.3,122.21
144.5,25.0,122.21
144.6,14.1,122.21
144.7,13.4,122.21
144.8,13.2,122.21
144.9,25.1,122.21
145.0,12.9,122.21
145.1,24.4,122.21
145.2,13.8,122.21
145.3,13.7,122.21
145.4,12.8,122.21
145.5,14.0,122.21
145.6,14.6,122.21
145.7,13.7,122.21
145.8,12.8,122.21
145.9,13.5,122.21
146.0,0.0,122.21
146.1,0.0,122.21
146.2,14.1,122.21
146.3,13.3,122.21
146.4,26.8,122.21
146.5,12.6,122.21
146.6,0.0,122.21
146.7,13.4,122.21
146.8,13.1,122.21
146.9,13.6,122.21
147.0,13.3,122.21
147.1,13.6,122.21
147.2,24.9,122.21
147.3,13.3,122.21
147.4,13.4,122.21
147.5,13.1,122.21
147.6,12.5,122.21
147.7,13.4,122.21
147.8,13.5,122.21
147.9,13.1,122.21
148.0,13.5,122.21
148.1,13.1,122.21
148.2,13.4,122.21
148.3,12.5,122.21
148.4,13.7,122.21
148.5,12.6,122.21
148.6,12.7,122.21
148.7,12.6,122.21
148.8,12.8,122.21
148.9,12.8,122.21
149.0,25.9,122.21
149.1,24.6,122.21
149.2,25.0,122.21
149.3,24.9,122.21
149.4,13.3,122.21
149.5,13.3,122.21
149.6,24.8,122.21
149.7,25.4,122.21
149.8,14.1,122.21
149.9,13.6,122.21
150.0,0.0,122.21
150.1,13.8,122.21
150.2,13.3,122.21
150.3,12.7,122.21
150.4,12.8,122.21
150.5,13.5,122.21
150.6,13.2,122.21
150.7,13.4,122.21
150.8,13.5,122.21
150.9,13.2,122.21
151.0,13.3,122.21
151.1,13.4,122.21
151.2,13.6,122.21
151.3,13.7,122.21
151.4,13.7,122.21
151.5,13.8,122.21
151.6,25.0,122.21
151.7,0.0,122.21
151.8,12.9,122.21
151.9,13.4,122.21
152.0,0.0,122.21
152.1,12.7,122.21
152.2,13.1,122.21
152.3,13.9,122.21
152.4,13.1,122.21
152.5,14.0,122.21
152.6,13.6,122.21
152.7,12.9,122.21
152.8,13.7,122.21
152.9,13.4,122.21
153.0,25.0,122.21
153.1,0.0,122.21
153.2,0.0,122.21
153.3,12.9,122.21
153.4,13.5,122.21
153.5,13.6,122.21
153.6,12.4,122.21
153.7,24.9,122.21
153.8,14.0,122.21
153.9,13.5,122.21
154.0,13.2,122.21
154.1,12.4,122.21
154.2,0.0,122.21
154.3,13.7,122.21
154.4,24.9,122.21
154.5,13.3,122.21
154.6,13.1,122.21
154.7,13.2,122.21
154.8,12.8,122.21
154.9,0.0,122.21
155.0,0.0,122.21
155.1,13.2,122.21
155.2,25.8,122.21
155.3,13.9,122.21
155.4,13.9,122.21
155.5,13.6,122.21
155.6,13.9,122.21
155.7,13.7,122.21
155.8,0.0,122.21
155.9,14.2,122.21
156.0,13.1,122.21
156.1,13.4,122.21
156.2,25.2,122.21
156.3,13.3,122.21
156.4,12.7,122.21
156.5,13.3,122.21
156.6,13.3,122.21
156.7,13.0,122.21
156.8,14.3,122.21
156.9,25.9,122.21
157.0,14.2,122.21
157.1,24.6,122.21
157.2,25.1,122.21
157.3,24.8,122.21
157.4,13.7,122.21
157.5,12.6,122.21
157.6,26.5,122.21
157.7,13.4,122.21
157.8,25.0,122.21
157.9,13.6,122.21
158.0,12.5,122.21
158.1,13.6,122.21
158.2,13.4,122.21
158.3,13.5,122.21
158.4,13.2,122.21
158.5,13.5,122.21
158.6,13.5,122.21
158.7,25.1,122.21
158.8,26.4,122.21
158.9,13.8,122.21
159.0,13.3,122.21
159.1,13.8,122.21
159.2,13.9,122.21
159.3,13.4,122.21
159.4,13.1,122.21
159.5,25.3,122.21
159.6,13.3,122.21
159.7,13.7,122.21
159.8,13.2,122.21
159.9,13.1,122.21
160.0,25.6,122.21
160.1,13.8,122.21
160.2,25.4,122.21
160.3,13.8,122.21
160.4,25.8,122.21
160.5,13.6,122.21
160.6,12.5,122.21
160.7,26.8,122.21
160.8,13.2,122.21
160.9,0.0,122.21
161.0,13.2,122.21
161.1,26.2,122.21
161.2,13.3,122.21
161.3,0.0,122.21
161.4,0.0,122.21
161.5,13.3,122.21
161.6,13.5,122.21
161.7,13.1,122.21
161.8,25.6,122.21
161.9,13.4,122.21
162.0,12.4,122.21
162.1,13.0,122.21
162.2,26.6,122.21
162.3,12.9,122.21
162.4,13.6,122.21
162.5,13.9,122.21
162.6,25.4,122.21
162.7,13.6,122.21
162.8,26.5,122.21
162.9,12.8,122.21
163.0,13.8,122.21
163.1,13.3,122.21
163.2,12.7,122.21
163.3,14.4,122.21
163.4,25.3,122.21
163.5,14.3,122.21
163.6,13.9,122.21
163.7,14.4,122.24
163.8,25.6,122.24
163.9,13.3,122.24
164.0,13.4,122.24
164.1,14.0,122.24
164.2,25.9,122.24
164.3,14.1,122.24
164.4,14.3,122.24
164.5,14.1,122.24
164.6,25.4,122.24
164.7,13.2,122.24
164.8,13.4,122.24
164.9,13.5,122.24
165.0,26.3,122.24
165.1,12.9,122.24
165.2,13.5,122.24
165.3,13.7,122.24
165.4,12.9,122.24
165.5,25.8,122.24
165.6,13.4,122.24
165.7,13.8,122.24
165.8,13.6,122.24
165.9,0.0,122.24
166.0,13.7,122.24
166.1,14.4,122.24
166.2,14.2,122.24
166.3,13.7,122.24
166.4,25.6,122.24
166.5,13.7,122.24
166.6,26.3,122.24
166.7,13.3,122.24
166.8,12.4,122.24
166.9,13.3,122.24
167.0,24.8,122.24
167.1,12.6,122.24
167.2,13.3,122.24
167.3,13.3,122.24
167.4,12.6,122.24
167.5,12.9,122.24
167.6,12.9,122.24
167.7,0.0,122.24
167.8,13.2,122.24
167.9,25.4,122.24
168.0,13.1,122.24
168.1,13.5,122.24
168.2,24.7,122.24
168.3,13.2,122.24
168.4,12.3,122.24
168.5,13.0,122.24
168.6,12.9,122.24
168.7,26.3,122.24
168.8,13.6,122.24
168.9,12.4,122.24
169.0,13.8,122.24
169.1,12.6,122.24
169.2,13.1,122.24
169.3,13.3,122.24
169.4,11.7,122.24
169.5,0.0,122.24
169.6,13.7,122.24
169.7,13.0,122.24
169.8,13.1,122.24
169.9,25.6,122.24
170.0,13.5,122.24
170.1,13.1,122.24
170.2,13.5,122.24
170.3,13.0,122.24
170.4,26.1,122.24
170.5,13.7,122.24
170.6,26.4,122.24
170.7,13.4,122.24
170.8,25.0,122.24
170.9,26.0,122.24
171.0,13.6,122.24
171.1,24.6,122.24
171.2,12.9,122.24
171.3,13.2,122.24
171.4,13.2,122.24
171.5,12.5,122.24
171.6,12.5,122.24
171.7,13.2,122.24
171.8,13.3,122.24
171.9,12.5,122.24
172.0,12.6,122.24
172.1,0.0,122.24
172.2,13.5,122.24
172.3,13.7,122.24
172.4,13.6,122.24
172.5,12.8,122.24
172.6,13.3,122.24
172.7,13.0,122.24
172.8,13.2,122.24
172.9,25.3,122.24
173.0,13.6,122.24
173.1,0.0,122.24
173.2,13.0,122.24
173.3,13.5,122.24
173.4,0.0,122.24
173.5,13.7,122.24
173.6,0.0,122.24
173.7,26.8,122.24
173.8,13.8,122.24
173.9,13.6,122.24
174.0,0.0,122.24
174.1,12.8,122.24
174.2,13.3,122.24
174.3,24.4,122.24
174.4,13.5,122.24
174.5,13.7,122.24
174.6,13.6,122.24
174.7,12.5,122.24
174.8,13.1,122.24
174.9,25.4,122.24
175.0,13.4,122.24
175.1,13.6,122.24
175.2,13.7,122.24
175.3,24.8,122.24
175.4,13.2,122.24
175.5,0.0,122.24
175.6,13.5,122.24
175.7,14.0,122.24
175.8,0.0,122.24
175.9,25.7,122.24
176.0,13.9,122.24
176.1,24.6,122.24
176.2,13.1,122.24
176.3,13.1,122.24
176.4,13.2,122.24
176.5,12.2,122.24
176.6,12.8,122.24
176.7,25.9,122.24
176.8,25.7,122.24
176.9,13.1,122.24
177.0,13.3,122.24
177.1,13.4,122.24
177.2,13.3,122.24
177.3,13.4,122.24
177.4,13.5,122.24
177.5,24.8,122.24
177.6,14.2,122.24
177.7,13.6,122.24
177.8,13.5,122.24
177.9,13.6,122.24
178.0,13.4,122.24
178.1,13.5,122.24
178.2,25.3,122.24
178.3,13.7,122.24
178.4,13.5,122.24
178.5,13.4,122.24
178.6,12.9,122.24
178.7,13.2,122.24
178.8,25.5,122.24
178.9,14.2,122.26
179.0,25.4,122.26
179.1,13.4,122.26
179.2,13.8,122.26
179.3,13.6,122.26
179.4,13.4,122.26
179.5,24.1,122.26
179.6,13.2,122.26
179.7,12.7,122.26
179.8,0.0,122.26
179.9,13.3,122.26
180.0,25.7,122.26
180.1,13.2,122.26
180.2,0.0,122.26
180.3,0.0,122.26
180.4,13.2,122.26
180.5,0.0,122.26
180.6,13.3,122.26
180.7,13.4,122.26
180.8,12.8,122.26
180.9,13.2,122.26
181.0,25.0,122.26
181.1,25.5,122.26
181.2,13.9,122.26
181.3,13.2,122.26
181.4,13.6,122.26
181.5,25.3,122.26
181.6,13.8,122.26
181.7,13.4,122.26
181.8,13.6,122.26
181.9,13.3,122.26
182.0,13.6,122.26
182.1,13.5,122.26
182.2,25.8,122.26
182.3,13.0,122.26
182.4,0.0,122.26
182.5,13.7,122.26
182.6,25.0,122.26
182.7,13.7,122.26
182.8,24.3,122.26
182.9,0.0,122.26
183.0,13.0,122.26
183.1,14.2,122.26
183.2,12.6,122.26
183.3,26.7,122.26
183.4,12.6,122.26
183.5,12.2,122.26
183.6,13.5,122.26
183.7,12.4,122.26
183.8,0.0,122.26
183.9,13.4,122.26
184.0,13.2,122.26
184.1,0.0,122.26
184.2,13.2,122.26
184.3,0.0,122.26
184.4,13.0,122.26
184.5,12.5,122.26
184.6,12.9,122.26
184.7,13.6,122.26
184.8,13.6,122.26
184.9,24.9,122.26
185.0,13.9,122.26
185.1,13.2,122.26
185.2,12.9,122.26
185.3,0.0,122.26
185.4,13.1,122.26
185.5,24.8,122.26
185.6,0.0,122.26
185.7,13.6,122.26
185.8,12.3,122.26
185.9,14.7,122.26
186.0,13.1,122.26
186.1,13.6,122.26
186.2,25.6,122.26
186.3,13.4,122.26
186.4,13.4,122.26
186.5,13.7,122.26
186.6,12.9,122.26
186.7,13.2,122.26
186.8,26.1,122.26
186.9,13.7,122.26
187.0,25.9,122.26
187.1,13.3,122.26
187.2,13.8,122.26
187.3,24.7,122.26
187.4,13.5,122.26
187.5,13.5,122.26
187.6,13.5,122.26
187.7,13.6,122.26
187.8,0.0,122.26
187.9,0.0,122.26
188.0,13.1,122.26
188.1,13.6,122.26
188.2,0.0,122.26
188.3,13.3,122.26
188.4,13.5,122.26
188.5,13.7,122.26
188.6,13.7,122.26
188.7,25.1,122.26
188.8,13.7,122.26
188.9,0.0,122.26
189.0,13.0,122.26
189.1,0.0,122.26
189.2,13.5,122.26
189.3,13.5,122.26
189.4,13.6,122.26
189.5,13.9,122.26
189.6,13.4,122.26
189.7,26.8,122.26
189.8,14.0,122.26
189.9,0.0,122.26
190.0,0.0,122.26
190.1,0.0,122.26
190.2,13.4,122.26
190.3,13.7,122.26
190.4,13.3,122.26
190.5,25.4,122.26
190.6,14.2,122.26
190.7,13.6,122.26
190.8,13.9,122.26
190.9,13.0,122.26
191.0,25.2,122.26
191.1,25.6,122.26
191.2,12.7,122.26
191.3,12.9,122.26
191.4,0.0,122.26
191.5,25.2,122.26
191.6,13.0,122.26
191.7,13.3,122.26
191.8,26.6,122.26
191.9,13.7,122.26
192.0,13.3,122.26
192.1,13.3,122.26
192.2,13.2,122.26
192.3,13.0,122.26
192.4,12.7,122.26
192.5,25.9,122.26
192.6,25.2,122.26
192.7,13.3,122.26
192.8,13.1,122.26
192.9,13.5,122.26
193.0,13.3,122.26
193.1,13.3,122.26
193.2,13.2,122.26
193.3,13.2,122.26
193.4,13.3,122.26
193.5,13.9,122.26
193.6,13.4,122.26
193.7,13.3,122.26
193.8,13.1,122.26
193.9,12.6,122.26
194.0,12.9,122.26
194.1,13.2,122.26
194.2,26.1,122.26
194.3,25.5,122.26
194.4,13.3,122.26
194.5,13.8,122.26
194.6,13.2,122.26
194.7,13.5,122.26
194.8,12.4,122.26
194.9,13.6,122.26
195.0,13.4,122.26
195.1,0.0,122.26
195.2,13.5,122.26
195.3,14.2,122.26
195.4,25.3,122.26
195.5,13.5,122.26
195.6,13.6,122.26
195.7,13.5,122.26
195.8,13.9,122.26
195.9,25.6,122.26
196.0,12.9,122.26
196.1,13.1,122.26
196.2,13.3,122.26
196.3,13.7,122.26
196.4,24.6,122.26
196.5,14.3,122.26
196.6,26.8,122.26
196.7,13.2,122.26
196.8,26.2,122.26
196.9,14.0,122.26
197.0,13.3,122.26
197.1,13.0,122.26
197.2,14.2,122.26
197.3,13.2,122.26
197.4,13.7,122.26
197.5,13.8,122.26
197.6,12.8,122.26
197.7,26.2,122.26
197.8,14.2,122.26
197.9,13.7,122.26
198.0,13.4,122.26
198.1,13.4,122.26
198.2,25.3,122.26
198.3,26.0,122.26
198.4,13.4,122.26
198.5,13.3,122.26
198.6,13.1,122.26
198.7,13.4,122.26
198.8,14.2,122.26
198.9,13.6,122.26
199.0,24.7,122.26
199.1,13.4,122.26
199.2,13.4,122.26
199.3,14.2,122.26
199.4,0.0,122.26
199.5,13.3,122.26
199.6,13.4,122.26
199.7,13.5,122.26
199.8,12.6,122.26
199.9,12.8,122.26
200.0,13.1,122.26
200.1,13.4,122.26
200.2,12.7,122.26
200.3,13.4,122.26
200.4,14.2,122.26
200.5,25.1,122.26
200.6,13.7,122.26
200.7,26.6,122.26
200.8,12.8,122.26
200.9,13.2,122.26
201.0,25.8,122.26
201.1,13.7,122.26
201.2,24.8,122.26
201.3,13.4,122.26
201.4,13.3,122.26
201.5,14.2,122.26
201.6,24.7,122.26
201.7,0.0,122.27
201.8,13.4,122.27
201.9,25.2,122.27
202.0,13.2,122.27
202.1,13.3,122.27
202.2,13.4,122.27
202.3,13.1,122.27
202.4,13.3,122.27
202.5,12.6,122.27
202.6,0.0,122.27
202.7,12.8,122.27
202.8,11.6,122.27
202.9,13.5,122.27
203.0,13.0,122.27
203.1,13.9,122.27
203.2,0.0,122.27
203.3,13.8,122.27
203.4,13.5,122.27
203.5,26.7,122.27
203.6,0.0,122.27
203.7,13.6,122.27
203.8,12.5,122.27
203.9,12.6,122.27
204.0,13.3,122.27
204.1,13.3,122.27
204.2,12.8,122.27
204.3,0.0,122.27
204.4,13.4,122.27
204.5,12.8,122.27
204.6,12.8,122.27
204.7,13.0,122.27
204.8,13.4,122.27
204.9,13.3,122.27
205.0,13.1,122.27
205.1,12.9,122.27
205.2,13.1,122.27
205.3,12.5,122.27
205.4,13.2,122.27
205.5,25.2,122.27
205.6,13.3,122.27
205.7,13.4,122.27
205.8,13.1,122.27
205.9,13.7,122.27
206.0,13.9,122.27
206.1,14.3,122.27
206.2,11.4,122.27
206.3,13.6,122.27
206.4,14.4,122.27
206.5,13.2,122.27
206.6,13.3,122.27
206.7,25.3,122.27
206.8,13.3,122.27
206.9,13.5,122.27
207.0,13.4,122.27
207.1,13.4,122.27
207.2,13.6,122.27
207.3,25.2,122.27
207.4,25.3,122.27
207.5,25.4,122.27
207.6,13.3,122.27
207.7,13.6,122.27
207.8,13.0,122.27
207.9,13.4,122.27
208.0,13.4,122.27
208.1,13.7,122.27
208.2,13.5,122.27
208.3,13.9,122.27
208.4,13.0,122.27
208.5,13.4,122.27
208.6,12.6,122.27
208.7,13.1,122.27
208.8,25.7,122.27
208.9,13.0,122.27
209.0,13.4,122.27
209.1,13.7,122.27
209.2,13.4,122.27
209.3,13.4,122.27
209.4,25.5,122.27
209.5,13.5,122.27
209.6,13.3,122.27
209.7,0.0,122.27
209.8,11.9,122.27
209.9,13.8,122.27
210.0,13.8,122.27
210.1,13.5,122.27
210.2,14.0,122.27
210.3,0.0,122.27
210.4,0.0,122.27
210.5,13.6,122.27
210.6,13.4,122.27
210.7,13.2,122.27
210.8,13.7,122.27
210.9,12.8,122.27
211.0,25.1,122.27
211.1,25.3,122.27
211.2,13.3,122.27
211.3,13.7,122.27
211.4,13.8,122.27
211.5,14.3,122.27
211.6,13.7,122.27
211.7,0.0,122.27
211.8,13.3,122.27
211.9,25.2,122.27
212.0,13.3,122.27
212.1,13.3,122.27
212.2,13.7,122.27
212.3,25.1,122.27
212.4,25.5,122.27
212.5,13.6,122.27
212.6,25.7,122.27
212.7,26.1,122.27
212.8,14.2,122.27
212.9,13.1,122.27
213.0,13.7,122.27
213.1,12.9,122.27
213.2,13.4,122.27
213.3,25.4,122.27
213.4,13.7,122.27
213.5,14.4,122.27
213.6,13.4,122.27
213.7,0.0,122.27
213.8,25.8,122.27
213.9,13.5,122.27
214.0,13.4,122.27
214.1,12.9,122.27
214.2,13.1,122.27
214.3,23.6,122.27
214.4,13.3,122.27
214.5,13.5,122.27
214.6,13.2,122.27
214.7,12.6,122.27
214.8,25.2,122.27
214.9,13.6,122.27
215.0,13.4,122.27
215.1,13.6,122.27
215.2,12.5,122.27
215.3,13.4,122.27
215.4,13.7,122.27
215.5,13.3,122.27
215.6,13.7,122.27
215.7,13.6,122.27
215.8,26.0,122.27
215.9,24.9,122.27
216.0,13.3,122.27
216.1,13.6,122.27
216.2,12.7,122.27
216.3,13.1,122.27
216.4,0.0,122.27
216.5,13.4,122.27
216.6,13.6,122.27
216.7,13.4,122.27
216.8,13.3,122.27
216.9,12.8,122.27
217.0,25.0,122.27
217.1,26.5,122.27
217.2,13.0,122.27
217.3,13.3,122.27
217.4,13.2,122.27
217.5,13.5,122.27
217.6,13.4,122.27
217.7,13.6,122.27
217.8,24.3,122.27
217.9,13.5,122.27
218.0,13.5,122.27
218.1,13.9,122.27
218.2,13.4,122.27
218.3,13.4,122.27
218.4,13.6,122.27
218.5,26.0,122.27
218.6,25.2,122.27
218.7,13.4,122.27
218.8,12.4,122.27
218.9,12.3,122.27
219.0,12.5,122.27
219.1,13.9,122.27
219.2,24.2,122.27
219.3,13.6,122.27
219.4,13.6,122.27
219.5,24.8,122.27
219.6,24.8,122.27
219.7,13.6,122.27
219.8,26.1,122.27
219.9,13.4,122.27
220.0,12.5,122.27
220.1,12.2,122.27
220.2,13.8,122.27
220.3,13.0,122.27
220.4,12.8,122.27
220.5,13.5,122.27
220.6,12.7,122.27
220.7,13.4,122.27
220.8,13.4,122.27
220.9,12.9,122.27
221.0,12.4,122.27
221.1,0.0,122.27
221.2,13.5,122.27
221.3,14.2,122.27
221.4,24.4,122.27
221.5,13.0,122.27
221.6,25.9,122.27
221.7,13.4,122.27
221.8,24.7,122.27
221.9,12.4,122.27
222.0,12.8,122.27
222.1,26.1,122.27
222.2,13.6,122.27
222.3,24.9,122.27
222.4,13.4,122.27
222.5,24.7,122.27
222.6,13.3,122.27
222.7,12.3,122.27
222.8,12.6,122.27
222.9,13.6,122.27
223.0,25.0,122.26
223.1,13.7,122.26
223.2,13.3,122.26
223.3,13.2,122.26
223.4,13.3,122.26
223.5,13.0,122.26
223.6,12.4,122.26
223.7,13.0,122.26
223.8,24.5,122.26
223.9,13.7,122.26
224.0,0.0,122.26
224.1,13.4,122.26
224.2,0.0,122.26
224.3,13.3,122.26
224.4,13.3,122.26
224.5,13.3,122.26
224.6,13.6,122.26
224.7,13.5,122.26
224.8,12.8,122.26
224.9,14.3,122.26
225.0,26.2,122.26
225.1,12.9,122.26
225.2,13.8,122.26
225.3,13.5,122.26
225.4,13.5,122.26
225.5,13.0,122.26
225.6,13.3,122.26
225.7,13.8,122.26
225.8,13.7,122.26
225.9,12.7,122.26
226.0,13.6,122.26
226.1,13.4,122.26
226.2,24.7,122.26
226.3,13.3,122.26
226.4,13.8,122.26
226.5,13.5,122.26
226.6,13.4,122.26
226.7,13.5,122.26
226.8,26.2,122.26
226.9,13.2,122.26
227.0,12.9,122.26
227.1,24.6,122.26
227.2,12.8,122.26
227.3,14.0,122.26
227.4,13.5,122.26
227.5,12.9,122.26
227.6,13.4,122.26
227.7,13.3,122.26
227.8,12.8,122.26
227.9,12.3,122.26
228.0,12.4,122.26
228.1,12.5,122.26
228.2,0.0,122.26
228.3,24.7,122.26
228.4,13.2,122.26
228.5,13.6,122.26
228.6,13.1,122.26
228.7,13.4,122.26
228.8,12.5,122.26
228.9,12.6,122.26
229.0,13.0,122.26
229.1,25.1,122.26
229.2,13.2,122.26
229.3,13.3,122.26
229.4,13.3,122.26
229.5,13.2,122.26
229.6,26.4,122.26
229.7,13.0,122.26
229.8,13.1,122.26
229.9,25.1,122.26
230.0,13.2,122.26
230.1,13.3,122.26
230.2,13.5,122.26
230.3,13.4,122.26
230.4,25.8,122.26
230.5,13.5,122.26
230.6,25.1,122.26
230.7,13.4,122.26
230.8,12.7,122.26
230.9,13.3,122.26
231.0,25.4,122.26
231.1,25.4,122.26
231.2,13.4,122.26
231.3,25.3,122.26
231.4,12.6,122.26
231.5,25.0,122.26
231.6,13.4,122.26
231.7,13.4,122.26
231.8,13.4,122.26
231.9,13.3,122.26
232.0,13.3,122.26
232.1,13.5,122.26
232.2,12.9,122.26
232.3,0.0,122.26
232.4,12.8,122.26
232.5,13.6,122.26
232.6,13.8,122.26
232.7,13.5,122.26
232.8,13.8,122.26
232.9,13.9,122.26
233.0,24.9,122.26
233.1,25.7,122.26
233.2,13.9,122.26
233.3,14.1,122.26
233.4,14.3,122.26
233.5,13.3,122.26
233.6,14.0,122.26
233.7,14.2,122.26
233.8,13.2,122.26
233.9,13.3,122.26
234.0,25.8,122.26
234.1,13.3,122.26
234.2,25.4,122.26
234.3,13.6,122.26
234.4,13.5,122.26
234.5,24.3,122.26
234.6,12.2,122.26
234.7,13.0,122.26
234.8,24.9,122.26
234.9,24.5,122.26
235.0,13.7,122.26
235.1,13.1,122.26
235.2,13.9,122.26
235.3,12.4,122.26
235.4,13.5,122.26
235.5,13.4,122.26
235.6,26.8,122.26
235.7,13.2,122.26
235.8,13.2,122.26
235.9,24.7,122.26
236.0,25.0,122.26
236.1,14.0,122.26
236.2,13.3,122.26
236.3,13.4,122.26
236.4,13.3,122.26
236.5,0.0,122.26
236.6,25.1,122.26
236.7,13.7,122.26
236.8,13.5,122.26
236.9,13.7,122.26
237.0,13.6,122.26
237.1,0.0,122.26
237.2,12.6,122.26
237.3,13.0,122.26
237.4,13.8,122.26
237.5,13.2,122.26
237.6,13.7,122.26
237.7,0.0,122.26
237.8,0.0,122.26
237.9,0.0,122.26
238.0,12.7,122.26
238.1,13.6,122.26
238.2,25.2,122.26
238.3,13.6,122.26
238.4,13.3,122.26
238.5,0.0,122.26
238.6,13.5,122.26
238.7,0.0,122.26
238.8,25.2,122.26
238.9,14.2,122.26
239.0,14.1,122.26
239.1,14.1,122.26
239.2,0.0,122.26
239.3,0.0,122.26
239.4,13.0,122.26
239.5,12.8,122.26
239.6,13.6,122.26
239.7,13.6,122.26
239.8,14.0,122.26
239.9,13.7,122.26
240.0,0.0,122.26
240.1,13.5,122.26
240.2,13.8,122.26
240.3,0.0,122.26
240.4,0.0,122.26
240.5,0.0,122.26
240.6,0.0,122.26
240.7,13.8,122.26
240.8,13.3,122.26
240.9,13.2,122.26
241.0,14.3,122.26
241.1,25.4,122.26
241.2,13.5,122.26
241.3,13.0,122.26
241.4,13.4,122.26
241.5,0.0,122.26
241.6,14.1,122.26
241.7,13.5,122.26
241.8,25.4,122.26
241.9,25.8,122.26
242.0,13.4,122.26
242.1,13.1,122.26
242.2,13.2,122.26
242.3,0.0,122.26
242.4,0.0,122.26
242.5,13.5,122.26
242.6,0.0,122.26
242.7,24.2,122.26
242.8,25.4,122.26
242.9,13.5,122.26
243.0,13.5,122.26
243.1,12.9,122.26
243.2,13.3,122.26
243.3,13.9,122.26
243.4,13.3,122.26
243.5,13.5,122.26
243.6,13.2,122.26
243.7,12.2,122.26
243.8,12.5,122.26
243.9,12.5,122.26
244.0,0.0,122.26
244.1,13.9,122.26
244.2,13.3,122.26
244.3,12.9,122.26
244.4,12.4,122.26
244.5,13.4,122.26
244.6,13.3,122.26
244.7,13.3,122.26
244.8,13.4,122.26
244.9,13.4,122.26
245.0,13.4,122.26
245.1,13.2,122.26
245.2,13.0,122.26
245.3,13.3,122.26
245.4,13.8,122.26
245.5,13.4,122.26
245.6,13.5,122.26
245.7,13.0,122.26
245.8,12.6,122.26
245.9,13.7,122.26
246.0,13.6,122.26
246.1,26.5,122.26
246.2,0.0,122.26
246.3,13.2,122.26
246.4,0.0,122.26
246.5,0.0,122.26
246.6,0.0,122.26
246.7,26.2,122.26
246.8,13.4,122.26
246.9,13.5,122.26
247.0,13.0,122.26
247.1,13.3,122.26
247.2,25.7,122.26
247.3,13.1,122.26
247.4,12.6,122.26
247.5,13.2,122.26
247.6,13.3,122.26
247.7,0.0,122.26
247.8,13.5,122.26
247.9,13.4,122.26
248.0,26.7,122.26
248.1,14.2,122.26
248.2,23.8,122.26
248.3,0.0,122.26
248.4,13.6,122.26
248.5,13.5,122.26
248.6,12.9,122.26
248.7,25.3,122.26
248.8,13.9,122.26
248.9,24.6,122.26
249.0,13.4,122.26
249.1,13.3,122.26
249.2,13.3,122.26
249.3,14.0,122.26
249.4,13.0,122.26
249.5,13.3,122.26
249.6,13.4,122.26
249.7,13.5,122.26
249.8,25.2,122.26
249.9,25.4,122.26
250.0,25.6,122.26
250.1,13.7,122.26
250.2,25.4,122.26
250.3,25.1,122.26
250.4,13.1,122.26
250.5,12.2,122.26
250.6,12.9,122.26
250.7,0.0,122.26
250.8,0.0,122.26
250.9,24.3,122.26
251.0,14.2,122.26
251.1,13.9,122.26
251.2,26.0,122.26
251.3,13.9,122.26
251.4,13.4,122.26
251.5,13.3,122.26
251.6,13.5,122.26
251.7,26.6,122.26
251.8,13.4,122.26
251.9,14.2,122.26
252.0,26.6,122.26
252.1,13.1,122.26
252.2,13.2,122.26
252.3,13.2,122.26
252.4,13.1,122.26
252.5,13.6,122.26
252.6,13.5,122.26
252.7,12.9,122.26
252.8,0.0,122.26
252.9,24.9,122.26
253.0,25.2,122.26
253.1,13.8,122.26
253.2,12.8,122.26
253.3,26.1,122.26
253.4,14.2,122.26
253.5,0.0,122.26
253.6,12.6,122.26
253.7,13.3,122.26
253.8,13.4,122.26
253.9,13.1,122.26
254.0,0.0,122.26
254.1,13.8,122.26
254.2,13.3,122.26
254.3,13.0,122.26
254.4,13.4,122.26
254.5,12.5,122.26
254.6,13.3,122.26
254.7,13.4,122.26
254.8,13.3,122.26
254.9,14.3,122.26
255.0,14.1,122.26
255.1,13.7,122.26
255.2,12.3,122.26
255.3,13.0,122.26
255.4,25.8,122.26
255.5,13.4,122.26
255.6,13.2,122.26
255.7,13.6,122.26
255.8,12.4,122.26
255.9,12.3,122.26
256.0,13.2,122.26
256.1,25.1,122.26
256.2,12.8,122.26
256.3,25.0,122.26
256.4,13.7,122.26
256.5,13.3,122.26
256.6,13.4,122.26
256.7,13.6,122.26
256.8,0.0,122.26
256.9,13.4,122.26
257.0,25.5,122.26
257.1,12.7,122.26
257.2,13.6,122.26
257.3,0.0,122.26
257.4,0.0,122.26
257.5,13.3,122.26
257.6,13.4,122.26
257.7,13.2,122.26
257.8,25.8,122.26
257.9,13.5,122.26
258.0,26.4,122.26
258.1,12.7,122.26
258.2,13.4,122.26
258.3,25.9,122.26
258.4,13.4,122.26
258.5,12.6,122.26
258.6,25.9,122.26
258.7,13.4,122.26
258.8,13.3,122.26
258.9,13.2,122.26
259.0,12.9,122.26
259.1,12.4,122.26
259.2,13.0,122.26
259.3,13.2,122.26
259.4,12.6,122.26
259.5,12.8,122.26
259.6,13.3,122.26
259.7,13.4,122.26
259.8,13.0,122.26
259.9,13.2,122.26
260.0,13.1,122.26
260.1,0.0,122.26
260.2,25.3,122.24
260.3,0.0,122.24
260.4,13.6,122.24
260.5,11.7,122.24
260.6,13.6,122.24
260.7,12.3,122.24
260.8,13.7,122.24
260.9,13.4,122.24
261.0,13.2,122.24
261.1,25.3,122.24
261.2,24.8,122.24
261.3,13.8,122.24
261.4,13.9,122.24
261.5,13.2,122.24
261.6,25.2,122.24
261.7,13.6,122.24
261.8,0.0,122.24
261.9,12.7,122.24
262.0,13.2,122.24
262.1,13.2,122.24
262.2,13.1,122.24
262.3,26.3,122.24
262.4,13.3,122.24
262.5,13.5,122.24
262.6,25.0,122.24
262.7,13.6,122.24
262.8,13.4,122.24
262.9,24.7,122.24
263.0,13.2,122.24
263.1,13.2,122.24
263.2,12.9,122.24
263.3,14.0,122.24
263.4,25.0,122.24
263.5,13.6,122.24
263.6,13.6,122.24
263.7,13.6,122.24
263.8,13.8,122.24
263.9,13.4,122.24
264.0,13.8,122.24
264.1,13.7,122.24
264.2,13.3,122.24
264.3,13.4,122.24
264.4,13.4,122.24
264.5,0.0,122.24
264.6,13.5,122.24
264.7,12.4,122.24
264.8,25.7,122.24
264.9,13.4,122.24
265.0,13.2,122.24
265.1,13.9,122.24
265.2,13.7,122.24
265.3,13.0,122.24
265.4,13.8,122.24
265.5,13.4,122.24
265.6,13.9,122.24
265.7,13.4,122.24
265.8,13.8,122.24
265.9,13.2,122.24
266.0,0.0,122.24
266.1,12.3,122.24
266.2,13.6,122.24
266.3,13.3,122.24
266.4,12.6,122.24
266.5,13.4,122.24
266.6,13.5,122.24
266.7,0.0,122.24
266.8,13.4,122.24
266.9,13.3,122.24
267.0,13.6,122.24
267.1,25.2,122.24
267.2,13.4,122.24
267.3,12.5,122.24
267.4,12.7,122.24
267.5,23.3,122.24
267.6,13.3,122.24
267.7,26.6,122.24
267.8,13.6,122.24
267.9,13.9,122.24
268.0,12.2,122.24
268.1,13.7,122.24
268.2,14.1,122.24
268.3,13.3,122.24
268.4,13.6,122.24
268.5,13.9,122.24
268.6,13.3,122.24
268.7,13.0,122.24
268.8,12.3,122.24
268.9,13.1,122.24
269.0,25.3,122.24
269.1,24.8,122.24
269.2,25.7,122.24
269.3,12.8,122.24
269.4,0.0,122.24
269.5,24.8,122.24
269.6,13.4,122.24
269.7,24.9,122.24
269.8,25.9,122.24
269.9,13.8,122.24
270.0,13.5,122.24
270.1,13.2,122.24
270.2,25.9,122.24
270.3,13.6,122.24
270.4,25.3,122.24
270.5,25.6,122.24
270.6,13.6,122.24
270.7,26.0,122.24
270.8,13.8,122.24
270.9,13.4,122.24
271.0,12.6,122.24
271.1,12.7,122.24
271.2,13.3,122.24
271.3,13.4,122.24
271.4,13.4,122.24
271.5,25.2,122.24
271.6,13.7,122.24
271.7,13.8,122.24
271.8,13.4,122.24
271.9,13.1,122.24
272.0,13.7,122.24
272.1,13.7,122.24
272.2,13.6,122.24
272.3,13.3,122.24
272.4,13.3,122.24
272.5,0.0,122.24
272.6,25.3,122.24
272.7,24.9,122.24
272.8,13.0,122.24
272.9,12.9,122.24
273.0,0.0,122.24
273.1,13.0,122.24
273.2,13.4,122.24
273.3,13.5,122.24
273.4,13.5,122.24
273.5,12.4,122.24
273.6,13.6,122.24
273.7,14.1,122.24
273.8,13.1,122.24
273.9,13.5,122.24
274.0,24.9,122.24
274.1,13.7,122.24
274.2,14.3,122.24
274.3,24.7,122.24
274.4,13.2,122.24
274.5,11.8,122.24
274.6,13.3,122.24
274.7,14.0,122.24
274.8,14.2,122.24
274.9,25.1,122.24
275.0,13.5,122.24
275.1,13.6,122.24
275.2,13.2,122.24
275.3,12.6,122.24
275.4,13.1,122.24
275.5,13.2,122.24
275.6,0.0,122.24
275.7,13.2,122.24
275.8,0.0,122.24
275.9,13.2,122.24
276.0,26.5,122.24
276.1,12.7,122.24
276.2,0.0,122.24
276.3,25.7,122.24
276.4,0.0,122.24
276.5,11.5,122.24
276.6,0.0,122.24
276.7,13.5,122.24
276.8,13.0,122.24
276.9,12.6,122.24
277.0,0.0,122.24
277.1,0.0,122.24
277.2,13.1,122.24
277.3,13.3,122.24
277.4,13.3,122.24
277.5,13.4,122.24
277.6,13.3,122.24
277.7,0.0,122.24
277.8,13.8,122.24
277.9,12.9,122.24
278.0,12.9,122.24
278.1,0.0,122.24
278.2,25.0,122.24
278.3,12.5,122.24
278.4,13.5,122.24
278.5,0.0,122.24
278.6,13.4,122.24
278.7,24.7,122.24
278.8,24.6,122.24
278.9,13.5,122.24
279.0,13.7,122.24
279.1,24.7,122.24
279.2,13.4,122.24
279.3,13.6,122.24
279.4,12.9,122.24
279.5,13.3,122.24
279.6,25.5,122.24
279.7,25.6,122.23
279.8,14.2,122.23
279.9,24.8,122.23
280.0,13.2,122.23
280.1,13.0,122.23
280.2,13.4,122.23
280.3,13.0,122.23
280.4,12.5,122.23
280.5,13.1,122.23
280.6,25.0,122.23
280.7,13.5,122.23
280.8,0.0,122.23
280.9,13.4,122.23
281.0,13.3,122.23
281.1,12.4,122.23
281.2,13.3,122.23
281.3,13.2,122.23
281.4,12.6,122.23
281.5,13.7,122.23
281.6,13.5,122.23
281.7,26.6,122.23
281.8,13.4,122.23
281.9,24.6,122.23
282.0,13.4,122.23
282.1,13.3,122.23
282.2,13.3,122.23
282.3,13.3,122.23
282.4,13.3,122.23
282.5,13.1,122.23
282.6,13.4,122.23
282.7,13.7,122.23
282.8,13.0,122.23
282.9,13.5,122.23
283.0,13.1,122.23
283.1,13.6,122.23
283.2,13.2,122.23
283.3,13.1,122.23
283.4,13.4,122.23
283.5,13.3,122.23
283.6,13.8,122.23
283.7,13.4,122.23
283.8,26.1,122.23
283.9,12.9,122.23
284.0,12.8,122.23
284.1,12.8,122.23
284.2,13.5,122.23
284.3,13.4,122.23
284.4,13.4,122.23
284.5,13.5,122.23
284.6,13.6,122.23
284.7,13.3,122.23
284.8,13.0,122.23
284.9,13.4,122.23
285.0,13.7,122.23
285.1,13.3,122.23
285.2,24.4,122.23
285.3,13.3,122.23
285.4,24.7,122.23
285.5,13.9,122.23
285.6,24.4,122.23
285.7,13.3,122.23
285.8,13.6,122.23
285.9,24.7,122.23
286.0,13.8,122.23
286.1,13.4,122.23
286.2,13.7,122.23
286.3,26.2,122.23
286.4,13.3,122.23
286.5,13.5,122.23
286.6,11.9,122.23
286.7,24.7,122.23
286.8,0.0,122.23
286.9,13.1,122.23
287.0,13.2,122.23
287.1,13.4,122.23
287.2,13.4,122.23
287.3,13.4,122.23
287.4,13.3,122.23
287.5,13.8,122.23
287.6,13.6,122.23
287.7,0.0,122.23
287.8,0.0,122.23
287.9,12.6,122.23
288.0,0.0,122.23
288.1,13.6,122.23
288.2,25.2,122.23
288.3,24.8,122.23
288.4,13.6,122.23
288.5,13.2,122.23
288.6,13.3,122.23
288.7,12.6,122.23
288.8,12.6,122.23
288.9,13.4,122.23
289.0,25.0,122.23
289.1,13.3,122.23
289.2,12.4,122.23
289.3,12.5,122.23
289.4,0.0,122.23
289.5,13.4,122.23
289.6,13.7,122.23
289.7,13.8,122.23
289.8,13.3,122.23
289.9,13.6,122.23
290.0,13.8,122.23
290.1,0.0,122.23
290.2,13.0,122.23
290.3,13.2,122.23
290.4,13.5,122.23
290.5,0.0,122.23
290.6,13.8,122.23
290.7,13.6,122.23
290.8,25.4,122.23
290.9,13.5,122.23
291.0,13.5,122.23
291.1,13.9,122.23
291.2,14.5,122.23
291.3,13.8,122.23
291.4,13.4,122.23
291.5,13.4,122.23
291.6,25.8,122.23
291.7,14.1,122.23
291.8,13.3,122.23
291.9,12.4,122.23
292.0,13.5,122.23
292.1,13.3,122.23
292.2,13.4,122.23
292.3,25.7,122.23
292.4,13.1,122.23
292.5,12.3,122.23
292.6,12.4,122.23
292.7,13.7,122.23
292.8,12.8,122.23
292.9,13.3,122.23
293.0,26.1,122.23
293.1,13.7,122.23
293.2,24.9,122.23
293.3,13.6,122.23
293.4,13.3,122.23
293.5,24.8,122.23
293.6,12.0,122.23
293.7,12.7,122.23
293.8,13.4,122.23
293.9,25.0,122.23
294.0,13.6,122.23
294.1,25.1,122.23
294.2,25.3,122.23
294.3,13.2,122.23
294.4,12.7,122.23
294.5,13.1,122.23
294.6,13.3,122.23
294.7,13.5,122.23
294.8,13.4,122.23
294.9,13.3,122.23
295.0,13.2,122.23
295.1,13.4,122.23
295.2,13.3,122.23
295.3,13.3,122.23
295.4,12.2,122.23
295.5,13.4,122.23
295.6,13.4,122.23
295.7,26.3,122.23
295.8,12.9,122.23
295.9,13.2,122.23
296.0,25.9,122.23
296.1,13.7,122.23
296.2,25.3,122.23
296.3,13.2,122.23
296.4,13.2,122.23
296.5,25.0,122.23
296.6,13.7,122.23
296.7,13.6,122.23
296.8,13.4,122.23
296.9,12.7,122.24
297.0,26.8,122.24
297.1,12.9,122.24
297.2,13.6,122.24
297.3,13.4,122.24
297.4,13.0,122.24
297.5,13.4,122.24
297.6,13.5,122.24
297.7,13.2,122.24
297.8,0.0,122.24
297.9,0.0,122.24
298.0,12.8,122.24
298.1,13.4,122.24
298.2,13.8,122.24
298.3,13.6,122.24
298.4,13.5,122.24
298.5,13.1,122.24
298.6,13.4,122.24
298.7,13.3,122.24
298.8,13.3,122.24
298.9,13.0,122.24
299.0,13.3,122.24
299.1,13.9,122.24
299.2,13.3,122.24
299.3,13.9,122.24
299.4,24.8,122.24
299.5,13.7,122.24
299.6,13.3,122.24
299.7,13.7,122.24
299.8,13.8,122.24
299.9,13.3,122.24
300.0,13.4,122.24
300.1,13.6,122.24
300.2,25.2,122.24
300.3,13.3,122.24
300.4,26.6,122.24
300.5,13.4,122.24
300.6,13.0,122.24
300.7,25.2,122.24
300.8,12.8,122.24
300.9,12.6,122.24
301.0,13.6,122.24
301.1,24.9,122.24
301.2,13.4,122.24
301.3,12.7,122.24
301.4,25.6,122.24
301.5,24.4,122.24
301.6,26.1,122.24
301.7,14.1,122.24
301.8,13.6,122.24
301.9,13.6,122.24
302.0,13.3,122.24
302.1,14.3,122.24
302.2,24.8,122.24
302.3,0.0,122.24
302.4,12.7,122.24
302.5,0.0,122.24
302.6,13.5,122.24
302.7,13.6,122.24
302.8,13.4,122.24
302.9,12.7,122.24
303.0,0.0,122.24
303.1,13.5,122.24
303.2,13.4,122.24
303.3,13.3,122.24
303.4,13.1,122.24
303.5,13.4,122.24
303.6,13.3,122.24
303.7,13.9,122.24
303.8,12.9,122.24
303.9,13.0,122.24
304.0,0.0,122.24
304.1,0.0,122.24
304.2,13.1,122.24
304.3,13.6,122.24
304.4,13.3,122.24
304.5,25.7,122.24
304.6,13.7,122.24
304.7,13.4,122.24
304.8,13.0,122.24
304.9,13.3,122.24
305.0,13.9,122.24
305.1,0.0,122.24
305.2,12.4,122.24
305.3,12.3,122.24
305.4,13.3,122.24
305.5,24.4,122.24
305.6,24.5,122.24
305.7,12.3,122.24
305.8,13.3,122.24
305.9,12.9,122.24
306.0,0.0,122.24
306.1,12.7,122.24
306.2,25.6,122.24
306.3,13.6,122.24
306.4,13.6,122.24
306.5,24.9,122.24
306.6,13.8,122.24
306.7,24.6,122.24
306.8,26.0,122.24
306.9,13.0,122.24
307.0,13.6,122.24
307.1,14.0,122.24
307.2,13.6,122.24
307.3,12.3,122.24
307.4,13.2,122.24
307.5,12.1,122.24
307.6,0.0,122.24
307.7,13.5,122.24
307.8,12.9,122.24
307.9,24.5,122.24
308.0,12.6,122.24
308.1,13.3,122.24
308.2,13.4,122.24
308.3,13.9,122.24
308.4,13.5,122.24
308.5,13.4,122.24
308.6,13.6,122.24
308.7,25.4,122.24
308.8,24.8,122.24
308.9,13.1,122.24
309.0,12.9,122.24
309.1,13.0,122.24
309.2,25.6,122.24
309.3,25.2,122.24
309.4,25.4,122.24
309.5,13.4,122.24
309.6,14.2,122.24
309.7,13.4,122.25
309.8,13.0,122.25
309.9,13.4,122.25
310.0,13.2,122.25
310.1,13.6,122.25
310.2,25.0,122.25
310.3,12.7,122.25
310.4,13.5,122.25
310.5,13.4,122.25
310.6,13.8,122.25
310.7,12.8,122.25
310.8,12.5,122.25
310.9,13.3,122.25
311.0,14.2,122.25
311.1,24.6,122.25
311.2,24.8,122.25
311.3,26.7,122.25
311.4,13.1,122.25
311.5,13.5,122.25
311.6,13.1,122.25
311.7,0.0,122.25
311.8,13.6,122.25
311.9,13.5,122.25
312.0,13.3,122.25
312.1,14.0,122.25
312.2,13.4,122.25
312.3,12.8,122.25
312.4,13.7,122.25
312.5,13.5,122.25
312.6,24.5,122.25
312.7,11.9,122.25
312.8,11.8,122.25
312.9,13.6,122.25
313.0,14.1,122.25
313.1,26.8,122.25
313.2,13.4,122.25
313.3,26.4,122.25
313.4,24.9,122.25
313.5,13.3,122.25
313.6,12.4,122.25
313.7,0.0,122.25
313.8,13.4,122.25
313.9,13.3,122.25
314.0,12.9,122.25
314.1,13.3,122.25
314.2,13.3,122.25
314.3,25.4,122.25
314.4,13.4,122.25
314.5,13.5,122.25
314.6,13.8,122.25
314.7,26.5,122.25
314.8,12.9,122.25
314.9,13.1,122.25
315.0,13.5,122.25
315.1,24.3,122.25
315.2,13.4,122.25
315.3,26.7,122.25
315.4,13.2,122.25
315.5,0.0,122.25
315.6,0.0,122.25
315.7,13.9,122.25
315.8,13.8,122.25
315.9,26.3,122.25
316.0,13.4,122.25
316.1,14.2,122.25
316.2,26.5,122.25
316.3,12.9,122.25
316.4,13.5,122.25
316.5,13.3,122.25
316.6,13.0,122.25
316.7,24.6,122.25
316.8,0.0,122.25
316.9,13.2,122.25
317.0,26.3,122.25
317.1,13.0,122.25
317.2,13.4,122.25
317.3,13.6,122.25
317.4,0.0,122.25
317.5,13.7,122.25
317.6,13.3,122.25
317.7,13.1,122.25
317.8,25.4,122.25
317.9,25.3,122.25
318.0,12.8,122.25
318.1,13.5,122.25
318.2,25.4,122.25
318.3,13.6,122.25
318.4,14.4,122.25
318.5,25.4,122.25
318.6,14.0,122.25
318.7,13.9,122.25
318.8,0.0,122.25
318.9,13.5,122.25
319.0,12.7,122.25
319.1,14.3,122.25
319.2,13.3,122.25
319.3,12.8,122.25
319.4,25.6,122.25
319.5,14.3,122.25
319.6,13.3,122.25
319.7,13.4,122.25
319.8,13.7,122.25
319.9,0.0,122.25
320.0,13.4,122.25
320.1,24.9,122.25
320.2,13.3,122.25
320.3,13.3,122.25
320.4,25.9,122.25
320.5,0.0,122.25
320.6,13.3,122.25
320.7,24.8,122.25
320.8,25.3,122.25
320.9,13.3,122.25
321.0,13.5,122.25
321.1,25.0,122.25
321.2,13.3,122.25
321.3,13.6,122.25
321.4,14.3,122.25
321.5,13.5,122.25
321.6,26.3,122.25
321.7,13.5,122.25
321.8,26.6,122.25
321.9,13.5,122.25
322.0,13.7,122.25
322.1,13.5,122.25
322.2,13.4,122.25
322.3,0.0,122.25
322.4,12.4,122.25
322.5,13.0,122.25
322.6,13.9,122.25
322.7,12.5,122.25
322.8,13.7,122.25
322.9,13.7,122.25
323.0,13.4,122.25
323.1,13.5,122.25
323.2,13.7,122.25
323.3,13.9,122.25
323.4,13.1,122.25
323.5,13.2,122.25
323.6,12.8,122.25
323.7,13.2,122.25
323.8,25.7,122.25
323.9,13.5,122.25
324.0,24.4,122.25
324.1,13.4,122.25
324.2,24.8,122.25
324.3,13.6,122.25
324.4,13.4,122.25
324.5,13.2,122.25
324.6,13.3,122.25
324.7,13.4,122.25
324.8,13.2,122.25
324.9,13.6,122.25
325.0,24.3,122.25
325.1,12.5,122.25
325.2,13.4,122.25
325.3,13.9,122.25
325.4,13.1,122.25
325.5,13.6,122.25
325.6,13.7,122.25
325.7,13.2,122.25
325.8,13.5,122.25
325.9,13.2,122.25
326.0,0.0,122.25
326.1,13.3,122.25
326.2,13.7,122.25
326.3,24.3,122.25
326.4,12.4,122.25
326.5,13.0,122.25
326.6,13.9,122.25
326.7,12.2,122.25
326.8,11.6,122.25
326.9,13.5,122.25
327.0,13.4,122.25
327.1,14.0,122.25
327.2,14.4,122.25
327.3,13.3,122.25
327.4,13.4,122.25
327.5,24.7,122.25
327.6,12.2,122.25
327.7,13.0,122.25
327.8,13.5,122.25
327.9,12.8,122.25
328.0,13.3,122.25
328.1,13.5,122.25
328.2,13.9,122.25
328.3,12.9,122.25
328.4,13.7,122.25
328.5,12.5,122.25
328.6,13.1,122.25
328.7,13.6,122.25
328.8,13.3,122.25
328.9,13.5,122.25
329.0,13.0,122.25
329.1,13.4,122.26
329.2,13.2,122.26
329.3,13.5,122.26
329.4,12.7,122.26
329.5,13.3,122.26
329.6,13.7,122.26
329.7,13.2,122.26
329.8,13.4,122.26
329.9,13.2,122.26
330.0,0.0,122.26
330.1,13.8,122.26
330.2,12.9,122.26
330.3,0.0,122.26
330.4,13.7,122.26
330.5,13.2,122.26
330.6,0.0,122.26
330.7,13.8,122.26
330.8,13.3,122.26
330.9,0.0,122.26
331.0,13.8,122.26
331.1,13.4,122.26
331.2,13.4,122.26
331.3,12.7,122.26
331.4,13.4,122.26
331.5,24.7,122.26
331.6,14.0,122.26
331.7,0.0,122.26
331.8,13.6,122.26
331.9,24.4,122.26
332.0,13.4,122.26
332.1,13.8,122.26
332.2,13.3,122.26
332.3,13.4,122.26
332.4,13.7,122.26
332.5,13.5,122.26
332.6,0.0,122.26
332.7,13.2,122.26
332.8,12.6,122.26
332.9,13.2,122.26
333.0,12.8,122.26
333.1,13.4,122.26
333.2,13.6,122.26
333.3,13.4,122.26
333.4,13.3,122.26
333.5,25.3,122.26
333.6,13.5,122.26
333.7,13.9,122.26
333.8,12.8,122.26
333.9,13.7,122.26
334.0,13.5,122.26
334.1,12.5,122.26
334.2,12.9,122.26
334.3,13.4,122.26
334.4,12.7,122.26
334.5,0.0,122.26
334.6,12.7,122.26
334.7,13.0,122.26
334.8,13.3,122.26
334.9,13.4,122.26
335.0,26.2,122.26
335.1,24.6,122.26
335.2,13.4,122.26
335.3,0.0,122.26
335.4,12.7,122.26
335.5,26.5,122.26
335.6,25.1,122.26
335.7,13.4,122.26
335.8,13.5,122.26
335.9,0.0,122.26
336.0,13.3,122.26
336.1,13.2,122.26
336.2,26.5,122.26
336.3,25.0,122.26
336.4,0.0,122.26
336.5,13.7,122.26
336.6,13.1,122.26
336.7,13.3,122.26
336.8,13.4,122.26
336.9,13.4,122.26
337.0,13.2,122.26
337.1,12.6,122.26
337.2,11.9,122.26
337.3,11.4,122.26
337.4,13.3,122.26
337.5,24.7,122.26
337.6,25.0,122.26
337.7,12.7,122.26
337.8,13.4,122.26
337.9,13.3,122.26
338.0,13.3,122.26
338.1,12.5,122.26
338.2,0.0,122.26
338.3,12.5,122.26
338.4,12.9,122.26
338.5,13.5,122.26
338.6,25.3,122.26
338.7,14.1,122.26
338.8,13.5,122.26
338.9,11.4,122.26
339.0,12.7,122.26
339.1,13.6,122.26
339.2,14.1,122.26
339.3,13.4,122.26
339.4,13.6,122.26
339.5,25.8,122.26
339.6,13.4,122.26
339.7,0.0,122.26
339.8,0.0,122.26
339.9,12.9,122.26
340.0,13.2,122.26
340.1,0.0,122.26
340.2,0.0,122.26
340.3,13.3,122.26
340.4,13.8,122.26
340.5,13.6,122.26
340.6,14.0,122.26
340.7,13.6,122.26
340.8,14.2,122.26
340.9,13.4,122.26
341.0,14.0,122.26
341.1,13.9,122.26
341.2,13.4,122.26
341.3,13.6,122.26
341.4,13.7,122.26
341.5,13.6,122.26
341.6,13.7,122.26
341.7,14.3,122.26
341.8,13.7,122.27
341.9,13.9,122.27
342.0,0.0,122.27
342.1,13.8,122.27
342.2,14.4,122.27
342.3,14.0,122.27
342.4,13.4,122.27
342.5,0.0,122.27
342.6,13.6,122.27
342.7,12.8,122.27
342.8,0.0,122.27
342.9,13.4,122.27
343.0,13.5,122.27
343.1,0.0,122.27
343.2,13.2,122.27
343.3,25.1,122.27
343.4,13.5,122.27
343.5,0.0,122.27
343.6,13.8,122.27
343.7,13.3,122.27
343.8,12.7,122.27
343.9,25.6,122.27
344.0,25.3,122.27
344.1,13.4,122.27
344.2,0.0,122.27
344.3,13.9,122.27
344.4,13.6,122.27
344.5,13.4,122.27
344.6,13.8,122.27
344.7,24.9,122.27
344.8,25.1,122.27
344.9,13.1,122.27
345.0,13.4,122.27
345.1,13.5,122.27
345.2,0.0,122.27
345.3,13.2,122.27
345.4,13.1,122.27
345.5,13.0,122.27
345.6,13.6,122.27
345.7,13.4,122.27
345.8,13.4,122.27
345.9,13.4,122.27
346.0,13.4,122.27
346.1,13.4,122.27
346.2,13.1,122.27
346.3,13.4,122.27
346.4,13.6,122.27
346.5,13.0,122.27
346.6,25.0,122.27
346.7,24.8,122.27
346.8,13.8,122.27
346.9,0.0,122.27
347.0,12.7,122.27
347.1,0.0,122.27
347.2,25.3,122.27
347.3,25.5,122.27
347.4,13.2,122.27
347.5,13.7,122.27
347.6,13.5,122.27
347.7,13.8,122.27
347.8,13.4,122.27
347.9,13.7,122.27
348.0,14.3,122.27
348.1,13.6,122.27
348.2,13.6,122.27
348.3,13.3,122.27
348.4,13.3,122.27
348.5,13.2,122.27
348.6,13.4,122.27
348.7,14.4,122.27
348.8,13.7,122.27
348.9,13.7,122.27
349.0,0.0,122.27
349.1,13.4,122.27
349.2,13.7,122.27
349.3,13.3,122.27
349.4,13.3,122.27
349.5,13.3,122.27
349.6,13.5,122.27
349.7,12.7,122.27
349.8,26.7,122.27
349.9,13.7,122.27
350.0,24.8,122.27
350.1,13.3,122.27
350.2,13.0,122.27
350.3,25.8,122.27
350.4,13.9,122.27
350.5,24.4,122.27
350.6,13.4,122.27
350.7,13.2,122.27
350.8,13.5,122.27
350.9,13.4,122.27
351.0,0.0,122.27
351.1,13.4,122.27
351.2,25.1,122.27
351.3,13.3,122.27
351.4,12.6,122.27
351.5,25.9,122.27
351.6,13.5,122.27
351.7,0.0,122.27
351.8,13.1,122.27
351.9,25.8,122.27
352.0,13.2,122.27
352.1,0.0,122.27
352.2,13.6,122.27
352.3,13.4,122.27
352.4,13.4,122.27
352.5,13.7,122.27
352.6,13.4,122.27
352.7,13.6,122.27
352.8,24.6,122.27
352.9,13.6,122.27
353.0,0.0,122.27
353.1,13.5,122.27
353.2,14.6,122.27
353.3,13.5,122.27
353.4,0.0,122.27
353.5,13.5,122.27
353.6,13.4,122.27
353.7,13.7,122.27
353.8,13.7,122.27
353.9,24.9,122.27
354.0,26.2,122.27
354.1,12.8,122.27
354.2,13.3,122.27
354.3,0.0,122.27
354.4,13.5,122.27
354.5,25.3,122.27
354.6,14.0,122.27
354.7,13.1,122.27
354.8,12.5,122.27
354.9,12.7,122.27
355.0,13.4,122.27
355.1,13.4,122.27
355.2,13.5,122.27
355.3,14.3,122.27
355.4,13.3,122.27
355.5,0.0,122.27
355.6,13.4,122.27
355.7,13.7,122.27
355.8,13.5,122.27
355.9,12.6,122.27
356.0,0.0,122.27
356.1,13.7,122.27
356.2,13.3,122.27
356.3,13.5,122.27
356.4,13.4,122.27
356.5,26.7,122.27
356.6,12.6,122.27
356.7,11.8,122.27
356.8,24.7,122.27
356.9,13.7,122.27
357.0,0.0,122.27
357.1,13.2,122.27
357.2,13.7,122.27
357.3,13.4,122.27
357.4,12.7,122.27
357.5,13.0,122.27
357.6,13.4,122.27
357.7,0.0,122.27
357.8,13.6,122.27
357.9,13.4,122.27
358.0,12.7,122.27
358.1,0.0,122.27
358.2,13.7,122.27
358.3,14.1,122.27
358.4,13.2,122.27
358.5,13.5,122.27
358.6,0.0,122.27
358.7,13.4,122.27
358.8,26.2,122.27
358.9,13.4,122.27
359.0,25.0,122.27
359.1,25.6,122.27
359.2,13.3,122.27
359.3,13.5,122.27
359.4,13.0,122.27
359.5,13.7,122.27
359.6,13.5,122.27
359.7,13.4,122.27
359.8,13.3,122.27
359.9,13.4,122.27
360.0,12.8,122.27
360.1,13.3,122.27
360.2,26.1,122.27
360.3,13.2,122.27
360.4,13.5,122.27
360.5,12.7,122.27
360.6,13.0,122.27
360.7,13.5,122.27
360.8,14.2,122.27
360.9,13.2,122.27
361.0,13.3,122.27
361.1,13.3,122.28
361.2,13.6,122.28
361.3,13.6,122.28
361.4,25.8,122.28
361.5,13.7,122.28
361.6,26.2,122.28
361.7,13.0,122.28
361.8,13.6,122.28
361.9,13.5,122.28
362.0,13.8,122.28
362.1,13.6,122.28
362.2,13.0,122.28
362.3,13.6,122.28
362.4,13.1,122.28
362.5,13.7,122.28
362.6,13.2,122.28
362.7,12.3,122.28
362.8,13.3,122.28
362.9,13.3,122.28
363.0,13.4,122.28
363.1,25.6,122.28
363.2,24.9,122.28
363.3,13.4,122.28
363.4,12.7,122.28
363.5,13.4,122.28
363.6,13.8,122.28
363.7,25.5,122.28
363.8,13.6,122.28
363.9,13.3,122.28
364.0,13.4,122.28
364.1,24.8,122.28
364.2,24.7,122.28
364.3,13.5,122.28
364.4,13.6,122.28
364.5,13.8,122.28
364.6,0.0,122.28
364.7,13.1,122.28
364.8,13.4,122.28
364.9,13.4,122.28
365.0,12.6,122.28
365.1,26.7,122.28
365.2,13.5,122.28
365.3,13.9,122.28
365.4,13.4,122.28
365.5,13.6,122.28
365.6,13.9,122.28
365.7,13.4,122.28
365.8,13.7,122.28
365.9,13.3,122.28
366.0,13.2,122.28
366.1,25.7,122.28
366.2,25.2,122.28
366.3,12.9,122.28
366.4,13.3,122.28
366.5,25.6,122.28
366.6,13.5,122.28
366.7,0.0,122.28
366.8,12.4,122.28
366.9,13.8,122.28
367.0,13.6,122.28
367.1,12.3,122.28
367.2,13.0,122.28
367.3,13.3,122.28
367.4,13.0,122.28
367.5,12.6,122.28
367.6,12.8,122.28
367.7,13.2,122.28
367.8,12.8,122.28
367.9,13.6,122.28
368.0,13.7,122.28
368.1,13.8,122.28
368.2,13.1,122.28
368.3,24.9,122.28
368.4,24.6,122.28
368.5,25.4,122.28
368.6,14.4,122.28
368.7,12.9,122.28
368.8,13.0,122.28
368.9,12.9,122.28
369.0,14.3,122.28
369.1,13.3,122.28
369.2,13.5,122.28
369.3,13.7,122.28
369.4,0.0,122.28
369.5,24.8,122.28
369.6,13.3,122.28
369.7,13.4,122.28
369.8,13.4,122.28
369.9,13.6,122.28
370.0,13.7,122.28
370.1,12.8,122.28
370.2,25.8,122.28
370.3,13.4,122.28
370.4,13.5,122.28
370.5,14.0,122.28
370.6,12.7,122.28
370.7,0.0,122.28
370.8,24.7,122.28
370.9,24.8,122.28
371.0,24.8,122.28
371.1,13.4,122.28
371.2,13.4,122.28
371.3,26.5,122.28
371.4,13.4,122.28
371.5,13.5,122.28
371.6,13.4,122.28
371.7,13.3,122.28
371.8,13.4,122.28
371.9,13.3,122.28
372.0,13.5,122.28
372.1,12.5,122.28
372.2,14.2,122.28
372.3,13.2,122.28
372.4,13.1,122.28
372.5,12.5,122.28
372.6,25.5,122.28
372.7,13.8,122.28
372.8,13.4,122.28
372.9,13.1,122.28
373.0,13.3,122.28
373.1,13.4,122.28
373.2,13.3,122.28
373.3,13.4,122.28
373.4,0.0,122.28
373.5,13.8,122.28
373.6,13.8,122.28
373.7,13.8,122.28
373.8,13.3,122.29
373.9,0.0,122.29
374.0,13.2,122.29
374.1,25.9,122.29
374.2,13.6,122.29
374.3,13.3,122.29
374.4,13.5,122.29
374.5,13.4,122.29
374.6,13.0,122.29
374.7,13.4,122.29
374.8,13.4,122.29
374.9,13.4,122.29
375.0,13.5,122.29
375.1,14.3,122.29
375.2,26.5,122.29
375.3,13.7,122.29
375.4,13.9,122.29
375.5,13.7,122.29
375.6,13.4,122.29
375.7,13.4,122.29
375.8,12.8,122.29
375.9,13.9,122.29
376.0,12.6,122.29
376.1,13.3,122.29
376.2,25.5,122.29
376.3,13.2,122.29
376.4,13.1,122.29
376.5,13.7,122.29
376.6,0.0,122.29
376.7,12.9,122.29
376.8,0.0,122.29
376.9,13.4,122.29
377.0,13.3,122.29
377.1,13.2,122.29
377.2,13.0,122.29
377.3,13.1,122.29
377.4,0.0,122.29
377.5,14.0,122.29
377.6,12.9,122.29
377.7,24.5,122.29
377.8,12.8,122.29
377.9,0.0,122.29
378.0,12.1,122.29
378.1,14.0,122.29
378.2,13.7,122.29
378.3,13.6,122.29
378.4,13.3,122.29
378.5,25.1,122.29
378.6,26.0,122.29
378.7,13.5,122.29
378.8,25.9,122.29
378.9,13.3,122.29
379.0,13.0,122.29
379.1,13.3,122.29
379.2,12.6,122.29
379.3,13.3,122.29
379.4,13.5,122.29
379.5,13.7,122.29
379.6,13.7,122.29
379.7,25.0,122.29
379.8,24.8,122.29
379.9,13.6,122.29
380.0,13.6,122.29
380.1,13.5,122.29
380.2,13.5,122.29
380.3,12.5,122.29
380.4,13.3,122.29
380.5,14.2,122.29
380.6,14.0,122.29
380.7,0.0,122.29
380.8,13.3,122.29
380.9,13.4,122.29
381.0,13.5,122.29
381.1,12.6,122.29
381.2,24.4,122.29
381.3,0.0,122.29
381.4,13.1,122.29
381.5,0.0,122.29
381.6,24.8,122.29
381.7,13.5,122.29
381.8,13.5,122.29
381.9,12.9,122.29
382.0,12.6,122.29
382.1,26.7,122.29
382.2,13.6,122.29
382.3,13.6,122.29
382.4,13.1,122.29
382.5,14.1,122.29
382.6,13.4,122.29
382.7,13.3,122.29
382.8,13.2,122.29
382.9,13.6,122.29
383.0,14.6,122.29
383.1,13.7,122.29
383.2,13.4,122.29
383.3,13.5,122.29
383.4,24.9,122.29
383.5,25.1,122.29
383.6,13.3,122.29
383.7,12.7,122.29
383.8,0.0,122.29
383.9,13.3,122.29
384.0,13.6,122.29
384.1,13.3,122.29
384.2,13.2,122.29
384.3,13.4,122.29
384.4,25.2,122.29
384.5,12.8,122.29
384.6,13.5,122.29
384.7,13.7,122.29
384.8,0.0,122.29
384.9,25.2,122.29
385.0,25.2,122.29
385.1,25.2,122.29
385.2,12.9,122.29
385.3,13.8,122.29
385.4,13.5,122.29
385.5,13.4,122.29
385.6,13.9,122.29
385.7,13.3,122.29
385.8,13.1,122.29
385.9,13.3,122.29
386.0,13.4,122.29
386.1,13.4,122.29
386.2,12.7,122.29
386.3,24.8,122.29
386.4,13.0,122.29
386.5,13.5,122.29
386.6,12.7,122.35
386.7,0.0,122.35
386.8,13.5,122.35
386.9,13.4,122.35
387.0,13.4,122.35
387.1,13.2,122.35
387.2,13.5,122.35
387.3,13.4,122.35
387.4,25.6,122.35
387.5,13.1,122.35
387.6,13.4,122.35
387.7,25.1,122.35
387.8,13.4,122.35
387.9,13.4,122.35
388.0,25.3,122.35
388.1,11.8,122.35
388.2,24.4,122.35
388.3,13.4,122.35
388.4,13.4,122.35
388.5,13.4,122.35
388.6,13.4,122.35
388.7,12.6,122.35
388.8,26.1,122.35
388.9,14.3,122.35
389.0,24.9,122.35
389.1,13.4,122.35
389.2,0.0,122.35
389.3,0.0,122.35
389.4,13.5,122.35
389.5,13.4,122.35
389.6,13.4,122.35
389.7,13.1,122.35
389.8,13.4,122.35
389.9,0.0,122.35
390.0,13.5,122.35
390.1,13.7,122.35
390.2,26.1,122.35
390.3,13.3,122.35
390.4,0.0,122.35
390.5,12.6,122.35
390.6,13.7,122.35
390.7,13.7,122.35
390.8,26.0,122.35
390.9,13.8,122.35
391.0,24.7,122.35
391.1,13.9,122.35
391.2,0.0,122.35
391.3,13.4,122.35
391.4,14.0,122.35
391.5,13.7,122.35
391.6,13.3,122.35
391.7,13.7,122.35
391.8,26.1,122.35
391.9,14.3,122.35
392.0,0.0,122.35
392.1,13.7,122.35
392.2,14.3,122.35
392.3,13.3,122.35
392.4,13.5,122.35
392.5,13.6,122.35
392.6,25.5,122.35
392.7,13.6,122.35
392.8,0.0,122.35
392.9,13.3,122.35
393.0,13.8,122.35
393.1,14.3,122.35
393.2,14.4,122.35
393.3,0.0,122.35
393.4,14.6,122.35
393.5,14.4,122.35
393.6,14.1,122.35
393.7,13.6,122.35
393.8,13.3,122.35
393.9,13.4,122.35
394.0,25.0,122.35
394.1,26.1,122.35
394.2,13.9,122.35
394.3,13.2,122.35
394.4,13.3,122.35
394.5,25.9,122.35
394.6,25.1,122.35
394.7,12.5,122.35
394.8,13.3,122.35
394.9,25.4,122.35
395.0,14.3,122.35
395.1,11.9,122.35
395.2,0.0,122.35
395.3,14.5,122.35
395.4,14.2,122.35
395.5,14.4,122.35
395.6,14.6,122.35
395.7,0.0,122.35
395.8,13.8,122.35
395.9,0.0,122.35
396.0,0.0,122.35
396.1,0.0,122.35
396.2,0.0,122.35
396.3,0.0,122.35
396.4,14.2,122.35
396.5,26.7,122.35
396.6,13.5,122.35
396.7,12.6,122.35
396.8,11.8,122.35
396.9,0.0,122.35
397.0,13.4,122.35
397.1,14.1,122.35
397.2,14.8,122.35
397.3,13.5,122.35
397.4,26.1,122.35
397.5,14.2,122.35
397.6,0.0,122.35
397.7,13.7,122.35
397.8,13.7,122.35
397.9,12.7,122.35
398.0,13.6,122.35
398.1,0.0,122.35
398.2,12.1,122.35
398.3,0.0,122.35
398.4,13.8,122.35
398.5,14.0,122.35
398.6,14.0,122.35
398.7,13.5,122.35
398.8,13.0,122.35
398.9,13.3,122.35
399.0,13.5,122.35
399.1,25.0,122.35
399.2,26.2,122.35
399.3,12.8,122.35
399.4,13.4,122.35
399.5,25.0,122.35
399.6,13.0,122.35
399.7,14.3,122.35
399.8,13.1,122.35
399.9,13.2,122.35
400.0,25.5,122.35
400.1,13.5,122.35
400.2,13.8,122.35
400.3,0.0,122.35
400.4,13.2,122.35
400.5,13.3,122.35
400.6,12.5,122.35
400.7,13.5,122.35
400.8,13.3,122.35
400.9,13.2,122.35
401.0,13.6,122.35
401.1,24.2,122.35
401.2,13.1,122.35
401.3,0.0,122.35
401.4,13.6,122.35
401.5,13.4,122.35
401.6,24.7,122.35
401.7,26.4,122.35
401.8,13.1,122.35
401.9,12.6,122.35
402.0,26.3,122.35
402.1,25.6,122.35
402.2,13.2,122.35
402.3,12.9,122.35
402.4,12.3,122.35
402.5,13.7,122.35
402.6,13.3,122.35
402.7,13.1,122.35
402.8,13.0,122.35
402.9,12.5,122.35
403.0,12.4,122.35
403.1,12.8,122.35
403.2,13.6,122.35
403.3,0.0,122.35
403.4,13.2,122.35
403.5,26.5,122.35
403.6,13.3,122.35
403.7,13.8,122.35
403.8,13.5,122.35
403.9,13.3,122.35
404.0,13.3,122.35
404.1,13.2,122.35
404.2,13.5,122.35
404.3,13.5,122.35
404.4,0.0,122.35
404.5,13.4,122.35
404.6,13.2,122.35
404.7,13.3,122.35
404.8,13.3,122.35
404.9,13.0,122.35
405.0,13.5,122.35
405.1,13.5,122.35
405.2,12.5,122.35
405.3,14.7,122.35
405.4,13.5,122.35
405.5,12.8,122.35
405.6,26.6,122.35
405.7,14.0,122.35
405.8,13.4,122.35
405.9,13.5,122.35
406.0,12.3,122.35
406.1,13.3,122.35
406.2,13.5,122.35
406.3,13.3,122.35
406.4,13.2,122.35
406.5,13.2,122.35
406.6,12.9,122.35
406.7,13.6,122.35
406.8,13.5,122.35
406.9,13.5,122.35
407.0,12.5,122.35
407.1,12.8,122.35
407.2,26.2,122.35
407.3,13.3,122.35
407.4,13.2,122.35
407.5,12.2,122.35
407.6,25.2,122.35
407.7,13.6,122.35
407.8,12.5,122.35
407.9,0.0,122.35
408.0,13.3,122.35
408.1,12.3,122.35
408.2,13.6,122.35
408.3,0.0,122.35
408.4,13.7,122.35
408.5,13.3,122.35
408.6,0.0,122.35
408.7,13.8,122.35
408.8,13.6,122.35
408.9,0.0,122.35
409.0,13.5,122.35
409.1,13.1,122.35
409.2,13.1,122.35
409.3,12.7,122.35
409.4,13.6,122.35
409.5,13.3,122.35
409.6,25.8,122.35
409.7,13.5,122.35
409.8,25.2,122.35
409.9,25.5,122.35
410.0,12.9,122.35
410.1,13.0,122.35
410.2,12.6,122.35
410.3,13.3,122.35
410.4,13.6,122.35
410.5,25.2,122.35
410.6,14.3,122.35
410.7,26.2,122.35
410.8,13.7,122.35
410.9,13.5,122.35
411.0,12.8,122.35
411.1,14.0,122.35
411.2,13.3,122.35
411.3,13.1,122.35
411.4,0.0,122.35
411.5,0.0,122.35
411.6,0.0,122.35
411.7,14.0,122.35
411.8,0.0,122.35
411.9,12.6,122.35
412.0,13.3,122.35
412.1,13.4,122.35
412.2,13.1,122.35
412.3,25.3,122.35
412.4,25.7,122.35
412.5,14.3,122.35
412.6,13.4,122.35
412.7,0.0,122.35
412.8,13.6,122.35
412.9,25.9,122.35
413.0,13.6,122.35
413.1,13.4,122.35
413.2,13.6,122.35
413.3,13.7,122.35
413.4,26.3,122.35
413.5,13.0,122.35
413.6,12.8,122.35
413.7,13.7,122.35
413.8,13.3,122.35
413.9,13.4,122.35
414.0,13.5,122.35
414.1,13.4,122.35
414.2,0.0,122.35
414.3,13.4,122.35
414.4,25.2,122.35
414.5,13.5,122.35
414.6,12.4,122.35
414.7,12.9,122.35
414.8,13.4,122.35
414.9,13.4,122.35
415.0,13.3,122.35
415.1,12.9,122.35
415.2,0.0,122.35
415.3,13.5,122.35
415.4,25.6,122.35
415.5,13.5,122.35
415.6,13.5,122.35
415.7,12.9,122.35
415.8,13.4,122.35
415.9,14.2,122.35
416.0,12.9,122.35
416.1,13.3,122.35
416.2,13.3,122.35
416.3,13.4,122.35
416.4,13.4,122.35
416.5,13.0,122.35
416.6,26.3,122.35
416.7,13.3,122.35
416.8,13.1,122.35
416.9,13.7,122.35
417.0,0.0,122.35
417.1,13.2,122.35
417.2,26.4,122.35
417.3,12.9,122.35
417.4,13.6,122.35
417.5,13.6,122.35
417.6,24.8,122.35
417.7,13.2,122.35
417.8,12.9,122.35
417.9,13.3,122.35
418.0,25.8,122.35
418.1,13.4,122.35
418.2,13.6,122.35
418.3,13.3,122.35
418.4,13.6,122.35
418.5,13.6,122.35
418.6,13.5,122.35
418.7,12.4,122.35
418.8,13.5,122.35
418.9,13.8,122.35
419.0,13.6,122.35
419.1,13.6,122.35
419.2,13.0,122.35
419.3,13.1,122.35
419.4,13.7,122.35
419.5,0.0,122.35
419.6,13.2,122.35
419.7,13.6,122.35
419.8,12.7,122.35
419.9,13.2,122.35
420.0,0.0,122.35
420.1,13.9,122.35
420.2,13.4,122.35
420.3,13.6,122.35
420.4,13.4,122.35
420.5,25.5,122.35
420.6,13.8,122.35
420.7,13.3,122.35
420.8,14.0,122.35
420.9,25.3,122.35
421.0,13.4,122.35
421.1,13.9,122.35
421.2,13.5,122.35
421.3,13.7,122.35
421.4,13.6,122.35
421.5,13.2,122.35
421.6,13.7,122.35
421.7,13.6,122.35
421.8,13.3,122.35
421.9,13.8,122.35
422.0,13.0,122.35
422.1,25.9,122.35
422.2,13.9,122.35
422.3,13.4,122.35
422.4,13.3,122.35
422.5,25.9,122.35
422.6,13.9,122.35
422.7,13.2,122.35
422.8,12.7,122.35
422.9,12.5,122.35
423.0,13.3,122.35
423.1,13.5,122.35
423.2,13.3,122.35
423.3,11.6,122.35
423.4,13.6,122.35
423.5,13.6,122.35
423.6,26.3,122.35
423.7,13.2,122.35
423.8,13.3,122.35
423.9,25.4,122.35
424.0,24.7,122.35
424.1,25.0,122.35
424.2,13.8,122.35
424.3,25.4,122.35
424.4,13.0,122.35
424.5,12.9,122.35
424.6,13.1,122.35
424.7,13.7,122.35
424.8,25.9,122.35
424.9,13.4,122.35
425.0,0.0,122.35
425.1,12.8,122.35
425.2,12.7,122.35
425.3,13.1,122.35
425.4,13.5,122.35
425.5,13.3,122.35
425.6,13.3,122.35
425.7,12.9,122.35
425.8,25.6,122.35
425.9,13.6,122.35
426.0,0.0,122.35
426.1,13.2,122.35
426.2,23.9,122.35
426.3,12.6,122.35
426.4,13.2,122.35
426.5,13.9,122.35
426.6,13.3,122.35
426.7,13.3,122.35
426.8,26.7,122.35
426.9,12.8,122.35
427.0,13.1,122.35
427.1,24.7,122.35
427.2,13.7,122.35
427.3,13.1,122.35
427.4,13.4,122.35
427.5,13.3,122.35
427.6,0.0,122.35
427.7,13.1,122.35
427.8,13.5,122.35
427.9,13.2,122.35
428.0,25.8,122.35
428.1,24.5,122.35
428.2,13.2,122.35
428.3,12.9,122.35
428.4,13.6,122.35
428.5,12.9,122.35
428.6,12.5,122.35
428.7,0.0,122.35
428.8,13.6,122.35
428.9,13.3,122.35
429.0,13.4,122.35
429.1,13.4,122.35
429.2,12.4,122.35
429.3,13.4,122.35
429.4,24.8,122.35
429.5,25.3,122.35
429.6,13.7,122.35
429.7,13.1,122.35
429.8,13.3,122.35
429.9,12.2,122.35
430.0,12.8,122.35
430.1,13.2,122.35
430.2,12.9,122.35
430.3,12.7,122.35
430.4,24.6,122.35
430.5,13.2,122.35
430.6,0.0,122.35
430.7,13.1,122.35
430.8,13.9,122.35
430.9,12.7,122.35
431.0,13.4,122.35
431.1,13.1,122.35
431.2,13.2,122.35
431.3,25.4,122.35
431.4,12.4,122.35
431.5,13.5,122.35
431.6,26.5,122.35
431.7,13.3,122.35
431.8,0.0,122.35
431.9,13.4,122.35
432.0,14.1,122.35
432.1,13.4,122.35
432.2,12.9,122.35
432.3,13.5,122.35
432.4,14.2,122.35
432.5,13.4,122.35
432.6,13.2,122.35
432.7,25.5,122.35
432.8,24.9,122.35
432.9,0.0,122.35
433.0,13.0,122.35
433.1,12.5,122.35
433.2,13.5,122.35
433.3,13.1,122.35
433.4,13.3,122.35
433.5,13.2,122.35
433.6,13.7,122.35
433.7,13.5,122.35
433.8,25.4,122.35
433.9,25.1,122.35
434.0,13.3,122.35
434.1,13.0,122.35
434.2,13.2,122.35
434.3,12.8,122.35
434.4,12.9,122.35
434.5,13.3,122.35
434.6,13.0,122.35
434.7,12.7,122.35
434.8,13.3,122.35
434.9,12.9,122.35
435.0,13.3,122.35
435.1,13.5,122.35
435.2,13.6,122.35
435.3,13.2,122.35
435.4,12.6,122.35
435.5,13.3,122.35
435.6,0.0,122.35
435.7,13.2,122.35
435.8,13.2,122.35
435.9,13.7,122.35
436.0,13.2,122.35
436.1,13.1,122.35
436.2,26.4,122.35
436.3,13.3,122.35
436.4,14.3,122.35
436.5,13.6,122.35
436.6,12.9,122.35
436.7,12.9,122.35
436.8,13.3,122.35
436.9,13.1,122.35
437.0,12.3,122.35
437.1,12.6,122.35
437.2,14.1,122.35
437.3,0.0,122.35
437.4,13.3,122.35
437.5,13.5,122.35
437.6,12.5,122.35
437.7,13.4,122.35
437.8,13.5,122.35
437.9,12.9,122.35
438.0,25.8,122.35
438.1,25.7,122.35
438.2,13.2,122.35
438.3,13.0,122.35
438.4,25.2,122.35
438.5,13.3,122.35
438.6,13.1,122.35
438.7,13.2,122.35
438.8,13.1,122.35
438.9,0.0,122.35
439.0,12.7,122.35
439.1,13.3,122.35
439.2,13.0,122.35
439.3,13.7,122.35
439.4,13.8,122.35
439.5,14.1,122.35
439.6,13.0,122.35
439.7,25.4,122.35
439.8,13.2,122.35
439.9,0.0,122.35
440.0,13.5,122.35
440.1,13.2,122.35
440.2,13.1,122.35
440.3,26.2,122.35
440.4,13.3,122.35
440.5,13.1,122.35
440.6,13.2,122.35
440.7,13.4,122.35
440.8,13.3,122.35
440.9,13.4,122.35
441.0,25.3,122.35
441.1,13.0,122.35
441.2,13.8,122.35
441.3,13.6,122.35
441.4,25.0,122.35
441.5,13.5,122.35
441.6,12.7,122.35
441.7,13.5,122.35
441.8,0.0,122.35
441.9,13.5,122.35
442.0,12.8,122.35
442.1,13.3,122.35
442.2,13.3,122.35
442.3,12.8,122.35
442.4,0.0,122.35
442.5,11.6,122.35
442.6,13.8,122.35
442.7,0.0,122.35
442.8,12.8,122.35
442.9,13.6,122.35
443.0,13.7,122.35
443.1,13.5,122.35
443.2,13.2,122.35
443.3,25.4,122.35
443.4,13.8,122.35
443.5,13.4,122.35
443.6,12.8,122.35
443.7,13.2,122.35
443.8,13.0,122.35
443.9,13.7,122.35
444.0,14.0,122.35
444.1,0.0,122.35
444.2,0.0,122.35
444.3,13.7,122.35
444.4,14.6,122.35
444.5,0.0,122.35
444.6,25.1,122.35
444.7,13.5,122.35
444.8,12.8,122.35
444.9,0.0,122.35
445.0,25.5,122.35
445.1,25.2,122.35
445.2,13.6,122.35
445.3,13.2,122.35
445.4,13.1,122.35
445.5,13.3,122.35
445.6,13.5,122.35
445.7,13.2,122.35
445.8,25.1,122.35
445.9,24.7,122.35
446.0,13.4,122.35
446.1,13.3,122.35
446.2,13.6,122.35
446.3,0.0,122.35
446.4,0.0,122.35
446.5,0.0,122.35
446.6,0.0,122.35
446.7,13.7,122.35
446.8,13.6,122.35
446.9,13.2,122.35
447.0,13.4,122.35
447.1,13.4,122.35
447.2,13.3,122.35
447.3,12.5,122.35
447.4,0.0,122.35
447.5,13.2,122.35
447.6,13.8,122.35
447.7,13.4,122.35
447.8,0.0,122.35
447.9,0.0,122.35
448.0,14.3,122.35
448.1,14.6,122.35
448.2,13.3,122.35
448.3,0.0,122.35
448.4,0.0,122.35
448.5,13.2,122.35
448.6,13.4,122.35
448.7,13.5,122.35
448.8,25.6,122.35
448.9,14.2,122.35
449.0,13.3,122.35
449.1,13.3,122.35
449.2,13.2,122.35
449.3,13.3,122.35
449.4,12.5,122.35
449.5,13.5,122.35
449.6,13.5,122.35
449.7,13.9,122.35
449.8,24.3,122.35
449.9,13.8,122.35
450.0,13.8,122.35
450.1,13.6,122.35
450.2,0.0,122.35
450.3,24.6,122.35
450.4,13.3,122.35
450.5,13.4,122.35
450.6,13.1,122.35
450.7,13.0,122.35
450.8,25.0,122.35
450.9,13.4,122.35
451.0,13.6,122.35
451.1,12.4,122.35
451.2,25.5,122.35
451.3,13.8,122.35
451.4,26.4,122.35
451.5,12.6,122.35
451.6,13.1,122.35
451.7,13.2,122.35
451.8,25.2,122.35
451.9,13.3,122.35
452.0,24.9,122.35
452.1,13.3,122.35
452.2,13.6,122.35
452.3,13.7,122.35
452.4,13.1,122.35
452.5,14.2,122.35
452.6,26.7,122.35
452.7,13.3,122.35
452.8,26.2,122.35
452.9,13.8,122.35
453.0,13.9,122.35
453.1,0.0,122.35
453.2,12.3,122.35
453.3,13.0,122.35
453.4,0.0,122.35
453.5,13.1,122.35
453.6,26.0,122.35
453.7,13.6,122.35
453.8,26.2,122.35
453.9,12.7,122.35
454.0,13.9,122.35
454.1,13.7,122.35
454.2,13.7,122.35
454.3,13.7,122.35
454.4,0.0,122.35
454.5,13.5,122.35
454.6,12.2,122.35
454.7,14.2,122.35
454.8,13.8,122.35
454.9,0.0,122.35
455.0,13.4,122.35
455.1,25.1,122.35
455.2,13.6,122.35
455.3,13.2,122.35
455.4,13.5,122.35
455.5,0.0,122.35
455.6,13.4,122.35
455.7,12.6,122.35
455.8,13.2,122.35
455.9,24.3,122.35
456.0,25.2,122.35
456.1,14.2,122.35
456.2,13.5,122.35
456.3,13.1,122.35
456.4,25.6,122.35
456.5,25.4,122.35
456.6,13.7,122.35
456.7,13.5,122.35
456.8,13.3,122.35
456.9,13.3,122.35
457.0,12.9,122.35
457.1,13.3,122.35
457.2,13.6,122.35
457.3,0.0,122.35
457.4,13.5,122.35
457.5,12.8,122.35
457.6,13.1,122.35
457.7,13.3,122.35
457.8,13.4,122.35
457.9,13.2,122.35
458.0,13.3,122.35
458.1,13.6,122.35
458.2,13.4,122.35
458.3,12.9,122.35
458.4,24.6,122.35
458.5,14.4,122.35
458.6,26.2,122.35
458.7,13.7,122.35
458.8,24.8,122.35
458.9,25.8,122.35
459.0,12.5,122.35
459.1,13.5,122.35
459.2,13.1,122.35
459.3,13.2,122.35
459.4,13.3,122.35
459.5,12.3,122.35
459.6,12.3,122.35
459.7,12.6,122.35
459.8,0.0,122.35
459.9,0.0,122.35
460.0,0.0,122.35
460.1,0.0,122.35
460.2,13.2,122.35
460.3,13.9,122.35
460.4,12.5,122.35
460.5,13.3,122.35
460.6,13.4,122.35
460.7,13.5,122.35
460.8,13.9,122.35
460.9,13.8,122.35
461.0,12.5,122.35
461.1,13.6,122.35
461.2,13.6,122.35
461.3,13.4,122.35
461.4,12.4,122.35
461.5,13.8,122.35
461.6,13.3,122.35
461.7,26.3,122.35
461.8,13.4,122.35
461.9,13.1,122.35
462.0,13.6,122.35
462.1,12.9,122.35
462.2,13.5,122.35
462.3,12.7,122.35
462.4,13.0,122.35
462.5,13.4,122.35
462.6,12.9,122.35
462.7,26.7,122.35
462.8,13.3,122.35
462.9,26.1,122.35
463.0,13.4,122.35
463.1,13.2,122.35
463.2,13.0,122.35
463.3,13.9,122.35
463.4,13.5,122.35
463.5,22.7,122.35
463.6,13.2,122.35
463.7,12.5,122.35
463.8,12.6,122.35
463.9,14.1,122.35
464.0,13.0,122.35
464.1,12.5,122.35
464.2,13.2,122.35
464.3,13.4,122.35
464.4,13.4,122.35
464.5,13.3,122.35
464.6,13.5,122.35
464.7,13.0,122.35
464.8,12.6,122.35
464.9,0.0,122.35
465.0,25.5,122.35
465.1,13.4,122.35
465.2,12.7,122.35
465.3,0.0,122.35
465.4,13.0,122.35
465.5,12.5,122.35
465.6,12.6,122.35
465.7,13.4,122.35
465.8,13.1,122.35
465.9,13.1,122.35
466.0,13.5,122.35
466.1,13.5,122.35
466.2,24.7,122.35
466.3,24.6,122.35
466.4,24.7,122.35
466.5,13.3,122.35
466.6,12.8,122.35
466.7,12.7,122.35
466.8,12.9,122.35
466.9,25.7,122.35
467.0,13.6,122.35
467.1,24.3,122.35
467.2,12.2,122.35
467.3,13.3,122.35
467.4,13.6,122.35
467.5,13.2,122.35
467.6,13.3,122.35
467.7,13.0,122.35
467.8,13.9,122.35
467.9,13.4,122.35
468.0,12.9,122.35
468.1,13.3,122.35
468.2,13.9,122.35
468.3,12.7,122.35
468.4,13.1,122.35
468.5,13.8,122.35
468.6,25.9,122.35
468.7,13.3,122.35
468.8,12.7,122.35
468.9,0.0,122.35
469.0,13.2,122.35
469.1,26.0,122.35
469.2,13.3,122.35
469.3,25.3,122.35
469.4,26.0,122.35
469.5,13.8,122.35
469.6,13.3,122.35
469.7,0.0,122.35
469.8,13.7,122.35
469.9,14.2,122.35
470.0,13.8,122.35
470.1,26.5,122.35
470.2,0.0,122.35
470.3,12.3,122.35
470.4,12.7,122.35
470.5,25.2,122.35
470.6,14.3,122.35
470.7,13.4,122.35
470.8,13.7,122.35
470.9,12.9,122.35
471.0,13.0,122.35
471.1,12.3,122.35
471.2,12.6,122.35
471.3,13.5,122.35
471.4,13.8,122.35
471.5,13.6,122.35
471.6,13.8,122.35
471.7,13.8,122.35
471.8,11.9,122.35
471.9,0.0,122.35
472.0,0.0,122.35
472.1,13.4,122.35
472.2,26.6,122.35
472.3,13.4,122.35
472.4,26.3,122.35
472.5,13.2,122.35
472.6,13.2,122.35
472.7,13.2,122.35
472.8,13.5,122.35
472.9,13.6,122.35
473.0,13.3,122.35
473.1,13.3,122.35
473.2,13.3,122.35
473.3,13.4,122.35
473.4,26.8,122.35
473.5,13.5,122.35
473.6,25.7,122.35
473.7,25.0,122.35
473.8,13.6,122.35
473.9,23.9,122.35
474.0,0.0,122.35
474.1,12.9,122.35
474.2,0.0,122.35
474.3,25.0,122.35
474.4,24.6,122.35
474.5,13.1,122.35
474.6,12.9,122.35
474.7,12.6,122.35
474.8,12.7,122.35
474.9,13.4,122.35
475.0,0.0,122.35
475.1,12.9,122.35
475.2,24.6,122.35
475.3,0.0,122.35
475.4,12.5,122.35
475.5,0.0,122.35
475.6,12.5,122.35
475.7,12.7,122.35
475.8,0.0,122.35
475.9,25.8,122.35
476.0,0.0,122.35
476.1,13.4,122.35
476.2,13.3,122.35
476.3,13.6,122.35
476.4,13.5,122.35
476.5,13.3,122.35
476.6,13.0,122.35
476.7,0.0,122.35
476.8,12.6,122.35
476.9,12.5,122.35
477.0,12.5,122.35
477.1,12.6,122.35
477.2,13.0,122.35
477.3,13.9,122.35
477.4,13.0,122.35
477.5,13.7,122.35
477.6,13.0,122.35
477.7,13.3,122.35
477.8,13.2,122.35
477.9,0.0,122.35
478.0,12.5,122.35
478.1,0.0,122.35
478.2,25.6,122.35
478.3,13.0,122.35
478.4,12.4,122.35
478.5,13.2,122.35
478.6,24.5,122.35
478.7,0.0,122.35
478.8,12.8,122.35
478.9,12.9,122.35
479.0,25.9,122.35
479.1,13.2,122.35
479.2,13.4,122.35
479.3,13.8,122.35
479.4,25.6,122.35
479.5,13.4,122.35
479.6,12.5,122.35
479.7,13.4,122.35
479.8,13.5,122.35
479.9,13.5,122.35
480.0,12.6,122.35
480.1,13.8,122.35
480.2,24.7,122.35
480.3,13.9,122.35
480.4,13.5,122.35
480.5,13.4,122.35
480.6,25.5,122.35
480.7,12.7,122.35
480.8,12.9,122.35
480.9,13.5,122.35
481.0,13.9,122.35
481.1,0.0,122.35
481.2,13.5,122.35
481.3,13.5,122.35
481.4,12.9,122.35
481.5,25.8,122.35
481.6,24.7,122.35
481.7,13.4,122.35
481.8,0.0,122.35
481.9,13.2,122.35
482.0,13.3,122.35
482.1,0.0,122.35
482.2,13.2,122.35
482.3,13.4,122.35
482.4,25.8,122.35
482.5,0.0,122.35
482.6,12.4,122.35
482.7,13.2,122.35
482.8,25.0,122.35
482.9,13.8,122.35
483.0,13.7,122.35
483.1,13.3,122.35
483.2,26.0,122.35
483.3,13.7,122.35
483.4,24.7,122.35
483.5,26.3,122.35
483.6,12.6,122.35
483.7,12.9,122.35
483.8,13.2,122.35
483.9,14.1,122.35
484.0,24.4,122.35
484.1,0.0,122.35
484.2,12.4,122.35
484.3,13.4,122.35
484.4,13.3,122.35
484.5,0.0,122.35
484.6,12.4,122.35
484.7,14.2,122.35
484.8,13.6,122.35
484.9,25.5,122.35
485.0,13.5,122.35
485.1,0.0,122.35
485.2,12.9,122.35
485.3,13.6,122.35
485.4,12.9,122.35
485.5,0.0,122.35
485.6,13.5,122.35
485.7,13.5,122.35
485.8,13.3,122.35
485.9,25.6,122.35
486.0,13.2,122.35
486.1,0.0,122.35
486.2,13.3,122.35
486.3,25.0,122.35
486.4,13.7,122.35
486.5,13.0,122.35
486.6,13.5,122.35
486.7,13.8,122.35
486.8,13.3,122.35
486.9,13.1,122.35
487.0,13.4,122.35
487.1,12.4,122.35
487.2,13.7,122.35
487.3,14.3,122.35
487.4,13.2,122.35
487.5,12.6,122.35
487.6,13.2,122.35
487.7,24.4,122.35
487.8,24.0,122.35
487.9,13.6,122.35
488.0,13.4,122.41
488.1,26.7,122.41
488.2,13.0,122.41
488.3,13.4,122.41
488.4,14.0,122.41
488.5,13.0,122.41
488.6,24.8,122.41
488.7,0.0,122.41
488.8,13.4,122.41
488.9,25.2,122.41
489.0,13.3,122.41
489.1,12.2,122.41
489.2,13.4,122.41
489.3,13.9,122.41
489.4,26.7,122.41
489.5,14.2,122.41
489.6,13.4,122.41
489.7,13.9,122.41
489.8,13.1,122.41
489.9,13.4,122.41
490.0,13.1,122.41
490.1,13.3,122.41
490.2,12.8,122.41
490.3,13.0,122.41
490.4,0.0,122.41
490.5,25.2,122.41
490.6,13.5,122.41
490.7,13.4,122.41
490.8,14.0,122.41
490.9,13.8,122.41
491.0,0.0,122.41
491.1,13.4,122.41
491.2,0.0,122.41
491.3,12.7,122.41
491.4,13.4,122.41
491.5,13.8,122.41
491.6,13.5,122.41
491.7,24.6,122.41
491.8,0.0,122.41
491.9,12.5,122.41
492.0,13.0,122.41
492.1,12.3,122.41
492.2,13.3,122.41
492.3,24.9,122.41
492.4,13.9,122.41
492.5,13.9,122.41
492.6,12.6,122.41
492.7,13.4,122.41
492.8,13.4,122.41
492.9,13.2,122.41
493.0,25.0,122.41
493.1,13.2,122.41
493.2,13.0,122.41
493.3,13.9,122.41
493.4,0.0,122.41
493.5,0.0,122.41
493.6,13.7,122.41
493.7,13.9,122.41
493.8,13.3,122.41
493.9,12.6,122.41
494.0,13.5,122.41
494.1,25.6,122.41
494.2,13.6,122.41
494.3,13.3,122.41
494.4,13.5,122.41
494.5,13.7,122.41
494.6,0.0,122.41
494.7,13.7,122.41
494.8,12.8,122.41
494.9,0.0,122.41
495.0,13.4,122.41
495.1,14.4,122.41
495.2,13.6,122.41
495.3,0.0,122.41
495.4,12.6,122.41
495.5,13.3,122.41
495.6,26.3,122.41
495.7,13.4,122.41
495.8,13.5,122.41
495.9,13.0,122.41
496.0,12.8,122.41
496.1,14.0,122.41
496.2,13.5,122.41
496.3,13.3,122.41
496.4,25.0,122.41
496.5,24.6,122.41
496.6,13.4,122.41
496.7,13.3,122.41
496.8,0.0,122.41
496.9,13.4,122.41
497.0,12.3,122.41
497.1,12.9,122.41
497.2,13.4,122.41
497.3,13.5,122.41
497.4,25.2,122.41
497.5,14.2,122.41
497.6,26.0,122.41
497.7,13.6,122.41
497.8,13.7,122.41
497.9,12.8,122.41
498.0,26.6,122.41
498.1,13.3,122.41
498.2,13.9,122.41
498.3,13.4,122.41
498.4,13.8,122.41
498.5,13.3,122.41
498.6,11.6,122.41
498.7,13.6,122.41
498.8,24.2,122.41
498.9,13.4,122.41
499.0,0.0,122.41
499.1,13.6,122.41
499.2,14.0,122.41
499.3,25.5,122.41
499.4,13.5,122.41
499.5,12.9,122.41
499.6,13.2,122.41
499.7,13.1,122.41
499.8,12.5,122.41
499.9,12.3,122.41
500.0,0.0,122.41
500.1,13.7,122.41
500.2,13.2,122.41
500.3,13.2,122.41
500.4,25.0,122.41
500.5,13.7,122.41
500.6,12.3,122.41
500.7,13.2,122.41
500.8,14.3,122.41
500.9,13.3,122.41
501.0,0.0,122.41
501.1,12.9,122.41
501.2,12.7,122.41
501.3,26.3,122.41
501.4,13.8,122.41
501.5,13.3,122.41
501.6,13.4,122.41
501.7,24.0,122.41
501.8,0.0,122.41
501.9,13.5,122.41
502.0,13.5,122.41
502.1,12.9,122.41
502.2,13.7,122.41
502.3,13.4,122.41
502.4,13.4,122.41
502.5,0.0,122.41
502.6,12.7,122.41
502.7,12.8,122.41
502.8,13.2,122.41
502.9,24.8,122.41
503.0,25.9,122.41
503.1,0.0,122.41
503.2,13.4,122.41
503.3,13.6,122.41
503.4,13.6,122.41
503.5,12.8,122.41
503.6,0.0,122.41
503.7,12.8,122.41
503.8,13.6,122.41
503.9,13.0,122.41
504.0,13.3,122.41
504.1,13.7,122.41
504.2,0.0,122.41
504.3,13.1,122.41
504.4,13.1,122.41
504.5,26.4,122.41
504.6,13.0,122.41
504.7,13.1,122.41
504.8,13.4,122.41
504.9,12.7,122.41
505.0,12.6,122.41
505.1,12.3,122.41
505.2,13.3,122.41
505.3,13.6,122.41
505.4,13.3,122.41
505.5,24.8,122.41
505.6,13.4,122.41
505.7,12.5,122.41
505.8,0.0,122.41
505.9,13.4,122.41
506.0,13.3,122.41
506.1,13.6,122.41
506.2,12.5,122.41
506.3,13.2,122.41
506.4,13.1,122.41
506.5,13.4,122.41
506.6,13.2,122.41
506.7,13.3,122.41
506.8,0.0,122.41
506.9,13.1,122.41
507.0,0.0,122.41
507.1,25.1,122.41
507.2,13.4,122.41
507.3,13.3,122.41
507.4,13.4,122.41
507.5,24.4,122.41
507.6,13.8,122.41
507.7,25.5,122.41
507.8,13.4,122.41
507.9,13.3,122.41
508.0,0.0,122.41
508.1,13.4,122.41
508.2,25.8,122.41
508.3,0.0,122.41
508.4,26.0,122.41
508.5,13.4,122.41
508.6,12.4,122.41
508.7,12.9,122.41
508.8,25.5,122.41
508.9,0.0,122.41
509.0,12.3,122.41
509.1,13.4,122.41
509.2,13.6,122.41
509.3,26.5,122.41
509.4,13.0,122.41
509.5,12.5,122.41
509.6,12.7,122.41
509.7,12.7,122.41
509.8,13.4,122.41
509.9,12.3,122.41
510.0,24.7,122.41
510.1,13.5,122.41
510.2,25.4,122.41
510.3,13.4,122.41
510.4,13.1,122.41
510.5,25.0,122.41
510.6,26.7,122.41
510.7,13.8,122.41
510.8,25.7,122.41
510.9,13.4,122.41
511.0,24.8,122.41
511.1,26.6,122.41
511.2,25.1,122.41
511.3,13.6,122.41
511.4,13.4,122.41
511.5,13.4,122.41
511.6,13.1,122.41
511.7,14.0,122.41
511.8,12.8,122.41
511.9,13.0,122.41
512.0,13.1,122.41
512.1,13.4,122.41
512.2,13.1,122.41
512.3,13.4,122.41
512.4,0.0,122.41
512.5,13.5,122.41
512.6,0.0,122.41
512.7,0.0,122.41
512.8,26.5,122.41
512.9,13.4,122.41
513.0,13.7,122.41
513.1,13.0,122.41
513.2,13.8,122.41
513.3,12.5,122.41
513.4,13.3,122.41
513.5,13.4,122.41
513.6,13.3,122.41
513.7,25.4,122.41
513.8,25.5,122.41
513.9,13.8,122.41
514.0,13.4,122.41
514.1,12.9,122.41
514.2,0.0,122.41
514.3,13.3,122.41
514.4,13.4,122.41
514.5,13.4,122.41
514.6,12.6,122.41
514.7,12.5,122.41
514.8,13.0,122.41
514.9,0.0,122.41
515.0,13.4,122.41
515.1,13.5,122.41
515.2,12.9,122.41
515.3,26.1,122.41
515.4,25.0,122.41
515.5,24.8,122.41
515.6,14.2,122.41
515.7,13.8,122.41
515.8,13.6,122.41
515.9,13.7,122.41
516.0,13.7,122.41
516.1,13.3,122.41
516.2,13.8,122.41
516.3,13.0,122.41
516.4,13.8,122.41
516.5,13.7,122.41
516.6,13.7,122.41
516.7,13.3,122.41
516.8,13.4,122.41
516.9,13.4,122.41
517.0,13.3,122.41
517.1,12.6,122.41
517.2,12.7,122.41
517.3,25.8,122.41
517.4,13.8,122.41
517.5,13.4,122.41
517.6,13.3,122.41
517.7,13.4,122.41
517.8,13.1,122.41
517.9,0.0,122.41
518.0,0.0,122.41
518.1,13.9,122.41
518.2,13.2,122.41
518.3,13.7,122.41
518.4,13.4,122.41
518.5,13.4,122.41
518.6,25.2,122.41
518.7,25.5,122.41
518.8,13.4,122.41
518.9,13.4,122.41
519.0,12.9,122.41
519.1,13.3,122.41
519.2,14.2,122.41
519.3,14.1,122.41
519.4,0.0,122.41
519.5,13.3,122.41
519.6,25.5,122.41
519.7,13.4,122.41
519.8,0.0,122.41
519.9,12.7,122.41
520.0,13.3,122.41
520.1,26.0,122.41
520.2,13.1,122.41
520.3,13.4,122.41
520.4,13.4,122.41
520.5,26.2,122.41
520.6,13.3,122.41
520.7,13.0,122.41
520.8,24.1,122.41
520.9,11.7,122.41
521.0,13.3,122.41
521.1,13.3,122.41
521.2,14.4,122.41
521.3,25.3,122.41
521.4,13.4,122.41
521.5,13.6,122.41
521.6,13.4,122.41
521.7,13.6,122.41
521.8,0.0,122.41
521.9,13.7,122.41
522.0,13.4,122.41
522.1,24.7,122.41
522.2,24.5,122.41
522.3,13.3,122.41
522.4,24.7,122.41
522.5,13.2,122.41
522.6,12.7,122.41
522.7,13.6,122.41
522.8,25.1,122.41
522.9,12.9,122.42
523.0,13.6,122.42
523.1,24.8,122.42
523.2,24.3,122.42
523.3,26.8,122.42
523.4,13.1,122.42
523.5,0.0,122.42
523.6,13.4,122.42
523.7,13.4,122.42
523.8,13.2,122.42
523.9,13.4,122.42
524.0,13.8,122.42
524.1,13.7,122.42
524.2,13.5,122.42
524.3,12.7,122.42
524.4,13.6,122.42
524.5,13.6,122.42
524.6,25.7,122.42
524.7,25.4,122.42
524.8,12.7,122.42
524.9,12.9,122.42
525.0,13.3,122.42
525.1,13.0,122.42
525.2,13.3,122.42
525.3,14.1,122.42
525.4,24.6,122.42
525.5,13.2,122.42
525.6,13.4,122.42
525.7,13.1,122.42
525.8,13.4,122.42
525.9,13.1,122.42
526.0,14.1,122.42
526.1,13.5,122.42
526.2,13.6,122.42
526.3,13.7,122.42
526.4,26.5,122.42
526.5,13.5,122.42
526.6,13.4,122.42
526.7,13.2,122.42
526.8,26.5,122.42
526.9,13.2,122.42
527.0,13.4,122.42
527.1,0.0,122.42
527.2,14.2,122.42
527.3,12.7,122.42
527.4,0.0,122.42
527.5,13.5,122.42
527.6,25.7,122.42
527.7,13.6,122.42
527.8,13.4,122.42
527.9,13.2,122.42
528.0,26.8,122.42
528.1,24.8,122.42
528.2,13.0,122.42
528.3,12.4,122.42
528.4,12.8,122.42
528.5,13.3,122.42
528.6,14.2,122.42
528.7,13.5,122.42
528.8,12.9,122.42
528.9,13.6,122.42
529.0,13.4,122.42
529.1,13.9,122.42
529.2,14.0,122.42
529.3,12.6,122.42
529.4,25.4,122.42
529.5,26.0,122.42
529.6,11.8,122.42
529.7,0.0,122.42
529.8,25.3,122.42
529.9,13.2,122.42
530.0,12.5,122.42
530.1,13.6,122.42
530.2,25.6,122.42
530.3,13.1,122.42
530.4,13.2,122.42
530.5,13.3,122.42
530.6,12.8,122.42
530.7,13.3,122.42
530.8,12.9,122.42
530.9,13.2,122.42
531.0,24.9,122.42
531.1,0.0,122.42
531.2,13.9,122.42
531.3,12.8,122.42
531.4,13.3,122.42
531.5,13.1,122.42
531.6,13.9,122.42
531.7,25.0,122.42
531.8,13.4,122.42
531.9,13.2,122.42
532.0,13.3,122.42
532.1,13.0,122.42
532.2,25.5,122.42
532.3,13.9,122.42
532.4,26.5,122.42
532.5,13.4,122.42
532.6,14.2,122.42
532.7,26.7,122.42
532.8,24.4,122.42
532.9,25.1,122.42
533.0,12.9,122.42
533.1,12.5,122.42
533.2,13.3,122.42
533.3,25.4,122.42
533.4,13.3,122.42
533.5,13.7,122.42
533.6,13.9,122.42
533.7,25.6,122.42
533.8,13.9,122.42
533.9,25.9,122.42
534.0,13.5,122.42
534.1,24.4,122.42
534.2,13.3,122.42
534.3,13.5,122.42
534.4,0.0,122.42
534.5,13.2,122.42
534.6,26.2,122.42
534.7,13.1,122.42
534.8,12.9,122.42
534.9,13.8,122.42
535.0,0.0,122.42
535.1,13.4,122.42
535.2,13.1,122.42
535.3,13.4,122.42
535.4,24.2,122.42
535.5,12.4,122.42
535.6,12.7,122.42
535.7,13.1,122.42
535.8,13.4,122.44
535.9,13.2,122.44
536.0,24.9,122.44
536.1,24.8,122.44
536.2,25.2,122.44
536.3,13.5,122.44
536.4,13.5,122.44
536.5,24.8,122.44
536.6,13.4,122.44
536.7,13.4,122.44
536.8,25.2,122.44
536.9,13.4,122.44
537.0,13.6,122.44
537.1,12.4,122.44
537.2,13.8,122.44
537.3,13.4,122.44
537.4,13.4,122.44
537.5,13.2,122.45
537.6,13.2,122.45
537.7,13.1,122.45
537.8,12.8,122.45
537.9,13.6,122.45
538.0,25.2,122.45
538.1,12.7,122.45
538.2,12.5,122.45
538.3,12.7,122.45
538.4,13.2,122.45
538.5,13.4,122.45
538.6,12.9,122.45
538.7,0.0,122.45
538.8,12.5,122.45
538.9,0.0,122.45
539.0,12.5,122.45
539.1,25.5,122.45
539.2,26.3,122.45
539.3,13.0,122.45
539.4,13.6,122.45
539.5,13.5,122.45
539.6,25.0,122.45
539.7,13.9,122.45
539.8,12.9,122.45
539.9,26.2,122.45
540.0,12.8,122.45
540.1,13.4,122.45
540.2,26.2,122.45
540.3,13.8,122.45
540.4,25.4,122.45
540.5,13.6,122.45
540.6,0.0,122.45
540.7,24.9,122.45
540.8,12.7,122.45
540.9,0.0,122.45
541.0,14.2,122.45
541.1,26.5,122.45
541.2,13.1,122.45
541.3,12.4,122.45
541.4,13.6,122.45
541.5,13.6,122.45
541.6,12.3,122.45
541.7,0.0,122.45
541.8,13.4,122.45
541.9,12.9,122.45
542.0,13.6,122.45
542.1,26.9,122.45
542.2,12.7,122.45
542.3,24.5,122.45
542.4,13.4,122.45
542.5,13.2,122.45
542.6,13.5,122.45
542.7,13.2,122.45
542.8,12.6,122.45
542.9,0.0,122.45
543.0,13.8,122.45
543.1,13.8,122.45
543.2,13.3,122.45
543.3,12.8,122.45
543.4,12.3,122.45
543.5,13.1,122.45
543.6,13.9,122.45
543.7,13.6,122.45
543.8,0.0,122.45
543.9,41.0,122.48
544.0,13.9,122.49
544.1,14.0,122.49
544.2,0.0,122.49
544.3,13.3,122.49
544.4,25.6,122.49
544.5,13.2,122.49
544.6,0.0,122.49
544.7,13.7,122.49
544.8,13.0,122.49
544.9,0.0,122.49
545.0,13.5,122.49
545.1,13.8,122.5
545.2,0.0,122.5
545.3,13.9,122.5
545.4,13.7,122.5
545.5,14.2,122.5
545.6,13.9,122.5
545.7,13.8,122.5
545.8,13.9,122.5
545.9,12.9,122.5
546.0,13.2,122.5
546.1,13.5,122.5
546.2,13.4,122.5
546.3,13.3,122.5
546.4,0.0,122.5
546.5,13.9,122.5
546.6,14.3,122.5
546.7,0.0,122.5
546.8,0.0,122.5
546.9,13.6,122.5
547.0,12.8,122.5
547.1,13.5,122.5
547.2,13.4,122.5
547.3,13.4,122.5
547.4,0.0,122.5
547.5,13.4,122.5
547.6,13.2,122.5
547.7,13.5,122.5
547.8,13.9,122.5
547.9,13.3,122.5
548.0,0.0,122.5
548.1,13.1,122.5
548.2,0.0,122.5
548.3,13.1,122.5
548.4,14.2,122.5
548.5,13.4,122.5
548.6,12.6,122.5
548.7,12.9,122.5
548.8,12.4,122.5
548.9,0.0,122.5
549.0,13.3,122.5
549.1,12.5,122.5
549.2,13.5,122.5
549.3,13.5,122.5
549.4,26.2,122.5
549.5,13.6,122.5
549.6,13.6,122.5
549.7,13.2,122.5
549.8,13.8,122.5
549.9,12.9,122.5
550.0,13.9,122.5
550.1,12.6,122.5
550.2,0.0,122.5
550.3,0.0,122.5
550.4,13.4,122.5
550.5,26.9,122.52
550.6,13.8,122.52
550.7,13.7,122.52
550.8,13.2,122.52
550.9,13.8,122.52
551.0,13.9,122.52
551.1,13.3,122.52
551.2,13.4,122.52
551.3,13.8,122.52
551.4,0.0,122.52
551.5,13.6,122.52
551.6,13.4,122.52
551.7,26.2,122.52
551.8,13.4,122.53
551.9,13.4,122.53
552.0,13.2,122.53
552.1,13.4,122.53
552.2,13.5,122.53
552.3,26.2,122.53
552.4,13.6,122.53
552.5,26.2,122.53
552.6,24.9,122.53
552.7,13.3,122.53
552.8,13.7,122.53
552.9,13.7,122.53
553.0,25.3,122.53
553.1,13.1,122.53
553.2,13.5,122.53
553.3,25.2,122.53
553.4,13.5,122.53
553.5,13.3,122.53
553.6,0.0,122.53
553.7,12.9,122.53
553.8,0.0,122.53
553.9,24.8,122.53
554.0,13.3,122.53
554.1,14.3,122.53
554.2,13.1,122.53
554.3,0.0,122.53
554.4,13.2,122.53
554.5,26.5,122.53
554.6,14.1,122.53
554.7,13.4,122.53
554.8,13.6,122.53
554.9,13.8,122.53
555.0,25.5,122.53
555.1,12.9,122.53
555.2,13.7,122.53
555.3,13.3,122.53
555.4,13.4,122.53
555.5,13.5,122.53
555.6,26.6,122.53
555.7,24.8,122.53
555.8,12.8,122.53
555.9,13.2,122.53
556.0,13.6,122.53
556.1,13.4,122.53
556.2,13.5,122.53
556.3,12.3,122.53
556.4,0.0,122.53
556.5,12.7,122.53
556.6,13.4,122.53
556.7,13.0,122.53
556.8,13.4,122.53
556.9,13.4,122.53
557.0,13.2,122.53
557.1,26.2,122.53
557.2,13.4,122.53
557.3,13.5,122.53
557.4,13.3,122.53
557.5,13.4,122.53
557.6,12.8,122.53
557.7,0.0,122.53
557.8,13.4,122.53
557.9,14.3,122.53
558.0,26.5,122.55
558.1,14.1,122.55
558.2,0.0,122.55
558.3,13.1,122.55
558.4,13.1,122.55
558.5,13.4,122.55
558.6,13.8,122.55
558.7,26.8,122.55
558.8,13.3,122.55
558.9,14.3,122.55
559.0,13.7,122.55
559.1,13.1,122.55
559.2,25.2,122.55
559.3,12.7,122.55
559.4,12.7,122.55
559.5,13.4,122.56
559.6,13.3,122.56
559.7,13.5,122.56
559.8,27.7,122.56
559.9,13.2,122.56
560.0,13.7,122.56
560.1,12.6,122.56
560.2,13.4,122.56
560.3,13.0,122.56
560.4,13.5,122.56
560.5,24.9,122.56
560.6,13.6,122.56
560.7,14.2,122.56
560.8,13.4,122.56
560.9,24.8,122.56
561.0,13.4,122.56
561.1,26.1,122.56
561.2,13.5,122.56
561.3,13.2,122.56
561.4,25.4,122.56
561.5,13.7,122.56
561.6,26.6,122.56
561.7,24.1,122.56
561.8,14.2,122.56
561.9,13.3,122.56
562.0,13.6,122.56
562.1,13.3,122.56
562.2,26.7,122.56
562.3,13.5,122.56
562.4,13.4,122.56
562.5,13.4,122.56
562.6,13.8,122.56
562.7,26.7,122.56
562.8,12.5,122.56
562.9,25.1,122.56
563.0,0.0,122.56
563.1,13.4,122.56
563.2,25.7,122.56
563.3,13.6,122.56
563.4,25.6,122.56
563.5,24.7,122.56
563.6,14.0,122.56
563.7,13.3,122.56
563.8,12.7,122.56
563.9,13.3,122.56
564.0,13.8,122.56
564.1,0.0,122.56
564.2,13.8,122.56
564.3,25.1,122.56
564.4,26.2,122.56
564.5,12.6,122.56
564.6,12.5,122.56
564.7,13.3,122.56
564.8,26.5,122.56
564.9,13.4,122.56
565.0,24.5,122.56
565.1,12.7,122.56
565.2,13.1,122.56
565.3,0.0,122.56
565.4,0.0,122.56
565.5,13.2,122.56
565.6,25.7,122.56
565.7,24.5,122.56
565.8,14.1,122.56
565.9,13.3,122.56
566.0,14.1,122.56
566.1,13.8,122.56
566.2,13.7,122.56
566.3,13.3,122.56
566.4,13.5,122.56
566.5,13.0,122.56
566.6,13.3,122.56
566.7,12.8,122.56
566.8,12.2,122.56
566.9,13.4,122.56
567.0,13.4,122.56
567.1,0.0,122.56
567.2,13.4,122.56
567.3,13.7,122.56
567.4,0.0,122.56
567.5,13.3,122.56
567.6,0.0,122.56
567.7,13.8,122.56
567.8,13.4,122.56
567.9,0.0,122.56
568.0,12.3,122.57
568.1,24.5,122.59
568.2,13.3,122.59
568.3,0.0,122.59
568.4,12.7,122.59
568.5,0.0,122.59
568.6,12.8,122.59
568.7,0.0,122.59
568.8,13.6,122.59
568.9,25.3,122.59
569.0,13.0,122.59
569.1,13.4,122.59
569.2,25.8,122.59
569.3,13.3,122.59
569.4,12.5,122.6
569.5,12.7,122.6
569.6,13.4,122.6
569.7,13.4,122.6
569.8,13.4,122.6
569.9,0.0,122.6
570.0,13.8,122.6
570.1,13.3,122.6
570.2,13.5,122.6
570.3,24.4,122.6
570.4,24.8,122.6
570.5,26.2,122.6
570.6,12.7,122.6
570.7,13.5,122.6
570.8,13.5,122.6
570.9,12.9,122.6
571.0,13.4,122.6
571.1,13.3,122.6
571.2,13.6,122.6
571.3,12.5,122.6
571.4,13.2,122.6
571.5,13.3,122.6
571.6,13.6,122.6
571.7,25.7,122.6
571.8,13.3,122.6
571.9,26.4,122.6
572.0,14.2,122.6
572.1,14.3,122.6
572.2,13.8,122.6
572.3,13.5,122.6
572.4,13.5,122.6
572.5,13.0,122.6
572.6,13.2,122.6
572.7,25.5,122.6
572.8,25.9,122.6
572.9,13.4,122.6
573.0,25.1,122.6
573.1,13.5,122.6
573.2,13.9,122.6
573.3,12.8,122.6
573.4,12.1,122.6
573.5,13.4,122.6
573.6,13.4,122.6
573.7,13.7,122.6
573.8,13.8,122.6
573.9,26.1,122.6
574.0,13.0,122.6
574.1,13.0,122.6
574.2,13.2,122.6
574.3,24.8,122.6
574.4,25.7,122.6
574.5,13.1,122.6
574.6,13.3,122.6
574.7,12.8,122.6
574.8,13.7,122.6
574.9,13.7,122.6
575.0,0.0,122.6
575.1,25.3,122.6
575.2,24.9,122.6
575.3,26.8,122.64
575.4,13.2,122.64
575.5,26.5,122.64
575.6,13.0,122.64
575.7,12.7,122.64
575.8,13.2,122.64
575.9,25.1,122.64
576.0,13.4,122.64
576.1,13.3,122.64
576.2,14.0,122.64
576.3,25.8,122.64
576.4,13.8,122.65
576.5,13.4,122.65
576.6,13.4,122.65
576.7,12.8,122.65
576.8,13.2,122.65
576.9,13.1,122.66
577.0,13.0,122.66
577.1,13.6,122.66
577.2,13.1,122.66
577.3,13.2,122.66
577.4,26.1,122.66
577.5,13.8,122.66
577.6,25.7,122.66
577.7,13.4,122.66
577.8,13.1,122.66
577.9,24.7,122.66
578.0,13.7,122.66
578.1,13.3,122.66
578.2,12.9,122.66
578.3,13.8,122.66
578.4,13.2,122.66
578.5,12.7,122.66
578.6,13.5,122.66
578.7,13.4,122.66
578.8,25.3,122.66
578.9,25.2,122.66
579.0,25.2,122.66
579.1,26.0,122.66
579.2,13.3,122.66
579.3,24.7,122.66
579.4,13.3,122.66
579.5,13.0,122.66
579.6,13.4,122.66
579.7,13.3,122.66
579.8,13.4,122.66
579.9,13.2,122.66
580.0,13.1,122.66
580.1,13.7,122.66
580.2,13.5,122.66
580.3,12.9,122.66
580.4,13.0,122.66
580.5,12.8,122.66
580.6,25.5,122.66
580.7,25.4,122.66
580.8,13.9,122.66
580.9,13.4,122.66
581.0,12.6,122.66
581.1,13.1,122.66
581.2,26.0,122.66
581.3,25.0,122.66
581.4,12.5,122.66
581.5,13.2,122.66
581.6,13.2,122.66
581.7,13.4,122.66
581.8,13.3,122.66
581.9,13.4,122.66
582.0,0.0,122.66
582.1,13.7,122.66
582.2,25.0,122.66
582.3,13.4,122.66
582.4,0.0,122.66
582.5,13.9,122.66
582.6,13.6,122.66
582.7,24.8,122.66
582.8,13.3,122.66
582.9,13.9,122.66
583.0,25.2,122.66
583.1,25.5,122.66
583.2,13.2,122.66
583.3,12.8,122.66
583.4,0.0,122.66
583.5,12.4,122.66
583.6,12.4,122.66
583.7,13.4,122.66
583.8,23.3,122.66
583.9,13.8,122.66
584.0,13.7,122.66
584.1,24.8,122.66
584.2,26.7,122.66
584.3,13.5,122.66
584.4,25.6,122.66
584.5,13.5,122.66
584.6,12.5,122.66
584.7,13.4,122.66
584.8,13.3,122.66
584.9,13.2,122.66
585.0,12.9,122.66
585.1,13.6,131.75
