time_offset_sec,cpu_percent,memory_rss_mb
0.0,93.3,41.11
0.1,103.2,46.55
0.2,59.2,50.42
0.3,86.3,54.14
0.4,103.6,59.47
0.5,103.3,62.41
0.6,43.7,62.68
0.7,13.6,62.69
0.8,13.8,62.69
0.9,14.6,62.69
1.0,12.4,63.55
1.1,85.5,67.95
1.2,103.1,73.06
1.3,88.3,78.76
1.4,14.7,83.25
1.5,27.6,83.09
1.6,14.4,84.09
1.7,0.0,84.29
1.8,13.8,84.3
1.9,13.8,84.3
2.0,13.6,84.3
2.1,0.0,84.3
2.2,26.5,84.3
2.3,13.4,84.3
2.4,13.5,84.3
2.5,0.0,84.3
2.6,13.1,84.3
2.7,13.2,84.3
2.8,14.8,84.3
2.9,13.6,84.3
3.0,13.0,84.3
3.1,13.7,84.3
3.2,0.0,84.3
3.3,13.0,84.3
3.4,14.0,84.3
3.5,0.0,84.37
3.6,12.7,84.37
3.7,13.6,84.37
3.8,13.4,84.37
3.9,13.4,84.37
4.0,13.5,84.37
4.1,26.4,84.37
4.2,13.4,84.37
4.3,13.4,84.37
4.4,13.4,84.37
4.5,26.1,84.37
4.6,13.0,84.37
4.7,0.0,84.37
4.8,13.1,84.37
4.9,13.3,84.37
5.0,13.4,84.37
5.1,14.1,84.37
5.2,13.3,84.37
5.3,0.0,84.37
5.4,13.0,84.37
5.5,13.5,84.37
5.6,14.2,84.37
5.7,13.5,84.37
5.8,25.4,84.37
5.9,13.3,84.37
6.0,14.2,84.37
6.1,12.8,84.37
6.2,13.8,84.37
6.3,0.0,84.37
6.4,12.8,84.37
6.5,0.0,84.37
6.6,0.0,84.5
6.7,14.3,84.6
6.8,13.7,84.62
6.9,26.1,84.62
7.0,13.3,84.62
7.1,79.9,84.77
7.2,106.8,84.99
7.3,110.7,85.19
7.4,55.8,85.34
7.5,13.4,85.36
7.6,14.2,85.36
7.7,25.6,85.36
7.8,12.6,85.5
7.9,108.4,86.38
8.0,12.2,86.41
8.1,13.5,86.41
8.2,25.6,86.41
8.3,13.3,86.41
8.4,14.5,86.41
8.5,14.3,86.41
8.6,26.0,86.42
8.7,0.0,86.42
8.8,13.7,86.42
8.9,13.8,86.42
9.0,13.4,86.46
9.1,12.8,86.49
9.2,12.7,86.52
9.3,0.0,86.54
9.4,14.0,86.54
9.5,13.3,86.54
9.6,12.8,86.54
9.7,13.1,86.54
9.8,13.3,86.54
9.9,0.0,86.54
10.0,13.0,86.54
10.1,13.7,86.54
10.2,13.7,86.54
10.3,13.4,86.54
10.4,26.7,86.54
10.5,13.7,86.54
10.6,13.6,86.54
10.7,0.0,86.54
10.8,13.3,86.54
10.9,13.3,86.54
11.0,0.0,86.54
11.1,13.2,86.54
11.2,13.2,86.54
11.3,13.6,86.54
11.4,13.5,86.54
11.5,26.1,86.54
11.6,12.9,86.54
11.7,14.0,86.54
11.8,13.8,86.54
11.9,13.5,86.54
12.0,13.5,86.54
12.1,13.9,86.54
12.2,25.7,86.54
12.3,14.1,86.54
12.4,0.0,86.54
12.5,13.4,86.54
12.6,13.7,86.54
12.7,13.4,86.54
12.8,13.2,86.54
12.9,13.1,86.54
13.0,0.0,86.54
13.1,0.0,86.54
13.2,14.8,86.54
13.3,14.8,86.54
13.4,0.0,86.54
13.5,0.0,86.54
13.6,0.0,86.54
13.7,14.4,86.54
13.8,14.9,86.54
13.9,14.3,86.54
14.0,0.0,86.54
14.1,0.0,86.54
14.2,0.0,86.54
14.3,0.0,86.54
14.4,0.0,86.54
14.5,14.8,86.54
14.6,14.2,86.54
14.7,13.6,86.54
14.8,0.0,86.54
14.9,13.6,86.54
15.0,13.6,86.54
15.1,25.4,86.54
15.2,13.4,86.54
15.3,26.7,86.54
15.4,13.5,86.54
15.5,13.6,86.54
15.6,13.7,86.54
15.7,13.2,86.54
15.8,12.7,86.54
15.9,13.3,86.54
16.0,13.5,86.54
16.1,13.5,86.54
16.2,13.3,86.54
16.3,13.6,86.54
16.4,13.6,86.54
16.5,40.8,86.73
16.6,12.4,86.73
16.7,26.6,86.73
16.8,13.4,86.73
16.9,13.5,86.73
17.0,13.8,86.8
17.1,14.3,86.8
17.2,13.4,86.81
17.3,0.0,86.82
17.4,0.0,86.82
17.5,14.3,86.82
17.6,0.0,86.82
17.7,0.0,86.93
17.8,0.0,86.93
17.9,0.0,86.95
18.0,0.0,86.95
18.1,0.0,86.95
18.2,13.2,86.95
18.3,14.2,86.95
18.4,25.5,86.95
18.5,24.9,86.95
18.6,14.3,86.97
18.7,13.7,86.97
18.8,25.3,86.98
18.9,25.4,86.98
19.0,14.0,86.98
19.1,13.1,87.0
19.2,12.9,87.0
19.3,12.6,87.0
19.4,13.2,87.0
19.5,13.0,87.01
19.6,12.7,87.01
19.7,12.8,87.01
19.8,25.4,87.01
19.9,13.2,87.01
20.0,0.0,87.01
20.1,14.0,87.01
20.2,24.9,87.01
20.3,13.7,87.01
20.4,13.7,87.01
20.5,13.3,87.01
20.6,13.1,87.01
20.7,13.3,87.01
20.8,14.8,87.01
20.9,13.1,87.01
21.0,0.0,87.01
21.1,12.8,87.01
21.2,14.3,87.01
21.3,13.9,87.01
21.4,12.8,87.01
21.5,0.0,87.01
21.6,0.0,87.01
21.7,13.6,87.01
21.8,12.9,87.01
21.9,14.7,87.01
22.0,14.5,87.01
22.1,14.8,87.01
22.2,0.0,87.01
22.3,0.0,87.01
22.4,0.0,87.01
22.5,0.0,87.01
22.6,14.8,87.01
22.7,0.0,87.01
22.8,0.0,87.01
22.9,0.0,87.01
23.0,14.7,87.01
23.1,29.7,87.05
23.2,0.0,87.05
23.3,0.0,87.05
23.4,0.0,87.05
23.5,13.1,87.05
23.6,0.0,87.05
23.7,12.6,87.05
23.8,12.9,87.05
23.9,13.2,87.05
24.0,23.6,87.01
24.1,26.3,87.01
24.2,12.7,87.01
24.3,24.7,87.01
24.4,13.7,87.01
24.5,13.0,87.01
24.6,14.1,87.01
24.7,12.8,87.01
24.8,12.4,87.01
24.9,12.9,87.01
25.0,12.6,87.01
25.1,0.0,87.01
25.2,12.8,87.01
25.3,0.0,87.01
25.4,26.5,87.01
25.5,12.9,87.01
25.6,13.3,87.01
25.7,12.4,87.01
25.8,25.4,87.01
25.9,25.5,87.01
26.0,13.2,87.01
26.1,12.4,87.01
26.2,12.8,87.01
26.3,25.8,86.95
26.4,13.5,86.95
26.5,12.8,86.95
26.6,14.1,86.88
26.7,0.0,86.88
26.8,0.0,86.88
26.9,0.0,86.88
27.0,0.0,86.88
27.1,13.0,86.88
27.2,25.3,86.88
27.3,24.7,86.88
27.4,13.4,86.88
27.5,14.2,86.88
27.6,14.3,86.88
27.7,13.4,86.88
27.8,26.3,86.88
27.9,14.0,86.88
28.0,14.2,86.88
28.1,14.0,86.88
28.2,13.9,86.88
28.3,0.0,86.88
28.4,13.7,86.88
28.5,13.8,86.88
28.6,13.9,86.88
28.7,0.0,86.88
28.8,14.0,86.88
28.9,0.0,86.88
29.0,0.0,86.88
29.1,0.0,86.88
29.2,0.0,86.88
29.3,13.5,86.88
29.4,13.2,86.88
29.5,13.7,86.88
29.6,12.7,86.88
29.7,13.5,86.88
29.8,25.4,86.88
29.9,13.4,86.88
30.0,13.0,86.88
30.1,13.4,86.88
30.2,13.4,86.88
30.3,13.4,86.88
30.4,13.6,86.88
30.5,14.2,86.88
30.6,13.7,86.88
30.7,26.1,86.88
30.8,12.7,86.88
30.9,12.8,86.88
31.0,13.1,86.88
31.1,13.4,86.88
31.2,0.0,86.88
31.3,13.0,86.88
31.4,13.6,86.88
31.5,13.7,86.88
31.6,0.0,86.88
31.7,13.7,86.88
31.8,13.3,86.88
31.9,13.3,86.88
32.0,13.3,86.88
32.1,13.5,86.88
32.2,13.5,86.88
32.3,13.3,86.88
32.4,13.4,86.88
32.5,13.6,86.88
32.6,0.0,86.88
32.7,0.0,86.88
32.8,0.0,86.88
32.9,14.8,86.88
33.0,0.0,86.8
33.1,0.0,86.8
33.2,0.0,86.8
33.3,14.5,86.8
33.4,0.0,86.8
33.5,81.9,86.96
33.6,99.6,86.98
33.7,83.6,87.05
33.8,0.0,87.05
33.9,0.0,87.05
34.0,0.0,87.05
34.1,0.0,87.05
34.2,26.6,118.17
34.3,310.2,88.71
34.4,368.6,89.44
34.5,411.1,90.3
34.6,238.3,91.23
34.7,28.5,91.41
34.8,0.0,91.41
34.9,13.3,91.41
35.0,13.6,91.41
35.1,13.6,91.41
35.2,0.0,91.41
35.3,13.2,91.41
35.4,0.0,91.41
35.5,13.1,91.41
35.6,13.4,91.46
35.7,13.8,91.48
35.8,13.1,91.5
35.9,12.6,91.5
36.0,13.8,91.5
36.1,13.8,91.5
36.2,14.3,91.5
36.3,14.2,91.5
36.4,0.0,91.5
36.5,0.0,91.5
36.6,13.3,91.5
36.7,13.6,91.5
36.8,13.2,91.5
36.9,13.9,91.5
37.0,14.2,91.5
37.1,12.7,91.5
37.2,26.4,91.5
37.3,13.0,91.5
37.4,12.4,91.5
37.5,25.1,91.5
37.6,13.2,91.5
37.7,13.7,91.54
37.8,0.0,91.54
37.9,12.8,91.54
38.0,12.4,91.54
38.1,0.0,91.54
38.2,12.6,91.54
38.3,12.7,91.54
38.4,12.8,91.54
38.5,13.9,91.54
38.6,12.7,91.54
38.7,13.2,91.54
38.8,25.0,91.54
38.9,13.5,91.54
39.0,26.7,91.54
39.1,12.9,91.54
39.2,13.1,91.54
39.3,24.7,91.54
39.4,26.8,91.54
39.5,24.8,91.54
39.6,13.3,91.54
39.7,13.1,91.54
39.8,13.0,91.54
39.9,13.5,91.54
40.0,13.7,91.54
40.1,0.0,91.54
40.2,12.3,91.54
40.3,13.4,91.54
40.4,13.3,91.54
40.5,12.6,91.54
40.6,0.0,91.54
40.7,13.4,91.54
40.8,25.2,91.54
40.9,13.5,91.54
41.0,0.0,91.54
41.1,13.2,91.54
41.2,13.5,91.54
41.3,12.9,91.54
41.4,13.9,91.54
41.5,13.3,91.54
41.6,24.8,91.54
41.7,13.7,91.54
41.8,13.7,91.54
41.9,12.8,91.54
42.0,13.3,91.54
42.1,26.4,91.54
42.2,12.5,91.54
42.3,13.4,91.54
42.4,13.7,91.54
42.5,13.7,91.54
42.6,13.4,91.54
42.7,13.6,91.54
42.8,13.3,91.54
42.9,13.3,91.54
43.0,13.0,91.54
43.1,13.4,91.54
43.2,13.8,91.54
43.3,12.7,91.54
43.4,13.6,91.54
43.5,13.2,91.54
43.6,12.1,91.54
43.7,13.6,91.54
43.8,13.5,91.54
43.9,12.9,91.54
44.0,13.5,91.54
44.1,13.6,91.54
44.2,13.6,91.54
44.3,13.0,91.54
44.4,27.1,91.54
44.5,13.1,91.54
44.6,13.3,91.54
44.7,13.6,91.54
44.8,13.5,91.54
44.9,0.0,91.54
45.0,13.6,91.54
45.1,13.6,91.54
45.2,0.0,91.54
45.3,14.0,91.54
45.4,25.2,91.54
45.5,13.5,91.54
45.6,26.1,91.54
45.7,13.2,91.54
45.8,13.3,91.54
45.9,13.5,91.54
46.0,12.5,91.54
46.1,0.0,91.54
46.2,13.5,91.54
46.3,13.7,91.54
46.4,0.0,91.54
46.5,13.7,91.54
46.6,13.6,91.54
46.7,13.4,91.54
46.8,24.6,91.54
46.9,13.8,91.54
47.0,25.1,91.54
47.1,13.0,91.54
47.2,13.1,91.54
47.3,13.3,91.54
47.4,13.2,91.54
47.5,12.8,91.54
47.6,13.3,91.54
47.7,13.2,91.54
47.8,13.1,91.54
47.9,13.3,91.54
48.0,0.0,91.54
48.1,13.4,91.54
48.2,12.8,91.54
48.3,0.0,91.54
48.4,12.6,91.54
48.5,0.0,91.54
48.6,13.3,91.54
48.7,26.1,91.54
48.8,25.1,91.54
48.9,13.6,91.54
49.0,13.6,91.54
49.1,12.7,91.54
49.2,25.4,91.54
49.3,13.7,91.54
49.4,0.0,91.54
49.5,0.0,91.54
49.6,13.4,91.54
49.7,14.1,91.54
49.8,13.5,91.54
49.9,0.0,91.54
50.0,92.2,91.66
50.1,106.4,91.88
50.2,114.3,92.18
50.3,14.7,92.24
50.4,13.9,92.25
50.5,26.2,92.25
50.6,26.7,92.25
50.7,0.0,92.25
50.8,0.0,92.25
50.9,13.3,92.25
51.0,25.2,92.25
51.1,26.4,92.25
51.2,12.9,92.25
51.3,12.8,92.25
51.4,26.6,92.25
51.5,13.4,92.25
51.6,26.5,92.29
51.7,0.0,92.23
51.8,13.2,92.23
51.9,0.0,92.23
52.0,13.3,92.23
52.1,13.4,92.23
52.2,13.1,92.23
52.3,26.5,92.23
52.4,12.7,92.23
52.5,13.5,92.23
52.6,13.1,92.23
52.7,62.6,92.32
52.8,99.7,92.54
52.9,84.0,92.78
53.0,12.9,92.94
53.1,13.2,92.95
53.2,13.5,92.95
53.3,0.0,92.95
53.4,24.9,92.95
53.5,105.4,93.05
53.6,110.7,93.25
53.7,98.5,93.52
53.8,14.3,93.57
53.9,13.7,93.59
54.0,12.8,93.59
54.1,26.6,93.59
54.2,13.3,93.59
54.3,13.5,93.59
54.4,12.2,93.59
54.5,13.9,93.59
54.6,13.3,93.59
54.7,13.7,93.62
54.8,13.3,93.64
54.9,0.0,93.64
55.0,0.0,93.64
55.1,13.3,93.64
55.2,12.4,93.64
55.3,12.6,93.64
55.4,12.9,93.64
55.5,12.3,93.64
55.6,0.0,93.64
55.7,13.5,93.64
55.8,13.5,93.64
55.9,25.5,93.64
56.0,27.2,93.64
56.1,13.1,93.7
56.2,13.2,93.7
56.3,25.4,93.7
56.4,13.2,93.7
56.5,13.4,93.7
56.6,90.1,93.91
56.7,111.8,94.12
56.8,41.7,94.5
56.9,13.1,94.52
57.0,25.9,94.52
57.1,13.7,94.52
57.2,12.8,94.52
57.3,13.9,94.52
57.4,13.7,94.52
57.5,13.5,94.52
57.6,13.4,94.52
57.7,13.3,94.52
57.8,14.1,94.52
57.9,13.1,94.52
58.0,12.8,94.52
58.1,13.1,94.52
58.2,25.7,94.52
58.3,13.7,94.52
58.4,13.5,94.52
58.5,67.0,96.15
58.6,116.3,96.15
58.7,99.5,96.24
58.8,41.1,96.3
58.9,37.9,96.3
59.0,13.6,96.3
59.1,13.5,96.3
59.2,13.5,96.3
59.3,13.6,96.3
59.4,0.0,96.3
59.5,13.1,96.3
59.6,13.4,96.3
59.7,13.6,96.3
59.8,13.1,96.3
59.9,13.0,96.3
60.0,0.0,96.3
60.1,13.8,96.3
60.2,13.0,96.3
60.3,13.3,96.3
60.4,13.4,96.3
60.5,13.5,96.3
60.6,13.1,96.3
60.7,27.9,96.3
60.8,13.4,96.3
60.9,12.7,96.3
61.0,13.6,96.3
61.1,13.6,96.3
61.2,13.7,96.3
61.3,13.6,96.3
61.4,25.3,96.3
61.5,76.0,96.35
61.6,114.6,96.46
61.7,57.2,96.46
61.8,26.7,96.46
61.9,13.5,96.46
62.0,12.2,96.48
62.1,13.6,96.49
62.2,13.5,96.49
62.3,13.0,96.49
62.4,13.7,96.49
62.5,0.0,96.49
62.6,0.0,96.49
62.7,0.0,96.49
62.8,13.8,96.49
62.9,13.4,96.49
63.0,0.0,96.49
63.1,13.3,96.49
63.2,13.3,96.49
63.3,12.4,96.49
63.4,0.0,96.49
63.5,13.1,96.49
63.6,13.2,96.49
63.7,13.6,96.49
63.8,13.6,96.49
63.9,13.5,96.49
64.0,12.8,96.49
64.1,13.3,96.49
64.2,13.3,96.49
64.3,13.5,96.49
64.4,25.0,96.49
64.5,13.5,96.49
64.6,13.3,96.49
64.7,12.6,96.49
64.8,13.7,96.49
64.9,13.5,96.49
65.0,13.0,96.49
65.1,0.0,96.49
65.2,13.2,96.49
65.3,13.7,96.49
65.4,12.7,96.49
65.5,26.8,104.21
65.6,100.3,129.35
65.7,79.3,146.5
65.8,111.2,166.77
65.9,42.3,97.73
66.0,13.3,97.73
66.1,23.7,97.73
66.2,12.9,97.73
66.3,25.6,97.73
66.4,26.8,97.73
66.5,13.1,97.73
66.6,13.4,97.73
66.7,13.4,97.73
66.8,12.8,97.73
66.9,14.2,97.73
67.0,13.2,97.73
67.1,0.0,97.73
67.2,13.4,97.73
67.3,26.9,97.73
67.4,13.5,97.73
67.5,67.7,97.73
67.6,126.1,97.73
67.7,84.1,97.72
67.8,26.4,97.72
67.9,14.4,97.72
68.0,13.5,97.72
68.1,0.0,97.72
68.2,13.7,97.72
68.3,14.2,97.72
68.4,25.2,97.72
68.5,12.7,97.72
68.6,13.4,97.72
68.7,13.8,97.72
68.8,13.1,97.72
68.9,13.8,97.72
69.0,14.1,97.72
69.1,13.5,97.72
69.2,0.0,97.72
69.3,13.1,97.72
69.4,13.5,97.72
69.5,0.0,97.72
69.6,0.0,97.72
69.7,13.6,97.72
69.8,25.2,97.72
69.9,13.3,97.72
70.0,13.4,97.72
70.1,14.1,97.72
70.2,0.0,97.72
70.3,13.5,97.72
70.4,12.6,97.72
70.5,12.8,97.72
70.6,13.9,97.72
70.7,13.4,97.72
70.8,26.2,97.73
70.9,25.8,97.73
71.0,13.6,97.73
71.1,13.5,97.73
71.2,0.0,97.73
71.3,13.7,97.73
71.4,13.8,97.73
71.5,52.3,98.67
71.6,26.4,98.67
71.7,0.0,98.67
71.8,0.0,98.67
71.9,13.7,98.67
72.0,13.8,98.67
72.1,13.3,98.67
72.2,13.4,98.67
72.3,64.4,98.93
72.4,0.0,98.93
72.5,13.3,98.93
72.6,13.6,98.93
72.7,0.0,98.93
72.8,0.0,98.93
72.9,13.8,98.93
73.0,13.6,98.93
73.1,14.4,98.93
73.2,26.2,98.93
73.3,13.8,98.93
73.4,13.2,98.93
73.5,13.5,98.93
73.6,13.1,98.93
73.7,14.1,98.93
73.8,14.1,98.93
73.9,13.6,98.93
74.0,14.1,98.93
74.1,14.1,98.93
74.2,0.0,98.93
74.3,13.7,98.93
74.4,13.4,98.93
74.5,13.5,98.93
74.6,13.6,98.93
74.7,13.5,98.93
74.8,13.6,98.93
74.9,25.2,98.93
75.0,13.0,98.93
75.1,13.3,98.93
75.2,39.1,108.56
75.3,107.3,134.09
75.4,106.8,160.03
75.5,13.3,99.0
75.6,54.0,112.9
75.7,68.7,99.42
75.8,93.8,99.48
75.9,113.8,99.48
76.0,110.7,99.47
76.1,54.2,99.47
76.2,26.6,99.47
76.3,0.0,99.47
76.4,0.0,99.47
76.5,0.0,99.47
76.6,0.0,99.47
76.7,13.1,99.47
76.8,13.4,99.47
76.9,12.4,99.47
77.0,13.4,99.47
77.1,25.2,99.47
77.2,25.8,99.47
77.3,13.0,99.47
77.4,26.8,119.0
77.5,90.2,131.98
77.6,108.8,156.13
77.7,104.6,173.5
77.8,39.2,99.49
77.9,0.0,99.49
78.0,12.8,99.49
78.1,0.0,99.49
78.2,13.4,99.49
78.3,12.9,99.49
78.4,12.7,99.49
78.5,13.2,99.49
78.6,25.2,99.49
78.7,14.6,99.49
78.8,13.7,99.49
78.9,14.0,99.49
79.0,13.3,99.49
79.1,13.3,99.49
79.2,13.5,99.49
79.3,14.2,99.49
79.4,13.3,99.49
79.5,26.3,99.49
79.6,13.1,99.49
79.7,13.2,99.49
79.8,13.5,99.49
79.9,13.6,99.49
80.0,14.2,99.49
80.1,13.5,99.49
80.2,0.0,113.59
80.3,107.7,140.71
80.4,100.2,163.65
80.5,101.5,172.38
80.6,14.6,99.99
80.7,12.7,99.99
80.8,13.5,99.99
80.9,13.6,99.99
81.0,0.0,99.99
81.1,13.5,99.99
81.2,25.0,99.99
81.3,13.3,99.99
81.4,13.9,99.99
81.5,13.1,99.99
81.6,12.6,99.99
81.7,12.9,99.99
81.8,25.8,99.99
81.9,13.4,99.99
82.0,0.0,99.99
82.1,13.6,99.99
82.2,13.1,99.99
82.3,13.4,99.99
82.4,14.3,99.99
82.5,13.5,99.99
82.6,13.6,99.99
82.7,13.0,99.99
82.8,13.5,99.99
82.9,13.6,99.99
83.0,12.9,99.99
83.1,25.4,99.99
83.2,25.5,99.99
83.3,13.3,99.99
83.4,0.0,99.99
83.5,12.7,99.99
83.6,13.4,99.99
83.7,13.6,99.99
83.8,26.9,123.91
83.9,101.7,144.2
84.0,72.7,166.34
84.1,117.6,101.99
84.2,14.7,116.74
84.3,98.8,100.1
84.4,106.4,100.1
84.5,82.1,100.09
84.6,112.9,100.09
84.7,42.4,100.09
84.8,25.4,100.09
84.9,13.7,100.09
85.0,13.9,100.09
85.1,12.7,100.09
85.2,26.4,100.09
85.3,0.0,100.09
85.4,13.0,100.09
85.5,0.0,100.09
85.6,14.0,100.09
85.7,12.8,100.09
85.8,13.7,100.09
85.9,25.0,100.09
86.0,12.2,100.09
86.1,25.5,100.09
86.2,0.0,100.09
86.3,25.1,100.09
86.4,14.2,100.09
86.5,0.0,100.09
86.6,0.0,100.09
86.7,0.0,100.09
86.8,13.4,100.09
86.9,13.6,100.09
87.0,13.6,100.09
87.1,13.6,100.09
87.2,26.5,100.09
87.3,14.0,100.09
87.4,13.4,100.09
87.5,12.7,100.09
87.6,26.7,100.09
87.7,13.8,100.09
87.8,25.3,100.09
87.9,26.8,100.09
88.0,13.6,100.09
88.1,13.6,100.09
88.2,13.7,100.09
88.3,0.0,100.09
88.4,13.7,100.09
88.5,13.3,100.09
88.6,13.6,100.09
88.7,13.6,100.09
88.8,13.4,100.09
88.9,13.2,100.09
89.0,13.5,100.09
89.1,12.9,100.09
89.2,13.6,100.09
89.3,14.1,100.09
89.4,14.3,100.09
89.5,13.9,120.74
89.6,94.6,142.97
89.7,93.0,167.69
89.8,13.3,100.14
89.9,44.0,116.48
90.0,85.2,100.59
90.1,107.4,100.59
90.2,114.3,100.65
90.3,114.6,100.79
90.4,75.0,100.87
90.5,26.8,100.88
90.6,13.2,100.88
90.7,13.8,100.88
90.8,26.4,100.88
90.9,12.7,100.88
91.0,13.3,100.88
91.1,14.2,100.88
91.2,25.6,100.88
91.3,13.7,100.88
91.4,0.0,100.88
91.5,27.6,100.88
91.6,24.3,100.88
91.7,24.7,100.88
91.8,26.2,100.88
91.9,12.8,100.88
92.0,13.7,100.88
92.1,13.5,100.88
92.2,0.0,100.88
92.3,26.1,100.88
92.4,13.5,100.88
92.5,13.7,100.88
92.6,13.7,100.88
92.7,13.6,100.88
92.8,13.4,100.88
92.9,13.5,100.88
93.0,14.0,100.88
93.1,13.7,100.88
93.2,14.2,100.88
93.3,13.4,100.88
93.4,13.6,100.88
93.5,13.6,100.88
93.6,26.5,100.88
93.7,24.7,100.88
93.8,14.0,100.88
93.9,13.6,100.88
94.0,0.0,100.88
94.1,13.4,100.88
94.2,13.6,100.88
94.3,13.5,100.88
94.4,13.6,100.88
94.5,13.6,100.88
94.6,13.7,100.88
94.7,13.7,100.88
94.8,13.8,100.88
94.9,13.4,100.88
95.0,13.3,100.88
95.1,13.6,100.88
95.2,13.6,100.88
95.3,13.5,100.88
95.4,0.0,100.88
95.5,13.6,100.88
95.6,13.2,100.88
95.7,12.8,100.88
95.8,0.0,100.88
95.9,13.7,100.88
96.0,13.0,100.88
96.1,0.0,100.88
96.2,13.2,100.88
96.3,13.1,100.88
96.4,13.4,100.88
96.5,24.8,100.88
96.6,13.6,100.88
96.7,13.4,100.88
96.8,13.4,100.88
96.9,12.4,100.88
97.0,12.4,100.88
97.1,13.2,100.88
97.2,13.5,100.88
97.3,13.0,100.88
97.4,25.9,100.88
97.5,12.9,100.88
97.6,13.9,100.88
97.7,13.3,100.88
97.8,12.2,100.88
97.9,13.1,100.88
98.0,25.4,100.88
98.1,13.6,100.88
98.2,12.3,100.88
98.3,12.6,100.88
98.4,12.5,100.88
98.5,12.5,100.88
98.6,13.3,100.88
98.7,14.0,100.88
98.8,13.3,100.88
98.9,13.5,100.88
99.0,13.3,100.88
99.1,13.3,100.88
99.2,13.3,100.88
99.3,13.8,100.88
99.4,0.0,100.88
99.5,13.3,100.88
99.6,12.8,100.88
99.7,13.2,100.88
99.8,25.0,100.88
99.9,25.1,100.88
100.0,23.7,100.88
100.1,13.5,100.88
100.2,25.5,100.88
100.3,13.0,100.88
100.4,13.3,100.88
100.5,13.4,100.88
100.6,12.4,100.88
100.7,13.7,100.88
100.8,13.8,100.88
100.9,25.8,100.88
101.0,13.4,100.88
101.1,13.0,100.88
101.2,13.6,100.88
101.3,13.6,100.88
101.4,12.8,100.88
101.5,13.4,100.88
101.6,0.0,100.88
101.7,12.9,100.88
101.8,13.6,100.88
101.9,13.3,100.88
102.0,13.4,100.88
102.1,13.3,100.88
102.2,13.3,100.88
102.3,13.3,100.88
102.4,13.3,100.88
102.5,13.1,100.88
102.6,25.9,100.88
102.7,24.9,100.88
102.8,25.6,100.88
102.9,24.9,100.88
103.0,13.8,100.88
103.1,26.1,100.88
103.2,13.2,100.88
103.3,26.5,100.88
103.4,13.3,100.88
103.5,11.5,100.88
103.6,13.1,100.88
103.7,13.5,100.88
103.8,24.5,100.88
103.9,24.7,100.88
104.0,0.0,100.88
104.1,14.0,100.88
104.2,13.4,100.88
104.3,13.6,100.88
104.4,13.3,100.88
104.5,25.9,100.88
104.6,25.4,100.88
104.7,13.4,100.88
104.8,13.2,100.88
104.9,13.6,100.88
105.0,13.1,100.88
105.1,25.2,100.88
105.2,25.0,100.88
105.3,13.9,100.88
105.4,25.7,100.88
105.5,13.3,100.88
105.6,0.0,100.88
105.7,12.6,100.88
105.8,13.3,100.88
105.9,13.6,100.88
106.0,13.2,100.88
106.1,0.0,100.88
106.2,26.3,100.88
106.3,0.0,100.88
106.4,24.8,100.88
106.5,0.0,100.88
106.6,24.3,100.88
106.7,12.9,100.87
106.8,12.5,100.87
106.9,13.3,100.87
107.0,13.6,100.87
107.1,13.4,100.87
107.2,25.3,100.87
107.3,13.0,100.87
107.4,13.3,100.87
107.5,13.1,100.87
107.6,12.9,100.87
107.7,13.1,100.87
107.8,13.4,100.87
107.9,0.0,100.87
108.0,0.0,100.87
108.1,0.0,100.87
108.2,13.4,100.87
108.3,14.0,100.87
108.4,25.9,100.87
108.5,14.4,100.87
108.6,13.5,100.87
108.7,13.5,100.87
108.8,13.0,100.87
108.9,13.9,100.87
109.0,13.6,100.87
109.1,12.9,100.87
109.2,13.0,100.87
109.3,13.8,100.87
109.4,13.1,100.87
109.5,13.2,100.87
109.6,13.3,100.87
109.7,14.1,100.87
109.8,24.9,100.87
109.9,25.4,100.87
110.0,14.4,100.87
110.1,27.2,100.87
110.2,13.4,100.87
110.3,13.9,100.87
110.4,12.2,100.87
110.5,11.9,100.87
110.6,13.3,100.87
110.7,14.0,100.87
110.8,13.0,100.87
110.9,0.0,100.87
111.0,12.5,100.87
111.1,13.1,100.87
111.2,13.1,100.87
111.3,0.0,100.87
111.4,13.9,100.87
111.5,13.2,100.87
111.6,13.3,100.87
111.7,13.3,100.87
111.8,13.9,100.87
111.9,13.5,100.87
112.0,12.4,100.87
112.1,13.6,100.87
112.2,13.3,100.87
112.3,13.7,100.87
112.4,13.1,100.87
112.5,12.7,100.87
112.6,26.7,100.87
112.7,12.8,100.87
112.8,13.2,100.87
112.9,24.8,100.87
113.0,25.7,100.87
113.1,13.2,100.87
113.2,12.3,100.87
113.3,13.6,100.87
113.4,25.4,100.87
113.5,12.3,100.87
113.6,14.3,100.87
113.7,13.0,100.87
113.8,13.2,100.87
113.9,13.2,100.87
114.0,13.5,100.87
114.1,26.4,100.87
114.2,13.0,100.87
114.3,26.2,100.87
114.4,13.4,100.87
114.5,13.3,100.87
114.6,0.0,100.87
114.7,13.6,100.87
114.8,13.3,100.87
114.9,12.5,100.85
115.0,12.4,100.85
115.1,13.2,100.85
115.2,13.4,100.85
115.3,13.8,100.85
115.4,13.6,100.85
115.5,13.4,100.85
115.6,0.0,100.85
115.7,13.2,100.85
115.8,26.4,100.85
115.9,12.9,100.85
116.0,85.4,100.85
116.1,95.5,100.94
116.2,71.6,101.03
116.3,25.1,101.07
116.4,25.5,101.07
116.5,13.1,101.07
116.6,13.5,101.07
116.7,13.3,101.07
116.8,12.3,101.07
116.9,12.7,101.07
117.0,13.5,101.07
117.1,13.3,101.07
117.2,26.8,101.07
117.3,13.4,101.07
117.4,13.7,101.11
117.5,25.1,101.11
117.6,13.0,101.11
117.7,14.0,101.11
117.8,0.0,101.11
117.9,12.3,101.11
118.0,12.3,101.11
118.1,12.9,101.11
118.2,12.6,101.11
118.3,12.6,101.11
118.4,26.4,101.11
118.5,24.7,101.11
118.6,27.8,101.11
118.7,13.6,101.11
118.8,0.0,101.11
118.9,0.0,101.11
119.0,13.6,101.11
119.1,58.5,101.15
119.2,96.8,101.43
119.3,106.7,101.58
119.4,78.3,101.76
119.5,13.9,101.79
119.6,25.7,101.79
119.7,13.3,101.79
119.8,0.0,101.79
119.9,13.3,101.79
120.0,26.5,101.79
120.1,12.9,101.79
120.2,12.7,101.79
120.3,13.1,101.79
120.4,13.5,101.79
120.5,0.0,101.79
120.6,13.4,101.79
120.7,14.1,101.79
120.8,13.2,101.79
120.9,13.8,101.79
121.0,13.2,101.79
121.1,13.2,101.79
121.2,14.4,101.79
121.3,13.0,101.79
121.4,12.5,101.79
121.5,13.1,101.79
121.6,0.0,101.79
121.7,13.3,101.79
121.8,24.8,101.79
121.9,13.6,101.79
122.0,12.3,101.79
122.1,12.5,101.79
122.2,13.5,101.79
122.3,12.9,101.79
122.4,13.8,101.79
122.5,13.3,101.79
122.6,0.0,101.79
122.7,13.9,101.82
122.8,13.5,101.82
122.9,13.4,101.82
123.0,13.6,101.82
123.1,13.3,101.82
123.2,12.9,101.82
123.3,13.7,101.82
123.4,13.9,101.82
123.5,14.1,101.82
123.6,14.4,101.82
123.7,14.4,101.82
123.8,13.3,101.82
123.9,14.4,102.44
124.0,41.0,103.25
124.1,13.9,103.25
124.2,25.7,103.25
124.3,13.9,103.25
124.4,13.8,103.25
124.5,13.6,103.25
124.6,13.5,103.25
124.7,13.4,103.25
124.8,0.0,103.25
124.9,13.7,103.25
125.0,13.3,103.25
125.1,27.0,103.25
125.2,13.6,103.25
125.3,13.4,103.25
125.4,0.0,103.25
125.5,13.5,103.25
125.6,13.6,103.25
125.7,13.6,103.25
125.8,0.0,103.25
125.9,13.4,103.25
126.0,26.1,103.25
126.1,0.0,103.25
126.2,13.6,103.25
126.3,13.7,103.25
126.4,12.6,103.25
126.5,13.1,103.25
126.6,13.4,103.25
126.7,13.3,103.25
126.8,13.4,103.25
126.9,12.9,103.25
127.0,13.6,103.25
127.1,13.6,103.25
127.2,13.0,103.25
127.3,13.4,103.25
127.4,25.1,103.25
127.5,13.6,103.25
127.6,12.5,103.25
127.7,26.6,103.25
127.8,12.7,103.25
127.9,13.5,103.25
128.0,26.3,103.25
128.1,13.5,103.25
128.2,38.2,103.25
128.3,14.3,103.25
128.4,13.9,103.25
128.5,13.5,103.25
128.6,13.6,103.25
128.7,40.9,103.25
128.8,132.2,103.25
128.9,111.3,103.34
129.0,13.8,103.44
129.1,14.2,103.44
129.2,26.1,103.44
129.3,13.5,103.44
129.4,0.0,103.44
129.5,13.0,103.44
129.6,13.9,103.44
129.7,13.6,103.44
129.8,12.7,103.44
129.9,24.3,103.44
130.0,24.6,103.44
130.1,13.6,103.44
130.2,0.0,103.44
130.3,13.3,103.44
130.4,13.6,103.44
130.5,13.6,103.44
130.6,13.4,103.44
130.7,13.4,103.44
130.8,13.6,103.44
130.9,13.5,103.44
131.0,13.5,103.44
131.1,13.6,103.44
131.2,0.0,103.44
131.3,13.4,103.44
131.4,13.4,103.44
131.5,13.5,103.44
131.6,13.5,103.44
131.7,13.5,103.44
131.8,13.4,103.44
131.9,13.4,103.44
132.0,13.3,103.44
132.1,38.1,103.44
132.2,53.2,103.44
132.3,100.0,103.43
132.4,111.8,103.43
132.5,70.1,103.43
132.6,13.1,103.49
132.7,13.4,103.49
132.8,13.6,103.49
132.9,13.6,103.49
133.0,13.1,103.49
133.1,26.6,103.49
133.2,13.2,103.49
133.3,0.0,103.49
133.4,13.5,103.49
133.5,26.4,103.49
133.6,13.1,103.49
133.7,12.7,103.49
133.8,13.2,103.49
133.9,13.5,103.49
134.0,13.7,103.49
134.1,13.4,103.49
134.2,13.7,103.49
134.3,13.5,103.49
134.4,13.3,103.49
134.5,13.7,103.49
134.6,13.1,103.49
134.7,26.3,103.49
134.8,24.6,103.49
134.9,0.0,103.49
135.0,13.8,103.49
135.1,14.4,103.49
135.2,12.9,103.49
135.3,13.4,103.49
135.4,13.6,103.49
135.5,0.0,103.49
135.6,13.5,103.49
135.7,13.7,103.49
135.8,13.5,103.49
135.9,13.0,103.49
136.0,13.2,103.49
136.1,0.0,103.49
136.2,13.4,103.49
136.3,13.6,103.49
136.4,25.8,103.49
136.5,13.5,103.49
136.6,13.3,103.49
136.7,0.0,103.49
136.8,13.6,103.49
136.9,13.6,103.49
137.0,0.0,103.49
137.1,13.5,103.49
137.2,13.2,103.49
137.3,12.7,103.49
137.4,13.6,103.49
137.5,14.3,103.49
137.6,13.8,103.49
137.7,13.4,103.49
137.8,41.4,116.56
137.9,91.7,140.09
138.0,99.6,163.4
138.1,88.2,178.89
138.2,0.0,104.44
138.3,0.0,104.44
138.4,12.3,104.44
138.5,12.8,104.44
138.6,0.0,104.44
138.7,12.9,104.44
138.8,13.2,104.44
138.9,14.1,104.44
139.0,0.0,104.44
139.1,14.2,104.44
139.2,13.9,104.44
139.3,13.5,104.44
139.4,14.0,104.44
139.5,0.0,104.44
139.6,12.9,104.44
139.7,13.2,104.44
139.8,13.2,104.44
139.9,13.2,104.44
140.0,25.6,104.44
140.1,13.5,104.44
140.2,25.6,104.44
140.3,25.5,104.44
140.4,13.4,104.44
140.5,0.0,104.45
140.6,13.6,104.45
140.7,13.9,104.45
140.8,13.6,104.45
140.9,12.9,104.45
141.0,13.6,104.45
141.1,13.5,104.45
141.2,25.8,104.45
141.3,13.2,104.45
141.4,13.7,104.45
141.5,27.0,104.45
141.6,50.1,104.78
141.7,24.9,104.78
141.8,13.5,104.78
141.9,13.2,104.78
142.0,0.0,104.78
142.1,11.7,104.78
142.2,13.6,104.78
142.3,13.6,104.78
142.4,12.8,104.78
142.5,0.0,104.78
142.6,24.1,104.78
142.7,13.5,104.78
142.8,0.0,104.78
142.9,13.4,104.78
143.0,13.6,104.78
143.1,13.6,104.78
143.2,13.5,104.78
143.3,24.7,104.78
143.4,13.4,104.78
143.5,13.5,104.78
143.6,13.5,104.78
143.7,13.3,104.78
143.8,13.5,104.78
143.9,13.5,104.78
144.0,13.6,104.78
144.1,13.3,104.78
144.2,0.0,104.78
144.3,13.6,104.78
144.4,14.1,104.78
144.5,14.6,104.78
144.6,13.0,104.78
144.7,0.0,104.78
144.8,13.4,104.78
144.9,13.5,104.78
145.0,13.4,104.78
145.1,25.3,104.78
145.2,13.5,104.78
145.3,13.5,104.78
145.4,13.6,104.78
145.5,13.3,104.78
145.6,0.0,104.78
145.7,0.0,104.78
145.8,13.6,104.78
145.9,26.6,104.78
146.0,13.0,104.78
146.1,25.5,104.78
146.2,13.6,104.78
146.3,13.6,104.78
146.4,13.6,104.78
146.5,13.3,104.78
146.6,12.9,104.78
146.7,13.4,104.78
146.8,13.4,104.78
146.9,0.0,115.42
147.0,106.6,138.03
147.1,98.2,158.57
147.2,101.2,178.64
147.3,42.6,105.0
147.4,25.1,105.11
147.5,94.1,105.06
147.6,97.1,105.06
147.7,99.3,105.05
147.8,104.8,105.05
147.9,65.7,105.05
148.0,14.1,105.05
148.1,13.9,105.05
148.2,14.3,105.05
148.3,14.3,105.05
148.4,26.0,105.05
148.5,24.8,105.05
148.6,13.1,105.05
148.7,12.9,105.05
148.8,25.3,105.05
148.9,12.9,105.05
149.0,13.5,105.05
149.1,0.0,105.05
149.2,13.1,105.05
149.3,14.2,105.05
149.4,13.9,105.05
149.5,13.1,133.08
149.6,95.7,152.19
149.7,109.6,174.35
149.8,116.6,188.07
149.9,112.8,181.12
150.0,28.0,105.76
150.1,13.1,105.76
150.2,0.0,105.76
150.3,13.4,105.76
150.4,14.2,105.76
150.5,14.2,105.76
150.6,13.6,105.76
150.7,13.6,105.76
150.8,13.0,105.76
150.9,13.4,105.76
151.0,11.5,105.76
151.1,12.9,105.76
151.2,13.5,105.76
151.3,13.6,105.76
151.4,0.0,105.76
151.5,13.6,105.76
151.6,14.0,105.76
151.7,13.6,105.76
151.8,13.4,105.76
151.9,13.6,105.76
152.0,25.5,105.76
152.1,13.0,105.76
152.2,13.6,105.76
152.3,13.5,105.76
152.4,13.2,105.76
152.5,13.6,105.76
152.6,13.7,105.76
152.7,13.9,105.76
152.8,12.9,105.76
152.9,13.9,105.76
153.0,13.5,105.76
153.1,13.6,105.76
153.2,13.2,105.76
153.3,13.3,105.76
153.4,13.3,105.76
153.5,24.9,105.76
153.6,27.2,105.76
153.7,100.8,105.76
153.8,98.5,105.75
153.9,114.8,105.75
154.0,40.3,105.75
154.1,25.0,105.75
154.2,24.8,105.75
154.3,25.7,105.75
154.4,24.9,105.75
154.5,12.7,105.75
154.6,0.0,105.75
154.7,13.4,105.75
154.8,12.9,105.75
154.9,25.2,105.75
155.0,13.4,105.75
155.1,13.7,105.75
155.2,12.7,105.75
155.3,13.4,105.75
155.4,14.1,105.75
155.5,25.2,105.75
155.6,13.4,105.75
155.7,13.5,105.75
155.8,13.4,105.75
155.9,13.8,105.75
156.0,12.4,105.75
156.1,12.8,105.75
156.2,13.4,105.75
156.3,13.4,105.75
156.4,12.2,105.75
156.5,13.0,105.75
156.6,24.9,105.75
156.7,26.5,105.75
156.8,13.2,105.75
156.9,13.5,105.75
157.0,13.6,105.75
157.1,13.3,105.75
157.2,14.1,105.75
157.3,13.6,105.75
157.4,13.6,105.75
157.5,13.6,105.75
157.6,13.9,105.75
157.7,13.4,105.75
157.8,13.6,105.75
157.9,13.9,105.75
158.0,13.6,105.75
158.1,13.6,105.75
158.2,13.6,105.75
158.3,67.7,105.75
158.4,110.0,105.75
158.5,107.0,105.89
158.6,28.8,105.98
158.7,0.0,105.98
158.8,13.0,105.98
158.9,13.7,105.98
159.0,0.0,105.99
159.1,13.1,105.99
159.2,25.5,105.99
159.3,24.7,105.99
159.4,14.6,105.99
159.5,25.5,105.99
159.6,13.3,105.99
159.7,0.0,105.99
159.8,12.7,105.99
159.9,13.2,105.99
160.0,13.6,105.99
160.1,13.0,105.99
160.2,39.2,134.46
160.3,105.0,157.86
160.4,115.5,182.3
160.5,108.7,189.92
160.6,112.3,120.34
160.7,84.8,107.87
160.8,120.8,107.87
160.9,110.2,107.9
161.0,110.7,107.92
161.1,27.8,107.96
161.2,0.0,107.96
161.3,0.0,107.96
161.4,0.0,107.96
161.5,0.0,107.96
161.6,13.1,107.96
161.7,26.0,107.96
161.8,12.2,107.96
161.9,13.7,107.96
162.0,0.0,107.96
162.1,13.2,107.98
162.2,14.0,107.98
162.3,14.3,107.98
162.4,13.5,107.98
162.5,13.4,107.98
162.6,13.3,107.98
162.7,12.9,107.98
162.8,26.8,107.98
162.9,13.9,107.98
163.0,0.0,107.98
163.1,12.7,107.98
163.2,0.0,107.98
163.3,13.4,107.98
163.4,0.0,107.98
163.5,13.6,107.98
163.6,14.2,107.98
163.7,13.6,107.98
163.8,0.0,107.98
163.9,13.7,107.98
164.0,13.3,107.98
164.1,14.2,107.98
164.2,13.5,107.98
164.3,13.1,107.98
164.4,13.4,107.98
164.5,13.3,107.98
164.6,0.0,107.98
164.7,0.0,107.98
164.8,13.0,107.98
164.9,13.2,107.98
165.0,14.0,107.98
165.1,13.4,107.98
165.2,0.0,107.98
165.3,12.8,107.98
165.4,13.2,107.98
165.5,13.2,107.98
165.6,13.2,107.98
165.7,26.4,107.98
165.8,13.4,107.98
165.9,0.0,107.98
166.0,14.1,107.98
166.1,24.9,107.98
166.2,13.4,107.98
166.3,25.1,107.98
166.4,13.4,107.98
166.5,13.2,108.04
166.6,49.1,108.35
166.7,24.5,108.35
166.8,13.6,108.35
166.9,13.6,108.35
167.0,13.5,108.35
167.1,13.3,108.35
167.2,13.5,108.35
167.3,13.8,108.35
167.4,13.4,108.35
167.5,0.0,108.35
167.6,13.6,108.35
167.7,13.2,108.35
167.8,26.0,108.35
167.9,13.3,108.35
168.0,13.3,108.35
168.1,0.0,108.35
168.2,13.6,108.35
168.3,13.7,108.35
168.4,13.5,108.35
168.5,0.0,108.35
168.6,12.2,108.35
168.7,13.4,108.35
168.8,0.0,108.35
168.9,13.3,108.35
169.0,13.6,108.35
169.1,0.0,108.35
169.2,25.7,108.35
169.3,13.6,108.35
169.4,12.9,108.35
169.5,13.6,108.35
169.6,0.0,108.35
169.7,13.0,108.35
169.8,13.2,108.35
169.9,13.5,108.35
170.0,13.9,108.35
170.1,13.5,108.35
170.2,12.8,108.35
170.3,13.6,108.35
170.4,13.7,108.35
170.5,13.6,108.35
170.6,13.5,108.35
170.7,24.5,108.35
170.8,13.4,108.35
170.9,12.9,108.35
171.0,13.4,108.35
171.1,12.9,108.35
171.2,12.7,108.35
171.3,26.5,108.35
171.4,13.2,108.35
171.5,13.4,108.35
171.6,13.4,108.35
171.7,13.4,108.35
171.8,13.3,108.35
171.9,12.5,108.35
172.0,12.6,108.35
172.1,13.5,108.35
172.2,13.3,108.35
172.3,26.1,108.34
172.4,12.7,108.34
172.5,13.3,108.34
172.6,25.9,108.34
172.7,14.2,108.34
172.8,13.6,108.34
172.9,26.5,108.34
173.0,13.6,108.34
173.1,13.4,108.34
173.2,13.4,108.34
173.3,13.0,108.34
173.4,13.7,108.34
173.5,26.3,108.34
173.6,13.8,108.34
173.7,25.8,108.34
173.8,12.8,108.34
173.9,13.1,108.34
174.0,25.4,108.34
174.1,25.2,108.34
174.2,14.7,108.34
174.3,12.8,108.34
174.4,12.7,108.34
174.5,13.4,108.34
174.6,13.7,108.34
174.7,14.3,108.34
174.8,14.3,108.34
174.9,13.6,108.34
175.0,12.9,108.34
175.1,13.6,108.34
175.2,13.1,108.34
175.3,41.3,108.34
175.4,110.4,108.34
175.5,116.5,108.33
175.6,56.9,108.36
175.7,0.0,108.39
175.8,13.6,108.39
175.9,13.3,108.39
176.0,13.3,108.39
176.1,14.2,108.39
176.2,13.8,108.39
176.3,13.7,108.39
176.4,0.0,117.89
176.5,13.2,108.59
176.6,14.7,108.69
176.7,13.5,108.69
176.8,13.0,108.69
176.9,13.7,108.69
177.0,0.0,108.69
177.1,0.0,108.69
177.2,13.7,108.69
177.3,13.4,108.69
177.4,0.0,108.69
177.5,12.6,108.69
177.6,13.7,108.69
177.7,13.7,108.69
177.8,25.9,108.69
177.9,12.8,108.69
178.0,12.5,108.69
178.1,13.8,108.69
178.2,12.8,108.69
178.3,0.0,108.69
178.4,13.4,108.69
178.5,26.4,108.69
178.6,13.1,108.69
178.7,12.7,108.69
178.8,14.4,108.69
178.9,13.3,108.69
179.0,13.5,108.69
179.1,13.7,108.69
179.2,13.4,108.69
179.3,25.4,108.69
179.4,13.9,108.69
179.5,13.3,108.69
179.6,13.6,108.69
179.7,13.3,108.69
179.8,13.6,108.69
179.9,12.9,108.69
180.0,13.2,108.69
180.1,13.4,108.69
180.2,0.0,108.69
180.3,25.3,108.69
180.4,13.4,108.69
180.5,13.2,108.69
180.6,40.0,108.69
180.7,94.4,108.69
180.8,99.9,108.68
180.9,42.4,108.68
181.0,25.6,108.68
181.1,13.1,108.68
181.2,0.0,108.68
181.3,13.9,108.68
181.4,13.1,108.68
181.5,12.7,108.68
181.6,0.0,108.68
181.7,14.2,108.68
181.8,13.3,108.68
181.9,13.6,108.68
182.0,13.4,108.68
182.1,26.1,108.68
182.2,25.0,108.68
182.3,12.9,108.68
182.4,13.4,108.68
182.5,13.4,108.68
182.6,13.7,108.68
182.7,13.4,108.68
182.8,0.0,108.68
182.9,12.8,108.68
183.0,13.5,108.68
183.1,13.5,108.68
183.2,13.1,108.68
183.3,25.9,124.14
183.4,29.2,110.24
183.5,25.6,110.24
183.6,25.2,110.24
183.7,13.5,110.24
183.8,13.2,110.24
183.9,14.2,110.24
184.0,14.2,110.24
184.1,14.4,110.24
184.2,14.3,110.24
184.3,13.4,110.24
184.4,0.0,110.24
184.5,0.0,110.24
184.6,0.0,110.24
184.7,12.9,110.24
184.8,12.2,110.24
184.9,12.7,110.24
185.0,0.0,110.24
185.1,12.3,110.24
185.2,14.2,110.24
185.3,12.5,110.24
185.4,13.1,110.24
185.5,13.0,110.24
185.6,25.7,110.24
185.7,25.6,110.24
185.8,24.8,110.24
185.9,13.6,110.24
186.0,26.1,110.24
186.1,12.1,110.24
186.2,13.4,110.24
186.3,12.5,110.24
186.4,13.5,110.24
186.5,13.5,110.24
186.6,12.7,110.24
186.7,41.3,110.24
186.8,13.6,110.24
186.9,13.7,110.24
187.0,13.8,110.24
187.1,12.4,110.24
187.2,0.0,110.24
187.3,13.2,110.24
187.4,24.5,110.24
187.5,26.6,110.24
187.6,13.3,110.24
187.7,25.8,110.24
187.8,13.5,110.24
187.9,27.0,110.24
188.0,13.3,110.24
188.1,12.7,110.24
188.2,13.8,110.24
188.3,13.3,110.24
188.4,13.6,110.24
188.5,12.6,110.24
188.6,38.0,110.24
188.7,13.4,110.24
188.8,12.4,110.24
188.9,12.7,110.24
189.0,13.2,110.24
189.1,13.5,110.24
189.2,13.3,110.24
189.3,13.4,110.24
189.4,12.7,110.24
189.5,12.9,110.24
189.6,13.7,110.24
189.7,13.4,110.24
189.8,24.8,110.24
189.9,13.6,110.24
190.0,13.8,110.25
190.1,13.4,110.25
190.2,13.3,110.25
190.3,13.1,110.25
190.4,26.1,110.25
190.5,13.6,110.25
190.6,24.7,110.25
190.7,13.3,110.25
190.8,13.4,110.25
190.9,13.4,110.25
191.0,13.1,110.25
191.1,25.3,110.25
191.2,53.1,110.32
191.3,25.5,110.32
191.4,12.2,110.32
191.5,13.4,110.32
191.6,13.7,110.32
191.7,13.4,110.32
191.8,13.4,110.32
191.9,12.5,110.32
192.0,12.7,110.32
192.1,0.0,110.32
192.2,0.0,110.32
192.3,25.4,110.32
192.4,13.4,110.32
192.5,13.3,110.32
192.6,25.5,110.32
192.7,13.3,110.32
192.8,13.6,110.32
192.9,13.6,110.32
193.0,14.2,110.32
193.1,13.6,110.32
193.2,13.3,110.32
193.3,25.7,110.32
193.4,13.5,110.32
193.5,13.4,110.32
193.6,13.4,110.32
193.7,28.0,110.32
193.8,14.3,110.32
193.9,26.3,110.32
194.0,13.9,110.32
194.1,24.7,110.32
194.2,26.1,110.32
194.3,26.7,110.32
194.4,0.0,110.32
194.5,13.2,110.32
194.6,13.7,110.32
194.7,13.7,110.32
194.8,0.0,110.32
194.9,13.4,110.32
195.0,13.4,110.32
195.1,13.6,110.32
195.2,25.2,110.32
195.3,13.3,110.32
195.4,13.0,110.32
195.5,13.3,110.32
195.6,13.2,110.32
195.7,25.8,110.32
195.8,13.8,110.32
195.9,13.7,110.32
196.0,13.2,110.32
196.1,13.6,110.32
196.2,0.0,110.32
196.3,13.5,110.32
196.4,25.7,110.32
196.5,12.3,110.32
196.6,13.3,110.32
196.7,13.3,110.32
196.8,13.3,110.32
196.9,13.4,110.32
197.0,25.6,110.32
197.1,13.4,110.32
197.2,13.5,110.32
197.3,13.7,110.32
197.4,13.9,110.32
197.5,13.6,110.32
197.6,13.7,110.32
197.7,12.9,110.32
197.8,13.1,110.32
197.9,13.6,110.32
198.0,13.3,110.32
198.1,13.3,110.32
198.2,13.2,110.32
198.3,24.8,110.32
198.4,13.6,110.32
198.5,13.7,110.32
198.6,13.1,110.32
198.7,13.2,110.32
198.8,13.2,110.32
198.9,13.8,110.32
199.0,13.6,110.32
199.1,26.5,110.32
199.2,25.0,110.32
199.3,13.4,110.32
199.4,26.4,110.32
199.5,13.2,110.32
199.6,13.5,110.32
199.7,24.0,110.32
199.8,13.3,110.32
199.9,13.1,110.32
200.0,25.4,110.32
200.1,25.8,110.32
200.2,24.8,110.32
200.3,25.5,110.32
200.4,13.2,110.32
200.5,12.7,110.32
200.6,13.4,110.32
200.7,13.6,110.32
200.8,13.3,110.32
200.9,13.3,110.32
201.0,25.9,110.32
201.1,24.9,110.32
201.2,13.1,110.32
201.3,12.9,110.32
201.4,78.1,110.35
201.5,97.1,110.34
201.6,106.9,110.34
201.7,28.2,110.34
201.8,12.7,110.34
201.9,12.9,110.34
202.0,13.0,110.34
202.1,13.1,110.34
202.2,25.2,136.0
202.3,86.4,152.73
202.4,96.1,176.31
202.5,13.5,110.39
202.6,0.0,110.8
202.7,12.7,110.8
202.8,25.6,110.8
202.9,13.4,110.8
203.0,13.4,110.8
203.1,14.3,110.8
203.2,13.6,110.8
203.3,12.2,110.8
203.4,13.8,110.8
203.5,14.2,110.8
203.6,0.0,110.8
203.7,0.0,110.8
203.8,13.5,110.8
203.9,14.1,110.8
204.0,25.9,110.8
204.1,13.6,110.8
204.2,13.6,110.8
204.3,13.2,110.8
204.4,13.2,110.8
204.5,13.1,110.8
204.6,25.8,110.8
204.7,13.1,110.8
204.8,0.0,110.8
204.9,13.5,110.8
205.0,13.6,110.8
205.1,13.1,110.8
205.2,13.7,110.8
205.3,13.5,110.8
205.4,13.0,110.8
205.5,13.7,110.8
205.6,13.1,110.8
205.7,0.0,110.8
205.8,12.9,110.8
205.9,0.0,110.8
206.0,13.3,110.8
206.1,13.6,110.8
206.2,13.4,110.8
206.3,25.7,110.8
206.4,13.7,110.8
206.5,26.1,110.8
206.6,14.0,110.8
206.7,0.0,110.8
206.8,0.0,110.8
206.9,0.0,110.8
207.0,25.2,110.8
207.1,14.2,110.8
207.2,26.0,110.8
207.3,13.6,110.8
207.4,13.5,110.8
207.5,13.6,110.8
207.6,13.8,110.8
207.7,13.3,110.8
207.8,0.0,110.8
207.9,13.3,110.8
208.0,13.0,110.8
208.1,12.8,110.8
208.2,13.6,110.8
208.3,13.9,110.8
208.4,14.6,110.8
208.5,13.4,110.8
208.6,0.0,110.8
208.7,0.0,110.8
208.8,56.4,110.81
208.9,103.4,110.81
209.0,112.3,110.8
209.1,71.6,110.8
209.2,26.0,110.8
209.3,13.4,110.8
209.4,13.6,110.8
209.5,13.6,110.8
209.6,13.5,110.8
209.7,13.5,110.8
209.8,13.6,110.8
209.9,0.0,110.8
210.0,12.9,110.8
210.1,27.2,110.8
210.2,13.5,110.8
210.3,14.0,110.8
210.4,0.0,110.8
210.5,12.6,110.8
210.6,13.5,110.8
210.7,24.2,110.8
210.8,40.8,122.93
210.9,79.4,143.55
211.0,124.4,168.24
211.1,95.1,187.68
211.2,40.5,111.35
211.3,12.7,111.35
211.4,24.1,111.35
211.5,12.7,111.35
211.6,13.2,111.35
211.7,13.4,111.35
211.8,0.0,111.35
211.9,0.0,111.35
212.0,0.0,111.35
212.1,0.0,111.35
212.2,13.4,111.35
212.3,13.6,111.35
212.4,14.0,111.35
212.5,13.3,111.35
212.6,12.9,111.35
212.7,0.0,111.35
212.8,0.0,111.35
212.9,0.0,111.35
213.0,0.0,111.35
213.1,0.0,111.35
213.2,0.0,111.35
213.3,0.0,111.35
213.4,13.4,111.35
213.5,13.6,111.35
213.6,13.4,111.35
213.7,13.5,111.35
213.8,27.0,111.35
213.9,24.8,111.35
214.0,13.5,111.35
214.1,25.6,111.35
214.2,13.4,111.35
214.3,12.8,111.35
214.4,26.5,111.35
214.5,24.8,111.35
214.6,25.2,111.35
214.7,14.3,111.35
214.8,25.3,111.35
214.9,13.3,111.35
215.0,0.0,111.35
215.1,13.8,111.35
215.2,13.1,111.35
215.3,13.5,111.35
215.4,25.1,111.35
215.5,13.3,111.35
215.6,13.5,111.35
215.7,13.6,111.35
215.8,26.6,111.35
215.9,13.3,111.35
216.0,14.1,111.35
216.1,0.0,111.35
216.2,25.3,111.35
216.3,13.8,111.35
216.4,25.7,111.35
216.5,13.6,111.35
216.6,26.2,111.35
216.7,13.3,111.35
216.8,13.2,111.35
216.9,25.0,111.35
217.0,24.7,111.35
217.1,13.4,111.35
217.2,13.4,111.35
217.3,13.6,111.35
217.4,13.7,111.35
217.5,13.5,111.35
217.6,25.1,111.35
217.7,13.5,111.35
217.8,13.4,111.35
217.9,25.2,111.35
218.0,13.6,111.35
218.1,26.2,111.35
218.2,13.1,111.35
218.3,0.0,111.35
218.4,25.4,111.35
218.5,24.5,111.35
218.6,13.4,111.35
218.7,12.8,111.35
218.8,13.1,111.35
218.9,13.6,111.35
219.0,13.5,111.35
219.1,13.3,111.35
219.2,13.4,111.35
219.3,13.2,111.35
219.4,26.7,111.39
219.5,63.4,111.52
219.6,12.2,111.52
219.7,24.9,111.52
219.8,13.4,111.52
219.9,13.6,111.52
220.0,12.9,111.52
220.1,13.8,111.52
220.2,13.7,111.52
220.3,13.5,111.52
220.4,13.4,111.52
220.5,14.0,111.52
220.6,0.0,111.52
220.7,13.5,111.52
220.8,13.5,111.52
220.9,0.0,111.52
221.0,13.8,111.52
221.1,12.9,111.52
221.2,12.3,111.52
221.3,13.2,111.52
221.4,13.6,111.52
221.5,13.3,111.52
221.6,13.8,111.52
221.7,13.4,111.52
221.8,13.3,111.52
221.9,13.4,111.52
222.0,13.7,111.52
222.1,0.0,111.52
222.2,13.0,111.52
222.3,13.5,111.52
222.4,13.3,111.52
222.5,13.7,111.52
222.6,13.4,111.52
222.7,13.2,111.52
222.8,13.5,111.52
222.9,13.7,111.52
223.0,25.7,111.52
223.1,13.3,111.52
223.2,0.0,111.52
223.3,13.7,111.52
223.4,13.5,111.52
223.5,12.3,111.52
223.6,13.0,111.52
223.7,13.3,111.52
223.8,13.6,111.52
223.9,25.4,111.52
224.0,13.2,111.52
224.1,13.6,111.52
224.2,13.2,111.52
224.3,0.0,111.52
224.4,13.4,111.52
224.5,13.7,111.52
224.6,14.1,111.52
224.7,0.0,111.52
224.8,0.0,111.52
224.9,0.0,111.52
225.0,13.4,111.52
225.1,12.6,111.52
225.2,25.7,111.52
225.3,24.9,111.52
225.4,25.4,111.52
225.5,25.0,111.52
225.6,12.8,111.52
225.7,13.2,111.52
225.8,14.1,111.52
225.9,13.6,111.52
226.0,0.0,111.52
226.1,0.0,111.52
226.2,12.9,111.52
226.3,0.0,111.52
226.4,0.0,111.52
226.5,13.1,111.52
226.6,13.7,111.52
226.7,0.0,111.52
226.8,13.0,111.52
226.9,12.9,111.52
227.0,13.3,111.52
227.1,0.0,111.52
227.2,13.4,111.52
227.3,13.9,111.52
227.4,13.5,111.52
227.5,13.3,111.52
227.6,13.5,111.52
227.7,13.5,111.54
227.8,51.4,111.8
227.9,13.5,111.8
228.0,28.6,111.8
228.1,13.4,111.8
228.2,13.0,111.8
228.3,14.5,111.8
228.4,13.3,111.8
228.5,13.4,111.8
228.6,26.4,111.8
228.7,0.0,111.8
228.8,14.0,111.8
228.9,13.8,111.8
229.0,26.3,111.8
229.1,13.1,111.8
229.2,13.1,111.8
229.3,13.9,111.8
229.4,13.7,111.8
229.5,12.3,111.8
229.6,13.8,111.8
229.7,13.7,111.8
229.8,26.3,111.8
229.9,13.3,111.8
230.0,13.8,111.8
230.1,12.4,111.8
230.2,0.0,111.8
230.3,13.3,111.8
230.4,24.5,111.8
230.5,25.0,111.8
230.6,13.6,111.8
230.7,13.3,111.8
230.8,13.4,111.8
230.9,26.2,111.8
231.0,12.8,111.8
231.1,13.3,111.8
231.2,25.8,111.8
231.3,13.2,111.8
231.4,13.4,111.8
231.5,13.5,111.8
231.6,12.3,111.8
231.7,13.2,111.8
231.8,13.7,111.8
231.9,0.0,111.8
232.0,13.2,111.8
232.1,12.5,111.8
232.2,13.4,111.8
232.3,24.9,111.8
232.4,25.3,111.8
232.5,12.9,111.8
232.6,13.5,111.8
232.7,25.3,111.8
232.8,14.3,111.8
232.9,0.0,111.8
233.0,12.9,111.8
233.1,13.1,111.8
233.2,13.5,111.8
233.3,12.9,111.8
233.4,13.5,111.8
233.5,13.5,111.8
233.6,13.1,111.8
233.7,12.6,111.8
233.8,0.0,111.8
233.9,13.3,111.8
234.0,25.5,111.8
234.1,13.0,111.8
234.2,13.0,111.8
234.3,26.4,111.8
234.4,13.4,111.8
234.5,13.5,111.8
234.6,13.4,111.8
234.7,13.6,111.8
234.8,13.0,111.8
234.9,13.3,111.8
235.0,13.2,111.8
235.1,26.1,111.8
235.2,0.0,111.8
235.3,13.6,111.8
235.4,13.4,111.8
235.5,13.7,111.8
235.6,13.5,111.8
235.7,14.0,111.8
235.8,13.9,111.8
235.9,13.7,111.8
236.0,0.0,111.8
236.1,26.0,111.8
236.2,13.4,111.8
236.3,13.6,111.8
236.4,13.5,111.8
236.5,13.7,111.8
236.6,13.1,111.8
236.7,0.0,111.8
236.8,13.6,111.8
236.9,13.7,111.8
237.0,12.8,111.8
237.1,13.6,111.8
237.2,13.2,111.8
237.3,13.3,111.8
237.4,13.5,111.8
237.5,13.6,111.8
237.6,13.7,111.8
237.7,13.6,111.8
237.8,13.6,111.8
237.9,13.8,111.8
238.0,13.5,111.8
238.1,0.0,111.8
238.2,14.8,111.8
238.3,14.7,111.8
238.4,0.0,111.8
238.5,0.0,111.8
238.6,14.7,111.8
238.7,14.8,111.8
238.8,0.0,111.8
238.9,0.0,111.8
239.0,0.0,111.8
239.1,0.0,111.8
239.2,0.0,111.8
239.3,14.6,111.8
239.4,14.8,111.8
239.5,0.0,111.8
239.6,0.0,111.8
239.7,0.0,111.8
239.8,14.8,111.8
239.9,13.5,111.8
240.0,12.8,111.8
240.1,13.7,111.8
240.2,12.8,111.8
240.3,13.6,111.8
240.4,13.6,111.8
240.5,0.0,111.8
240.6,0.0,111.8
240.7,13.6,111.8
240.8,13.6,111.8
240.9,26.5,111.8
241.0,13.4,111.8
241.1,26.5,111.8
241.2,13.6,111.8
241.3,13.3,111.8
241.4,13.4,111.8
241.5,64.4,111.92
241.6,24.6,111.92
241.7,13.6,111.92
241.8,0.0,111.92
241.9,0.0,111.92
242.0,13.0,111.92
242.1,0.0,111.92
242.2,14.2,111.92
242.3,0.0,111.92
242.4,0.0,111.92
242.5,0.0,111.92
242.6,12.8,111.92
242.7,12.4,111.92
242.8,13.0,111.92
242.9,25.6,111.92
243.0,12.5,111.92
243.1,13.9,111.92
243.2,25.5,111.92
243.3,25.7,111.92
243.4,12.6,111.92
243.5,14.1,111.92
243.6,12.8,111.92
243.7,13.3,111.92
243.8,13.6,111.92
243.9,13.0,111.92
244.0,13.6,111.92
244.1,13.4,111.92
244.2,0.0,111.92
244.3,13.6,111.92
244.4,13.5,111.92
244.5,13.6,111.92
244.6,13.6,111.92
244.7,0.0,111.92
244.8,13.3,111.92
244.9,25.6,111.92
245.0,13.7,111.92
245.1,0.0,111.92
245.2,13.6,111.92
245.3,13.0,111.92
245.4,13.8,111.92
245.5,13.8,111.92
245.6,14.2,111.92
245.7,0.0,111.92
245.8,13.6,111.92
245.9,13.5,111.92
246.0,12.8,111.92
246.1,13.5,111.92
246.2,12.8,111.92
246.3,13.1,111.92
246.4,13.6,111.92
246.5,0.0,111.92
246.6,13.5,111.92
246.7,13.4,111.92
246.8,13.6,111.92
246.9,13.6,111.92
247.0,13.7,111.92
247.1,0.0,111.92
247.2,13.2,111.92
247.3,13.4,111.92
247.4,13.7,111.92
247.5,12.9,111.92
247.6,13.6,111.92
247.7,25.3,111.92
247.8,0.0,111.92
247.9,13.7,111.92
248.0,13.4,111.92
248.1,13.0,111.92
248.2,13.3,111.92
248.3,14.1,111.92
248.4,0.0,111.92
248.5,13.6,111.92
248.6,13.5,111.92
248.7,0.0,111.92
248.8,13.4,111.92
248.9,13.3,111.92
249.0,13.9,111.92
249.1,13.5,111.92
249.2,14.4,111.92
249.3,13.6,111.92
249.4,0.0,111.92
249.5,13.6,111.92
249.6,25.3,111.92
249.7,25.9,111.92
249.8,24.8,111.92
249.9,13.3,111.92
250.0,13.1,111.92
250.1,25.5,111.92
250.2,13.0,111.92
250.3,0.0,111.92
250.4,26.2,111.92
250.5,14.3,111.92
250.6,13.6,111.92
250.7,0.0,111.92
250.8,13.0,111.92
250.9,13.2,111.92
251.0,0.0,111.92
251.1,13.4,111.92
251.2,13.5,111.92
251.3,13.0,111.92
251.4,13.1,111.92
251.5,26.0,111.92
251.6,13.4,111.92
251.7,0.0,111.92
251.8,0.0,111.92
251.9,13.8,111.92
252.0,14.2,111.92
252.1,13.2,111.92
252.2,0.0,111.92
252.3,13.6,111.92
252.4,13.7,111.92
252.5,25.4,111.92
252.6,13.5,111.92
252.7,13.4,111.92
252.8,13.1,111.92
252.9,13.4,111.92
253.0,13.5,111.92
253.1,13.7,111.92
253.2,13.5,111.92
253.3,13.6,111.92
253.4,13.0,111.92
253.5,25.6,111.92
253.6,13.3,111.92
253.7,0.0,111.92
253.8,0.0,111.92
253.9,12.8,111.92
254.0,0.0,111.92
254.1,14.6,111.92
254.2,13.6,111.92
254.3,13.3,111.92
254.4,12.8,111.92
254.5,13.5,111.92
254.6,13.6,111.92
254.7,0.0,111.92
254.8,12.2,111.92
254.9,12.9,111.92
255.0,0.0,111.92
255.1,13.6,111.92
255.2,13.4,111.92
255.3,25.9,111.92
255.4,13.3,111.92
255.5,0.0,111.92
255.6,13.6,111.92
255.7,14.1,111.92
255.8,13.5,111.92
255.9,0.0,111.92
256.0,0.0,111.92
256.1,0.0,111.92
256.2,13.7,111.92
256.3,24.6,111.92
256.4,13.6,111.92
256.5,13.6,111.92
256.6,13.1,111.92
256.7,0.0,111.92
256.8,12.7,111.92
256.9,25.7,111.92
257.0,13.6,112.04
257.1,13.0,112.05
257.2,13.5,112.05
257.3,13.6,112.05
257.4,13.2,112.05
257.5,0.0,112.05
257.6,13.9,112.05
257.7,12.8,112.05
257.8,25.6,112.05
257.9,13.9,112.05
258.0,13.5,112.05
258.1,0.0,112.05
258.2,13.6,112.05
258.3,13.3,112.05
258.4,13.4,112.05
258.5,13.3,112.05
258.6,13.6,112.05
258.7,13.1,112.05
258.8,0.0,112.05
258.9,13.4,112.05
259.0,13.6,112.05
259.1,13.5,112.05
259.2,12.8,112.05
259.3,0.0,112.05
259.4,13.1,112.05
259.5,13.3,112.05
259.6,13.5,112.05
259.7,13.0,112.05
259.8,13.5,112.05
259.9,13.5,112.05
260.0,13.5,112.05
260.1,13.4,112.05
260.2,13.4,112.05
260.3,13.6,112.05
260.4,12.7,112.05
260.5,13.3,112.05
260.6,13.4,112.05
260.7,13.3,112.05
260.8,13.4,112.05
260.9,0.0,112.05
261.0,14.2,112.05
261.1,12.7,112.05
261.2,13.2,112.05
261.3,13.5,112.05
261.4,13.3,112.05
261.5,14.0,112.05
261.6,14.0,112.05
261.7,13.6,112.05
261.8,13.4,112.05
261.9,13.4,112.05
262.0,13.2,112.05
262.1,26.5,112.05
262.2,14.2,112.05
262.3,12.9,112.05
262.4,13.0,112.05
262.5,26.0,112.05
262.6,13.1,112.05
262.7,14.1,112.05
262.8,14.2,112.05
262.9,13.5,112.05
263.0,14.2,112.05
263.1,25.7,112.05
263.2,14.3,112.05
263.3,13.2,112.05
263.4,13.2,112.05
263.5,26.1,112.05
263.6,13.4,112.05
263.7,0.0,112.05
263.8,13.1,112.05
263.9,13.4,112.05
264.0,13.3,112.05
264.1,13.4,112.05
264.2,13.3,112.05
264.3,13.6,112.05
264.4,13.5,112.05
264.5,14.0,112.05
264.6,13.6,112.05
264.7,0.0,112.05
264.8,12.9,112.05
264.9,12.6,112.05
265.0,26.7,112.05
265.1,13.5,112.05
265.2,13.4,112.05
265.3,13.4,112.05
265.4,13.5,112.05
265.5,13.7,112.05
265.6,13.8,112.05
265.7,13.9,112.05
265.8,13.9,112.05
265.9,0.0,112.05
266.0,0.0,112.05
266.1,13.7,112.05
266.2,14.4,112.05
266.3,13.2,112.05
266.4,12.9,112.05
266.5,13.4,112.05
266.6,13.6,112.05
266.7,13.2,112.05
266.8,0.0,112.05
266.9,25.3,112.05
267.0,14.4,112.05
267.1,13.2,112.05
267.2,12.6,112.05
267.3,12.6,112.05
267.4,13.3,112.05
267.5,25.4,112.05
267.6,0.0,112.05
267.7,12.7,112.05
267.8,26.6,112.05
267.9,12.7,112.05
268.0,13.9,112.05
268.1,14.1,112.05
268.2,13.4,112.05
268.3,13.6,112.05
268.4,13.7,112.05
268.5,14.6,112.05
268.6,13.0,112.05
268.7,13.5,112.05
268.8,25.6,112.05
268.9,12.7,112.05
269.0,12.8,112.05
269.1,0.0,112.05
269.2,12.8,112.05
269.3,0.0,112.05
269.4,12.8,112.05
269.5,13.6,112.05
269.6,25.0,112.05
269.7,13.6,112.05
269.8,13.6,112.05
269.9,12.8,112.05
270.0,0.0,112.05
270.1,13.4,112.05
270.2,13.3,112.05
270.3,13.1,112.05
270.4,14.3,112.05
270.5,12.9,112.05
270.6,12.8,112.05
270.7,13.6,112.05
270.8,0.0,112.05
270.9,13.9,112.05
271.0,25.7,112.05
271.1,13.8,112.05
271.2,12.9,112.05
271.3,13.8,112.05
271.4,12.9,112.05
271.5,13.5,112.05
271.6,12.8,112.05
271.7,13.9,112.05
271.8,12.7,112.05
271.9,13.1,112.05
272.0,13.3,112.05
272.1,0.0,112.05
272.2,12.8,112.05
272.3,25.4,112.05
272.4,24.3,112.05
272.5,13.1,112.05
272.6,24.5,112.05
272.7,13.1,112.05
272.8,13.5,112.05
272.9,0.0,112.05
273.0,14.0,112.05
273.1,12.8,112.05
273.2,13.5,112.05
273.3,25.8,112.05
273.4,13.6,112.05
273.5,26.3,112.05
273.6,13.6,112.05
273.7,24.9,112.05
273.8,13.7,112.05
273.9,12.9,112.05
274.0,25.9,112.05
274.1,13.4,112.05
274.2,13.4,112.05
274.3,25.0,112.05
274.4,13.5,112.05
274.5,13.6,112.05
274.6,0.0,112.05
274.7,13.7,112.05
274.8,0.0,112.05
274.9,0.0,112.05
275.0,13.1,112.05
275.1,26.3,112.05
275.2,13.7,112.05
275.3,13.5,112.05
275.4,0.0,112.05
275.5,12.8,112.05
275.6,14.1,112.05
275.7,13.5,112.05
275.8,13.3,112.05
275.9,14.6,112.05
276.0,13.7,112.05
276.1,0.0,112.05
276.2,13.7,112.05
276.3,13.5,112.05
276.4,13.5,112.05
276.5,13.4,112.05
276.6,13.6,112.05
276.7,13.6,112.05
276.8,13.0,112.05
276.9,13.8,112.05
277.0,13.2,112.05
277.1,13.6,112.05
277.2,13.5,112.05
277.3,13.6,112.05
277.4,13.6,112.05
277.5,14.0,112.05
277.6,14.2,112.05
277.7,13.8,112.05
277.8,0.0,112.05
277.9,13.3,112.05
278.0,14.1,112.05
278.1,14.1,112.05
278.2,25.9,112.05
278.3,13.6,112.05
278.4,25.8,112.05
278.5,13.6,112.05
278.6,0.0,112.05
278.7,14.0,112.05
278.8,14.1,112.05
278.9,14.0,112.05
279.0,13.8,112.05
279.1,13.6,112.05
279.2,14.1,112.05
279.3,13.9,112.05
279.4,13.9,112.05
279.5,14.5,112.05
279.6,13.0,112.05
279.7,0.0,112.05
279.8,0.0,112.05
279.9,13.4,112.05
280.0,13.1,112.05
280.1,13.5,112.05
280.2,14.0,112.05
280.3,13.3,112.05
280.4,13.6,112.05
280.5,0.0,112.05
280.6,12.9,112.05
280.7,13.6,112.05
280.8,13.3,112.05
280.9,13.7,112.05
281.0,0.0,112.05
281.1,13.7,112.05
281.2,13.7,112.05
281.3,13.9,112.05
281.4,13.6,112.05
281.5,13.5,112.05
281.6,13.5,112.05
281.7,13.2,112.05
281.8,13.2,112.05
281.9,13.6,112.05
282.0,13.6,112.05
282.1,0.0,112.05
282.2,13.6,112.05
282.3,0.0,112.05
282.4,0.0,112.05
282.5,13.5,112.05
282.6,0.0,112.05
282.7,12.7,112.05
282.8,13.2,112.05
282.9,25.5,112.05
283.0,13.2,112.05
283.1,13.4,112.05
283.2,24.7,112.05
283.3,0.0,112.05
283.4,13.6,112.05
283.5,13.5,112.05
283.6,13.3,112.05
283.7,14.1,112.05
283.8,13.4,112.05
283.9,0.0,112.05
284.0,13.4,112.05
284.1,25.1,112.05
284.2,13.4,112.05
284.3,13.4,112.05
284.4,13.7,112.05
284.5,14.1,112.05
284.6,13.7,112.05
284.7,0.0,112.05
284.8,13.6,112.05
284.9,13.6,112.05
285.0,13.2,112.05
285.1,13.6,112.05
285.2,0.0,112.05
285.3,13.4,112.05
285.4,13.5,112.05
285.5,12.8,112.05
285.6,13.2,112.05
285.7,13.6,112.05
285.8,13.5,112.05
285.9,0.0,112.05
286.0,0.0,112.05
286.1,0.0,112.05
286.2,13.3,112.05
286.3,26.6,112.05
286.4,13.7,112.05
286.5,13.7,112.05
286.6,13.3,112.05
286.7,25.1,112.05
286.8,13.6,112.05
286.9,13.7,112.05
287.0,13.4,112.05
287.1,13.5,112.05
287.2,13.0,112.05
287.3,13.6,112.05
287.4,13.2,112.05
287.5,13.7,112.05
287.6,13.5,112.05
287.7,0.0,112.05
287.8,13.4,112.05
287.9,12.9,112.05
288.0,13.7,112.05
288.1,14.3,112.05
288.2,14.1,112.05
288.3,13.6,112.05
288.4,13.9,112.05
288.5,13.6,112.05
288.6,13.7,112.05
288.7,25.3,112.05
288.8,13.6,112.05
288.9,13.4,112.05
289.0,13.6,112.05
289.1,13.6,112.05
289.2,0.0,112.05
289.3,13.6,112.05
289.4,14.4,112.05
289.5,13.6,112.05
289.6,13.8,112.05
289.7,13.6,112.05
289.8,12.9,112.05
289.9,13.0,112.05
290.0,13.4,112.05
290.1,13.5,112.05
290.2,13.4,112.05
290.3,12.8,112.05
290.4,13.5,112.05
290.5,13.2,112.05
290.6,13.6,112.05
290.7,0.0,112.05
290.8,13.6,112.05
290.9,12.9,112.05
291.0,13.3,112.05
291.1,13.7,112.05
291.2,13.6,112.05
291.3,13.4,112.05
291.4,13.4,112.05
291.5,13.0,112.05
291.6,14.0,112.05
291.7,25.8,112.05
291.8,13.3,112.05
291.9,13.6,112.05
292.0,12.9,112.05
292.1,0.0,112.05
292.2,26.3,112.05
292.3,13.2,112.05
292.4,13.6,112.05
292.5,12.6,112.05
292.6,13.0,112.05
292.7,12.8,112.05
292.8,13.6,112.05
292.9,13.6,112.05
293.0,13.6,112.05
293.1,13.7,112.05
293.2,13.6,112.05
293.3,13.3,112.05
293.4,13.0,112.05
293.5,13.5,112.05
293.6,13.4,112.05
293.7,13.7,112.05
293.8,13.5,112.05
293.9,13.6,112.05
294.0,0.0,112.05
294.1,14.4,112.05
294.2,26.5,112.05
294.3,13.3,112.05
294.4,13.6,112.05
294.5,12.8,112.05
294.6,13.5,112.05
294.7,13.5,112.05
294.8,13.5,112.05
294.9,12.7,112.05
295.0,13.0,112.05
295.1,13.6,112.05
295.2,13.7,112.05
295.3,13.6,112.05
295.4,13.3,112.05
295.5,13.9,112.05
295.6,13.6,112.05
295.7,13.5,112.05
295.8,12.7,112.05
295.9,13.8,112.05
296.0,13.1,112.05
296.1,12.5,112.05
296.2,13.5,112.05
296.3,13.7,112.05
296.4,25.6,112.05
296.5,25.5,112.05
296.6,13.9,112.05
296.7,26.0,112.05
296.8,24.7,112.05
296.9,13.9,112.05
297.0,13.4,112.05
297.1,13.6,112.05
297.2,13.5,112.05
297.3,26.3,112.05
297.4,0.0,112.05
297.5,13.2,112.05
297.6,14.1,112.05
297.7,26.6,112.05
297.8,13.5,112.05
297.9,13.6,112.05
298.0,13.3,112.05
298.1,13.4,112.05
298.2,13.8,112.05
298.3,13.5,112.05
298.4,0.0,112.05
298.5,13.5,112.05
298.6,13.5,112.05
298.7,13.5,112.05
298.8,12.9,112.05
298.9,13.5,112.05
299.0,13.3,112.05
299.1,13.6,112.05
299.2,13.1,112.05
299.3,13.6,112.05
299.4,13.7,112.05
299.5,13.7,112.05
299.6,26.5,112.05
299.7,13.4,112.05
299.8,13.5,112.05
299.9,13.6,112.05
300.0,13.5,112.05
300.1,0.0,112.05
300.2,13.2,112.05
300.3,13.6,112.05
300.4,13.2,112.05
300.5,13.5,112.05
300.6,13.5,112.05
300.7,13.7,112.05
300.8,26.6,112.05
300.9,13.6,112.05
301.0,13.6,112.05
301.1,13.6,112.05
301.2,13.6,112.05
301.3,13.6,112.05
301.4,13.9,112.05
301.5,13.5,112.05
301.6,13.3,112.05
301.7,13.6,112.05
301.8,25.8,112.05
301.9,13.5,112.05
302.0,25.8,112.05
302.1,13.7,112.05
302.2,13.7,112.05
302.3,13.5,112.05
302.4,13.6,112.05
302.5,0.0,112.05
302.6,14.0,112.05
302.7,13.0,112.05
302.8,13.0,112.05
302.9,13.9,112.05
303.0,13.5,112.05
303.1,13.6,112.05
303.2,13.2,112.05
303.3,12.9,112.05
303.4,13.6,112.05
303.5,13.8,112.05
303.6,26.0,112.05
303.7,13.4,112.05
303.8,0.0,112.05
303.9,13.6,112.05
304.0,0.0,112.05
304.1,0.0,112.05
304.2,13.6,112.05
304.3,13.7,112.05
304.4,13.5,112.05
304.5,13.0,112.05
304.6,13.5,112.05
304.7,13.6,112.05
304.8,13.6,112.05
304.9,13.6,112.05
305.0,13.6,112.05
305.1,14.0,112.05
305.2,13.4,112.05
305.3,13.6,112.05
305.4,13.6,112.05
305.5,0.0,112.05
305.6,12.6,112.05
305.7,12.6,112.05
305.8,13.6,112.05
305.9,13.6,112.05
306.0,13.6,112.05
306.1,13.5,112.05
306.2,13.6,112.05
306.3,13.8,112.05
306.4,12.9,112.05
306.5,25.5,112.05
306.6,14.0,112.05
306.7,25.6,112.05
306.8,13.4,112.05
306.9,13.7,112.05
307.0,13.6,112.05
307.1,13.6,112.05
307.2,13.5,112.05
307.3,13.1,112.05
307.4,13.6,112.05
307.5,13.0,112.05
307.6,13.4,112.05
307.7,13.3,112.05
307.8,13.8,112.05
307.9,13.6,112.05
308.0,13.6,112.05
308.1,13.7,112.05
308.2,12.8,112.05
308.3,0.0,112.05
308.4,13.7,112.05
308.5,13.4,112.05
308.6,14.0,112.05
308.7,14.0,112.05
308.8,13.1,112.05
308.9,0.0,112.05
309.0,13.4,112.05
309.1,13.6,112.05
309.2,0.0,112.05
309.3,13.4,112.05
309.4,13.7,112.05
309.5,13.5,112.05
309.6,12.9,112.05
309.7,13.6,112.05
309.8,13.4,112.05
309.9,13.4,112.05
310.0,13.5,112.05
310.1,0.0,112.05
310.2,13.7,112.05
310.3,13.7,112.05
310.4,13.7,112.05
310.5,13.5,112.05
310.6,13.3,112.05
310.7,13.4,112.05
310.8,25.8,112.05
310.9,13.6,112.05
311.0,13.7,112.05
311.1,13.7,112.05
311.2,13.6,112.05
311.3,13.6,112.05
311.4,0.0,112.05
311.5,13.2,112.05
311.6,25.8,112.05
311.7,13.3,112.05
311.8,13.5,112.05
311.9,14.2,112.05
312.0,13.7,112.05
312.1,0.0,112.05
312.2,13.5,112.05
312.3,13.7,112.05
312.4,0.0,112.05
312.5,13.6,112.05
312.6,13.9,112.05
312.7,13.2,112.05
312.8,12.9,112.05
312.9,13.2,112.05
313.0,13.9,112.05
313.1,13.8,112.05
313.2,0.0,112.05
313.3,13.1,112.05
313.4,0.0,112.05
313.5,13.5,112.05
313.6,13.0,112.05
313.7,13.5,112.05
313.8,13.7,112.05
313.9,12.9,112.05
314.0,13.6,112.05
314.1,13.6,112.05
314.2,13.4,112.05
314.3,14.3,112.05
314.4,13.8,112.05
314.5,13.3,112.05
314.6,13.7,112.05
314.7,13.3,112.05
314.8,13.3,112.05
314.9,13.6,112.05
315.0,13.0,112.05
315.1,12.8,112.05
315.2,0.0,112.05
315.3,13.5,112.05
315.4,13.5,112.05
315.5,13.4,112.05
315.6,13.8,112.05
315.7,13.9,112.05
315.8,13.4,112.05
315.9,13.2,112.05
316.0,0.0,112.05
316.1,12.9,112.05
316.2,13.5,112.05
316.3,12.7,112.05
316.4,12.8,112.05
316.5,13.7,112.05
316.6,13.6,112.05
316.7,13.5,112.05
316.8,13.3,112.05
316.9,13.6,112.05
317.0,0.0,112.05
317.1,14.0,112.05
317.2,13.4,112.05
317.3,13.5,112.05
317.4,13.4,112.05
317.5,13.8,112.05
317.6,12.6,112.05
317.7,13.0,112.05
317.8,13.4,112.05
317.9,0.0,112.05
318.0,13.6,112.05
318.1,13.7,112.05
318.2,13.0,112.05
318.3,13.4,112.05
318.4,13.2,112.05
318.5,25.8,112.05
318.6,13.3,112.05
318.7,0.0,112.05
318.8,25.8,112.05
318.9,25.2,112.05
319.0,13.1,112.05
319.1,13.5,112.05
319.2,13.2,112.05
319.3,13.1,112.05
319.4,13.5,112.05
319.5,13.6,112.05
319.6,13.6,112.05
319.7,0.0,112.05
319.8,13.3,112.05
319.9,13.8,112.05
320.0,13.5,112.05
320.1,13.1,112.05
320.2,13.4,112.05
320.3,13.1,112.05
320.4,13.5,112.05
320.5,13.8,112.05
320.6,13.7,112.05
320.7,13.6,112.05
320.8,13.5,112.05
320.9,13.5,112.05
321.0,12.8,112.05
321.1,13.5,112.05
321.2,0.0,112.05
321.3,0.0,112.05
321.4,13.5,112.05
321.5,13.7,112.05
321.6,13.5,112.05
321.7,13.7,112.05
321.8,0.0,112.05
321.9,0.0,112.05
322.0,13.3,112.05
322.1,0.0,112.05
322.2,0.0,112.05
322.3,13.7,112.05
322.4,13.7,112.05
322.5,14.3,112.05
322.6,13.7,112.05
322.7,13.6,112.05
322.8,13.4,112.05
322.9,0.0,112.05
323.0,13.8,112.05
323.1,13.7,112.05
323.2,13.8,112.05
323.3,13.2,112.05
323.4,13.5,112.05
323.5,12.8,112.05
323.6,13.4,112.05
323.7,13.1,112.05
323.8,13.5,112.05
323.9,13.3,112.05
324.0,0.0,112.05
324.1,13.6,112.05
324.2,13.6,112.05
324.3,13.2,112.05
324.4,13.5,112.05
324.5,13.3,112.05
324.6,14.0,112.05
324.7,13.5,112.05
324.8,13.8,112.05
324.9,13.6,112.05
325.0,0.0,112.05
325.1,13.7,112.05
325.2,12.8,112.05
325.3,13.5,112.05
325.4,13.6,112.05
325.5,13.6,112.05
325.6,13.6,112.05
325.7,13.2,112.05
325.8,0.0,112.05
325.9,13.2,112.05
326.0,13.7,112.05
326.1,13.5,112.05
326.2,0.0,112.05
326.3,26.3,112.05
326.4,13.2,112.05
326.5,0.0,112.05
326.6,13.3,112.05
326.7,12.5,112.05
326.8,0.0,112.05
326.9,0.0,112.05
327.0,12.8,112.05
327.1,0.0,112.05
327.2,0.0,112.05
327.3,13.2,112.05
327.4,13.4,112.05
327.5,13.7,112.05
327.6,12.5,112.05
327.7,13.4,112.05
327.8,13.8,112.05
327.9,0.0,112.05
328.0,13.4,112.05
328.1,13.6,112.05
328.2,13.6,112.05
328.3,13.6,112.05
328.4,13.8,112.05
328.5,13.6,112.05
328.6,14.2,112.05
328.7,13.5,112.05
328.8,13.2,112.05
328.9,13.6,112.05
329.0,13.5,112.05
329.1,13.1,112.05
329.2,13.5,112.05
329.3,0.0,112.05
329.4,0.0,112.05
329.5,0.0,112.05
329.6,0.0,112.05
329.7,13.9,112.05
329.8,0.0,112.05
329.9,14.7,112.05
330.0,0.0,112.05
330.1,13.9,112.05
330.2,13.3,112.05
330.3,0.0,112.05
330.4,12.7,112.05
330.5,13.1,112.05
330.6,13.6,112.05
330.7,0.0,112.05
330.8,0.0,112.05
330.9,0.0,112.05
331.0,13.1,112.05
331.1,14.1,112.05
331.2,14.6,112.05
331.3,14.2,112.05
331.4,14.0,112.05
331.5,14.0,112.05
331.6,0.0,112.05
331.7,13.6,112.05
331.8,13.9,112.05
331.9,13.8,112.05
332.0,14.7,112.05
332.1,13.8,112.05
332.2,13.4,112.05
332.3,13.7,112.05
332.4,14.4,112.05
332.5,13.9,112.05
332.6,13.6,112.05
332.7,0.0,112.05
332.8,13.6,112.05
332.9,13.6,112.05
333.0,13.5,112.05
333.1,0.0,112.05
333.2,13.6,112.05
333.3,13.7,112.05
333.4,26.8,112.05
333.5,13.7,112.05
333.6,13.7,112.05
333.7,0.0,112.05
333.8,13.7,112.05
333.9,13.6,112.05
334.0,0.0,112.05
334.1,13.7,112.05
334.2,13.7,112.05
334.3,13.6,112.05
334.4,13.5,112.05
334.5,13.7,112.05
334.6,13.7,112.05
334.7,13.6,112.05
334.8,12.8,112.05
334.9,13.5,112.05
335.0,13.6,112.05
335.1,13.5,112.05
335.2,13.5,112.05
335.3,13.6,112.05
335.4,13.5,112.05
335.5,13.6,112.05
335.6,13.5,112.05
335.7,12.9,112.05
335.8,13.6,112.05
335.9,13.2,112.05
336.0,0.0,112.05
336.1,13.9,112.05
336.2,13.5,112.05
336.3,13.6,112.05
336.4,14.2,112.05
336.5,13.5,112.05
336.6,26.4,112.05
336.7,13.9,112.05
336.8,13.2,112.05
336.9,13.6,112.05
337.0,13.5,112.05
337.1,13.3,112.05
337.2,13.6,112.05
337.3,26.8,112.05
337.4,13.4,112.05
337.5,13.6,112.05
337.6,13.3,112.05
337.7,13.5,112.05
337.8,13.6,112.05
337.9,13.6,112.05
338.0,13.5,112.05
338.1,13.0,112.05
338.2,13.4,112.05
338.3,13.3,112.05
338.4,14.2,112.05
338.5,26.2,112.05
338.6,13.1,112.05
338.7,13.8,112.05
338.8,13.5,112.05
338.9,26.2,112.05
339.0,14.2,112.05
339.1,12.8,112.05
339.2,13.5,112.05
339.3,13.4,112.05
339.4,13.5,112.05
339.5,13.4,112.05
339.6,0.0,112.05
339.7,13.2,112.05
339.8,0.0,112.05
339.9,12.8,112.05
340.0,13.2,112.05
340.1,14.0,112.05
340.2,13.4,112.05
340.3,13.6,112.05
340.4,13.6,112.05
340.5,0.0,112.05
340.6,0.0,112.05
340.7,13.3,112.05
340.8,26.0,112.05
340.9,13.6,112.05
341.0,13.2,112.05
341.1,13.5,112.05
341.2,0.0,112.05
341.3,13.4,112.05
341.4,13.2,112.05
341.5,13.6,112.05
341.6,13.6,112.05
341.7,13.6,112.05
341.8,13.3,112.05
341.9,13.6,112.05
342.0,13.4,112.05
342.1,13.9,112.05
342.2,0.0,112.05
342.3,13.5,112.05
342.4,13.6,112.05
342.5,13.6,112.05
342.6,13.5,112.05
342.7,14.2,112.05
342.8,13.4,112.05
342.9,13.4,112.05
343.0,13.6,112.05
343.1,13.0,112.05
343.2,13.6,112.05
343.3,13.3,112.05
343.4,13.6,112.05
343.5,13.7,112.05
343.6,12.9,112.05
343.7,12.9,112.05
343.8,26.5,112.05
343.9,13.6,112.05
344.0,13.5,112.05
344.1,13.7,112.05
344.2,25.4,112.06
344.3,13.6,112.06
344.4,13.7,112.06
344.5,0.0,112.06
344.6,12.8,112.06
344.7,0.0,112.06
344.8,12.7,112.06
344.9,12.9,112.06
345.0,14.3,112.02
345.1,13.3,112.02
345.2,13.3,112.02
345.3,13.9,112.02
345.4,0.0,112.02
345.5,0.0,112.02
345.6,13.6,112.02
345.7,13.6,112.02
345.8,13.6,112.02
345.9,13.6,112.02
346.0,13.5,112.02
346.1,26.5,112.02
346.2,13.4,112.02
346.3,26.5,112.02
346.4,14.0,112.02
346.5,14.1,112.02
346.6,13.6,112.02
346.7,13.5,112.02
346.8,13.6,112.02
346.9,13.6,112.02
347.0,13.6,112.02
347.1,13.5,112.02
347.2,13.6,112.02
347.3,13.5,112.02
347.4,13.1,112.02
347.5,13.5,112.02
347.6,13.5,112.02
347.7,0.0,112.02
347.8,0.0,112.02
347.9,0.0,112.02
348.0,0.0,112.02
348.1,13.0,112.02
348.2,13.2,112.02
348.3,13.8,112.02
348.4,13.4,112.02
348.5,13.6,112.02
348.6,13.3,112.02
348.7,13.5,112.02
348.8,13.6,112.02
348.9,13.3,112.02
349.0,0.0,112.02
349.1,13.8,112.02
349.2,13.7,112.02
349.3,13.3,112.02
349.4,12.9,112.02
349.5,12.7,112.02
349.6,13.7,112.02
349.7,13.3,112.02
349.8,13.7,112.02
349.9,0.0,112.02
350.0,13.5,112.02
350.1,0.0,112.02
350.2,0.0,112.02
350.3,13.8,112.02
350.4,12.6,112.02
350.5,13.5,112.02
350.6,13.6,112.09
350.7,0.0,112.09
350.8,13.6,112.09
350.9,13.6,112.09
351.0,13.4,112.09
351.1,13.5,112.09
351.2,14.0,112.09
351.3,13.5,112.09
351.4,14.0,112.09
351.5,13.7,112.09
351.6,0.0,112.09
351.7,0.0,112.09
351.8,13.7,112.09
351.9,13.5,112.09
352.0,0.0,112.09
352.1,14.0,112.09
352.2,13.2,112.09
352.3,13.6,112.09
352.4,13.8,112.09
352.5,25.5,112.09
352.6,14.6,112.09
352.7,13.7,112.09
352.8,13.6,112.09
352.9,12.9,112.09
353.0,14.4,112.09
353.1,14.4,112.09
353.2,14.1,112.09
353.3,14.3,112.09
353.4,14.1,112.09
353.5,13.6,112.09
353.6,13.5,112.09
353.7,13.7,112.09
353.8,0.0,112.09
353.9,13.3,112.09
354.0,13.3,112.09
354.1,13.9,112.09
354.2,0.0,112.09
354.3,13.7,112.09
354.4,13.0,112.09
354.5,13.2,112.09
354.6,26.0,112.09
354.7,13.6,112.09
354.8,13.6,112.09
354.9,13.6,112.09
355.0,13.6,112.09
355.1,14.5,112.09
355.2,13.6,112.09
355.3,13.6,112.09
355.4,12.8,112.09
355.5,13.2,112.09
355.6,13.6,112.09
355.7,0.0,112.09
355.8,13.6,112.09
355.9,13.6,112.09
356.0,13.7,112.09
356.1,25.4,112.09
356.2,12.9,112.09
356.3,13.2,112.09
356.4,14.3,112.09
356.5,13.6,112.09
356.6,0.0,112.09
356.7,13.6,112.09
356.8,13.4,112.09
356.9,12.8,112.09
357.0,13.6,112.09
357.1,13.9,112.09
357.2,0.0,112.09
357.3,13.1,112.09
357.4,13.6,112.09
357.5,12.9,112.09
357.6,13.5,112.09
357.7,13.7,112.09
357.8,13.5,112.09
357.9,0.0,112.09
358.0,13.8,112.09
358.1,13.4,112.09
358.2,13.5,112.09
358.3,13.1,112.09
358.4,13.6,112.09
358.5,13.8,112.09
358.6,13.8,112.09
358.7,12.8,112.09
358.8,0.0,112.09
358.9,13.7,112.09
359.0,14.3,112.09
359.1,13.6,112.09
359.2,13.7,112.09
359.3,13.5,112.09
359.4,13.0,112.09
359.5,12.7,112.09
359.6,12.9,112.09
359.7,12.3,112.09
359.8,11.5,112.09
359.9,13.6,112.09
360.0,13.5,112.09
360.1,13.7,112.09
360.2,13.8,112.09
360.3,13.6,112.09
360.4,13.3,112.09
360.5,25.3,112.09
360.6,13.9,112.09
360.7,0.0,112.09
360.8,12.8,112.09
360.9,0.0,112.09
361.0,13.6,112.09
361.1,13.1,112.09
361.2,13.6,112.09
361.3,0.0,112.09
361.4,0.0,112.09
361.5,26.8,112.09
361.6,13.9,112.09
361.7,14.0,112.09
361.8,13.6,112.09
361.9,13.6,112.09
362.0,13.6,112.09
362.1,13.3,112.09
362.2,14.2,112.09
362.3,12.8,112.09
362.4,13.8,112.09
362.5,13.3,112.09
362.6,13.5,112.09
362.7,13.7,112.09
362.8,13.5,112.09
362.9,13.4,112.09
363.0,12.9,112.09
363.1,13.3,112.09
363.2,13.7,112.09
363.3,13.1,112.09
363.4,0.0,112.09
363.5,13.5,112.09
363.6,13.5,112.09
363.7,0.0,112.09
363.8,13.5,112.09
363.9,0.0,112.09
364.0,12.6,112.09
364.1,13.6,112.09
364.2,13.6,112.09
364.3,13.7,112.09
364.4,13.8,112.09
364.5,0.0,112.09
364.6,0.0,112.09
364.7,25.6,112.09
364.8,25.4,112.09
364.9,13.6,112.09
365.0,14.3,112.09
365.1,25.8,112.09
365.2,14.0,112.09
365.3,13.4,112.09
365.4,13.0,112.09
365.5,13.7,112.09
365.6,13.7,112.09
365.7,0.0,112.09
365.8,13.9,112.09
365.9,13.6,112.09
366.0,13.2,112.09
366.1,0.0,112.09
366.2,13.5,112.09
366.3,14.7,112.09
366.4,13.7,112.09
366.5,13.9,112.09
366.6,0.0,112.09
366.7,12.9,112.09
366.8,13.6,112.09
366.9,13.0,112.09
367.0,13.6,112.09
367.1,13.4,112.09
367.2,13.8,112.09
367.3,0.0,112.09
367.4,12.9,112.09
367.5,13.4,112.09
367.6,13.6,112.09
367.7,13.7,112.09
367.8,13.2,112.09
367.9,13.3,112.09
368.0,13.6,112.09
368.1,14.5,112.09
368.2,13.8,112.09
368.3,13.6,112.09
368.4,12.9,112.09
368.5,26.3,112.09
368.6,13.0,112.09
368.7,13.0,112.09
368.8,13.7,112.09
368.9,13.6,112.09
369.0,13.0,112.09
369.1,13.7,112.09
369.2,13.2,112.09
369.3,13.7,112.09
369.4,13.3,112.09
369.5,14.1,112.09
369.6,0.0,112.09
369.7,13.6,112.09
369.8,13.2,112.09
369.9,13.3,112.09
370.0,13.7,112.09
370.1,13.8,112.09
370.2,13.4,112.09
370.3,13.6,112.09
370.4,12.5,112.09
370.5,13.1,112.09
370.6,25.7,112.09
370.7,13.6,112.09
370.8,0.0,112.09
370.9,13.7,112.09
371.0,13.6,112.09
371.1,0.0,112.09
371.2,13.3,112.09
371.3,13.3,112.09
371.4,13.6,112.09
371.5,13.7,112.09
371.6,14.1,112.09
371.7,13.6,112.09
371.8,13.9,112.09
371.9,12.8,112.09
372.0,13.8,112.09
372.1,13.6,112.09
372.2,13.5,112.09
372.3,13.5,112.09
372.4,25.7,112.09
372.5,13.3,112.09
372.6,13.2,112.09
372.7,14.1,112.09
372.8,13.3,112.09
372.9,0.0,112.09
373.0,13.6,112.09
373.1,0.0,112.09
373.2,0.0,112.09
373.3,0.0,112.09
373.4,12.9,112.09
373.5,13.5,112.09
373.6,13.7,112.09
373.7,25.5,112.09
373.8,13.1,112.09
373.9,13.3,112.09
374.0,14.1,112.09
374.1,26.0,112.09
374.2,0.0,112.09
374.3,0.0,112.09
374.4,13.5,112.09
374.5,13.5,112.09
374.6,14.0,112.09
374.7,13.4,112.09
374.8,13.7,112.09
374.9,13.6,112.09
375.0,13.7,112.09
375.1,0.0,112.09
375.2,0.0,112.09
375.3,13.5,112.09
375.4,0.0,112.09
375.5,25.7,112.09
375.6,12.9,112.09
375.7,13.4,112.09
375.8,26.3,112.09
375.9,13.7,112.09
376.0,13.6,112.09
376.1,0.0,112.09
376.2,13.7,112.09
376.3,13.5,112.09
376.4,0.0,112.09
376.5,13.6,112.09
376.6,14.0,112.09
376.7,12.7,112.09
376.8,13.7,112.09
376.9,13.8,112.09
377.0,0.0,112.09
377.1,13.4,112.09
377.2,13.2,112.09
377.3,13.3,112.09
377.4,13.1,112.09
377.5,26.0,112.09
377.6,12.8,112.09
377.7,13.7,112.09
377.8,13.7,112.09
377.9,0.0,112.09
378.0,13.6,112.09
378.1,13.4,112.09
378.2,13.6,112.09
378.3,0.0,112.09
378.4,13.6,112.09
378.5,13.8,112.09
378.6,13.1,112.09
378.7,13.7,112.09
378.8,13.6,112.09
378.9,13.7,112.09
379.0,13.1,112.09
379.1,0.0,112.09
379.2,13.5,112.09
379.3,13.6,112.09
379.4,14.5,112.09
379.5,13.4,112.09
379.6,13.1,112.09
379.7,13.6,112.09
379.8,13.1,112.09
379.9,14.2,112.09
380.0,13.7,112.09
380.1,0.0,112.09
380.2,0.0,112.09
380.3,13.6,112.09
380.4,13.6,112.09
380.5,13.1,112.09
380.6,13.6,112.09
380.7,0.0,112.09
380.8,13.6,112.09
380.9,14.2,112.09
381.0,13.9,112.09
381.1,24.9,112.09
381.2,26.2,112.09
381.3,14.6,112.09
381.4,13.2,112.09
381.5,0.0,112.09
381.6,14.0,112.09
381.7,13.1,112.09
381.8,13.7,112.09
381.9,26.8,112.09
382.0,13.1,112.09
382.1,0.0,112.09
382.2,13.8,112.09
382.3,0.0,112.09
382.4,13.6,112.09
382.5,26.1,112.09
382.6,13.5,112.09
382.7,13.8,112.09
382.8,0.0,112.09
382.9,0.0,112.09
383.0,0.0,112.09
383.1,13.2,112.09
383.2,13.5,112.09
383.3,13.7,112.09
383.4,14.0,112.09
383.5,27.2,112.09
383.6,0.0,112.09
383.7,13.6,112.09
383.8,13.3,112.09
383.9,13.6,112.09
384.0,13.6,112.09
384.1,13.6,112.09
384.2,13.5,112.09
384.3,12.9,112.09
384.4,13.4,112.09
384.5,25.3,112.09
384.6,13.6,112.09
384.7,12.2,112.09
384.8,12.3,112.09
384.9,13.5,112.09
385.0,13.5,112.09
385.1,0.0,112.09
385.2,13.7,112.09
385.3,13.5,112.09
385.4,13.2,112.09
385.5,14.3,112.09
385.6,13.8,112.09
385.7,13.1,112.09
385.8,13.6,112.09
385.9,13.4,112.09
386.0,13.9,112.09
386.1,13.6,112.09
386.2,13.5,112.09
386.3,0.0,112.09
386.4,13.6,112.09
386.5,12.8,112.09
386.6,0.0,112.09
386.7,13.5,112.09
386.8,13.8,112.09
386.9,13.6,112.09
387.0,13.5,112.09
387.1,13.6,112.09
387.2,0.0,112.09
387.3,13.3,112.09
387.4,13.7,112.09
387.5,0.0,112.09
387.6,13.7,112.09
387.7,13.6,112.09
387.8,13.4,112.09
387.9,13.4,112.09
388.0,13.5,112.09
388.1,12.9,112.09
388.2,13.6,112.09
388.3,12.9,112.09
388.4,13.6,112.09
388.5,14.0,112.09
388.6,14.6,112.09
388.7,0.0,112.09
388.8,13.5,112.09
388.9,13.8,112.09
389.0,13.7,112.09
389.1,13.7,112.09
389.2,13.7,112.09
389.3,13.7,112.09
389.4,13.1,112.09
389.5,12.8,112.09
389.6,13.6,112.09
389.7,13.5,112.09
389.8,13.6,112.09
389.9,13.7,112.09
390.0,13.4,112.09
390.1,0.0,112.09
390.2,13.9,112.09
390.3,13.5,112.09
390.4,13.8,112.09
390.5,0.0,112.09
390.6,0.0,112.09
390.7,13.1,112.09
390.8,13.4,112.09
390.9,13.5,112.09
391.0,13.6,112.09
391.1,0.0,112.09
391.2,13.0,112.09
391.3,26.1,112.09
391.4,13.7,112.09
391.5,14.0,112.09
391.6,14.2,112.09
391.7,13.6,112.09
391.8,0.0,112.09
391.9,0.0,112.09
392.0,0.0,112.09
392.1,13.6,112.09
392.2,13.7,112.09
392.3,13.6,112.09
392.4,13.5,112.09
392.5,13.7,112.09
392.6,13.1,112.09
392.7,13.8,112.09
392.8,0.0,112.09
392.9,0.0,112.09
393.0,0.0,112.09
393.1,13.6,112.09
393.2,13.5,112.09
393.3,13.4,112.09
393.4,13.0,112.09
393.5,0.0,112.09
393.6,13.6,112.09
393.7,13.3,112.09
393.8,0.0,112.09
393.9,13.4,112.09
394.0,0.0,112.09
394.1,14.3,112.09
394.2,13.3,112.09
394.3,13.9,112.09
394.4,0.0,112.09
394.5,13.8,112.09
394.6,13.0,112.09
394.7,12.9,112.09
394.8,13.1,112.09
394.9,13.1,112.09
395.0,13.6,112.09
395.1,13.8,112.09
395.2,14.0,112.09
395.3,13.0,112.09
395.4,14.2,112.09
395.5,25.9,112.09
395.6,13.5,112.09
395.7,13.6,112.09
395.8,13.8,112.09
395.9,0.0,112.09
396.0,0.0,112.09
396.1,13.0,112.09
396.2,0.0,112.09
396.3,13.5,112.09
396.4,13.6,112.09
396.5,13.6,112.09
396.6,13.6,112.09
396.7,13.6,112.09
396.8,0.0,112.09
396.9,13.7,112.09
397.0,25.9,112.09
397.1,13.5,112.09
397.2,13.6,112.09
397.3,13.3,112.09
397.4,13.7,112.09
397.5,12.8,112.09
397.6,13.0,112.09
397.7,13.3,112.09
397.8,13.5,112.09
397.9,13.6,112.09
398.0,26.7,112.09
398.1,13.8,112.09
398.2,13.8,112.09
398.3,26.3,112.09
398.4,13.7,112.09
398.5,13.7,112.09
398.6,13.7,112.09
398.7,13.0,112.09
398.8,13.3,112.09
398.9,13.5,112.09
399.0,13.5,112.09
399.1,13.7,112.09
399.2,13.6,112.09
399.3,0.0,112.09
399.4,0.0,112.09
399.5,13.9,112.09
399.6,12.7,112.09
399.7,14.1,112.09
399.8,13.7,112.09
399.9,13.5,112.09
400.0,13.0,112.09
400.1,13.6,112.09
400.2,13.0,112.09
400.3,13.6,112.09
400.4,12.9,112.09
400.5,0.0,112.09
400.6,13.6,112.09
400.7,14.5,112.09
400.8,13.6,112.09
400.9,0.0,112.09
401.0,13.7,112.09
401.1,13.5,112.09
401.2,13.1,112.09
401.3,13.0,112.09
401.4,13.3,112.09
401.5,26.4,112.09
401.6,14.2,112.09
401.7,12.8,112.09
401.8,12.6,112.09
401.9,13.7,112.09
402.0,13.7,112.09
402.1,13.6,112.09
402.2,12.9,112.09
402.3,13.4,112.09
402.4,13.6,112.09
402.5,26.4,112.09
402.6,0.0,112.09
402.7,25.7,112.09
402.8,13.6,112.09
402.9,13.4,112.09
403.0,12.7,112.09
403.1,13.5,112.09
403.2,13.6,112.09
403.3,13.4,112.09
403.4,13.6,112.09
403.5,25.7,112.09
403.6,25.4,112.09
403.7,13.5,112.09
403.8,13.6,112.09
403.9,13.5,112.09
404.0,13.4,112.09
404.1,0.0,112.09
404.2,25.2,112.09
404.3,13.0,112.09
404.4,13.6,112.09
404.5,25.5,112.09
404.6,13.4,112.09
404.7,0.0,112.09
404.8,13.1,112.09
404.9,13.4,112.09
405.0,13.6,112.09
405.1,13.6,112.09
405.2,13.8,112.09
405.3,13.8,112.09
405.4,13.5,112.09
405.5,13.7,112.09
405.6,26.9,112.09
405.7,26.1,112.09
405.8,13.6,112.09
405.9,13.6,112.09
406.0,13.2,112.09
406.1,14.2,112.09
406.2,13.6,112.09
406.3,0.0,112.09
406.4,13.6,112.09
406.5,13.5,112.09
406.6,13.6,112.09
406.7,13.6,112.09
406.8,13.5,112.09
406.9,0.0,112.09
407.0,13.6,112.09
407.1,0.0,112.09
407.2,13.8,112.09
407.3,0.0,112.09
407.4,0.0,112.09
407.5,13.6,112.09
407.6,13.3,112.09
407.7,0.0,112.09
407.8,0.0,112.09
407.9,13.8,112.09
408.0,13.6,112.09
408.1,24.6,112.09
408.2,0.0,112.09
408.3,14.6,112.09
408.4,13.4,112.09
408.5,13.2,112.09
408.6,0.0,112.09
408.7,13.6,112.09
408.8,13.5,112.09
408.9,13.0,112.09
409.0,13.4,112.09
409.1,0.0,112.09
409.2,13.1,112.09
409.3,13.6,112.09
409.4,13.6,112.09
409.5,13.6,112.09
409.6,0.0,112.09
409.7,13.5,112.09
409.8,14.4,112.09
409.9,13.4,112.09
410.0,13.5,112.09
410.1,12.7,112.09
410.2,13.0,112.09
410.3,13.5,112.09
410.4,13.6,112.09
410.5,12.8,112.09
410.6,13.7,112.09
410.7,13.8,112.09
410.8,13.3,112.09
410.9,14.8,112.09
411.0,14.4,112.09
411.1,13.7,112.09
411.2,25.1,112.09
411.3,13.1,112.09
411.4,13.1,112.09
411.5,25.8,112.09
411.6,13.6,112.09
411.7,13.0,112.09
411.8,25.6,112.09
411.9,14.0,112.09
412.0,13.8,112.09
412.1,0.0,112.09
412.2,0.0,112.09
412.3,13.5,112.09
412.4,13.5,112.09
412.5,13.1,112.09
412.6,13.5,112.09
412.7,13.6,112.09
412.8,13.3,112.09
412.9,13.3,112.09
413.0,25.5,112.09
413.1,13.6,112.09
413.2,13.4,112.09
413.3,13.9,112.09
413.4,13.7,112.09
413.5,13.8,112.09
413.6,0.0,112.09
413.7,13.5,112.09
413.8,13.6,112.09
413.9,12.5,112.09
414.0,13.2,112.09
414.1,13.3,112.09
414.2,13.9,112.09
414.3,14.2,112.09
414.4,13.6,112.09
414.5,13.4,112.09
414.6,13.6,112.09
414.7,13.7,112.09
414.8,13.3,112.09
414.9,13.6,112.09
415.0,13.5,112.09
415.1,25.3,112.09
415.2,12.7,112.09
415.3,0.0,112.09
415.4,13.6,112.09
415.5,13.7,112.09
415.6,13.7,112.09
415.7,13.6,112.09
415.8,13.7,112.09
415.9,12.8,112.09
416.0,13.5,112.09
416.1,13.4,112.09
416.2,13.0,112.09
416.3,13.4,112.09
416.4,13.2,112.09
416.5,12.9,112.09
416.6,13.6,112.09
416.7,12.9,112.09
416.8,12.7,112.09
416.9,14.1,112.09
417.0,0.0,112.09
417.1,13.4,112.09
417.2,26.0,112.09
417.3,12.8,112.09
417.4,13.7,112.09
417.5,25.3,112.09
417.6,12.9,112.09
417.7,13.7,112.09
417.8,13.1,112.09
417.9,12.8,112.09
418.0,25.5,112.09
418.1,13.4,112.09
418.2,13.7,112.09
418.3,13.9,112.09
418.4,14.4,112.09
418.5,13.9,112.09
418.6,26.1,112.09
418.7,13.9,112.09
418.8,25.8,112.09
418.9,0.0,112.09
419.0,25.7,112.09
419.1,13.8,112.09
419.2,13.4,112.09
419.3,13.5,112.09
419.4,25.7,112.09
419.5,14.0,112.09
419.6,14.3,112.09
419.7,13.6,112.09
419.8,0.0,112.09
419.9,13.2,112.09
420.0,13.6,112.09
420.1,13.5,112.09
420.2,13.8,112.09
420.3,13.6,112.09
420.4,0.0,112.09
420.5,13.7,112.09
420.6,13.2,112.09
420.7,0.0,112.09
420.8,13.5,112.09
420.9,13.3,112.09
421.0,12.9,112.09
421.1,25.4,112.09
421.2,12.3,112.09
421.3,0.0,112.09
421.4,13.5,112.09
421.5,13.6,112.09
421.6,0.0,112.09
421.7,13.4,112.09
421.8,13.5,112.09
421.9,25.6,112.09
422.0,12.9,112.09
422.1,12.9,112.09
422.2,14.1,112.09
422.3,12.6,112.09
422.4,13.3,112.09
422.5,24.9,112.09
422.6,22.6,112.09
422.7,25.1,112.09
422.8,13.4,112.09
422.9,25.5,112.09
423.0,13.6,112.09
423.1,13.6,112.09
423.2,13.6,112.09
423.3,13.7,112.09
423.4,13.1,112.09
423.5,13.2,112.09
423.6,13.0,112.09
423.7,12.7,112.09
423.8,25.7,112.09
423.9,13.7,112.09
424.0,13.6,112.09
424.1,0.0,112.09
424.2,13.5,112.09
424.3,13.7,112.09
424.4,12.8,112.09
424.5,13.4,112.09
424.6,12.5,112.09
424.7,13.8,112.09
424.8,13.8,112.09
424.9,13.5,112.09
425.0,0.0,112.09
425.1,13.0,112.09
425.2,0.0,112.09
425.3,13.0,112.09
425.4,0.0,112.09
425.5,13.4,112.09
425.6,25.9,112.09
425.7,13.5,112.09
425.8,0.0,112.09
425.9,12.4,112.09
426.0,13.7,112.09
426.1,14.0,112.09
426.2,13.4,112.09
426.3,13.7,112.09
426.4,12.8,112.09
426.5,0.0,112.09
426.6,13.5,112.09
426.7,13.7,112.09
426.8,0.0,112.09
426.9,13.6,112.09
427.0,0.0,112.09
427.1,13.6,112.09
427.2,13.2,112.09
427.3,13.3,112.09
427.4,13.4,112.09
427.5,13.2,112.09
427.6,26.0,112.09
427.7,13.3,112.09
427.8,0.0,112.09
427.9,12.6,112.09
428.0,0.0,112.09
428.1,13.2,112.09
428.2,13.1,112.09
428.3,13.1,112.09
428.4,13.0,112.09
428.5,12.8,112.09
428.6,13.4,112.09
428.7,25.9,112.09
428.8,13.4,112.09
428.9,26.4,112.09
429.0,13.3,112.09
429.1,0.0,112.09
429.2,13.8,112.09
429.3,13.6,112.09
429.4,12.8,112.09
429.5,13.3,112.09
429.6,14.1,112.09
429.7,0.0,112.09
429.8,12.8,112.09
429.9,25.8,112.09
430.0,25.7,112.09
430.1,13.4,112.09
430.2,25.8,112.09
430.3,12.7,112.09
430.4,12.8,112.09
430.5,13.6,112.09
430.6,13.4,112.09
430.7,13.3,112.09
430.8,13.1,112.09
430.9,0.0,112.09
431.0,13.7,112.09
431.1,38.6,112.09
431.2,13.3,112.09
431.3,12.8,112.09
431.4,13.6,112.09
431.5,12.9,112.09
431.6,13.5,112.09
431.7,13.9,112.09
431.8,13.6,112.09
431.9,13.0,112.09
432.0,13.8,112.09
432.1,13.3,112.09
432.2,26.5,112.09
432.3,13.3,112.09
432.4,13.1,112.09
432.5,13.4,112.09
432.6,25.4,112.09
432.7,13.0,112.09
432.8,12.8,112.09
432.9,0.0,112.09
433.0,13.4,112.09
433.1,13.9,112.09
433.2,13.5,112.09
433.3,0.0,112.09
433.4,13.9,112.09
433.5,12.7,112.09
433.6,0.0,112.09
433.7,13.1,112.1
433.8,13.6,112.1
433.9,13.0,112.1
434.0,13.6,112.1
434.1,13.3,112.1
434.2,14.2,112.1
434.3,14.3,112.1
434.4,13.4,112.1
434.5,13.8,112.1
434.6,14.0,112.1
434.7,14.2,112.1
434.8,13.1,112.1
434.9,13.8,112.1
435.0,13.5,112.1
435.1,0.0,112.1
435.2,0.0,112.1
435.3,13.8,112.1
435.4,13.1,112.1
435.5,12.8,112.1
435.6,0.0,112.1
435.7,13.1,112.1
435.8,13.9,112.1
435.9,12.9,112.1
436.0,13.4,112.1
436.1,12.7,112.1
436.2,13.5,112.1
436.3,0.0,112.1
436.4,0.0,112.1
436.5,26.1,112.1
436.6,13.1,112.1
436.7,13.8,112.1
436.8,13.4,112.1
436.9,13.6,112.1
437.0,12.9,112.1
437.1,26.3,112.1
437.2,13.8,112.1
437.3,26.3,112.1
437.4,12.9,112.1
437.5,13.5,112.1
437.6,12.8,112.1
437.7,13.5,112.1
437.8,25.4,112.1
437.9,14.3,112.1
438.0,25.6,112.1
438.1,13.7,112.1
438.2,25.5,112.1
438.3,25.4,112.1
438.4,12.7,112.1
438.5,13.6,112.1
438.6,13.6,112.1
438.7,0.0,112.1
438.8,0.0,112.1
438.9,13.4,112.1
439.0,13.6,112.1
439.1,12.9,112.1
439.2,12.9,112.1
439.3,12.7,112.1
439.4,13.7,112.1
439.5,12.8,112.1
439.6,0.0,112.1
439.7,12.7,112.1
439.8,13.7,112.1
439.9,13.5,112.1
440.0,0.0,112.1
440.1,12.6,112.1
440.2,0.0,112.1
440.3,13.6,112.1
440.4,13.3,112.1
440.5,13.9,112.1
440.6,25.6,112.1
440.7,13.1,112.1
440.8,12.6,112.1
440.9,0.0,112.1
441.0,12.8,112.1
441.1,13.6,112.1
441.2,13.5,112.1
441.3,26.6,112.1
441.4,25.2,112.1
441.5,13.5,112.1
441.6,26.9,112.1
441.7,14.0,112.1
441.8,0.0,112.1
441.9,26.3,112.1
442.0,0.0,112.1
442.1,0.0,112.1
442.2,14.1,112.1
442.3,0.0,112.1
442.4,13.5,112.1
442.5,13.5,112.1
442.6,0.0,112.1
442.7,13.5,112.1
442.8,13.2,112.1
442.9,12.9,112.1
443.0,12.8,112.1
443.1,13.6,112.1
443.2,13.1,112.1
443.3,26.3,112.1
443.4,13.6,112.1
443.5,13.7,112.1
443.6,0.0,112.1
443.7,13.8,112.1
443.8,13.4,112.1
443.9,13.6,112.1
444.0,13.6,112.1
444.1,12.9,112.1
444.2,13.6,112.1
444.3,25.7,112.1
444.4,14.3,112.1
444.5,12.7,112.1
444.6,13.6,112.1
444.7,13.0,112.1
444.8,13.8,112.1
444.9,13.0,112.1
445.0,13.5,112.1
445.1,13.3,112.1
445.2,27.1,112.1
445.3,13.6,112.1
445.4,13.6,112.1
445.5,13.9,112.1
445.6,0.0,112.1
445.7,0.0,112.1
445.8,0.0,112.1
445.9,0.0,112.1
446.0,12.7,112.1
446.1,0.0,112.1
446.2,12.7,112.1
446.3,0.0,112.1
446.4,13.0,112.1
446.5,13.3,112.11
446.6,13.7,112.11
446.7,14.3,112.11
446.8,13.3,112.11
446.9,13.4,112.11
447.0,25.3,112.11
447.1,25.4,112.11
447.2,14.4,112.11
447.3,14.6,112.11
447.4,0.0,112.11
447.5,0.0,112.11
447.6,0.0,112.11
447.7,13.8,112.11
447.8,13.3,112.11
447.9,0.0,112.11
448.0,12.9,112.11
448.1,0.0,112.11
448.2,12.9,112.11
448.3,14.7,112.11
448.4,25.5,112.11
448.5,13.6,112.11
448.6,12.9,112.11
448.7,13.7,112.11
448.8,12.8,112.11
448.9,13.7,112.11
449.0,13.6,112.11
449.1,13.4,112.11
449.2,13.5,112.11
449.3,13.1,112.11
449.4,26.6,112.11
449.5,13.0,112.11
449.6,13.6,112.11
449.7,12.8,112.11
449.8,13.5,112.11
449.9,25.3,112.11
450.0,13.8,112.11
450.1,13.4,112.11
450.2,0.0,112.11
450.3,13.6,112.11
450.4,13.4,112.11
450.5,13.5,112.11
450.6,12.7,112.11
450.7,0.0,112.11
450.8,12.6,112.11
450.9,13.5,112.11
451.0,13.7,112.11
451.1,13.7,112.11
451.2,12.8,112.11
451.3,13.7,112.11
451.4,13.2,112.11
451.5,14.1,112.11
451.6,26.6,112.11
451.7,0.0,112.11
451.8,13.5,112.11
451.9,12.8,112.11
452.0,13.8,112.11
452.1,12.9,112.11
452.2,13.3,112.11
452.3,25.7,112.11
452.4,13.6,112.11
452.5,13.2,112.11
452.6,13.4,112.11
452.7,12.8,112.11
452.8,25.4,112.11
452.9,13.5,112.11
453.0,12.9,112.11
453.1,26.0,112.11
453.2,14.4,112.11
453.3,13.8,112.11
453.4,25.6,112.11
453.5,13.5,112.11
453.6,13.7,112.11
453.7,13.7,112.11
453.8,12.9,112.11
453.9,0.0,112.11
454.0,0.0,112.11
454.1,13.6,112.11
454.2,25.4,112.11
454.3,13.7,112.11
454.4,25.3,112.11
454.5,13.1,112.11
454.6,12.8,112.11
454.7,13.8,112.11
454.8,13.0,112.11
454.9,13.4,112.11
455.0,13.7,112.11
455.1,26.0,112.11
455.2,25.8,112.11
455.3,13.0,112.11
455.4,0.0,112.11
455.5,12.8,112.11
455.6,0.0,112.11
455.7,12.8,112.11
455.8,13.7,112.11
455.9,14.0,112.11
456.0,13.3,112.11
456.1,12.4,112.11
456.2,12.9,112.11
456.3,26.5,112.11
456.4,13.4,112.11
456.5,13.8,112.11
456.6,12.9,112.11
456.7,26.9,112.11
456.8,13.7,112.11
456.9,13.7,112.11
457.0,13.2,112.11
457.1,13.6,112.11
457.2,26.8,112.11
457.3,13.7,112.11
457.4,14.0,112.11
457.5,13.4,112.11
457.6,0.0,112.11
457.7,13.6,112.11
457.8,13.2,112.11
457.9,12.9,112.11
458.0,13.5,112.11
458.1,12.9,112.11
458.2,0.0,112.11
458.3,12.9,112.11
458.4,13.6,112.11
458.5,12.8,112.11
458.6,13.8,112.11
458.7,12.7,112.11
458.8,13.7,112.11
458.9,12.8,112.11
459.0,13.6,112.11
459.1,26.7,112.11
459.2,13.0,112.12
459.3,0.0,112.12
459.4,13.6,112.12
459.5,0.0,112.12
459.6,25.8,112.12
459.7,13.6,112.12
459.8,13.9,112.12
459.9,13.4,112.12
460.0,12.8,112.12
460.1,13.6,112.12
460.2,13.6,112.12
460.3,12.9,112.12
460.4,26.0,112.12
460.5,13.2,112.12
460.6,12.6,112.12
460.7,0.0,112.12
460.8,0.0,112.12
460.9,0.0,112.12
461.0,13.7,112.12
461.1,25.7,112.12
461.2,13.6,112.12
461.3,26.1,112.12
461.4,26.0,112.12
461.5,12.9,112.12
461.6,13.5,112.12
461.7,12.9,112.12
461.8,13.3,112.12
461.9,25.2,112.12
462.0,13.5,112.12
462.1,25.7,112.12
462.2,0.0,112.12
462.3,12.5,112.12
462.4,13.6,112.12
462.5,12.9,112.12
462.6,13.3,112.12
462.7,13.6,112.12
462.8,11.4,112.12
462.9,13.5,112.12
463.0,13.1,112.12
463.1,13.5,112.12
463.2,12.8,112.12
463.3,0.0,112.12
463.4,25.7,112.12
463.5,12.9,112.12
463.6,12.8,112.12
463.7,13.6,112.12
463.8,12.8,112.12
463.9,13.7,112.12
464.0,12.7,112.12
464.1,13.5,112.12
464.2,25.7,112.12
464.3,13.5,112.12
464.4,26.4,112.12
464.5,13.3,112.12
464.6,12.6,112.12
464.7,13.5,112.12
464.8,13.5,112.12
464.9,25.5,112.12
465.0,13.4,112.12
465.1,12.8,112.12
465.2,13.4,112.12
465.3,12.9,112.12
465.4,0.0,112.12
465.5,12.7,112.12
465.6,0.0,112.12
465.7,12.8,112.12
465.8,0.0,112.12
465.9,13.0,112.12
466.0,0.0,112.12
466.1,13.5,112.12
466.2,13.6,112.12
466.3,12.7,112.12
466.4,13.7,112.12
466.5,13.6,112.12
466.6,13.8,112.12
466.7,13.6,112.12
466.8,0.0,112.12
466.9,13.7,112.12
467.0,12.8,112.12
467.1,13.1,112.12
467.2,25.5,112.12
467.3,13.7,112.12
467.4,25.1,112.12
467.5,25.5,112.12
467.6,25.3,112.12
467.7,13.7,112.12
467.8,13.8,112.12
467.9,13.4,112.12
468.0,13.1,112.12
468.1,0.0,112.12
468.2,13.7,112.12
468.3,13.9,112.12
468.4,13.6,112.12
468.5,13.1,112.12
468.6,25.9,112.12
468.7,25.5,112.12
468.8,13.6,112.12
468.9,25.6,112.12
469.0,13.5,112.12
469.1,12.8,112.12
469.2,13.5,112.12
469.3,12.5,112.12
469.4,13.6,112.12
469.5,12.3,112.12
469.6,13.4,112.12
469.7,13.4,112.12
469.8,13.9,112.12
469.9,13.6,112.12
470.0,12.8,112.12
470.1,0.0,112.12
470.2,25.7,112.12
470.3,13.7,112.12
470.4,13.6,112.12
470.5,0.0,112.12
470.6,12.7,112.12
470.7,13.3,112.12
470.8,25.7,112.12
470.9,13.2,112.12
471.0,12.2,112.12
471.1,12.9,112.12
471.2,0.0,112.12
471.3,0.0,112.12
471.4,0.0,112.12
471.5,13.3,112.12
471.6,0.0,112.12
471.7,12.8,112.12
471.8,13.6,112.12
471.9,13.0,112.12
472.0,13.1,112.12
472.1,13.7,112.12
472.2,13.6,112.12
472.3,12.7,112.12
472.4,13.8,112.12
472.5,13.2,112.12
472.6,13.6,112.12
472.7,13.1,112.12
472.8,13.5,112.12
472.9,13.2,112.12
473.0,12.7,112.12
473.1,0.0,112.12
473.2,0.0,112.12
473.3,0.0,112.12
473.4,0.0,112.12
473.5,13.9,112.12
473.6,13.4,112.12
473.7,0.0,112.12
473.8,0.0,112.12
473.9,0.0,112.12
474.0,13.0,112.12
474.1,14.1,112.12
474.2,13.8,112.12
474.3,13.0,112.12
474.4,26.1,112.12
474.5,12.9,112.12
474.6,0.0,112.12
474.7,12.7,112.12
474.8,13.7,112.12
474.9,12.6,112.12
475.0,13.5,112.12
475.1,13.4,112.12
475.2,13.7,112.12
475.3,24.9,112.12
475.4,13.3,112.12
475.5,13.2,112.12
475.6,13.9,112.12
475.7,13.6,112.12
475.8,13.1,112.12
475.9,25.9,112.12
476.0,14.3,112.12
476.1,13.3,112.12
476.2,0.0,112.12
476.3,0.0,112.12
476.4,12.6,112.12
476.5,0.0,112.12
476.6,12.5,112.12
476.7,13.7,112.12
476.8,13.5,112.12
476.9,0.0,112.12
477.0,13.0,112.12
477.1,0.0,112.12
477.2,26.1,112.12
477.3,26.4,112.12
477.4,13.6,112.12
477.5,13.7,112.13
477.6,0.0,112.13
477.7,13.6,112.11
477.8,13.5,112.11
477.9,25.3,112.11
478.0,13.4,112.11
478.1,12.4,112.11
478.2,13.5,112.11
478.3,24.5,112.12
478.4,25.6,112.12
478.5,13.5,112.12
478.6,13.3,112.12
478.7,13.6,112.12
478.8,25.8,112.12
478.9,13.4,112.12
479.0,12.4,112.12
479.1,13.2,112.12
479.2,25.6,112.12
479.3,12.7,112.12
479.4,13.4,112.12
479.5,13.5,112.12
479.6,12.8,112.12
479.7,13.2,112.12
479.8,25.3,112.12
479.9,13.3,112.12
480.0,13.4,112.12
480.1,13.3,112.12
480.2,0.0,112.12
480.3,13.5,112.12
480.4,13.6,112.12
480.5,13.9,112.12
480.6,13.7,112.12
480.7,13.2,112.12
480.8,13.6,112.12
480.9,13.4,112.12
481.0,13.6,112.12
481.1,12.8,112.12
481.2,26.7,112.12
481.3,13.6,112.12
481.4,13.7,112.12
481.5,12.8,112.12
481.6,25.3,112.12
481.7,12.6,112.12
481.8,13.5,112.12
481.9,13.6,112.12
482.0,13.8,112.12
482.1,13.8,112.12
482.2,0.0,112.12
482.3,0.0,112.12
482.4,12.8,112.12
482.5,13.6,112.12
482.6,25.7,112.12
482.7,12.8,112.12
482.8,12.7,112.12
482.9,13.7,112.12
483.0,12.8,112.12
483.1,13.4,112.12
483.2,25.3,112.12
483.3,13.4,112.12
483.4,12.7,112.12
483.5,13.4,112.12
483.6,24.8,112.12
483.7,13.6,112.12
483.8,13.7,112.12
483.9,12.7,112.12
484.0,0.0,112.12
484.1,0.0,112.12
484.2,13.5,112.12
484.3,13.4,112.12
484.4,13.7,112.12
484.5,13.2,112.12
484.6,13.4,112.12
484.7,13.3,112.12
484.8,13.2,112.12
484.9,13.4,112.12
485.0,13.5,112.12
485.1,13.8,112.12
485.2,14.1,112.12
485.3,14.3,112.12
485.4,25.9,112.12
485.5,13.2,112.12
485.6,0.0,112.12
485.7,0.0,112.12
485.8,0.0,112.12
485.9,0.0,112.12
486.0,13.2,112.12
486.1,26.1,112.12
486.2,12.9,112.12
486.3,13.9,112.12
486.4,13.8,112.12
486.5,26.2,112.12
486.6,12.8,112.12
486.7,12.9,112.12
486.8,0.0,112.12
486.9,12.8,112.12
487.0,13.7,112.12
487.1,38.0,112.12
487.2,13.9,112.12
487.3,25.6,112.12
487.4,13.5,112.12
487.5,25.7,112.12
487.6,25.5,112.12
487.7,12.6,112.12
487.8,13.7,112.12
487.9,13.8,112.12
488.0,13.8,112.12
488.1,0.0,112.12
488.2,12.9,112.12
488.3,13.3,112.12
488.4,13.0,112.12
488.5,13.7,112.12
488.6,13.0,112.12
488.7,13.2,112.12
488.8,26.1,112.12
488.9,13.6,112.12
489.0,13.5,112.12
489.1,0.0,112.12
489.2,13.6,112.12
489.3,14.4,112.12
489.4,13.0,112.12
489.5,0.0,112.12
489.6,13.3,112.12
489.7,12.6,112.12
489.8,13.4,112.12
489.9,25.7,112.12
490.0,25.3,112.12
490.1,13.5,112.12
490.2,13.5,112.12
490.3,12.7,112.12
490.4,0.0,112.12
490.5,13.0,112.12
490.6,13.2,112.12
490.7,24.8,112.12
490.8,12.8,112.12
490.9,12.5,112.12
491.0,12.7,112.12
491.1,12.7,112.12
491.2,13.3,112.12
491.3,13.5,112.12
491.4,13.0,112.12
491.5,13.4,112.12
491.6,13.0,112.12
491.7,14.5,112.12
491.8,13.5,112.12
491.9,13.5,112.12
492.0,13.5,112.12
492.1,0.0,112.12
492.2,12.6,112.12
492.3,13.4,112.12
492.4,13.1,112.12
492.5,12.7,112.12
492.6,0.0,112.12
492.7,0.0,112.12
492.8,26.9,112.12
492.9,13.6,112.12
493.0,13.3,112.12
493.1,12.9,112.12
493.2,13.2,112.12
493.3,0.0,112.12
493.4,14.3,112.12
493.5,14.0,112.12
493.6,13.6,112.12
493.7,13.3,112.12
493.8,14.3,112.12
493.9,13.3,112.12
494.0,13.4,112.12
494.1,13.5,112.12
494.2,12.6,112.12
494.3,0.0,112.12
494.4,12.9,112.12
494.5,13.4,112.12
494.6,12.8,112.12
494.7,13.4,112.12
494.8,25.7,112.12
494.9,0.0,112.12
495.0,13.3,112.12
495.1,14.5,112.12
495.2,14.7,112.12
495.3,13.4,112.12
495.4,0.0,112.12
495.5,13.0,112.12
495.6,14.4,112.12
495.7,13.5,112.12
495.8,0.0,112.12
495.9,13.7,112.12
496.0,13.7,112.12
496.1,26.8,112.12
496.2,13.2,112.12
496.3,13.4,112.12
496.4,12.8,112.12
496.5,13.0,112.12
496.6,26.4,112.12
496.7,13.5,112.12
496.8,25.6,112.12
496.9,13.4,112.12
497.0,12.8,112.12
497.1,13.6,112.12
497.2,12.7,112.12
497.3,13.6,112.12
497.4,13.9,112.13
497.5,13.6,112.13
497.6,12.5,112.13
497.7,13.5,112.13
497.8,13.2,112.13
497.9,12.5,112.13
498.0,13.1,112.13
498.1,13.4,112.13
498.2,13.5,112.13
498.3,13.3,112.13
498.4,13.3,112.13
498.5,25.4,112.13
498.6,13.3,112.13
498.7,12.9,112.13
498.8,13.3,112.13
498.9,12.9,112.13
499.0,0.0,112.13
499.1,13.5,112.13
499.2,13.6,112.13
499.3,13.3,112.13
499.4,12.7,112.13
499.5,0.0,112.13
499.6,11.6,112.13
499.7,26.2,112.13
499.8,13.7,112.13
499.9,13.9,112.13
500.0,13.0,112.13
500.1,13.6,112.13
500.2,12.8,112.13
500.3,13.6,112.13
500.4,12.9,112.13
500.5,13.0,112.13
500.6,25.4,112.13
500.7,0.0,112.13
500.8,25.7,112.13
500.9,13.5,112.13
501.0,13.1,112.13
501.1,13.3,112.13
501.2,13.2,112.13
501.3,25.4,112.13
501.4,25.5,112.13
501.5,12.8,112.13
501.6,13.6,112.13
501.7,13.2,112.13
501.8,13.6,112.13
501.9,12.9,112.13
502.0,13.6,112.13
502.1,25.6,112.13
502.2,13.4,112.13
502.3,12.9,112.13
502.4,13.4,112.13
502.5,12.7,112.13
502.6,12.9,112.13
502.7,25.5,112.13
502.8,13.5,112.13
502.9,12.4,112.13
503.0,13.7,112.13
503.1,13.4,112.13
503.2,0.0,112.13
503.3,12.8,112.13
503.4,13.4,112.13
503.5,13.7,112.13
503.6,25.4,112.13
503.7,13.6,112.13
503.8,13.4,112.13
503.9,13.6,112.13
504.0,25.5,112.13
504.1,25.3,112.13
504.2,25.5,112.13
504.3,13.5,112.13
504.4,25.7,112.13
504.5,13.6,112.13
504.6,12.9,112.13
504.7,13.8,112.13
504.8,11.8,112.13
504.9,13.7,112.13
505.0,26.4,112.13
505.1,13.0,112.13
505.2,13.6,112.13
505.3,12.9,112.13
505.4,0.0,112.13
505.5,13.0,112.13
505.6,13.6,112.13
505.7,25.4,112.13
505.8,13.3,112.13
505.9,12.8,112.13
506.0,13.8,112.13
506.1,12.8,112.13
506.2,13.8,112.13
506.3,12.6,112.13
506.4,13.1,112.13
506.5,25.4,112.13
506.6,12.9,112.13
506.7,12.7,112.13
506.8,13.9,112.13
506.9,12.6,112.13
507.0,13.6,112.13
507.1,13.3,112.13
507.2,13.3,112.13
507.3,13.5,112.13
507.4,13.3,112.14
507.5,13.9,112.14
507.6,13.9,112.14
507.7,13.6,112.14
507.8,12.7,112.14
507.9,12.8,112.14
508.0,12.7,112.14
508.1,25.5,112.14
508.2,25.6,112.14
508.3,14.2,112.14
508.4,14.0,112.14
508.5,13.3,112.14
508.6,12.9,112.14
508.7,0.0,112.14
508.8,12.9,112.14
508.9,0.0,112.14
509.0,13.6,112.14
509.1,12.8,112.14
509.2,13.8,112.14
509.3,14.0,112.14
509.4,13.8,112.14
509.5,25.5,112.14
509.6,25.2,112.14
509.7,25.2,112.14
509.8,13.3,112.14
509.9,0.0,112.14
510.0,13.7,112.14
510.1,13.6,112.14
510.2,13.0,112.14
510.3,13.8,112.14
510.4,13.3,112.14
510.5,14.0,112.14
510.6,13.6,112.14
510.7,13.3,112.14
510.8,13.9,112.14
510.9,14.4,112.14
511.0,13.8,112.14
511.1,0.0,112.14
511.2,13.5,112.14
511.3,12.8,112.14
511.4,0.0,112.14
511.5,0.0,112.14
511.6,13.5,112.14
511.7,25.6,112.14
511.8,13.5,112.14
511.9,0.0,112.14
512.0,13.0,112.14
512.1,25.3,112.14
512.2,13.6,112.14
512.3,13.2,112.14
512.4,13.4,112.14
512.5,13.3,112.14
512.6,13.7,112.14
512.7,0.0,112.14
512.8,12.8,112.14
512.9,13.6,112.14
513.0,12.9,112.14
513.1,0.0,112.14
513.2,12.9,112.14
513.3,13.6,112.14
513.4,13.2,112.14
513.5,13.6,112.14
513.6,12.7,112.14
513.7,11.6,112.14
513.8,13.7,112.14
513.9,26.6,112.14
514.0,12.8,112.14
514.1,13.0,112.14
514.2,13.7,112.14
514.3,13.0,112.14
514.4,0.0,112.14
514.5,12.8,112.14
514.6,13.7,112.14
514.7,12.9,112.14
514.8,12.9,112.17
514.9,25.5,112.17
515.0,13.0,112.17
515.1,24.7,112.17
515.2,13.7,112.17
515.3,25.7,112.17
515.4,13.2,112.17
515.5,12.6,112.17
515.6,0.0,112.17
515.7,12.8,112.17
515.8,13.1,112.17
515.9,26.9,112.17
516.0,13.7,112.17
516.1,13.6,112.17
516.2,13.1,112.17
516.3,13.3,112.17
516.4,13.5,112.17
516.5,13.5,112.17
516.6,13.7,112.18
516.7,13.4,112.18
516.8,25.4,112.18
516.9,13.6,112.18
517.0,13.7,112.18
517.1,12.8,112.18
517.2,12.8,112.18
517.3,13.9,112.18
517.4,13.5,112.18
517.5,13.5,112.18
517.6,13.5,112.18
517.7,12.9,112.18
517.8,0.0,112.18
517.9,12.9,112.18
518.0,13.6,112.18
518.1,0.0,112.18
518.2,13.4,112.18
518.3,25.5,112.18
518.4,13.6,112.18
518.5,12.8,112.18
518.6,13.7,112.18
518.7,13.2,112.18
518.8,13.8,112.18
518.9,13.3,112.18
519.0,13.0,112.18
519.1,13.3,112.18
519.2,13.7,112.18
519.3,13.4,112.18
519.4,12.8,112.18
519.5,13.6,112.18
519.6,25.6,112.18
519.7,13.6,112.18
519.8,25.5,112.18
519.9,13.1,112.18
520.0,12.9,112.18
520.1,0.0,112.18
520.2,12.8,112.18
520.3,13.1,112.18
520.4,26.0,112.18
520.5,13.5,112.18
520.6,26.8,112.18
520.7,13.0,112.18
520.8,13.1,112.18
520.9,13.2,112.18
521.0,13.9,112.18
521.1,12.9,112.18
521.2,13.3,112.18
521.3,25.2,112.18
521.4,13.6,112.18
521.5,0.0,112.18
521.6,13.5,112.18
521.7,25.6,112.18
521.8,13.3,112.18
521.9,12.7,112.18
522.0,13.3,112.18
522.1,13.5,112.18
522.2,13.7,112.18
522.3,13.4,112.18
522.4,0.0,112.18
522.5,13.4,112.18
522.6,0.0,112.18
522.7,14.2,112.18
522.8,13.2,112.18
522.9,0.0,112.18
523.0,13.4,112.18
523.1,12.9,112.18
523.2,0.0,112.18
523.3,13.1,112.18
523.4,25.8,112.18
523.5,12.9,112.18
523.6,13.3,112.18
523.7,13.4,112.18
523.8,13.0,112.18
523.9,25.4,112.18
524.0,13.2,112.18
524.1,12.9,112.18
524.2,0.0,112.18
524.3,12.8,112.18
524.4,13.7,112.18
524.5,12.8,112.18
524.6,14.1,112.18
524.7,12.8,112.18
524.8,12.9,112.18
524.9,13.4,112.18
525.0,13.1,112.18
525.1,12.8,112.18
525.2,0.0,112.18
525.3,12.7,112.18
525.4,13.6,112.18
525.5,25.3,112.18
525.6,0.0,112.18
525.7,13.2,112.18
525.8,13.1,112.18
525.9,13.7,112.18
526.0,12.9,112.18
526.1,26.5,112.18
526.2,12.9,112.18
526.3,13.6,112.18
526.4,25.2,112.18
526.5,13.1,112.18
526.6,12.7,112.18
526.7,0.0,112.18
526.8,12.8,112.18
526.9,13.3,112.18
527.0,14.0,112.18
527.1,13.7,112.18
527.2,12.5,112.18
527.3,13.3,112.18
527.4,12.8,112.18
527.5,13.4,112.18
527.6,12.9,112.18
527.7,14.1,112.18
527.8,13.5,112.18
527.9,12.8,112.18
528.0,13.8,112.18
528.1,12.8,112.18
528.2,13.7,112.18
528.3,12.9,112.18
528.4,13.7,112.18
528.5,13.9,112.18
528.6,13.7,112.18
528.7,25.2,112.18
528.8,13.6,112.18
528.9,25.1,112.18
529.0,13.4,112.18
529.1,13.2,112.18
529.2,13.5,112.18
529.3,13.0,112.18
529.4,13.6,112.18
529.5,13.8,112.18
529.6,13.8,112.18
529.7,13.7,112.18
529.8,0.0,112.18
529.9,13.6,112.18
530.0,13.9,112.18
530.1,25.4,112.18
530.2,25.3,112.18
530.3,13.3,112.18
530.4,12.5,112.18
530.5,12.9,112.18
530.6,13.9,112.18
530.7,0.0,112.18
530.8,13.3,112.18
530.9,13.6,112.18
531.0,13.6,112.18
531.1,25.7,112.18
531.2,13.7,112.18
531.3,25.8,112.18
531.4,12.9,112.18
531.5,12.7,112.18
531.6,0.0,112.18
531.7,25.5,112.18
531.8,13.7,112.18
531.9,25.5,112.18
532.0,13.0,112.18
532.1,12.4,112.18
532.2,13.1,112.18
532.3,13.0,112.18
532.4,13.7,112.18
532.5,0.0,112.18
532.6,13.5,112.18
532.7,13.6,112.18
532.8,12.8,112.18
532.9,13.4,112.18
533.0,12.9,112.18
533.1,13.6,112.18
533.2,12.9,112.18
533.3,12.9,112.18
533.4,12.7,112.18
533.5,13.9,112.18
533.6,12.5,112.18
533.7,13.3,112.18
533.8,13.4,112.18
533.9,13.5,112.18
534.0,13.3,112.18
534.1,0.0,112.18
534.2,13.2,112.18
534.3,26.2,112.18
534.4,13.6,112.18
534.5,25.2,112.18
534.6,25.9,112.18
534.7,13.1,112.18
534.8,13.6,112.18
534.9,13.8,112.18
535.0,13.7,112.18
535.1,13.6,112.18
535.2,13.7,112.18
535.3,13.7,112.18
535.4,0.0,112.18
535.5,13.5,112.18
535.6,13.6,112.18
535.7,13.5,112.19
535.8,13.2,112.19
535.9,13.7,112.19
536.0,12.9,112.19
536.1,13.1,112.19
536.2,25.9,112.19
536.3,14.0,112.19
536.4,12.9,112.19
536.5,13.0,112.19
536.6,13.1,112.19
536.7,14.6,112.19
536.8,13.2,112.19
536.9,13.5,112.19
537.0,13.8,112.19
537.1,13.3,112.19
537.2,13.7,112.19
537.3,13.6,112.19
537.4,27.1,112.19
537.5,12.7,112.19
537.6,13.7,112.19
537.7,12.7,112.19
537.8,13.5,112.19
537.9,25.5,112.19
538.0,12.7,112.19
538.1,13.3,112.19
538.2,25.7,112.19
538.3,25.6,112.19
538.4,14.2,112.19
538.5,13.6,112.19
538.6,26.0,112.19
538.7,13.4,112.19
538.8,12.9,112.19
538.9,25.5,112.19
539.0,12.9,112.19
539.1,13.4,112.19
539.2,25.8,112.19
539.3,13.7,112.19
539.4,25.5,112.19
539.5,13.7,112.19
539.6,13.5,112.19
539.7,13.9,112.19
539.8,13.4,112.19
539.9,13.3,112.19
540.0,13.1,112.19
540.1,13.5,112.19
540.2,13.7,112.19
540.3,13.9,112.19
540.4,13.5,112.19
540.5,12.8,112.19
540.6,13.7,112.19
540.7,25.2,112.19
540.8,13.6,112.19
540.9,25.6,112.19
541.0,13.7,112.19
541.1,0.0,112.19
541.2,13.5,112.19
541.3,12.6,112.19
541.4,13.4,112.21
541.5,0.0,112.21
541.6,0.0,112.21
541.7,13.3,112.21
541.8,14.0,112.21
541.9,13.2,112.21
542.0,25.7,112.21
542.1,0.0,112.22
542.2,12.9,112.22
542.3,13.6,112.22
542.4,12.9,112.22
542.5,13.3,112.22
542.6,25.7,112.22
542.7,13.6,112.22
542.8,12.8,112.22
542.9,13.6,112.22
543.0,13.5,112.22
543.1,13.6,112.22
543.2,26.4,112.22
543.3,13.2,112.22
543.4,13.5,112.22
543.5,11.9,112.22
543.6,13.5,112.22
543.7,12.7,112.22
543.8,13.6,112.22
543.9,12.9,112.22
544.0,13.3,112.22
544.1,25.6,112.22
544.2,13.6,112.22
544.3,25.7,112.22
544.4,14.3,112.22
544.5,25.9,112.22
544.6,13.8,112.22
544.7,25.7,112.22
544.8,12.9,112.22
544.9,12.3,112.22
545.0,13.4,112.22
545.1,24.6,112.22
545.2,14.3,112.22
545.3,13.8,112.22
545.4,13.4,112.22
545.5,13.7,112.22
545.6,0.0,112.22
545.7,13.7,112.22
545.8,12.9,112.22
545.9,13.3,112.22
546.0,25.6,112.22
546.1,13.6,112.22
546.2,12.9,112.22
546.3,0.0,112.22
546.4,12.8,112.22
546.5,0.0,112.22
546.6,13.3,112.22
546.7,12.9,112.22
546.8,13.7,112.22
546.9,12.8,112.22
547.0,13.1,112.22
547.1,0.0,112.22
547.2,13.7,112.22
547.3,13.2,112.22
547.4,13.6,112.22
547.5,25.0,112.22
547.6,14.0,112.22
547.7,13.7,112.22
547.8,13.2,112.22
547.9,13.6,112.22
548.0,13.7,112.22
548.1,13.6,112.22
548.2,13.4,112.22
548.3,13.5,112.22
548.4,12.8,112.22
548.5,13.5,112.22
548.6,24.6,112.22
548.7,13.6,112.22
548.8,13.3,112.22
548.9,13.1,112.22
549.0,12.7,112.22
549.1,13.6,112.22
549.2,12.9,112.22
549.3,0.0,112.22
549.4,13.9,112.22
549.5,13.2,112.22
549.6,13.6,112.22
549.7,13.7,112.22
549.8,14.4,112.22
549.9,13.6,112.22
550.0,13.0,112.22
550.1,12.7,112.22
550.2,13.4,112.22
550.3,12.8,112.22
550.4,14.2,112.22
550.5,13.6,112.22
550.6,13.7,112.22
550.7,0.0,112.22
550.8,26.8,112.22
550.9,13.9,112.22
551.0,13.3,112.22
551.1,13.7,112.22
551.2,12.9,112.22
551.3,13.7,112.22
551.4,12.9,112.22
551.5,13.6,112.22
551.6,12.8,112.22
551.7,13.6,112.22
551.8,25.5,112.22
551.9,13.8,112.22
552.0,13.5,112.22
552.1,13.6,112.22
552.2,13.6,112.22
552.3,25.4,112.22
552.4,13.7,112.22
552.5,13.5,112.22
552.6,13.6,112.22
552.7,25.6,112.22
552.8,13.6,112.22
552.9,13.0,112.22
553.0,25.5,112.22
553.1,12.8,112.22
553.2,12.7,112.22
553.3,12.6,112.22
553.4,12.7,112.22
553.5,0.0,112.22
553.6,14.2,112.22
553.7,14.0,112.22
553.8,12.9,112.22
553.9,13.8,112.22
554.0,13.3,112.22
554.1,13.4,112.22
554.2,13.5,112.22
554.3,0.0,112.22
554.4,14.4,112.22
554.5,13.3,112.22
554.6,0.0,112.22
554.7,13.7,112.22
554.8,13.6,112.22
554.9,13.4,112.23
555.0,13.1,112.23
555.1,12.8,112.23
555.2,13.1,112.23
555.3,13.0,112.23
555.4,13.6,112.23
555.5,12.9,112.23
555.6,14.6,112.23
555.7,13.0,112.23
555.8,13.9,112.23
555.9,12.8,112.23
556.0,0.0,112.23
556.1,26.7,112.23
556.2,13.8,112.23
556.3,25.6,112.23
556.4,12.7,112.23
556.5,14.0,112.23
556.6,12.8,112.23
556.7,13.5,112.23
556.8,14.3,112.23
556.9,13.5,112.23
557.0,14.5,112.23
557.1,0.0,112.23
557.2,0.0,112.23
557.3,13.8,112.23
557.4,13.8,112.23
557.5,13.9,112.23
557.6,13.9,112.23
557.7,0.0,112.23
557.8,0.0,112.23
557.9,13.4,112.23
558.0,12.8,112.23
558.1,13.2,112.23
558.2,25.7,112.23
558.3,13.5,112.23
558.4,25.7,112.23
558.5,13.6,112.23
558.6,12.7,112.23
558.7,13.7,112.23
558.8,13.8,112.23
558.9,13.8,112.23
559.0,13.9,112.23
559.1,14.0,112.23
559.2,0.0,112.23
559.3,13.9,112.23
559.4,14.2,112.23
559.5,0.0,112.23
559.6,13.8,112.23
559.7,14.0,112.23
559.8,13.7,112.23
559.9,0.0,112.23
560.0,0.0,112.23
560.1,13.8,112.23
560.2,13.8,112.23
560.3,13.6,112.23
560.4,13.7,112.23
560.5,13.6,112.23
560.6,13.7,112.23
560.7,13.8,112.23
560.8,0.0,112.23
560.9,0.0,112.23
561.0,13.7,112.23
561.1,13.7,112.23
561.2,0.0,112.23
561.3,0.0,112.23
561.4,13.8,112.23
561.5,13.7,112.23
561.6,13.7,112.23
561.7,13.1,112.23
561.8,13.6,112.23
561.9,13.6,112.23
562.0,13.8,112.23
562.1,13.8,112.23
562.2,13.9,112.23
562.3,0.0,112.23
562.4,13.7,112.23
562.5,13.6,112.23
562.6,14.1,112.23
562.7,13.5,112.23
562.8,13.7,112.23
562.9,13.6,112.23
563.0,0.0,112.23
563.1,13.9,112.23
563.2,13.7,112.23
563.3,13.6,112.23
563.4,13.7,112.23
563.5,13.8,112.23
563.6,13.8,112.23
563.7,0.0,112.23
563.8,0.0,112.23
563.9,0.0,112.23
564.0,14.0,112.23
564.1,13.8,112.23
564.2,13.6,112.23
564.3,0.0,112.23
564.4,14.0,112.23
564.5,14.0,112.23
564.6,13.8,112.23
564.7,13.8,112.23
564.8,0.0,112.23
564.9,13.7,112.23
565.0,13.6,112.23
565.1,0.0,112.23
565.2,13.7,112.23
565.3,13.9,112.23
565.4,14.0,112.23
565.5,13.7,112.23
565.6,13.7,112.23
565.7,13.7,112.23
565.8,13.5,112.23
565.9,13.6,112.23
566.0,13.8,112.23
566.1,13.8,112.23
566.2,13.7,112.23
566.3,13.8,112.23
566.4,13.7,112.23
566.5,0.0,112.23
566.6,13.9,112.23
566.7,13.8,112.23
566.8,13.8,112.23
566.9,13.8,112.23
567.0,0.0,112.23
567.1,13.6,112.23
567.2,13.9,112.23
567.3,0.0,112.23
567.4,0.0,112.23
567.5,0.0,112.23
567.6,13.7,112.23
567.7,13.7,112.23
567.8,13.6,112.23
567.9,13.7,112.23
568.0,13.9,112.23
568.1,13.9,112.23
568.2,0.0,112.23
568.3,13.8,112.23
568.4,13.6,112.23
568.5,13.9,112.23
568.6,0.0,112.24
568.7,13.7,112.24
568.8,0.0,112.24
568.9,0.0,112.24
569.0,13.8,112.24
569.1,14.0,112.24
569.2,13.9,112.24
569.3,13.7,112.24
569.4,13.8,112.24
569.5,13.9,112.24
569.6,14.0,112.24
569.7,13.8,112.24
569.8,0.0,112.24
569.9,13.8,112.24
570.0,13.9,112.24
570.1,13.7,112.24
570.2,0.0,112.24
570.3,13.7,112.24
570.4,13.7,112.24
570.5,13.7,112.24
570.6,13.9,112.24
570.7,13.9,112.24
570.8,13.8,112.24
570.9,14.1,112.24
571.0,0.0,112.24
571.1,14.0,112.24
571.2,13.8,112.24
571.3,0.0,112.24
571.4,0.0,112.24
571.5,0.0,112.24
571.6,13.8,112.24
571.7,13.5,112.24
571.8,0.0,112.24
571.9,13.7,112.24
572.0,13.8,112.24
572.1,13.7,112.24
572.2,13.7,112.24
572.3,14.2,112.24
572.4,13.6,112.24
572.5,13.6,112.24
572.6,0.0,112.24
572.7,13.5,112.24
572.8,13.9,112.24
572.9,13.9,112.24
573.0,13.8,112.24
573.1,13.6,112.24
573.2,13.8,112.24
573.3,13.8,112.24
573.4,0.0,112.24
573.5,13.6,112.24
573.6,13.8,112.24
573.7,13.7,112.24
573.8,13.7,112.24
573.9,13.7,112.24
574.0,14.0,112.24
574.1,13.7,112.24
574.2,13.8,112.24
574.3,13.8,112.24
574.4,13.9,112.24
574.5,13.9,112.24
574.6,0.0,112.24
574.7,13.8,112.24
574.8,13.9,112.24
574.9,13.8,112.24
575.0,13.8,112.21
575.1,13.7,112.21
575.2,13.9,112.21
575.3,14.1,112.21
575.4,13.9,112.21
575.5,13.5,112.21
575.6,13.8,112.21
575.7,13.6,112.21
575.8,13.7,112.21
575.9,13.9,112.21
576.0,13.7,112.21
576.1,13.9,112.21
576.2,13.6,112.21
576.3,13.7,112.21
576.4,14.0,112.21
576.5,13.9,112.21
576.6,13.9,112.21
576.7,0.0,112.21
576.8,13.7,112.21
576.9,13.8,112.21
577.0,13.6,112.21
577.1,0.0,112.21
577.2,13.7,112.21
577.3,13.7,112.21
577.4,0.0,112.21
577.5,13.8,112.21
577.6,14.0,112.21
577.7,13.6,112.21
577.8,14.0,112.21
577.9,0.0,112.21
578.0,13.7,112.21
578.1,13.6,112.21
578.2,13.8,112.21
578.3,0.0,112.21
578.4,13.9,112.21
578.5,13.5,112.21
578.6,13.9,112.21
578.7,0.0,112.21
578.8,13.8,112.21
578.9,13.8,112.21
579.0,13.7,112.21
579.1,13.8,112.21
579.2,13.8,112.21
579.3,14.0,112.21
579.4,13.8,112.21
579.5,0.0,112.21
579.6,13.9,112.21
579.7,13.7,112.21
579.8,13.8,112.21
579.9,13.7,112.21
580.0,13.7,112.21
580.1,13.7,112.21
580.2,13.6,112.21
580.3,13.9,112.21
580.4,13.9,112.21
580.5,13.9,112.21
580.6,14.0,112.21
580.7,13.4,112.21
580.8,14.1,112.21
580.9,13.9,112.21
581.0,13.8,112.21
581.1,0.0,112.21
581.2,13.9,112.21
581.3,14.1,112.21
581.4,14.0,112.21
581.5,13.9,112.21
581.6,14.0,112.21
581.7,0.0,112.21
581.8,13.9,112.21
581.9,13.8,112.21
582.0,13.8,112.21
582.1,0.0,112.21
582.2,13.7,112.21
582.3,13.8,112.21
582.4,13.7,112.21
582.5,13.8,112.21
582.6,13.5,112.21
582.7,13.8,112.21
582.8,0.0,112.21
582.9,14.0,112.21
583.0,13.6,112.21
583.1,13.8,112.21
583.2,0.0,112.21
583.3,0.0,112.21
583.4,0.0,112.21
583.5,14.0,112.21
583.6,13.7,112.21
583.7,0.0,112.21
583.8,13.8,112.21
583.9,13.5,112.21
584.0,0.0,112.21
584.1,13.6,112.21
584.2,0.0,112.21
584.3,13.8,112.21
584.4,0.0,112.21
584.5,13.7,112.21
584.6,13.7,112.21
584.7,13.8,112.21
584.8,0.0,112.21
584.9,13.8,112.21
585.0,13.7,112.21
585.1,14.2,112.21
585.2,13.8,112.21
585.3,13.8,112.21
585.4,13.6,112.21
585.5,13.5,112.21
585.6,0.0,112.21
585.7,13.7,112.21
585.8,13.8,112.21
585.9,14.1,112.21
586.0,13.8,112.21
586.1,13.7,112.21
586.2,13.6,112.21
586.3,13.8,112.21
586.4,13.7,112.21
586.5,13.9,112.21
586.6,14.0,112.22
586.7,13.7,112.22
586.8,0.0,112.22
586.9,13.7,112.22
587.0,13.8,112.22
587.1,13.8,112.22
587.2,0.0,112.22
587.3,0.0,112.22
587.4,0.0,112.22
587.5,13.9,112.22
587.6,14.2,112.22
587.7,14.2,112.22
587.8,14.0,112.22
587.9,14.1,112.22
588.0,14.7,112.22
588.1,14.0,112.22
588.2,14.8,112.22
588.3,13.8,112.22
588.4,14.4,112.22
588.5,13.9,112.22
588.6,0.0,112.22
588.7,13.7,112.22
588.8,14.3,112.22
588.9,13.8,112.22
589.0,14.4,112.22
589.1,14.3,112.22
589.2,13.9,112.22
589.3,14.0,112.22
589.4,14.8,112.22
589.5,14.2,112.22
589.6,13.9,112.22
589.7,14.7,112.22
589.8,13.7,112.22
589.9,0.0,112.22
590.0,13.7,112.22
590.1,13.8,112.22
590.2,14.0,112.22
590.3,0.0,112.22
590.4,0.0,112.22
590.5,13.9,112.22
590.6,13.9,112.22
590.7,13.9,112.22
590.8,13.7,112.22
590.9,0.0,112.22
591.0,13.8,112.22
591.1,13.9,112.22
591.2,13.8,112.22
591.3,13.6,112.22
591.4,0.0,112.22
591.5,0.0,112.22
591.6,13.8,112.22
591.7,13.8,112.22
591.8,14.1,112.22
591.9,13.7,112.22
592.0,13.7,112.22
592.1,13.7,112.22
592.2,13.7,112.22
592.3,13.6,112.22
592.4,14.0,112.22
592.5,13.7,112.22
592.6,13.8,112.22
592.7,13.8,112.22
592.8,13.9,112.22
592.9,13.8,112.22
593.0,13.8,112.22
593.1,13.7,112.23
593.2,0.0,112.23
593.3,13.5,112.23
593.4,13.8,112.23
593.5,13.7,112.23
593.6,13.8,112.23
593.7,13.7,112.23
593.8,13.8,112.23
593.9,13.9,112.23
594.0,13.7,112.23
594.1,0.0,112.23
594.2,13.7,112.23
594.3,13.6,112.23
594.4,0.0,112.23
594.5,0.0,112.23
594.6,13.9,112.23
594.7,14.1,112.23
594.8,13.8,112.23
594.9,0.0,112.23
595.0,13.6,112.23
595.1,13.8,112.23
595.2,13.7,112.23
595.3,13.9,112.23
595.4,13.8,112.23
595.5,13.6,112.23
595.6,13.8,112.23
595.7,0.0,112.23
595.8,13.8,112.23
595.9,13.8,112.23
596.0,13.9,112.23
596.1,0.0,112.23
596.2,13.7,112.23
596.3,13.9,112.23
596.4,13.6,112.23
596.5,0.0,112.23
596.6,13.8,112.23
596.7,13.7,112.23
596.8,13.7,112.23
596.9,13.9,112.23
597.0,13.9,112.23
597.1,13.6,112.23
597.2,13.7,112.23
597.3,13.8,112.23
597.4,13.8,112.23
597.5,13.8,112.23
597.6,0.0,112.23
597.7,13.7,112.23
597.8,13.9,112.23
597.9,13.6,112.23
598.0,0.0,112.23
598.1,13.9,112.23
598.2,13.6,112.23
598.3,13.8,112.23
598.4,13.6,112.23
598.5,13.9,112.23
598.6,13.9,112.23
598.7,27.3,112.23
598.8,13.7,112.23
598.9,13.9,112.23
599.0,13.6,112.23
599.1,13.4,112.23
599.2,0.0,112.23
599.3,13.7,112.23
599.4,13.9,112.23
599.5,13.7,112.23
599.6,13.7,112.23
599.7,13.8,112.23
599.8,13.9,112.23
599.9,13.8,112.23
600.0,0.0,112.23
600.1,14.0,112.23
600.2,13.8,112.23
600.3,14.0,112.23
600.4,13.7,112.23
600.5,13.9,112.23
600.6,13.7,112.23
600.7,13.6,112.23
600.8,0.0,112.23
600.9,14.0,112.23
601.0,13.8,112.23
601.1,13.9,112.23
601.2,13.7,112.23
601.3,13.7,112.23
601.4,13.7,112.29
601.5,14.1,112.29
601.6,13.9,112.29
601.7,13.7,112.29
601.8,13.7,112.29
601.9,14.0,112.29
602.0,13.8,112.29
602.1,13.5,112.29
602.2,13.7,112.29
602.3,13.5,112.29
602.4,13.8,112.29
602.5,13.9,112.29
602.6,13.8,112.29
602.7,13.7,112.29
602.8,13.7,112.29
602.9,13.7,112.29
603.0,13.7,112.29
603.1,0.0,112.29
603.2,13.7,112.29
603.3,13.8,112.29
603.4,13.8,112.29
603.5,13.8,112.29
603.6,14.1,112.29
603.7,13.6,112.29
603.8,14.7,112.29
603.9,14.0,112.29
604.0,13.7,112.29
604.1,13.6,112.29
604.2,13.8,112.29
604.3,13.8,112.29
604.4,13.7,112.29
604.5,13.9,112.29
604.6,13.6,112.29
604.7,14.1,112.29
604.8,14.0,112.29
604.9,0.0,112.29
605.0,13.6,112.29
605.1,13.7,112.29
605.2,14.0,112.29
605.3,0.0,112.29
605.4,13.7,112.29
605.5,13.7,112.29
605.6,13.7,112.29
605.7,0.0,112.29
605.8,13.8,112.29
605.9,13.8,112.29
606.0,13.6,112.29
606.1,13.9,112.29
606.2,13.7,112.29
606.3,14.8,112.29
606.4,14.0,112.29
606.5,13.9,112.29
606.6,13.5,112.29
606.7,13.5,112.29
606.8,14.5,112.29
606.9,13.7,112.29
607.0,14.0,112.29
607.1,13.9,112.29
607.2,0.0,112.29
607.3,13.7,112.29
607.4,14.0,112.29
607.5,14.5,112.29
607.6,14.4,112.29
607.7,14.6,112.29
607.8,13.5,112.29
607.9,13.6,112.29
608.0,0.0,112.29
608.1,0.0,112.29
608.2,13.8,112.29
608.3,0.0,112.29
608.4,13.6,112.29
608.5,13.6,112.29
608.6,0.0,112.29
608.7,13.8,112.29
608.8,13.7,112.29
608.9,13.7,112.29
609.0,13.6,112.29
609.1,13.6,112.29
609.2,13.7,112.29
609.3,0.0,112.29
609.4,13.6,112.29
609.5,14.0,112.29
609.6,14.6,112.29
609.7,14.2,112.29
609.8,13.8,112.29
609.9,0.0,112.29
610.0,13.7,112.29
610.1,13.7,112.29
610.2,13.8,112.29
610.3,13.6,112.29
610.4,13.7,112.29
610.5,0.0,112.29
610.6,0.0,112.29
610.7,0.0,112.29
610.8,13.8,112.29
610.9,13.8,112.29
611.0,13.9,112.29
611.1,13.6,112.29
611.2,13.7,112.29
611.3,13.7,112.29
611.4,13.7,112.29
611.5,13.7,112.29
611.6,13.6,112.29
611.7,14.0,112.29
611.8,13.8,112.29
611.9,13.7,112.29
612.0,13.9,112.29
612.1,13.9,112.29
612.2,13.8,112.29
612.3,13.7,112.29
612.4,13.8,112.29
612.5,13.8,112.29
612.6,13.7,112.29
612.7,13.8,112.29
612.8,13.7,112.29
612.9,13.5,112.29
613.0,0.0,112.29
613.1,14.0,112.29
613.2,14.0,112.29
613.3,13.6,112.29
613.4,0.0,112.29
613.5,13.5,112.29
613.6,13.7,112.29
613.7,13.7,112.29
613.8,13.7,112.29
613.9,14.5,112.29
614.0,13.6,112.29
614.1,13.8,112.29
614.2,0.0,112.29
614.3,13.7,112.29
614.4,13.7,112.29
614.5,13.6,112.29
614.6,13.7,112.29
614.7,13.8,112.29
614.8,0.0,112.29
614.9,0.0,112.29
615.0,13.7,112.29
615.1,13.8,112.29
615.2,13.7,112.29
615.3,13.6,112.29
615.4,13.8,112.29
615.5,13.6,112.29
615.6,13.7,112.29
615.7,13.8,112.29
615.8,13.7,112.29
615.9,0.0,112.29
616.0,13.7,112.29
616.1,13.6,112.29
616.2,0.0,112.29
616.3,13.7,112.29
616.4,0.0,112.29
616.5,13.7,112.29
616.6,0.0,112.29
616.7,14.0,112.29
616.8,13.8,112.29
616.9,13.8,112.29
617.0,0.0,112.29
617.1,13.9,112.29
617.2,13.6,112.29
617.3,0.0,112.29
617.4,13.6,112.29
617.5,13.7,112.29
617.6,13.7,112.29
617.7,0.0,112.29
617.8,13.6,112.29
617.9,13.7,112.29
618.0,13.8,112.29
618.1,13.8,112.29
618.2,13.7,112.29
618.3,14.1,112.29
618.4,14.2,112.29
618.5,13.8,112.29
618.6,0.0,112.29
618.7,14.1,112.29
618.8,13.8,112.29
618.9,13.7,112.29
619.0,13.6,112.29
619.1,13.8,112.29
619.2,13.7,112.29
619.3,13.8,112.29
619.4,0.0,112.29
619.5,13.8,112.29
619.6,13.9,112.29
619.7,13.8,112.29
619.8,14.2,112.29
619.9,13.8,112.29
620.0,13.7,112.29
620.1,13.7,112.29
620.2,13.8,112.29
620.3,0.0,112.29
620.4,13.6,112.29
620.5,13.6,112.29
620.6,13.7,112.29
620.7,13.7,112.29
620.8,13.9,112.29
620.9,13.6,112.29
621.0,0.0,112.29
621.1,13.7,112.29
621.2,13.7,112.29
621.3,0.0,112.29
621.4,13.6,112.29
621.5,13.8,112.29
621.6,13.7,112.29
621.7,0.0,112.29
621.8,13.8,112.29
621.9,13.8,112.29
622.0,13.8,112.29
622.1,0.0,112.29
622.2,13.8,112.29
622.3,13.7,112.29
622.4,13.7,112.29
622.5,0.0,112.29
622.6,13.9,112.29
622.7,13.7,112.29
622.8,13.6,112.29
622.9,13.8,112.29
623.0,13.7,112.29
623.1,13.7,112.29
623.2,0.0,112.29
623.3,13.6,112.29
623.4,14.0,112.29
623.5,14.0,112.29
623.6,0.0,112.29
623.7,0.0,112.29
623.8,13.9,112.29
623.9,13.8,112.29
624.0,0.0,112.29
624.1,0.0,112.29
624.2,13.9,112.29
624.3,13.8,112.29
624.4,13.7,112.29
624.5,13.7,112.29
624.6,13.7,112.29
624.7,27.8,112.29
624.8,13.7,112.29
624.9,13.7,112.29
625.0,13.9,112.29
625.1,27.6,112.29
625.2,0.0,112.29
625.3,13.6,112.29
625.4,13.8,112.29
625.5,13.8,112.29
625.6,0.0,112.29
625.7,0.0,112.29
625.8,13.5,112.29
625.9,13.6,112.29
626.0,13.7,112.29
626.1,13.4,112.29
626.2,13.6,112.29
626.3,13.5,112.29
626.4,13.7,112.29
626.5,13.7,112.29
626.6,13.8,112.29
626.7,13.7,112.29
626.8,13.4,112.29
626.9,13.7,112.29
627.0,13.5,112.29
627.1,13.8,112.29
627.2,13.6,112.29
627.3,13.8,112.29
627.4,13.7,112.29
627.5,13.7,112.29
627.6,0.0,112.29
627.7,13.7,112.29
627.8,13.7,112.29
627.9,13.7,112.29
628.0,0.0,112.29
628.1,13.6,112.29
628.2,13.8,112.29
628.3,13.7,112.29
628.4,13.4,112.29
628.5,13.7,112.29
628.6,13.7,112.29
628.7,13.7,112.29
628.8,13.8,112.29
628.9,14.0,112.29
629.0,13.7,112.29
629.1,13.8,112.29
629.2,13.8,112.29
629.3,13.7,112.29
629.4,13.6,112.29
629.5,13.6,112.29
629.6,13.7,112.29
629.7,13.6,112.29
629.8,13.7,112.29
629.9,13.7,112.29
630.0,0.0,112.29
630.1,13.5,112.29
630.2,27.7,112.29
630.3,13.5,112.29
630.4,13.5,112.29
630.5,13.6,112.29
630.6,0.0,112.29
630.7,13.7,112.29
630.8,13.7,112.29
630.9,13.6,112.29
631.0,13.7,112.29
631.1,13.6,112.29
631.2,0.0,112.29
631.3,13.6,112.29
631.4,13.7,112.29
631.5,13.8,112.29
631.6,0.0,112.29
631.7,13.5,112.29
631.8,13.6,112.29
631.9,13.7,112.29
632.0,13.6,112.29
632.1,13.7,112.29
632.2,13.7,112.29
632.3,13.7,112.29
632.4,13.6,112.29
632.5,0.0,112.29
632.6,13.6,112.29
632.7,13.6,112.29
632.8,13.9,112.29
632.9,0.0,112.29
633.0,13.5,112.29
633.1,13.5,112.29
633.2,13.6,112.29
633.3,13.7,112.29
633.4,13.7,112.29
633.5,0.0,112.29
633.6,13.8,112.29
633.7,13.8,112.29
633.8,13.7,112.29
633.9,13.5,112.29
634.0,13.6,112.29
634.1,13.6,112.29
634.2,13.6,112.29
634.3,14.1,112.29
634.4,13.7,112.29
634.5,13.5,112.29
634.6,13.9,112.29
634.7,13.7,112.29
634.8,13.5,112.29
634.9,13.8,112.29
635.0,13.7,112.29
635.1,13.7,112.29
635.2,13.6,112.29
635.3,13.7,112.29
635.4,13.8,112.29
635.5,0.0,112.29
635.6,13.9,112.29
635.7,27.4,112.29
635.8,13.7,112.29
635.9,0.0,112.29
636.0,13.8,112.29
636.1,13.9,112.29
636.2,13.7,112.29
636.3,13.6,112.29
636.4,0.0,112.29
636.5,13.6,112.29
636.6,13.7,112.29
636.7,13.6,112.29
636.8,13.6,112.29
636.9,13.5,112.29
637.0,13.7,112.29
637.1,13.7,112.29
637.2,13.5,112.29
637.3,13.7,112.29
637.4,13.6,112.29
637.5,13.7,112.29
637.6,13.7,112.29
637.7,13.7,112.29
637.8,13.6,112.29
637.9,13.7,112.29
638.0,14.7,112.29
638.1,13.6,112.29
638.2,0.0,112.29
638.3,13.7,112.29
638.4,13.6,112.29
638.5,13.9,112.29
638.6,0.0,112.29
638.7,13.5,112.29
638.8,13.7,112.29
638.9,0.0,112.29
639.0,13.8,112.29
639.1,13.7,112.29
639.2,13.8,112.29
639.3,13.8,112.29
639.4,0.0,112.29
639.5,13.6,112.29
639.6,13.7,112.29
639.7,13.6,112.29
639.8,0.0,112.29
639.9,13.8,112.29
640.0,13.4,112.29
640.1,0.0,112.29
640.2,14.0,112.29
640.3,14.2,112.29
640.4,14.2,112.29
640.5,0.0,112.29
640.6,0.0,112.29
640.7,14.1,112.29
640.8,14.2,112.29
640.9,13.7,112.29
641.0,14.5,112.29
641.1,13.7,112.29
641.2,0.0,112.29
641.3,13.9,112.29
641.4,13.7,112.29
641.5,14.2,112.29
641.6,13.9,112.29
641.7,0.0,112.29
641.8,13.6,112.29
641.9,14.4,112.29
642.0,14.1,112.29
642.1,13.8,112.29
642.2,13.8,112.29
642.3,0.0,112.29
642.4,0.0,112.29
642.5,13.8,112.29
642.6,14.6,112.29
642.7,13.8,112.29
642.8,13.6,112.29
642.9,0.0,112.29
643.0,13.7,112.29
643.1,13.7,112.29
643.2,13.8,112.29
643.3,0.0,112.29
643.4,0.0,112.29
643.5,0.0,112.29
643.6,13.8,112.29
643.7,13.6,112.29
643.8,0.0,112.29
643.9,13.6,112.29
644.0,13.6,112.29
644.1,13.5,112.29
644.2,13.6,112.29
644.3,13.8,112.29
644.4,13.7,112.29
644.5,13.8,112.29
644.6,13.7,112.29
644.7,13.7,112.29
644.8,13.5,112.29
644.9,13.6,112.29
645.0,13.6,112.29
645.1,13.8,112.29
645.2,13.9,112.29
645.3,13.6,112.29
645.4,13.6,112.29
645.5,13.7,112.29
645.6,14.0,112.29
645.7,13.6,112.29
645.8,13.7,112.29
645.9,13.8,112.29
646.0,13.7,112.29
646.1,0.0,112.29
646.2,13.7,112.29
646.3,13.5,112.29
646.4,0.0,112.29
646.5,13.8,112.29
646.6,13.5,112.29
646.7,0.0,112.29
646.8,13.8,112.29
646.9,13.8,112.29
647.0,13.7,112.29
647.1,13.7,112.29
647.2,13.6,112.29
647.3,13.8,112.29
647.4,0.0,112.29
647.5,13.8,112.29
647.6,13.7,112.29
647.7,13.6,112.29
647.8,0.0,112.29
647.9,13.7,112.29
648.0,14.1,112.29
648.1,0.0,112.29
648.2,0.0,112.29
648.3,13.7,112.29
648.4,13.8,112.29
648.5,13.9,112.29
648.6,13.7,112.29
648.7,13.6,112.29
648.8,13.6,112.29
648.9,13.7,112.29
649.0,13.8,112.29
649.1,13.9,112.29
649.2,13.8,112.29
649.3,0.0,112.29
649.4,13.7,112.29
649.5,13.4,112.29
649.6,0.0,112.29
649.7,13.8,112.29
649.8,13.7,112.29
649.9,13.6,112.29
650.0,0.0,112.29
650.1,13.5,112.29
650.2,13.8,112.29
650.3,0.0,112.29
650.4,13.6,112.29
650.5,13.7,112.29
650.6,0.0,112.29
650.7,0.0,112.29
650.8,0.0,112.29
650.9,0.0,112.29
651.0,13.8,112.29
651.1,13.8,112.29
651.2,13.7,112.29
651.3,13.8,112.29
651.4,13.8,112.29
651.5,13.7,112.29
651.6,13.8,112.29
651.7,0.0,112.29
651.8,13.6,112.29
651.9,13.8,112.29
652.0,13.6,112.29
652.1,0.0,112.29
652.2,13.8,112.29
652.3,13.7,112.29
652.4,13.7,112.29
652.5,0.0,112.29
652.6,13.7,112.29
652.7,0.0,112.29
652.8,13.6,112.29
652.9,13.7,112.29
653.0,14.0,112.29
653.1,0.0,112.29
653.2,13.7,112.29
653.3,13.6,112.29
653.4,13.9,112.29
653.5,13.6,112.29
653.6,0.0,112.29
653.7,14.0,112.29
653.8,13.7,112.29
653.9,13.8,112.29
654.0,13.8,112.29
654.1,13.6,112.29
654.2,13.6,112.29
654.3,13.9,112.29
654.4,13.8,112.29
654.5,13.7,112.29
654.6,13.9,112.29
654.7,14.8,112.29
654.8,14.7,112.29
654.9,14.1,112.29
655.0,14.5,112.29
655.1,13.8,112.29
655.2,13.6,112.29
655.3,13.6,112.29
655.4,13.7,112.29
655.5,14.7,112.29
655.6,13.8,112.29
655.7,14.7,112.29
655.8,13.8,112.29
655.9,13.7,112.29
656.0,0.0,112.29
656.1,13.8,112.29
656.2,14.3,112.29
656.3,14.0,112.29
656.4,13.7,112.29
656.5,0.0,112.29
656.6,0.0,112.29
656.7,0.0,112.29
656.8,13.9,112.29
656.9,13.8,112.29
657.0,13.8,112.29
657.1,0.0,112.29
657.2,13.8,112.29
657.3,13.6,112.29
657.4,13.6,112.29
657.5,0.0,112.29
657.6,13.7,112.29
657.7,13.7,112.29
657.8,13.8,112.29
657.9,13.6,112.29
658.0,13.6,112.29
658.1,13.5,112.29
658.2,13.6,112.29
658.3,13.7,112.29
658.4,26.7,112.29
658.5,13.7,112.29
658.6,13.8,112.29
658.7,13.7,112.29
658.8,13.7,112.29
658.9,13.8,112.29
659.0,14.3,112.29
659.1,13.9,112.29
659.2,0.0,112.29
659.3,13.7,112.29
659.4,13.8,112.29
659.5,13.8,112.29
659.6,13.7,112.29
659.7,13.8,112.29
659.8,0.0,112.29
659.9,0.0,112.29
660.0,13.7,112.29
660.1,13.7,112.29
660.2,13.8,112.29
660.3,13.6,112.29
660.4,13.8,112.29
660.5,13.6,112.29
660.6,13.7,112.29
660.7,13.7,112.29
660.8,13.9,112.29
660.9,14.4,112.29
661.0,13.6,112.29
661.1,13.5,112.29
661.2,13.8,112.29
661.3,13.7,112.29
661.4,13.7,112.29
661.5,13.5,112.29
661.6,13.7,112.29
661.7,13.6,112.29
661.8,13.7,112.29
661.9,13.7,112.29
662.0,0.0,112.29
662.1,13.7,112.29
662.2,13.5,112.29
662.3,13.6,112.29
662.4,13.3,112.29
662.5,13.7,112.29
662.6,0.0,112.29
662.7,13.9,112.29
662.8,13.5,112.29
662.9,13.7,112.29
663.0,13.5,112.29
663.1,13.7,112.29
663.2,13.8,112.29
663.3,13.7,112.29
663.4,13.9,112.29
663.5,13.6,112.29
663.6,0.0,112.29
663.7,13.7,112.29
663.8,13.6,112.29
663.9,13.6,112.29
664.0,13.6,112.29
664.1,13.7,112.29
664.2,0.0,112.29
664.3,0.0,112.29
664.4,13.4,112.29
664.5,0.0,112.29
664.6,13.5,112.29
664.7,13.7,112.29
664.8,13.6,112.29
664.9,13.7,112.29
665.0,14.6,112.29
665.1,13.9,112.29
665.2,13.8,112.29
665.3,0.0,112.29
665.4,13.9,112.29
665.5,13.7,112.29
665.6,13.8,112.29
665.7,13.9,112.29
665.8,0.0,112.29
665.9,13.9,112.29
666.0,13.8,112.29
666.1,13.5,112.29
666.2,13.6,112.29
666.3,13.9,112.29
666.4,14.0,112.29
666.5,13.8,112.29
666.6,0.0,112.29
666.7,13.6,112.29
666.8,13.7,112.29
666.9,13.6,112.29
667.0,13.6,112.29
667.1,13.9,112.29
667.2,13.7,112.29
667.3,13.4,112.29
667.4,13.8,112.29
667.5,13.6,112.29
667.6,13.6,112.29
667.7,0.0,112.29
667.8,13.6,112.29
667.9,13.7,112.29
668.0,13.8,112.29
668.1,13.7,112.29
668.2,0.0,112.29
668.3,13.5,112.29
668.4,13.7,112.29
668.5,13.6,112.29
668.6,0.0,112.29
668.7,13.9,112.29
668.8,13.5,112.29
668.9,13.8,112.29
669.0,13.6,112.29
669.1,13.7,112.29
669.2,0.0,112.29
669.3,0.0,112.29
669.4,14.1,112.29
669.5,13.9,112.29
669.6,13.9,112.29
669.7,14.6,112.29
669.8,27.5,112.29
669.9,0.0,112.29
670.0,13.6,112.29
670.1,13.6,112.29
670.2,13.8,112.29
670.3,0.0,112.29
670.4,0.0,112.29
670.5,13.9,112.29
670.6,14.0,112.29
670.7,13.9,112.29
670.8,13.8,112.29
670.9,13.5,112.29
671.0,13.6,112.29
671.1,14.7,112.29
671.2,13.7,112.29
671.3,13.6,112.29
671.4,13.7,112.29
671.5,13.6,112.29
671.6,0.0,112.29
671.7,13.6,112.29
671.8,13.7,112.29
671.9,0.0,112.29
672.0,13.7,112.29
672.1,13.7,112.29
672.2,13.6,112.29
672.3,13.7,112.29
672.4,13.8,112.29
672.5,13.8,112.29
672.6,0.0,112.29
672.7,13.7,112.29
672.8,13.6,112.29
672.9,0.0,112.29
673.0,13.7,112.29
673.1,13.6,112.29
673.2,0.0,112.29
673.3,14.1,112.29
673.4,13.6,112.29
673.5,13.6,112.29
673.6,13.8,112.29
673.7,14.3,112.29
673.8,13.8,112.29
673.9,13.7,112.29
674.0,0.0,112.29
674.1,13.5,112.29
674.2,13.7,112.29
674.3,0.0,112.29
674.4,13.8,112.29
674.5,13.7,112.29
674.6,13.6,112.29
674.7,13.6,112.29
674.8,13.6,112.29
674.9,13.8,112.29
675.0,13.8,112.29
675.1,13.6,112.29
675.2,13.7,112.29
675.3,13.5,112.29
675.4,13.6,112.29
675.5,13.4,112.29
675.6,13.6,112.29
675.7,13.7,112.29
675.8,0.0,112.29
675.9,13.7,112.29
676.0,13.6,112.29
676.1,13.7,112.29
676.2,13.6,112.29
676.3,13.6,112.29
676.4,0.0,112.29
676.5,13.7,112.29
676.6,13.9,112.29
676.7,13.7,112.29
676.8,13.7,112.29
676.9,13.7,112.29
677.0,13.6,112.29
677.1,13.6,112.29
677.2,13.6,112.29
677.3,13.5,112.29
677.4,13.6,112.29
677.5,14.0,112.29
677.6,13.9,112.29
677.7,13.9,112.29
677.8,0.0,112.29
677.9,0.0,112.29
678.0,0.0,112.29
678.1,14.0,112.29
678.2,13.7,112.29
678.3,14.0,112.29
678.4,13.7,112.29
678.5,0.0,112.29
678.6,13.6,112.29
678.7,13.7,112.29
678.8,13.7,112.29
678.9,27.2,112.29
679.0,13.7,112.29
679.1,13.7,112.29
679.2,0.0,112.29
679.3,13.7,112.29
679.4,13.7,112.29
679.5,13.4,112.29
679.6,13.7,112.29
679.7,13.6,112.29
679.8,0.0,112.29
679.9,13.6,112.29
680.0,13.6,112.29
680.1,13.7,112.29
680.2,13.6,112.29
680.3,13.8,112.29
680.4,13.6,112.29
680.5,13.6,112.29
680.6,13.6,112.29
680.7,13.7,112.29
680.8,13.6,112.29
680.9,13.5,112.29
681.0,13.6,112.29
681.1,13.6,112.29
681.2,13.8,112.29
681.3,13.7,112.29
681.4,13.6,112.29
681.5,13.9,112.29
681.6,13.9,112.29
681.7,0.0,112.29
681.8,0.0,112.29
681.9,13.7,112.29
682.0,13.5,112.29
682.1,13.6,112.36
682.2,0.0,112.36
682.3,13.5,112.36
682.4,13.7,112.36
682.5,13.5,112.36
682.6,14.1,112.36
682.7,13.5,112.36
682.8,13.7,112.36
682.9,13.6,112.36
683.0,13.6,112.36
683.1,13.7,112.36
683.2,13.6,112.36
683.3,0.0,112.36
683.4,13.7,112.36
683.5,13.6,112.36
683.6,13.5,112.36
683.7,13.7,112.36
683.8,13.7,112.36
683.9,13.5,112.36
684.0,13.7,112.36
684.1,27.3,112.36
684.2,0.0,112.36
684.3,13.6,112.36
684.4,0.0,112.36
684.5,0.0,112.36
684.6,13.8,112.36
684.7,13.7,112.36
684.8,13.8,112.36
684.9,13.8,112.36
685.0,13.6,112.36
685.1,13.5,112.36
685.2,0.0,112.36
685.3,13.7,112.36
685.4,13.7,112.36
685.5,13.5,112.36
685.6,13.9,112.36
685.7,13.8,112.36
685.8,13.5,112.36
685.9,13.4,112.36
686.0,13.9,112.36
686.1,13.7,112.36
686.2,13.5,112.36
686.3,13.7,112.36
686.4,13.6,112.36
686.5,0.0,112.36
686.6,0.0,112.36
686.7,13.5,112.36
686.8,13.7,112.36
686.9,13.6,112.36
687.0,13.8,112.36
687.1,13.7,112.36
687.2,13.7,112.36
687.3,14.4,112.36
687.4,0.0,112.36
687.5,13.6,112.36
687.6,13.7,112.36
687.7,13.6,112.36
687.8,0.0,112.36
687.9,13.7,112.36
688.0,13.8,112.36
688.1,13.7,112.36
688.2,0.0,112.36
688.3,13.8,112.36
688.4,13.6,112.36
688.5,13.5,112.36
688.6,13.5,112.36
688.7,13.9,112.36
688.8,13.7,112.36
688.9,13.6,112.36
689.0,13.8,112.36
689.1,13.5,112.36
689.2,13.6,112.36
689.3,13.5,112.36
689.4,0.0,112.36
689.5,13.4,112.36
689.6,14.3,112.36
689.7,13.8,112.36
689.8,13.8,112.36
689.9,13.5,112.36
690.0,13.8,112.36
690.1,13.6,112.36
690.2,13.7,112.36
690.3,13.6,112.36
690.4,13.6,112.36
690.5,13.7,112.36
690.6,13.8,112.36
690.7,13.5,112.36
690.8,13.5,112.36
690.9,13.7,112.36
691.0,13.8,112.36
691.1,0.0,112.36
691.2,0.0,112.36
691.3,0.0,112.36
691.4,13.9,112.36
691.5,14.0,112.36
691.6,14.6,112.36
691.7,13.8,112.36
691.8,13.8,112.36
691.9,13.6,112.36
692.0,13.7,112.36
692.1,13.7,112.36
692.2,0.0,112.36
692.3,13.6,112.36
692.4,13.6,112.36
692.5,0.0,112.36
692.6,13.9,112.36
692.7,13.6,112.36
692.8,13.6,112.36
692.9,13.6,112.36
693.0,27.7,112.36
693.1,14.8,112.36
693.2,13.8,112.36
693.3,14.5,112.36
693.4,14.0,112.36
693.5,14.5,112.36
693.6,14.1,112.36
693.7,14.0,112.36
693.8,0.0,112.36
693.9,0.0,112.36
694.0,0.0,112.36
694.1,0.0,112.36
694.2,27.4,112.36
694.3,0.0,112.36
694.4,0.0,112.36
694.5,14.1,112.36
694.6,0.0,112.36
694.7,0.0,112.36
694.8,0.0,112.36
694.9,0.0,112.36
695.0,13.8,112.36
695.1,14.1,112.36
695.2,13.8,112.36
695.3,13.8,112.36
695.4,0.0,112.36
695.5,13.7,112.36
695.6,13.4,112.36
695.7,0.0,112.36
695.8,13.9,112.36
695.9,0.0,112.36
696.0,0.0,112.36
696.1,0.0,112.36
696.2,13.5,112.36
696.3,13.5,112.36
696.4,0.0,112.36
696.5,13.6,112.36
696.6,13.7,112.36
696.7,0.0,112.36
696.8,13.5,112.36
696.9,13.8,112.36
697.0,13.6,112.36
697.1,13.5,112.36
697.2,27.1,112.36
697.3,13.5,112.36
697.4,13.7,112.36
697.5,13.5,112.36
697.6,13.5,112.36
697.7,13.7,112.36
697.8,13.6,112.36
697.9,0.0,112.36
698.0,13.6,112.36
698.1,13.5,112.36
698.2,0.0,112.36
698.3,13.7,112.36
698.4,0.0,112.36
698.5,13.7,112.36
698.6,13.6,112.36
698.7,0.0,112.36
698.8,13.7,112.36
698.9,0.0,112.36
699.0,13.7,112.36
699.1,13.7,112.36
699.2,13.7,112.36
699.3,13.7,112.36
699.4,0.0,112.36
699.5,13.9,112.36
699.6,13.6,112.36
699.7,13.7,112.36
699.8,13.5,112.36
699.9,13.7,112.36
700.0,13.5,112.36
700.1,13.6,112.36
700.2,13.6,112.36
700.3,13.6,112.36
700.4,0.0,112.36
700.5,13.7,112.36
700.6,13.8,112.36
700.7,13.6,112.36
700.8,13.7,112.36
700.9,13.7,112.36
701.0,13.6,112.36
701.1,13.5,112.36
701.2,13.7,112.36
701.3,13.6,112.36
701.4,0.0,112.36
701.5,13.7,112.36
701.6,13.7,112.36
701.7,14.0,112.36
701.8,0.0,112.36
701.9,13.7,112.36
702.0,13.8,112.36
702.1,13.6,112.36
702.2,13.6,112.36
702.3,13.8,112.36
702.4,14.1,112.36
702.5,13.5,112.36
702.6,13.5,112.36
702.7,13.6,112.36
702.8,0.0,112.36
702.9,13.7,112.36
703.0,13.8,112.36
703.1,13.7,112.36
703.2,13.7,112.36
703.3,13.7,112.36
703.4,13.7,112.36
703.5,0.0,112.36
703.6,13.9,112.36
703.7,13.7,112.36
703.8,13.7,112.36
703.9,13.6,112.36
704.0,13.4,112.36
704.1,13.6,112.36
704.2,13.6,112.36
704.3,13.7,112.36
704.4,13.7,112.36
704.5,13.7,112.36
704.6,13.8,112.36
704.7,13.6,112.36
704.8,13.6,112.36
704.9,0.0,112.36
705.0,13.8,112.36
705.1,0.0,112.36
705.2,13.7,112.36
705.3,13.6,112.36
705.4,13.7,112.36
705.5,13.8,112.36
705.6,13.6,112.36
705.7,13.5,112.36
705.8,0.0,112.36
705.9,13.6,112.36
706.0,13.6,112.36
706.1,0.0,112.36
706.2,13.5,112.36
706.3,13.7,112.36
706.4,13.7,112.36
706.5,13.6,112.36
706.6,13.7,112.36
706.7,13.6,112.36
706.8,13.7,112.36
706.9,13.6,112.36
707.0,13.8,112.36
707.1,13.7,112.36
707.2,13.6,112.36
707.3,13.8,112.36
707.4,13.7,112.36
707.5,13.6,112.36
707.6,13.5,112.36
707.7,13.7,112.36
707.8,13.6,112.36
707.9,13.7,112.36
708.0,13.6,112.36
708.1,13.6,112.36
708.2,13.6,112.36
708.3,13.6,112.36
708.4,13.6,112.36
708.5,13.7,112.36
708.6,0.0,112.36
708.7,13.6,112.36
708.8,13.7,112.36
708.9,13.7,112.36
709.0,13.7,112.36
709.1,13.8,112.36
709.2,0.0,112.36
709.3,13.9,112.36
709.4,13.4,112.36
709.5,13.6,112.36
709.6,13.7,112.36
709.7,0.0,112.36
709.8,13.7,112.36
709.9,0.0,112.36
710.0,13.6,112.36
710.1,13.8,112.36
710.2,13.7,112.36
710.3,13.7,112.36
710.4,13.6,112.36
710.5,13.6,112.36
710.6,13.7,112.36
710.7,13.7,112.36
710.8,13.6,112.36
710.9,13.8,112.36
711.0,0.0,112.36
711.1,13.6,112.36
711.2,13.3,112.36
711.3,13.7,112.36
711.4,13.6,112.36
711.5,13.6,112.36
711.6,13.6,112.36
711.7,13.9,112.36
711.8,13.8,112.36
711.9,13.8,112.36
712.0,14.0,112.36
712.1,13.7,112.36
712.2,14.0,112.36
712.3,13.7,112.36
712.4,13.6,112.36
712.5,13.8,112.36
712.6,14.4,112.36
712.7,13.5,112.36
712.8,13.5,112.36
712.9,13.6,112.36
713.0,14.2,112.36
713.1,13.6,112.36
713.2,13.8,112.36
713.3,13.6,112.36
713.4,13.7,112.36
713.5,13.9,112.36
713.6,13.5,112.36
713.7,14.3,112.36
713.8,13.6,112.36
713.9,13.6,112.36
714.0,13.6,112.36
714.1,13.8,112.36
714.2,13.6,112.36
714.3,0.0,112.36
714.4,14.1,112.36
714.5,13.7,112.36
714.6,13.9,112.36
714.7,13.8,112.36
714.8,13.6,112.36
714.9,13.6,112.36
715.0,13.7,112.36
715.1,0.0,112.36
715.2,13.7,112.36
715.3,13.5,112.36
715.4,0.0,112.36
715.5,13.7,112.36
715.6,13.5,112.36
715.7,13.7,112.36
715.8,13.6,112.36
715.9,13.5,112.36
716.0,13.8,112.36
716.1,13.9,112.36
716.2,13.8,112.36
716.3,0.0,112.36
716.4,13.7,112.36
716.5,13.7,112.36
716.6,13.5,112.36
716.7,13.7,112.36
716.8,13.7,112.36
716.9,13.9,112.36
717.0,13.6,112.36
717.1,13.7,112.36
717.2,13.6,112.36
717.3,0.0,112.36
717.4,13.5,112.36
717.5,13.6,112.36
717.6,13.6,112.36
717.7,13.7,112.36
717.8,13.7,112.36
717.9,13.6,112.36
718.0,13.7,112.36
718.1,13.8,112.36
718.2,0.0,112.36
718.3,13.8,112.36
718.4,13.6,112.36
718.5,13.6,112.36
718.6,13.8,112.36
718.7,13.8,112.36
718.8,13.5,112.36
718.9,0.0,112.36
719.0,13.9,112.36
719.1,0.0,112.36
719.2,13.5,112.36
719.3,13.7,112.36
719.4,13.8,112.36
719.5,13.8,112.36
719.6,13.8,112.36
719.7,13.8,112.36
719.8,13.7,112.36
719.9,13.8,112.36
720.0,0.0,112.36
720.1,13.5,112.36
720.2,13.8,112.36
720.3,13.8,112.36
720.4,13.9,112.36
720.5,13.7,112.36
720.6,13.6,112.36
720.7,13.8,112.36
720.8,0.0,112.36
720.9,13.7,112.36
721.0,13.8,112.36
721.1,13.6,112.36
721.2,13.7,112.36
721.3,13.6,112.36
721.4,13.8,112.36
721.5,13.3,112.36
721.6,13.7,112.36
721.7,0.0,112.36
721.8,13.7,112.36
721.9,13.6,112.36
722.0,13.7,112.36
722.1,13.6,112.36
722.2,13.7,112.36
722.3,13.6,112.36
722.4,0.0,112.36
722.5,13.9,112.36
722.6,13.7,112.36
722.7,13.6,112.36
722.8,13.8,112.36
722.9,13.3,112.36
723.0,14.0,112.36
723.1,0.0,112.36
723.2,13.8,112.36
723.3,13.7,112.36
723.4,13.6,112.36
723.5,13.8,112.36
723.6,13.9,112.36
723.7,13.6,112.36
723.8,0.0,112.36
723.9,13.6,112.36
724.0,13.8,112.36
724.1,13.6,112.36
724.2,13.9,112.36
724.3,13.7,112.36
724.4,13.7,112.36
724.5,13.6,112.36
724.6,13.6,112.36
724.7,13.8,112.36
724.8,13.5,112.36
724.9,13.9,112.36
725.0,13.8,112.36
725.1,13.7,112.36
725.2,13.7,112.36
725.3,13.8,112.36
725.4,13.6,112.36
725.5,0.0,112.36
725.6,13.5,112.36
725.7,13.6,112.36
725.8,13.6,112.36
725.9,13.8,112.36
726.0,13.7,112.36
726.1,13.6,112.36
726.2,13.7,112.36
726.3,13.6,112.36
726.4,0.0,112.36
726.5,14.0,112.36
726.6,13.6,112.36
726.7,13.6,112.36
726.8,13.8,112.36
726.9,13.5,112.36
727.0,13.6,112.36
727.1,13.7,112.36
727.2,13.9,112.36
727.3,13.7,112.36
727.4,0.0,112.36
727.5,13.8,112.36
727.6,13.6,112.36
727.7,13.7,112.36
727.8,13.5,112.36
727.9,13.7,112.36
728.0,13.8,112.36
728.1,0.0,112.36
728.2,13.6,112.36
728.3,13.3,112.36
728.4,13.5,112.36
728.5,13.7,112.36
728.6,13.7,112.36
728.7,13.7,112.36
728.8,13.6,112.36
728.9,13.9,112.36
729.0,0.0,112.36
729.1,13.7,112.36
729.2,13.7,112.36
729.3,13.8,112.36
729.4,13.8,112.36
729.5,13.8,112.36
729.6,13.8,112.36
729.7,13.6,112.36
729.8,13.6,112.36
729.9,13.8,112.36
730.0,13.7,112.36
730.1,0.0,112.36
730.2,14.3,112.36
730.3,14.1,112.36
730.4,13.8,112.36
730.5,13.7,112.36
730.6,13.7,112.36
730.7,13.6,112.36
730.8,13.8,112.36
730.9,0.0,112.36
731.0,13.6,112.36
731.1,13.9,112.36
731.2,14.7,112.36
731.3,13.9,112.36
731.4,13.7,112.36
731.5,13.6,112.36
731.6,13.7,112.36
731.7,13.7,112.36
731.8,13.8,112.36
731.9,13.7,112.36
732.0,13.8,112.36
732.1,13.6,112.36
732.2,13.5,112.36
732.3,0.0,112.36
732.4,13.8,112.36
732.5,0.0,112.36
732.6,13.8,112.36
732.7,14.0,112.36
732.8,0.0,112.36
732.9,0.0,112.36
733.0,13.7,112.36
733.1,0.0,112.36
733.2,0.0,112.36
733.3,0.0,112.36
733.4,13.6,112.36
733.5,14.3,112.36
733.6,13.9,112.36
733.7,13.9,112.36
733.8,13.7,112.36
733.9,0.0,112.36
734.0,13.4,112.36
734.1,13.8,112.36
734.2,13.7,112.36
734.3,0.0,112.36
734.4,14.2,112.36
734.5,13.7,112.36
734.6,0.0,112.36
734.7,13.6,112.36
734.8,13.8,112.36
734.9,13.7,112.36
735.0,0.0,112.36
735.1,13.5,112.36
735.2,13.8,112.36
735.3,13.7,112.36
735.4,13.8,112.36
735.5,13.6,112.36
735.6,13.6,112.36
735.7,13.8,112.36
735.8,13.5,112.36
735.9,13.8,112.36
736.0,0.0,112.36
736.1,13.9,112.36
736.2,13.8,112.36
736.3,13.6,112.36
736.4,0.0,112.36
736.5,13.5,112.36
736.6,13.6,112.36
736.7,0.0,112.36
736.8,13.7,112.36
736.9,13.7,112.36
737.0,13.5,112.36
737.1,13.6,112.36
737.2,13.6,112.36
737.3,0.0,112.36
737.4,13.8,112.36
737.5,13.6,112.36
737.6,14.1,112.36
737.7,0.0,112.36
737.8,13.8,112.36
737.9,13.8,112.36
738.0,14.1,112.36
738.1,13.6,112.36
738.2,13.8,112.36
738.3,13.8,112.36
738.4,13.7,112.36
738.5,0.0,112.36
738.6,13.7,112.36
738.7,13.9,112.36
738.8,13.7,112.36
738.9,13.7,112.36
739.0,28.5,112.36
739.1,13.7,112.36
739.2,13.8,112.36
739.3,13.7,112.36
739.4,0.0,112.36
739.5,13.6,112.36
739.6,13.8,112.36
739.7,14.0,112.36
739.8,13.7,112.36
739.9,13.7,112.36
740.0,14.2,112.36
740.1,13.8,112.36
740.2,13.5,112.36
740.3,13.7,112.36
740.4,13.6,112.36
740.5,13.7,112.36
740.6,0.0,112.36
740.7,13.8,112.36
740.8,13.8,112.36
740.9,13.7,112.36
741.0,13.6,112.36
741.1,13.6,112.36
741.2,13.7,112.36
741.3,0.0,112.36
741.4,13.8,112.36
741.5,13.7,112.36
741.6,13.5,112.36
741.7,13.5,112.36
741.8,13.7,112.36
741.9,13.7,112.36
742.0,0.0,112.36
742.1,13.6,112.36
742.2,0.0,112.36
742.3,13.7,112.36
742.4,13.6,112.36
742.5,13.5,112.36
742.6,13.6,112.36
742.7,13.8,112.36
742.8,13.7,112.36
742.9,13.7,112.36
743.0,13.8,112.36
743.1,0.0,112.36
743.2,13.8,112.36
743.3,13.8,112.36
743.4,13.7,112.36
743.5,13.8,112.36
743.6,0.0,112.36
743.7,13.6,112.36
743.8,13.6,112.36
743.9,0.0,112.36
744.0,13.7,112.36
744.1,14.0,112.36
744.2,13.7,112.36
744.3,0.0,112.36
744.4,13.5,112.36
744.5,13.8,112.36
744.6,13.8,112.36
744.7,13.6,112.36
744.8,13.8,112.36
744.9,13.6,112.36
745.0,13.8,112.36
745.1,13.7,112.36
745.2,13.8,112.36
745.3,0.0,112.36
745.4,13.7,112.36
745.5,13.6,112.36
745.6,0.0,112.36
745.7,13.6,112.36
745.8,14.5,112.36
745.9,0.0,112.36
746.0,14.6,112.36
746.1,14.7,112.36
746.2,14.5,112.36
746.3,13.8,112.36
746.4,0.0,112.36
746.5,0.0,112.36
746.6,13.6,112.36
746.7,14.0,112.36
746.8,13.9,112.36
746.9,13.6,112.36
747.0,0.0,112.36
747.1,0.0,112.36
747.2,0.0,112.36
747.3,0.0,112.36
747.4,14.5,112.36
747.5,14.6,112.36
747.6,14.2,112.36
747.7,14.8,112.36
747.8,14.1,112.36
747.9,14.2,112.36
748.0,13.8,112.36
748.1,13.7,112.36
748.2,0.0,112.36
748.3,13.8,112.36
748.4,13.7,112.36
748.5,13.6,112.36
748.6,13.7,112.36
748.7,13.7,112.36
748.8,13.8,112.36
748.9,14.8,112.36
749.0,13.7,112.36
749.1,13.7,112.36
749.2,13.4,112.36
749.3,13.7,112.36
749.4,13.8,112.36
749.5,0.0,112.36
749.6,0.0,112.36
749.7,13.7,112.36
749.8,13.6,112.36
749.9,13.7,112.36
750.0,13.7,112.36
750.1,13.6,112.36
750.2,13.6,112.36
750.3,13.6,112.36
750.4,13.7,112.36
750.5,13.6,112.36
750.6,13.8,112.36
750.7,13.7,112.36
750.8,13.9,112.36
750.9,0.0,112.36
751.0,13.8,112.36
751.1,0.0,112.36
751.2,13.8,112.36
751.3,13.6,112.36
751.4,13.8,112.36
751.5,13.5,112.36
751.6,13.6,112.36
751.7,13.6,112.36
751.8,13.7,112.36
751.9,13.5,112.36
752.0,13.7,112.36
752.1,14.0,112.36
752.2,26.8,112.36
752.3,13.6,112.36
752.4,13.5,112.36
752.5,0.0,112.36
752.6,13.7,112.36
752.7,13.7,112.36
752.8,0.0,112.36
752.9,13.7,112.36
753.0,13.7,112.36
753.1,13.6,112.36
753.2,13.5,112.36
753.3,13.8,112.36
753.4,13.6,112.36
753.5,13.7,112.36
753.6,13.7,112.36
753.7,13.5,112.36
753.8,13.6,112.36
753.9,13.6,112.36
754.0,13.7,112.36
754.1,13.7,112.36
754.2,13.9,112.36
754.3,13.7,112.36
754.4,13.6,112.36
754.5,13.7,112.36
754.6,13.5,112.36
754.7,0.0,112.36
754.8,13.5,112.36
754.9,13.9,112.36
755.0,0.0,112.36
755.1,13.6,112.36
755.2,13.7,112.37
755.3,13.7,112.37
755.4,13.7,112.37
755.5,13.5,112.37
755.6,13.7,112.39
755.7,13.8,112.39
755.8,13.6,112.39
755.9,13.7,112.39
756.0,13.6,112.39
756.1,13.6,112.39
756.2,13.8,112.39
756.3,13.7,112.39
756.4,13.4,112.39
756.5,13.7,112.39
756.6,13.4,112.39
756.7,13.7,112.39
756.8,13.8,112.39
756.9,13.5,112.39
757.0,13.7,112.39
757.1,13.6,112.39
757.2,13.8,112.39
757.3,13.7,112.39
757.4,13.6,112.39
757.5,13.7,112.39
757.6,13.8,112.39
757.7,13.7,112.39
757.8,0.0,112.39
757.9,13.6,112.39
758.0,13.8,112.39
758.1,13.7,112.39
758.2,13.8,112.39
758.3,13.7,112.39
758.4,13.7,112.39
758.5,0.0,112.39
758.6,13.7,112.39
758.7,13.6,112.39
758.8,13.5,112.39
758.9,13.6,112.39
759.0,13.7,112.39
759.1,0.0,112.39
759.2,0.0,112.39
759.3,13.8,112.39
759.4,13.6,112.39
759.5,0.0,112.39
759.6,13.8,112.39
759.7,13.7,112.39
759.8,13.5,112.39
759.9,13.6,112.39
760.0,13.6,112.39
760.1,14.6,112.39
760.2,13.8,112.39
760.3,0.0,112.39
760.4,13.6,112.39
760.5,13.7,112.39
760.6,13.6,112.39
760.7,13.7,112.39
760.8,13.7,112.39
760.9,13.7,112.39
761.0,0.0,112.39
761.1,13.4,112.39
761.2,13.7,112.39
761.3,13.5,112.39
761.4,13.6,112.39
761.5,13.6,112.39
761.6,13.8,112.39
761.7,0.0,112.39
761.8,13.7,112.39
761.9,0.0,112.39
762.0,13.7,112.39
762.1,13.5,112.39
762.2,0.0,112.39
762.3,14.1,112.39
762.4,13.7,112.39
762.5,13.7,112.39
762.6,0.0,112.39
762.7,13.6,112.39
762.8,13.7,112.39
762.9,0.0,112.39
763.0,13.7,112.39
763.1,13.7,112.39
763.2,13.7,112.39
763.3,13.5,112.39
763.4,13.7,112.39
763.5,14.0,112.39
763.6,13.7,112.39
763.7,13.6,112.39
763.8,13.6,112.39
763.9,13.6,112.39
764.0,13.8,112.39
764.1,13.8,112.39
764.2,13.6,112.39
764.3,13.7,112.39
764.4,13.5,112.39
764.5,13.8,112.39
764.6,13.6,112.39
764.7,13.9,112.39
764.8,13.7,112.39
764.9,0.0,112.39
765.0,13.7,112.39
765.1,13.7,112.39
765.2,13.7,112.39
765.3,13.5,112.39
765.4,13.7,112.39
765.5,13.4,112.39
765.6,13.8,112.39
765.7,13.8,112.39
765.8,13.5,112.39
765.9,13.8,112.39
766.0,13.7,112.39
766.1,14.3,112.39
766.2,13.9,112.41
766.3,13.7,112.41
766.4,0.0,112.41
766.5,0.0,112.41
766.6,13.7,112.41
766.7,13.6,112.41
766.8,13.6,112.41
766.9,13.7,112.41
767.0,13.7,112.41
767.1,13.6,112.41
767.2,13.7,112.41
767.3,13.8,112.41
767.4,13.7,112.41
767.5,13.6,112.41
767.6,13.7,112.41
767.7,13.6,112.41
767.8,13.7,112.41
767.9,13.8,112.41
768.0,13.7,112.41
768.1,0.0,112.41
768.2,13.8,112.41
768.3,13.6,112.41
768.4,13.6,112.41
768.5,13.6,112.41
768.6,13.4,112.41
768.7,0.0,112.41
768.8,13.6,112.41
768.9,13.8,112.41
769.0,13.7,112.41
769.1,13.7,112.41
769.2,13.6,112.41
769.3,13.8,112.41
769.4,0.0,112.41
769.5,13.6,112.41
769.6,13.7,112.41
769.7,0.0,112.41
769.8,13.6,112.41
769.9,13.5,112.41
770.0,13.7,112.41
770.1,13.6,112.41
770.2,13.6,112.41
770.3,13.7,112.41
770.4,13.6,112.41
770.5,13.9,112.41
770.6,13.6,112.41
770.7,0.0,112.41
770.8,13.5,112.41
770.9,13.7,112.41
771.0,13.7,112.41
771.1,13.6,112.41
771.2,13.6,112.41
771.3,13.6,112.41
771.4,13.5,112.41
771.5,14.8,112.41
771.6,0.0,112.41
771.7,0.0,112.41
771.8,0.0,112.41
771.9,14.6,112.41
772.0,14.7,112.41
772.1,0.0,112.41
772.2,0.0,112.41
772.3,13.7,112.41
772.4,13.7,112.41
772.5,13.6,112.41
772.6,13.8,112.41
772.7,13.8,112.41
772.8,13.6,112.41
772.9,0.0,112.41
773.0,13.6,112.41
773.1,13.8,112.41
773.2,0.0,112.41
773.3,13.8,112.41
773.4,13.6,112.41
773.5,13.6,112.41
773.6,13.7,112.41
773.7,13.6,112.41
773.8,13.7,112.41
773.9,13.4,112.41
774.0,13.8,112.41
774.1,13.8,112.41
774.2,13.6,112.41
774.3,13.6,112.41
774.4,13.8,112.41
774.5,0.0,112.41
774.6,13.5,112.41
774.7,13.7,112.41
774.8,0.0,112.41
774.9,13.6,112.41
775.0,13.6,112.41
775.1,13.6,112.41
775.2,14.0,112.41
775.3,13.6,112.41
775.4,13.8,112.41
775.5,13.5,112.41
775.6,13.8,112.41
775.7,13.6,112.41
775.8,0.0,112.41
775.9,13.7,112.41
776.0,13.8,112.41
776.1,13.6,112.41
776.2,13.7,112.41
776.3,13.6,112.41
776.4,13.6,112.41
776.5,13.8,112.41
776.6,13.6,112.41
776.7,13.6,112.41
776.8,13.6,112.41
776.9,0.0,112.41
777.0,13.7,112.41
777.1,13.4,112.41
777.2,0.0,112.41
777.3,13.6,112.41
777.4,13.5,112.41
777.5,0.0,112.41
777.6,13.7,112.41
777.7,13.7,112.41
777.8,13.8,112.41
777.9,13.7,112.41
778.0,13.6,112.41
778.1,13.7,112.41
778.2,0.0,112.41
778.3,13.8,112.41
778.4,13.6,112.41
778.5,13.7,112.41
778.6,13.7,112.41
778.7,13.6,112.41
778.8,13.7,112.41
778.9,13.5,112.41
779.0,13.7,112.41
779.1,13.6,112.41
779.2,13.9,112.41
779.3,13.9,112.41
779.4,13.7,112.41
779.5,13.8,112.41
779.6,13.7,112.41
779.7,13.7,112.41
779.8,13.7,112.41
779.9,13.4,112.41
780.0,13.7,112.41
780.1,13.7,112.41
780.2,13.7,112.41
780.3,13.5,112.41
780.4,13.7,112.41
780.5,13.6,112.41
780.6,13.7,112.41
780.7,13.7,112.41
780.8,13.5,112.41
780.9,13.8,112.41
781.0,13.7,112.41
781.1,0.0,112.41
781.2,13.7,112.41
781.3,13.5,112.41
781.4,0.0,112.41
781.5,13.5,112.41
781.6,13.7,112.41
781.7,0.0,112.41
781.8,13.7,112.41
781.9,13.7,112.41
782.0,13.8,112.41
782.1,13.6,112.41
782.2,13.8,112.41
782.3,27.6,112.41
782.4,0.0,112.41
782.5,13.8,112.41
782.6,13.6,112.41
782.7,13.7,112.41
782.8,13.6,112.41
782.9,13.7,112.41
783.0,13.7,112.41
783.1,0.0,112.41
783.2,13.6,112.41
783.3,13.8,112.41
783.4,0.0,112.41
783.5,0.0,112.41
783.6,13.7,112.41
783.7,0.0,112.41
783.8,13.8,112.41
783.9,13.7,112.41
784.0,14.5,112.41
784.1,13.9,112.41
784.2,0.0,112.41
784.3,0.0,112.41
784.4,13.5,112.41
784.5,13.8,112.41
784.6,14.7,112.41
784.7,13.7,112.41
784.8,0.0,112.41
784.9,13.8,112.41
785.0,13.8,112.41
785.1,0.0,112.41
785.2,0.0,112.41
785.3,13.7,112.41
785.4,13.7,112.41
785.5,13.7,112.41
785.6,13.7,112.41
785.7,13.6,112.41
785.8,13.7,112.41
785.9,13.7,112.41
786.0,13.6,112.41
786.1,27.8,112.41
786.2,0.0,112.41
786.3,13.6,112.41
786.4,13.8,112.41
786.5,13.7,112.41
786.6,0.0,112.41
786.7,13.9,112.41
786.8,13.7,112.41
786.9,13.7,112.41
787.0,13.6,112.41
787.1,13.7,112.41
787.2,13.9,112.41
787.3,0.0,112.41
787.4,13.6,112.41
787.5,13.6,112.41
787.6,13.6,112.41
787.7,13.7,112.41
787.8,13.8,112.41
787.9,13.9,112.41
788.0,13.5,112.41
788.1,13.8,112.41
788.2,13.6,112.41
788.3,0.0,112.41
788.4,13.7,112.41
788.5,13.7,112.41
788.6,13.8,112.41
788.7,13.6,112.41
788.8,13.6,112.41
788.9,13.9,112.41
789.0,13.5,112.41
789.1,13.8,112.41
789.2,13.9,112.41
789.3,13.8,112.41
789.4,13.7,112.41
789.5,27.2,112.41
789.6,13.9,112.41
789.7,0.0,112.41
789.8,13.3,112.41
789.9,13.6,112.41
790.0,13.6,112.41
790.1,13.6,112.41
790.2,13.6,112.41
790.3,13.8,112.41
790.4,13.5,112.41
790.5,13.8,112.41
790.6,0.0,112.41
790.7,13.4,112.41
790.8,13.6,112.41
790.9,13.7,112.41
791.0,0.0,112.41
791.1,13.9,112.41
791.2,13.8,112.41
791.3,13.7,112.41
791.4,13.7,112.41
791.5,13.7,112.41
791.6,13.8,112.41
791.7,13.8,112.41
791.8,13.8,112.41
791.9,13.6,112.41
792.0,13.5,112.41
792.1,13.8,112.41
792.2,13.6,112.41
792.3,0.0,112.41
792.4,13.7,112.41
792.5,13.6,112.41
792.6,0.0,112.41
792.7,13.6,112.41
792.8,14.7,112.41
792.9,13.7,112.41
793.0,13.6,112.41
793.1,13.6,112.41
793.2,13.7,112.41
793.3,13.6,112.41
793.4,0.0,112.41
793.5,13.9,112.41
793.6,13.6,112.41
793.7,13.5,112.41
793.8,13.5,112.41
793.9,14.6,112.41
794.0,13.8,112.41
794.1,13.5,112.41
794.2,13.8,112.41
794.3,13.8,112.41
794.4,13.8,112.41
794.5,13.8,112.41
794.6,13.6,112.41
794.7,13.5,112.41
794.8,13.6,112.41
794.9,0.0,112.41
795.0,13.6,112.41
795.1,13.8,112.41
795.2,0.0,112.41
795.3,13.8,112.41
795.4,13.8,112.41
795.5,13.8,112.41
795.6,0.0,112.41
795.7,13.8,112.41
795.8,13.8,112.41
795.9,13.6,112.41
796.0,0.0,112.41
796.1,13.7,112.41
796.2,14.0,112.41
796.3,13.7,112.41
796.4,0.0,112.41
796.5,13.7,112.41
796.6,13.7,112.41
796.7,13.8,112.41
796.8,13.6,112.41
796.9,13.6,112.41
797.0,13.7,112.41
797.1,13.6,112.41
797.2,13.9,112.41
797.3,13.8,112.41
797.4,13.7,112.41
797.5,13.9,112.41
797.6,13.9,112.41
797.7,13.5,112.41
797.8,0.0,112.41
797.9,13.5,112.41
798.0,14.3,112.41
798.1,13.9,112.41
798.2,13.8,112.41
798.3,0.0,112.41
798.4,13.6,112.41
798.5,13.8,112.41
798.6,14.7,112.41
798.7,13.8,112.41
798.8,14.0,112.41
798.9,0.0,112.41
799.0,0.0,112.41
799.1,13.7,112.41
799.2,14.0,112.41
799.3,13.8,112.41
799.4,0.0,112.41
799.5,13.8,112.41
799.6,0.0,112.41
799.7,13.6,112.41
799.8,14.6,112.41
799.9,13.7,112.41
800.0,0.0,112.41
800.1,13.7,112.41
800.2,0.0,112.41
800.3,0.0,112.41
800.4,0.0,112.41
800.5,14.1,112.41
800.6,13.8,112.41
800.7,14.3,112.41
800.8,14.3,112.41
800.9,14.6,112.41
801.0,14.0,112.41
801.1,13.8,112.41
801.2,13.7,112.41
801.3,13.6,112.41
801.4,13.7,112.41
801.5,13.8,112.41
801.6,13.7,112.41
801.7,14.3,112.41
801.8,13.6,112.41
801.9,13.8,112.41
802.0,0.0,112.41
802.1,13.7,112.41
802.2,13.8,112.41
802.3,13.8,112.41
802.4,13.6,112.41
802.5,13.7,112.41
802.6,13.7,112.41
802.7,0.0,112.41
802.8,13.8,112.41
802.9,13.7,112.41
803.0,13.7,112.41
803.1,13.6,112.41
803.2,13.7,112.41
803.3,13.8,112.41
803.4,0.0,112.41
803.5,13.6,112.41
803.6,13.6,112.41
803.7,13.7,112.41
803.8,13.6,112.41
803.9,13.6,112.41
804.0,13.6,112.41
804.1,13.8,112.41
804.2,0.0,112.41
804.3,0.0,112.41
804.4,13.8,112.41
804.5,13.8,112.41
804.6,13.8,112.41
804.7,0.0,112.41
804.8,0.0,112.41
804.9,13.8,112.41
805.0,13.8,112.41
805.1,13.7,112.41
805.2,13.6,112.41
805.3,14.3,112.41
805.4,13.6,112.41
805.5,13.6,112.41
805.6,13.8,112.41
805.7,13.8,112.41
805.8,13.7,112.41
805.9,13.8,112.41
806.0,13.6,112.41
806.1,13.8,112.41
806.2,13.7,112.41
806.3,13.7,112.41
806.4,13.7,112.41
806.5,13.4,112.41
806.6,13.7,112.41
806.7,13.6,112.41
806.8,13.7,112.41
806.9,13.8,112.41
807.0,13.8,112.41
807.1,13.7,112.41
807.2,0.0,112.41
807.3,13.6,112.41
807.4,13.7,112.41
807.5,0.0,112.41
807.6,13.8,112.41
807.7,13.6,112.41
807.8,13.7,112.41
807.9,13.7,112.41
808.0,13.9,112.41
808.1,13.8,112.41
808.2,13.5,112.41
808.3,13.8,112.41
808.4,13.7,112.41
808.5,13.7,112.41
808.6,13.7,112.41
808.7,13.8,112.41
808.8,13.8,112.41
808.9,0.0,112.41
809.0,13.6,112.41
809.1,13.6,112.41
809.2,13.6,112.41
809.3,13.8,112.41
809.4,13.9,112.41
809.5,13.6,112.41
809.6,14.0,112.41
809.7,13.6,112.41
809.8,13.8,112.41
809.9,13.7,112.41
810.0,13.7,112.41
810.1,13.7,112.41
810.2,14.5,112.41
810.3,13.7,112.41
810.4,13.7,112.41
810.5,0.0,112.41
810.6,13.7,112.41
810.7,13.9,112.41
810.8,14.0,112.41
810.9,13.7,112.41
811.0,27.3,112.41
811.1,13.7,112.41
811.2,13.8,112.41
811.3,13.8,112.41
811.4,13.8,112.41
811.5,13.8,112.41
811.6,13.7,112.41
811.7,54.6,112.49
811.8,73.7,112.49
811.9,14.1,112.49
812.0,14.0,112.49
812.1,13.6,112.49
812.2,0.0,112.49
812.3,13.7,112.49
812.4,13.6,112.49
812.5,14.1,112.49
812.6,0.0,112.49
812.7,13.7,112.49
812.8,13.5,112.49
812.9,13.8,112.49
813.0,13.7,112.49
813.1,13.7,112.49
813.2,13.5,112.5
813.3,13.8,112.56
813.4,13.8,112.56
813.5,13.5,112.56
813.6,0.0,112.56
813.7,13.6,112.56
813.8,13.8,112.56
813.9,13.9,112.56
814.0,13.6,112.56
814.1,13.7,112.56
814.2,13.6,112.56
814.3,0.0,112.56
814.4,13.7,112.56
814.5,13.8,112.56
814.6,13.6,112.56
814.7,13.5,112.56
814.8,13.8,112.56
814.9,13.9,112.56
815.0,0.0,112.56
815.1,13.6,112.56
815.2,13.8,112.56
815.3,13.6,112.56
815.4,13.8,112.56
815.5,13.6,112.56
815.6,13.8,112.56
815.7,13.7,112.56
815.8,13.7,112.56
815.9,13.7,112.56
816.0,13.6,112.56
816.1,13.8,112.56
816.2,13.5,112.56
816.3,0.0,112.56
816.4,13.9,112.56
816.5,13.7,112.56
816.6,13.7,112.56
816.7,13.7,112.56
816.8,13.6,112.56
816.9,13.5,112.56
817.0,13.7,112.56
817.1,13.5,112.56
817.2,13.8,112.56
817.3,13.6,112.56
817.4,13.6,112.56
817.5,13.8,112.56
817.6,13.5,112.56
817.7,0.0,112.56
817.8,14.1,112.56
817.9,0.0,112.56
818.0,13.8,112.56
818.1,13.9,112.56
818.2,14.5,112.56
818.3,13.8,112.56
818.4,13.5,112.56
818.5,13.7,112.56
818.6,13.7,112.56
818.7,13.5,112.56
818.8,0.0,112.56
818.9,13.8,112.56
819.0,13.7,112.56
819.1,13.6,112.56
819.2,13.8,112.56
819.3,14.3,112.56
819.4,13.7,112.56
819.5,14.7,112.56
819.6,13.9,112.56
819.7,14.3,112.56
819.8,101.0,112.55
819.9,58.4,112.54
820.0,14.5,112.54
820.1,13.9,112.54
820.2,13.9,112.54
820.3,13.9,112.54
820.4,13.8,112.54
820.5,13.7,112.54
820.6,0.0,112.54
820.7,13.6,112.54
820.8,13.7,112.54
820.9,13.5,112.54
821.0,13.9,112.54
821.1,13.8,112.54
821.2,13.7,112.54
821.3,13.6,112.54
821.4,13.7,112.54
821.5,13.7,112.54
821.6,0.0,112.54
821.7,13.9,112.54
821.8,13.5,112.54
821.9,13.8,112.54
822.0,13.5,112.54
822.1,13.7,112.54
822.2,13.7,112.54
822.3,13.7,112.54
822.4,13.7,112.54
822.5,13.8,112.54
822.6,0.0,112.54
822.7,13.6,112.54
822.8,13.7,112.54
822.9,0.0,112.54
823.0,13.7,112.54
823.1,0.0,112.54
823.2,13.8,112.54
823.3,13.5,112.54
823.4,13.7,112.54
823.5,13.7,112.54
823.6,13.7,112.54
823.7,0.0,112.54
823.8,13.7,112.54
823.9,13.6,112.54
824.0,0.0,112.54
824.1,13.8,112.54
824.2,13.8,112.54
824.3,13.9,112.54
824.4,13.7,112.54
824.5,13.6,112.54
824.6,27.6,112.54
824.7,13.5,112.54
824.8,13.4,112.54
824.9,13.6,112.54
825.0,13.6,112.54
825.1,13.8,112.54
825.2,13.7,112.54
825.3,0.0,112.54
825.4,14.8,112.54
825.5,14.8,112.54
825.6,0.0,112.54
825.7,13.7,112.54
825.8,13.7,112.54
825.9,13.5,112.54
826.0,13.8,112.54
826.1,13.8,112.54
826.2,13.8,112.54
826.3,13.9,112.54
826.4,0.0,112.54
826.5,0.0,112.54
826.6,13.7,112.54
826.7,13.8,112.54
826.8,13.8,112.54
826.9,13.6,112.54
827.0,13.8,112.54
827.1,13.7,112.54
827.2,0.0,112.54
827.3,13.6,112.54
827.4,13.8,112.54
827.5,13.6,112.54
827.6,13.7,112.54
827.7,13.7,112.54
827.8,13.6,112.54
827.9,13.5,112.54
828.0,13.6,112.54
828.1,14.8,112.54
828.2,13.6,112.54
828.3,0.0,112.54
828.4,13.8,112.54
828.5,13.7,112.54
828.6,13.7,112.54
828.7,13.5,112.54
828.8,13.8,112.54
828.9,13.8,112.54
829.0,13.6,112.54
829.1,13.4,112.54
829.2,0.0,112.54
829.3,13.5,112.54
829.4,13.6,112.54
829.5,0.0,112.54
829.6,13.6,112.54
829.7,13.6,112.54
829.8,0.0,112.54
829.9,13.6,112.54
830.0,13.7,112.54
830.1,13.6,112.54
830.2,0.0,112.54
830.3,0.0,112.54
830.4,13.7,112.54
830.5,13.7,112.54
830.6,0.0,112.54
830.7,13.6,112.54
830.8,13.5,112.54
830.9,0.0,112.54
831.0,41.3,113.77
831.1,13.7,113.77
831.2,0.0,113.77
831.3,13.9,113.77
831.4,0.0,113.77
831.5,13.8,113.77
831.6,13.7,113.77
831.7,13.6,113.77
831.8,13.6,113.77
831.9,13.6,113.77
832.0,14.0,113.77
832.1,0.0,113.77
832.2,13.6,113.77
832.3,13.5,113.77
832.4,0.0,113.77
832.5,13.7,113.77
832.6,14.0,113.77
832.7,13.6,113.77
832.8,13.6,113.77
832.9,13.8,113.77
833.0,13.8,113.77
833.1,0.0,113.77
833.2,13.9,113.77
833.3,13.5,113.77
833.4,13.8,113.77
833.5,13.6,113.77
833.6,13.8,113.77
833.7,13.6,113.77
833.8,13.7,113.77
833.9,13.8,113.77
834.0,13.4,113.77
834.1,13.7,113.77
834.2,13.5,113.77
834.3,13.7,113.77
834.4,13.7,113.77
834.5,13.8,113.77
834.6,13.7,113.77
834.7,13.6,113.77
834.8,14.1,113.77
834.9,13.7,113.77
835.0,13.8,113.77
835.1,13.8,113.77
835.2,13.5,113.77
835.3,14.1,113.77
835.4,13.7,113.77
835.5,0.0,113.77
835.6,13.6,113.77
835.7,13.6,113.77
835.8,0.0,113.77
835.9,13.8,113.77
836.0,13.6,113.77
836.1,13.8,113.77
836.2,0.0,113.77
836.3,13.5,113.77
836.4,13.8,113.77
836.5,13.6,113.77
836.6,13.7,113.77
836.7,13.6,113.77
836.8,0.0,125.62
836.9,88.7,146.89
837.0,14.5,146.85
837.1,117.9,167.41
837.2,103.4,185.17
837.3,14.7,113.96
837.4,0.0,113.96
837.5,0.0,113.96
837.6,13.5,113.96
837.7,13.7,113.96
837.8,13.7,113.96
837.9,14.6,113.96
838.0,13.7,113.96
838.1,0.0,113.96
838.2,13.6,113.96
838.3,13.6,113.96
838.4,13.7,113.96
838.5,13.7,113.96
838.6,13.7,113.96
838.7,0.0,113.96
838.8,13.8,113.96
838.9,14.1,113.96
839.0,0.0,113.96
839.1,0.0,113.96
839.2,0.0,113.96
839.3,14.8,113.96
839.4,14.8,113.96
839.5,0.0,113.96
839.6,0.0,113.96
839.7,0.0,113.96
839.8,14.6,113.96
839.9,14.2,113.96
840.0,14.2,113.96
840.1,14.5,113.96
840.2,14.8,113.96
840.3,0.0,113.96
840.4,0.0,113.96
840.5,14.8,113.96
840.6,14.8,113.96
840.7,13.9,113.96
840.8,13.7,113.96
840.9,13.7,113.96
841.0,13.6,113.96
841.1,14.5,113.96
841.2,13.9,113.96
841.3,14.8,113.96
841.4,13.8,113.96
841.5,13.9,113.96
841.6,13.8,113.96
841.7,13.6,113.96
841.8,13.9,113.96
841.9,14.2,113.96
842.0,13.7,113.96
842.1,13.5,113.96
842.2,13.7,113.96
842.3,13.6,113.96
842.4,13.6,113.96
842.5,13.7,113.96
842.6,13.7,113.96
842.7,13.7,113.96
842.8,13.7,113.96
842.9,13.9,113.96
843.0,13.5,113.96
843.1,13.5,113.96
843.2,13.7,113.96
843.3,13.5,113.96
843.4,13.7,113.96
843.5,13.7,113.96
843.6,0.0,113.96
843.7,13.7,113.96
843.8,13.6,113.96
843.9,0.0,113.96
844.0,13.6,113.96
844.1,13.7,113.96
844.2,13.5,113.96
844.3,0.0,113.96
844.4,13.8,113.96
844.5,0.0,113.96
844.6,13.5,113.96
844.7,13.7,113.96
844.8,0.0,113.96
844.9,13.6,113.96
845.0,13.8,113.96
845.1,13.7,113.96
845.2,13.6,113.96
845.3,13.7,113.96
845.4,13.7,113.96
845.5,0.0,113.96
845.6,13.8,113.96
845.7,27.5,123.44
845.8,103.4,146.12
845.9,87.8,165.04
846.0,88.4,184.41
846.1,14.7,113.63
846.2,0.0,113.63
846.3,0.0,113.63
846.4,13.6,113.63
846.5,13.6,113.63
846.6,13.7,113.63
846.7,14.0,113.63
846.8,0.0,113.63
846.9,0.0,113.63
