time_offset_sec,cpu_percent,memory_rss_mb
0.0,108.8,40.27
0.1,88.9,46.74
0.2,72.9,50.54
0.3,59.1,54.11
0.4,59.5,58.91
0.5,103.4,62.79
0.6,43.8,63.16
0.7,0.0,63.19
0.8,0.0,63.19
0.9,13.9,63.19
1.0,34.5,64.02
1.1,57.4,68.77
1.2,89.2,73.7
1.3,74.1,82.28
1.4,14.8,83.21
1.5,26.9,83.72
1.6,13.6,84.3
1.7,13.5,84.3
1.8,0.0,84.31
1.9,0.0,84.31
2.0,13.6,84.31
2.1,14.3,84.31
2.2,13.3,84.31
2.3,13.4,84.31
2.4,13.5,84.31
2.5,13.5,84.31
2.6,13.4,84.31
2.7,12.4,84.31
2.8,0.0,84.31
2.9,12.5,84.31
3.0,13.3,84.31
3.1,13.2,84.31
3.2,13.6,84.37
3.3,13.4,84.37
3.4,13.5,84.37
3.5,25.3,84.37
3.6,13.8,84.37
3.7,13.1,84.37
3.8,13.4,84.37
3.9,13.3,84.37
4.0,12.8,84.37
4.1,12.8,84.37
4.2,25.9,84.37
4.3,25.5,84.37
4.4,14.1,84.37
4.5,13.3,84.37
4.6,13.1,84.37
4.7,13.6,84.37
4.8,12.8,84.37
4.9,13.8,84.37
5.0,0.0,84.37
5.1,0.0,84.37
5.2,0.0,84.37
5.3,0.0,84.37
5.4,0.0,84.37
5.5,14.1,84.37
5.6,14.3,84.37
5.7,14.3,84.37
5.8,0.0,84.37
5.9,0.0,84.37
6.0,14.1,84.37
6.1,14.0,84.37
6.2,13.9,84.37
6.3,0.0,84.38
6.4,0.0,84.38
6.5,12.7,84.38
6.6,12.8,84.38
6.7,14.2,84.38
6.8,26.5,84.38
6.9,26.9,84.6
7.0,24.5,84.62
7.1,0.0,84.62
7.2,13.6,84.62
7.3,27.4,84.83
7.4,101.7,84.99
7.5,111.5,85.38
7.6,42.7,85.42
7.7,25.9,85.44
7.8,13.6,85.44
7.9,13.5,85.44
8.0,64.4,86.02
8.1,51.0,86.33
8.2,0.0,86.34
8.3,13.6,86.34
8.4,14.2,86.34
8.5,13.1,86.34
8.6,0.0,86.34
8.7,13.8,86.34
8.8,13.6,86.34
8.9,25.1,86.34
9.0,26.4,86.34
9.1,0.0,86.34
9.2,13.6,86.34
9.3,13.2,86.34
9.4,0.0,86.34
9.5,13.9,86.34
9.6,13.7,86.4
9.7,0.0,86.47
9.8,12.7,86.48
9.9,0.0,86.48
10.0,13.8,86.48
10.1,13.7,86.48
10.2,13.5,86.48
10.3,13.0,86.48
10.4,0.0,86.48
10.5,0.0,86.48
10.6,0.0,86.48
10.7,13.9,86.48
10.8,14.0,86.48
10.9,13.6,86.48
11.0,13.6,86.48
11.1,0.0,86.48
11.2,13.2,86.48
11.3,13.5,86.48
11.4,13.4,86.48
11.5,13.5,86.48
11.6,13.4,86.48
11.7,13.5,86.48
11.8,13.6,86.48
11.9,13.2,86.48
12.0,13.2,86.48
12.1,13.0,86.48
12.2,13.3,86.48
12.3,23.1,86.48
12.4,12.1,86.48
12.5,13.6,86.48
12.6,0.0,86.48
12.7,13.8,86.48
12.8,13.1,86.48
12.9,13.2,86.48
13.0,25.6,86.48
13.1,13.2,86.48
13.2,13.4,86.48
13.3,0.0,86.48
13.4,13.5,86.48
13.5,24.5,86.48
13.6,24.7,86.48
13.7,13.3,86.48
13.8,13.4,86.48
13.9,13.4,86.48
14.0,13.3,86.48
14.1,13.7,86.48
14.2,13.7,86.48
14.3,0.0,86.48
14.4,0.0,86.48
14.5,25.7,86.48
14.6,13.0,86.48
14.7,12.7,86.48
14.8,13.0,86.48
14.9,13.1,86.48
15.0,13.1,86.48
15.1,12.3,86.48
15.2,26.8,86.48
15.3,13.6,86.48
15.4,26.8,86.48
15.5,13.1,86.48
15.6,13.2,86.48
15.7,13.5,86.48
15.8,12.5,86.48
15.9,23.6,86.48
16.0,13.6,86.48
16.1,24.4,86.48
16.2,12.6,86.48
16.3,0.0,86.48
16.4,24.7,86.48
16.5,0.0,86.48
16.6,36.8,86.58
16.7,24.4,86.58
16.8,13.6,86.58
16.9,13.7,86.58
17.0,12.6,86.58
17.1,13.4,86.58
17.2,0.0,86.58
17.3,25.7,86.64
17.4,13.2,86.64
17.5,14.3,86.64
17.6,14.4,86.64
17.7,13.5,86.64
17.8,14.3,86.65
17.9,14.4,86.65
18.0,14.1,86.65
18.1,14.2,86.65
18.2,0.0,86.65
18.3,12.7,86.65
18.4,12.7,86.67
18.5,13.3,86.67
18.6,24.7,86.67
18.7,25.3,86.65
18.8,12.5,86.65
18.9,13.2,86.65
19.0,25.7,86.65
19.1,26.3,86.61
19.2,12.8,86.61
19.3,0.0,86.61
19.4,0.0,86.61
19.5,13.0,86.61
19.6,13.6,86.61
19.7,14.3,86.61
19.8,14.0,86.61
19.9,13.6,86.61
20.0,26.2,86.61
20.1,0.0,86.61
20.2,25.2,86.61
20.3,25.2,86.61
20.4,13.0,86.61
20.5,13.9,86.61
20.6,13.4,86.61
20.7,0.0,86.61
20.8,0.0,86.61
20.9,12.8,86.61
21.0,0.0,86.61
21.1,0.0,86.61
21.2,24.9,86.61
21.3,0.0,86.61
21.4,0.0,86.61
21.5,0.0,86.61
21.6,0.0,86.61
21.7,0.0,86.61
21.8,13.3,86.61
21.9,0.0,86.61
22.0,0.0,86.61
22.1,13.3,86.61
22.2,13.5,86.61
22.3,12.7,86.61
22.4,13.0,86.61
22.5,25.0,86.61
22.6,25.6,86.61
22.7,13.7,86.61
22.8,0.0,86.61
22.9,12.6,86.61
23.0,0.0,86.61
23.1,25.4,86.61
23.2,25.6,86.61
23.3,25.6,86.61
23.4,13.2,86.61
23.5,12.6,86.61
23.6,12.7,86.61
23.7,25.1,86.61
23.8,24.8,86.61
23.9,25.2,86.61
24.0,25.8,86.61
24.1,13.5,86.61
24.2,24.6,86.61
24.3,13.4,86.61
24.4,13.4,86.61
24.5,13.1,86.61
24.6,13.1,86.61
24.7,13.4,86.61
24.8,13.4,86.61
24.9,0.0,86.61
25.0,13.7,86.61
25.1,13.7,86.61
25.2,24.9,86.61
25.3,13.3,86.61
25.4,13.2,86.61
25.5,13.5,86.61
25.6,13.8,86.61
25.7,13.4,86.61
25.8,12.7,86.61
25.9,13.4,86.61
26.0,13.4,86.61
26.1,13.3,86.61
26.2,13.4,86.61
26.3,25.3,86.61
26.4,13.5,86.61
26.5,13.1,86.61
26.6,13.3,86.61
26.7,13.4,86.53
26.8,14.2,86.53
26.9,13.5,86.53
27.0,0.0,86.53
27.1,12.8,86.53
27.2,0.0,86.53
27.3,24.2,86.53
27.4,14.2,86.53
27.5,14.4,86.53
27.6,13.8,86.53
27.7,13.4,86.53
27.8,13.3,86.53
27.9,12.8,86.53
28.0,25.5,86.54
28.1,0.0,86.54
28.2,12.9,86.54
28.3,12.9,86.54
28.4,25.6,86.54
28.5,13.2,86.54
28.6,13.5,86.54
28.7,14.3,86.54
28.8,14.3,86.54
28.9,13.8,86.54
29.0,14.2,86.54
29.1,14.2,86.46
29.2,14.2,86.46
29.3,13.3,86.46
29.4,25.1,86.46
29.5,12.9,86.46
29.6,65.2,86.61
29.7,98.3,86.66
29.8,111.6,86.77
29.9,14.1,86.78
30.0,0.0,86.78
30.1,13.0,86.78
30.2,12.7,86.78
30.3,37.9,105.82
30.4,141.5,155.98
30.5,137.8,107.07
30.6,355.2,107.82
30.7,413.4,107.83
30.8,352.2,108.42
30.9,98.6,108.85
31.0,14.4,108.94
31.1,0.0,108.95
31.2,12.9,108.95
31.3,14.2,108.95
31.4,26.0,108.95
31.5,14.2,108.95
31.6,13.5,108.95
31.7,0.0,108.95
31.8,0.0,108.97
31.9,13.6,108.97
32.0,12.7,108.97
32.1,13.6,109.01
32.2,13.3,109.01
32.3,13.6,109.02
32.4,13.7,109.02
32.5,13.3,109.02
32.6,0.0,109.02
32.7,13.7,109.02
32.8,13.5,109.02
32.9,14.3,109.02
33.0,13.5,109.02
33.1,13.6,109.02
33.2,14.7,109.02
33.3,13.9,109.02
33.4,27.0,109.02
33.5,13.0,109.04
33.6,25.8,109.04
33.7,13.3,109.04
33.8,13.3,109.04
33.9,13.1,109.04
34.0,12.5,109.04
34.1,12.7,109.04
34.2,13.3,109.04
34.3,13.5,109.04
34.4,0.0,109.04
34.5,0.0,109.04
34.6,13.6,109.04
34.7,24.7,109.04
34.8,14.1,109.04
34.9,24.6,109.04
35.0,13.3,109.04
35.1,25.4,109.04
35.2,13.3,109.04
35.3,14.0,109.04
35.4,12.4,109.04
35.5,13.2,109.04
35.6,13.4,109.04
35.7,12.8,109.04
35.8,0.0,109.04
35.9,13.5,109.04
36.0,25.7,109.04
36.1,13.3,109.04
36.2,0.0,109.04
36.3,13.6,109.04
36.4,13.7,109.04
36.5,13.6,109.04
36.6,13.5,109.04
36.7,13.8,109.04
36.8,13.4,109.04
36.9,13.0,109.04
37.0,13.0,109.04
37.1,13.2,109.04
37.2,0.0,109.04
37.3,13.4,109.04
37.4,26.3,109.04
37.5,0.0,109.04
37.6,13.0,109.04
37.7,12.6,109.04
37.8,25.5,109.04
37.9,14.0,109.04
38.0,26.6,109.04
38.1,13.5,109.04
38.2,13.6,109.04
38.3,13.5,109.04
38.4,13.4,109.04
38.5,12.6,109.04
38.6,13.4,109.04
38.7,13.7,109.04
38.8,26.1,109.04
38.9,13.4,109.04
39.0,13.7,109.04
39.1,13.5,109.04
39.2,13.4,109.04
39.3,12.5,109.04
39.4,13.6,109.04
39.5,12.8,109.04
39.6,13.6,109.04
39.7,13.6,109.04
39.8,25.0,109.04
39.9,26.5,109.04
40.0,13.2,109.04
40.1,12.6,109.04
40.2,0.0,109.04
40.3,13.4,109.04
40.4,25.5,109.04
40.5,27.6,109.04
40.6,13.4,109.04
40.7,12.5,109.04
40.8,13.3,109.04
40.9,25.7,109.04
41.0,13.3,109.04
41.1,0.0,109.04
41.2,13.4,109.04
41.3,13.1,109.04
41.4,13.4,109.04
41.5,24.9,109.04
41.6,26.1,109.04
41.7,12.6,109.04
41.8,13.6,109.04
41.9,13.6,109.04
42.0,12.9,109.04
42.1,13.6,109.04
42.2,13.5,109.04
42.3,12.7,109.04
42.4,14.2,109.04
42.5,13.3,109.04
42.6,13.4,109.04
42.7,25.1,109.04
42.8,13.3,109.04
42.9,13.6,109.04
43.0,13.7,109.04
43.1,25.2,109.04
43.2,13.4,109.04
43.3,12.3,109.04
43.4,13.8,109.04
43.5,13.6,109.04
43.6,13.6,109.04
43.7,13.6,109.04
43.8,24.6,109.04
43.9,25.8,109.04
44.0,13.3,109.04
44.1,13.4,109.04
44.2,12.7,109.04
44.3,13.4,109.04
44.4,12.9,109.05
44.5,13.7,109.05
44.6,26.2,109.05
44.7,13.4,109.05
44.8,26.5,109.05
44.9,14.1,109.05
45.0,13.8,109.05
45.1,25.6,109.05
45.2,13.1,109.05
45.3,12.6,109.05
45.4,13.5,109.05
45.5,25.4,109.05
45.6,12.8,109.05
45.7,13.3,109.05
45.8,26.0,109.05
45.9,13.4,109.05
46.0,13.5,109.05
46.1,13.7,109.05
46.2,13.3,109.05
46.3,13.3,109.05
46.4,25.0,109.05
46.5,24.6,109.05
46.6,25.1,109.05
46.7,24.7,109.05
46.8,26.9,109.05
46.9,13.4,109.05
47.0,26.0,109.05
47.1,13.5,109.05
47.2,13.6,109.05
47.3,13.0,109.05
47.4,13.1,109.05
47.5,25.4,109.05
47.6,13.4,109.05
47.7,13.5,109.05
47.8,13.1,109.05
47.9,13.3,109.05
48.0,13.0,109.05
48.1,13.3,109.05
48.2,24.7,109.05
48.3,13.5,109.05
48.4,12.3,109.05
48.5,13.7,109.05
48.6,13.6,109.05
48.7,13.3,109.05
48.8,13.4,109.05
48.9,13.5,109.05
49.0,13.0,109.05
49.1,12.7,109.05
49.2,0.0,109.05
49.3,13.3,109.05
49.4,13.5,109.05
49.5,12.9,109.05
49.6,14.2,109.05
49.7,13.4,109.05
49.8,13.5,109.05
49.9,13.6,109.05
50.0,13.4,109.05
50.1,26.8,109.05
50.2,12.4,109.05
50.3,13.2,109.05
50.4,13.3,109.05
50.5,13.3,109.05
50.6,26.1,109.05
50.7,13.6,109.05
50.8,13.9,109.05
50.9,0.0,109.05
51.0,27.0,109.05
51.1,26.5,109.05
51.2,13.3,109.0
51.3,12.3,109.0
51.4,12.7,109.0
51.5,13.2,109.0
51.6,13.2,109.0
51.7,13.3,109.0
51.8,13.9,109.0
51.9,13.4,109.0
52.0,12.6,109.0
52.1,0.0,109.0
52.2,0.0,109.0
52.3,0.0,109.0
52.4,13.3,109.0
52.5,13.2,109.0
52.6,13.7,109.0
52.7,0.0,109.0
52.8,0.0,109.0
52.9,12.6,109.0
53.0,0.0,109.0
53.1,25.8,109.0
53.2,25.0,109.0
53.3,12.8,109.0
53.4,13.5,109.0
53.5,13.6,109.0
53.6,0.0,109.0
53.7,13.3,109.0
53.8,13.2,109.0
53.9,0.0,109.0
54.0,13.4,109.0
54.1,13.2,109.0
54.2,13.5,109.0
54.3,13.3,109.0
54.4,13.6,109.0
54.5,13.5,109.0
54.6,13.4,109.0
54.7,13.4,109.0
54.8,13.6,109.0
54.9,13.1,109.0
55.0,13.1,109.0
55.1,27.5,109.0
55.2,13.6,109.0
55.3,13.4,109.0
55.4,12.9,109.0
55.5,24.7,109.0
55.6,14.1,109.0
55.7,13.4,109.0
55.8,13.5,109.0
55.9,13.3,109.0
56.0,13.1,109.0
56.1,0.0,109.0
56.2,13.4,109.0
56.3,13.6,109.0
56.4,13.4,109.0
56.5,13.0,109.0
56.6,26.2,109.0
56.7,13.3,109.0
56.8,13.1,109.0
56.9,40.7,109.05
57.0,102.5,109.12
57.1,114.7,109.54
57.2,41.2,109.75
57.3,13.2,109.78
57.4,24.6,109.79
57.5,13.3,109.79
57.6,13.3,109.79
57.7,14.3,109.79
57.8,25.2,109.79
57.9,25.7,109.79
58.0,13.6,109.79
58.1,24.5,109.79
58.2,0.0,109.82
58.3,13.5,109.82
58.4,13.4,109.82
58.5,13.8,109.82
58.6,13.3,109.82
58.7,13.4,109.82
58.8,13.0,109.82
58.9,13.9,109.82
59.0,13.6,109.82
59.1,13.6,109.82
59.2,13.4,109.82
59.3,13.1,109.82
59.4,26.9,109.82
59.5,0.0,109.82
59.6,13.4,109.82
59.7,25.0,109.82
59.8,13.8,109.82
59.9,14.0,109.82
60.0,13.4,109.82
60.1,27.0,109.85
60.2,117.1,110.12
60.3,85.5,110.55
60.4,13.9,110.6
60.5,0.0,110.6
60.6,13.6,110.6
60.7,13.8,110.6
60.8,13.6,110.6
60.9,0.0,110.61
61.0,13.5,110.61
61.1,13.6,110.61
61.2,0.0,110.61
61.3,13.5,110.61
61.4,13.2,110.61
61.5,13.1,110.61
61.6,13.7,110.61
61.7,0.0,110.61
61.8,0.0,110.61
61.9,0.0,110.61
62.0,14.3,110.61
62.1,13.9,110.61
62.2,0.0,110.61
62.3,14.3,110.61
62.4,13.8,110.61
62.5,14.7,110.61
62.6,13.6,110.61
62.7,13.3,110.61
62.8,13.4,110.61
62.9,14.2,110.61
63.0,13.4,110.61
63.1,14.0,110.61
63.2,25.8,110.61
63.3,13.5,110.61
63.4,13.6,110.61
63.5,12.9,110.61
63.6,13.8,110.61
63.7,27.7,110.69
63.8,102.4,110.81
63.9,98.8,111.13
64.0,42.2,111.39
64.1,13.6,111.39
64.2,25.0,111.39
64.3,13.8,111.39
64.4,13.1,111.39
64.5,13.0,111.39
64.6,24.7,111.42
64.7,0.0,111.42
64.8,12.8,111.42
64.9,12.9,111.42
65.0,24.9,111.42
65.1,0.0,111.42
65.2,12.8,111.42
65.3,14.4,111.42
65.4,25.6,111.46
65.5,13.7,111.46
65.6,13.6,111.46
65.7,12.5,111.46
65.8,13.4,111.46
65.9,24.9,111.46
66.0,39.6,111.51
66.1,112.9,111.73
66.2,105.2,112.08
66.3,14.4,112.15
66.4,12.8,112.15
66.5,13.5,112.15
66.6,103.5,112.23
66.7,99.7,112.5
66.8,57.6,112.84
66.9,13.4,113.01
67.0,25.3,113.01
67.1,13.4,113.01
67.2,26.1,113.01
67.3,25.2,113.01
67.4,12.7,113.01
67.5,13.2,113.01
67.6,26.6,113.03
67.7,13.2,113.04
67.8,13.3,113.04
67.9,93.3,114.13
68.0,82.8,114.14
68.1,91.7,114.28
68.2,101.0,114.29
68.3,14.0,114.33
68.4,12.9,114.33
68.5,24.6,114.33
68.6,13.7,114.33
68.7,13.3,114.33
68.8,13.6,114.33
68.9,0.0,114.33
69.0,13.4,114.33
69.1,79.9,114.33
69.2,97.7,114.37
69.3,106.2,114.44
69.4,68.0,114.54
69.5,13.5,114.55
69.6,13.5,114.55
69.7,13.7,114.55
69.8,13.5,114.55
69.9,25.7,114.55
70.0,13.1,114.55
70.1,27.2,114.55
70.2,13.7,114.55
70.3,12.8,114.55
70.4,13.7,114.55
70.5,13.1,114.55
70.6,13.6,114.55
70.7,0.0,114.55
70.8,13.7,114.55
70.9,13.4,114.55
71.0,13.5,114.55
71.1,13.5,114.55
71.2,26.7,114.55
71.3,0.0,114.55
71.4,13.9,114.55
71.5,26.7,115.48
71.6,28.5,115.5
71.7,25.7,115.5
71.8,24.8,115.5
71.9,25.6,115.5
72.0,13.2,115.5
72.1,0.0,115.5
72.2,13.8,115.5
72.3,13.3,115.5
72.4,13.4,115.5
72.5,14.0,115.5
72.6,25.6,115.5
72.7,14.1,115.5
72.8,13.4,115.5
72.9,13.1,115.51
73.0,13.5,115.51
73.1,13.8,115.51
73.2,13.6,115.51
73.3,13.5,115.51
73.4,12.8,115.51
73.5,13.6,115.51
73.6,12.6,115.51
73.7,26.4,115.51
73.8,0.0,115.51
73.9,13.0,115.51
74.0,26.7,115.51
74.1,13.8,115.51
74.2,13.6,115.51
74.3,0.0,115.51
74.4,25.6,115.51
74.5,26.8,115.51
74.6,12.9,115.51
74.7,13.4,115.51
74.8,0.0,115.51
74.9,13.6,115.51
75.0,0.0,115.51
75.1,14.1,115.51
75.2,26.7,115.51
75.3,101.1,196.37
75.4,97.7,169.63
75.5,100.9,118.25
75.6,14.2,118.25
75.7,25.6,116.89
75.8,13.5,116.89
75.9,13.2,116.89
76.0,14.1,116.89
76.1,13.4,116.89
76.2,40.4,131.49
76.3,75.5,149.61
76.4,86.3,167.67
76.5,85.6,187.37
76.6,101.9,196.8
76.7,96.6,197.45
76.8,99.5,183.59
76.9,42.6,116.86
77.0,13.7,116.86
77.1,23.8,116.86
77.2,13.6,116.86
77.3,13.1,116.87
77.4,0.0,116.87
77.5,12.6,116.87
77.6,13.5,116.87
77.7,14.0,116.87
77.8,26.1,116.87
77.9,0.0,116.87
78.0,13.2,116.88
78.1,12.6,116.88
78.2,13.6,116.88
78.3,13.5,116.88
78.4,13.2,116.88
78.5,13.3,116.88
78.6,13.4,116.88
78.7,0.0,116.88
78.8,13.3,116.88
78.9,13.8,116.88
79.0,13.2,116.88
79.1,13.3,116.88
79.2,13.7,116.88
79.3,12.8,116.88
79.4,13.1,116.88
79.5,13.4,116.88
79.6,13.7,116.88
79.7,24.4,116.88
79.8,26.7,133.71
79.9,98.6,157.51
80.0,107.4,181.2
80.1,93.6,194.96
80.2,120.9,195.88
80.3,26.0,117.26
80.4,25.3,117.29
80.5,13.2,117.29
80.6,0.0,117.29
80.7,12.8,117.29
80.8,0.0,117.29
80.9,13.9,117.29
81.0,13.2,117.29
81.1,12.6,117.29
81.2,0.0,117.29
81.3,13.9,117.29
81.4,13.3,117.29
81.5,12.5,117.29
81.6,13.5,117.29
81.7,25.3,117.29
81.8,13.0,117.3
81.9,27.1,117.3
82.0,25.1,117.3
82.1,13.4,117.3
82.2,13.5,117.3
82.3,24.5,117.3
82.4,24.5,117.3
82.5,13.8,117.3
82.6,13.5,117.3
82.7,13.3,117.3
82.8,13.4,117.3
82.9,0.0,117.3
83.0,13.6,117.3
83.1,13.3,117.3
83.2,25.9,117.3
83.3,13.3,117.3
83.4,0.0,117.3
83.5,12.7,117.3
83.6,12.7,117.3
83.7,26.5,117.3
83.8,13.9,117.3
83.9,13.7,117.3
84.0,13.3,117.3
84.1,13.5,117.3
84.2,13.1,129.57
84.3,82.2,153.84
84.4,88.6,177.51
84.5,94.1,195.37
84.6,86.3,198.34
84.7,116.2,197.65
84.8,14.3,117.44
84.9,12.3,134.51
85.0,113.5,126.27
85.1,87.9,117.46
85.2,99.4,117.46
85.3,97.4,117.47
85.4,105.2,117.5
85.5,42.0,117.54
85.6,0.0,117.55
85.7,0.0,117.55
85.8,0.0,117.55
85.9,13.5,117.55
86.0,14.2,117.55
86.1,13.7,117.55
86.2,12.5,117.55
86.3,0.0,117.55
86.4,0.0,117.55
86.5,13.5,117.55
86.6,13.2,117.55
86.7,13.2,117.55
86.8,12.8,117.55
86.9,13.3,117.55
87.0,0.0,117.55
87.1,0.0,117.55
87.2,0.0,117.55
87.3,12.2,117.55
87.4,13.5,117.55
87.5,26.8,117.55
87.6,13.8,117.55
87.7,13.7,117.55
87.8,0.0,117.55
87.9,13.9,117.55
88.0,24.4,117.55
88.1,37.2,117.55
88.2,13.6,117.55
88.3,13.9,117.55
88.4,13.3,117.55
88.5,14.0,117.55
88.6,12.7,117.55
88.7,25.7,117.55
88.8,13.9,117.55
88.9,13.6,117.55
89.0,13.3,117.55
89.1,24.8,117.55
89.2,14.3,117.55
89.3,14.4,117.55
89.4,13.6,117.55
89.5,0.0,117.55
89.6,13.7,117.55
89.7,25.2,117.55
89.8,12.4,117.55
89.9,24.7,143.14
90.0,94.3,163.53
90.1,113.4,186.12
90.2,101.7,195.52
90.3,103.8,196.57
90.4,14.9,117.88
90.5,26.6,135.67
90.6,87.8,137.07
90.7,57.7,117.89
90.8,108.8,117.89
90.9,109.6,117.98
91.0,27.9,118.11
91.1,12.8,118.11
91.2,13.2,118.11
91.3,13.3,118.11
91.4,13.9,118.11
91.5,12.8,118.11
91.6,14.3,118.11
91.7,0.0,118.11
91.8,13.6,118.11
91.9,14.1,118.11
92.0,25.6,118.11
92.1,25.2,118.11
92.2,14.2,118.11
92.3,13.5,118.11
92.4,25.6,118.11
92.5,13.6,118.11
92.6,0.0,118.11
92.7,0.0,118.11
92.8,13.3,118.11
92.9,25.0,118.11
93.0,25.9,118.11
93.1,13.4,118.11
93.2,14.2,118.11
93.3,13.5,118.11
93.4,13.3,118.11
93.5,12.7,118.11
93.6,25.8,118.11
93.7,24.6,118.11
93.8,13.4,118.15
93.9,26.7,118.15
94.0,24.9,118.15
94.1,13.1,118.15
94.2,13.4,118.15
94.3,24.9,118.15
94.4,25.4,118.15
94.5,13.1,118.15
94.6,12.9,118.15
94.7,13.1,118.15
94.8,13.4,118.15
94.9,0.0,118.15
95.0,24.7,118.15
95.1,13.2,118.15
95.2,13.4,118.15
95.3,13.2,118.15
95.4,26.5,118.15
95.5,13.5,118.15
95.6,0.0,118.15
95.7,13.5,118.15
95.8,13.5,118.15
95.9,13.2,118.15
96.0,13.5,118.15
96.1,13.1,118.15
96.2,13.5,118.15
96.3,13.1,118.15
96.4,13.3,118.15
96.5,12.7,118.15
96.6,12.6,118.15
96.7,13.6,118.15
96.8,13.0,118.15
96.9,13.4,118.15
97.0,26.8,118.15
97.1,0.0,118.15
97.2,12.8,118.15
97.3,0.0,118.15
97.4,25.2,118.15
97.5,12.8,118.15
97.6,13.5,118.15
97.7,26.7,118.15
97.8,13.0,118.15
97.9,13.8,118.15
98.0,24.9,118.15
98.1,25.2,118.15
98.2,24.9,118.15
98.3,26.7,118.15
98.4,12.9,118.15
98.5,12.9,118.15
98.6,26.0,118.15
98.7,0.0,118.15
98.8,13.0,118.15
98.9,13.6,118.15
99.0,13.8,118.15
99.1,25.6,118.15
99.2,13.5,118.15
99.3,13.0,118.15
99.4,14.2,118.15
99.5,13.5,118.15
99.6,12.9,118.15
99.7,13.7,118.15
99.8,0.0,118.15
99.9,0.0,118.15
100.0,13.8,118.15
100.1,0.0,118.15
100.2,13.0,118.15
100.3,13.2,118.15
100.4,12.9,118.15
100.5,13.9,118.15
100.6,25.1,118.15
100.7,13.5,118.15
100.8,13.6,118.15
100.9,0.0,118.15
101.0,0.0,118.15
101.1,13.7,118.15
101.2,25.1,146.4
101.3,71.3,167.57
101.4,88.6,187.65
101.5,99.6,195.49
101.6,100.1,197.04
101.7,97.9,196.84
101.8,14.0,118.82
101.9,0.0,118.82
102.0,13.6,118.82
102.1,13.7,118.82
102.2,14.5,118.82
102.3,13.6,118.82
102.4,13.2,118.82
102.5,13.0,118.82
102.6,13.3,118.82
102.7,13.3,118.82
102.8,13.0,118.82
102.9,12.3,118.82
103.0,12.5,118.82
103.1,13.0,118.82
103.2,12.8,118.82
103.3,13.1,118.82
103.4,13.2,118.82
103.5,11.9,118.82
103.6,13.1,118.82
103.7,25.3,118.82
103.8,24.7,118.82
103.9,13.5,118.82
104.0,13.8,118.82
104.1,13.2,118.82
104.2,12.8,118.82
104.3,26.7,118.82
104.4,12.8,118.82
104.5,13.8,118.82
104.6,13.3,118.82
104.7,25.3,118.82
104.8,13.3,118.82
104.9,12.8,118.82
105.0,12.9,118.82
105.1,14.0,118.82
105.2,0.0,118.82
105.3,13.3,118.82
105.4,26.4,118.82
105.5,13.6,118.82
105.6,13.4,118.82
105.7,12.8,118.82
105.8,12.8,118.82
105.9,26.5,118.82
106.0,13.0,118.8
106.1,13.0,118.8
106.2,25.3,118.8
106.3,13.2,118.8
106.4,13.4,118.8
106.5,25.9,118.8
106.6,13.2,118.8
106.7,13.0,118.8
106.8,25.4,118.8
106.9,14.2,118.8
107.0,13.6,118.8
107.1,0.0,118.8
107.2,13.0,118.8
107.3,26.3,118.8
107.4,12.7,118.8
107.5,24.8,118.8
107.6,13.1,118.8
107.7,0.0,118.8
107.8,13.3,118.8
107.9,13.3,118.8
108.0,13.6,118.8
108.1,26.5,118.8
108.2,12.5,118.8
108.3,12.4,118.8
108.4,12.8,118.8
108.5,12.3,118.8
108.6,13.4,118.8
108.7,13.7,118.8
108.8,13.4,118.8
108.9,13.5,118.8
109.0,13.4,118.8
109.1,13.6,118.8
109.2,13.5,118.8
109.3,0.0,118.8
109.4,14.2,118.8
109.5,0.0,118.8
109.6,24.6,118.8
109.7,12.3,118.8
109.8,13.6,118.8
109.9,13.6,118.8
110.0,13.9,118.8
110.1,12.5,118.8
110.2,0.0,118.8
110.3,13.4,118.8
110.4,26.7,140.89
110.5,100.1,162.12
110.6,103.2,185.46
110.7,114.5,195.42
110.8,88.6,196.99
110.9,104.0,198.61
111.0,0.0,118.91
111.1,39.7,101.27
111.2,0.0,101.27
111.3,13.9,101.27
111.4,0.0,101.27
111.5,0.0,101.27
111.6,13.0,101.27
111.7,14.1,101.27
111.8,14.4,101.27
111.9,14.3,101.27
112.0,14.1,101.27
112.1,0.0,101.27
112.2,13.1,101.27
112.3,13.9,101.27
112.4,13.2,101.27
112.5,12.9,101.27
112.6,0.0,101.27
112.7,0.0,101.27
112.8,13.3,101.27
112.9,0.0,101.27
113.0,0.0,101.27
113.1,0.0,101.27
113.2,13.3,101.27
113.3,13.6,101.27
113.4,13.5,101.27
113.5,0.0,101.27
113.6,13.6,101.27
113.7,24.5,101.27
113.8,24.5,101.27
113.9,13.7,101.27
114.0,13.3,101.27
114.1,14.2,101.27
114.2,26.3,101.27
114.3,13.6,101.26
114.4,13.5,101.26
114.5,13.4,101.26
114.6,14.2,101.26
114.7,13.6,101.26
114.8,0.0,101.26
114.9,13.9,101.26
115.0,27.0,101.26
115.1,13.9,101.26
115.2,0.0,101.26
115.3,25.3,101.26
115.4,13.4,101.26
115.5,12.4,101.26
115.6,13.4,101.26
115.7,13.2,101.26
115.8,13.4,101.26
115.9,25.9,101.26
116.0,25.1,101.26
116.1,14.1,101.26
116.2,13.6,101.26
116.3,26.5,101.26
116.4,13.6,101.26
116.5,13.8,101.26
116.6,13.1,101.26
116.7,13.1,101.26
116.8,13.6,101.26
116.9,13.7,101.26
117.0,0.0,101.26
117.1,13.4,101.26
117.2,13.1,101.26
117.3,13.0,101.26
117.4,12.5,101.26
117.5,0.0,101.26
117.6,13.2,101.26
117.7,0.0,101.26
117.8,0.0,101.26
117.9,13.6,101.26
118.0,13.7,101.26
118.1,13.1,101.26
118.2,13.5,101.26
118.3,0.0,101.26
118.4,0.0,101.26
118.5,12.8,101.26
118.6,13.5,101.26
118.7,13.6,101.26
118.8,13.3,101.26
118.9,13.3,101.26
119.0,24.8,101.26
119.1,13.4,101.26
119.2,0.0,101.26
119.3,13.8,101.26
119.4,12.6,101.26
119.5,13.6,101.26
119.6,14.0,101.26
119.7,13.5,101.26
119.8,13.5,101.26
119.9,13.9,101.26
120.0,26.1,101.26
120.1,13.4,101.26
120.2,13.4,101.26
120.3,13.5,101.26
120.4,26.6,101.26
120.5,13.7,101.26
120.6,13.8,101.26
120.7,26.7,101.26
120.8,13.3,101.26
120.9,26.2,101.26
121.0,13.4,101.26
121.1,25.6,101.26
121.2,13.6,101.26
121.3,13.4,101.26
121.4,13.3,101.26
121.5,12.4,101.26
121.6,12.9,101.26
121.7,0.0,101.26
121.8,12.8,101.26
121.9,13.9,101.26
122.0,13.0,101.26
122.1,13.7,101.26
122.2,13.3,101.26
122.3,13.5,101.26
122.4,13.6,101.26
122.5,25.1,101.26
122.6,13.7,101.26
122.7,13.7,101.26
122.8,13.5,101.26
122.9,25.4,101.26
123.0,25.6,101.26
123.1,13.2,101.26
123.2,12.9,101.26
123.3,12.6,101.26
123.4,25.5,101.26
123.5,13.5,101.26
123.6,13.3,101.26
123.7,24.9,101.26
123.8,13.6,101.26
123.9,13.4,101.26
124.0,13.4,101.26
124.1,13.7,101.26
124.2,13.9,101.26
124.3,13.3,101.26
124.4,25.5,101.26
124.5,26.4,101.26
124.6,13.1,101.26
124.7,12.6,101.26
124.8,13.6,101.26
124.9,13.3,101.26
125.0,13.7,101.26
125.1,0.0,101.26
125.2,13.3,101.26
125.3,13.0,101.26
125.4,13.1,101.26
125.5,25.9,101.26
125.6,13.3,101.26
125.7,13.6,101.26
125.8,13.5,101.26
125.9,13.3,101.26
126.0,12.4,101.26
126.1,13.4,101.26
126.2,0.0,101.26
126.3,12.8,101.26
126.4,13.6,101.26
126.5,13.6,101.26
126.6,13.6,101.26
126.7,25.5,101.26
126.8,13.4,101.26
126.9,13.0,101.26
127.0,12.5,101.26
127.1,25.2,101.26
127.2,14.2,101.26
127.3,14.0,101.26
127.4,13.4,101.26
127.5,13.5,101.26
127.6,13.5,101.26
127.7,12.7,101.26
127.8,13.1,101.26
127.9,25.2,101.26
128.0,26.2,101.26
128.1,13.3,101.26
128.2,26.3,101.26
128.3,13.3,101.26
128.4,0.0,101.26
128.5,13.4,101.26
128.6,26.4,101.26
128.7,13.4,101.26
128.8,13.4,101.26
128.9,12.7,101.26
129.0,13.4,101.26
129.1,12.9,101.26
129.2,13.2,101.26
129.3,12.5,101.26
129.4,14.2,101.26
129.5,0.0,101.26
129.6,13.1,101.26
129.7,12.7,101.26
129.8,0.0,101.26
129.9,13.6,101.26
130.0,13.5,101.26
130.1,0.0,101.26
130.2,13.1,101.26
130.3,0.0,101.26
130.4,13.7,101.26
130.5,13.3,101.26
130.6,0.0,101.26
130.7,13.6,101.26
130.8,14.3,101.26
130.9,13.4,101.26
131.0,13.5,101.26
131.1,12.8,101.26
131.2,13.5,101.26
131.3,13.0,101.26
131.4,13.5,101.26
131.5,13.4,101.26
131.6,13.4,101.26
131.7,13.6,101.26
131.8,13.1,101.26
131.9,14.0,101.26
132.0,13.7,101.26
132.1,13.4,101.26
132.2,13.8,101.26
132.3,13.7,101.26
132.4,13.1,101.26
132.5,13.8,101.26
132.6,0.0,101.26
132.7,12.9,101.26
132.8,13.4,101.26
132.9,13.2,101.26
133.0,13.4,101.26
133.1,37.9,101.26
133.2,13.1,101.26
133.3,12.6,101.26
133.4,12.9,101.26
133.5,13.4,101.26
133.6,13.8,101.26
133.7,13.9,101.26
133.8,13.5,101.26
133.9,13.2,101.26
134.0,13.4,101.26
134.1,13.4,101.26
134.2,24.8,101.26
134.3,13.8,101.26
134.4,0.0,101.26
134.5,13.4,101.26
134.6,13.4,101.26
134.7,13.4,101.26
134.8,13.1,101.26
134.9,13.5,101.26
135.0,13.6,101.26
135.1,13.5,101.26
135.2,25.3,101.26
135.3,13.8,101.26
135.4,24.5,101.26
135.5,0.0,101.26
135.6,26.3,101.26
135.7,13.4,101.26
135.8,12.7,101.26
135.9,13.0,101.26
136.0,13.3,101.26
136.1,13.2,101.26
136.2,13.2,101.26
136.3,25.2,101.26
136.4,25.4,101.26
136.5,12.8,101.26
136.6,13.4,101.26
136.7,13.7,101.26
136.8,13.3,101.26
136.9,27.3,101.26
137.0,12.7,101.26
137.1,13.6,101.26
137.2,13.4,101.26
137.3,13.4,101.26
137.4,13.3,101.26
137.5,13.5,101.26
137.6,13.6,101.26
137.7,14.0,101.26
137.8,13.9,101.26
137.9,13.7,101.26
138.0,13.5,101.26
138.1,13.6,101.26
138.2,13.2,101.26
138.3,79.8,101.27
138.4,115.4,101.27
138.5,108.9,101.28
138.6,107.2,101.28
138.7,67.3,101.29
138.8,14.3,101.29
138.9,25.8,101.29
139.0,13.4,101.29
139.1,12.1,101.29
139.2,13.6,101.29
139.3,14.0,101.29
139.4,13.7,101.29
139.5,13.5,101.29
139.6,13.7,101.29
139.7,26.5,101.29
139.8,12.6,101.31
139.9,12.8,101.31
140.0,13.2,101.31
140.1,14.7,101.31
140.2,13.6,101.31
140.3,13.4,101.31
140.4,13.0,101.31
140.5,13.6,101.31
140.6,13.5,101.31
140.7,13.5,101.31
140.8,12.6,101.31
140.9,13.4,101.31
141.0,13.3,101.31
141.1,13.4,101.31
141.2,13.6,101.31
141.3,26.1,101.31
141.4,13.4,101.31
141.5,26.3,101.31
141.6,13.7,101.31
141.7,13.5,101.31
141.8,12.9,101.31
141.9,0.0,101.31
142.0,13.4,101.31
142.1,90.6,101.33
142.2,124.3,101.33
142.3,95.4,101.46
142.4,69.4,101.54
142.5,13.5,101.55
142.6,13.7,101.55
142.7,13.1,101.55
142.8,13.0,101.55
142.9,26.2,101.55
143.0,12.9,101.55
143.1,12.9,101.55
143.2,13.2,101.55
143.3,13.9,101.55
143.4,13.4,101.55
143.5,13.0,101.55
143.6,13.0,101.55
143.7,13.4,101.55
143.8,12.5,101.55
143.9,13.6,101.55
144.0,13.6,101.55
144.1,13.7,101.55
144.2,0.0,101.55
144.3,13.5,101.55
144.4,13.7,101.55
144.5,26.0,101.55
144.6,12.6,101.55
144.7,13.1,101.55
144.8,13.5,101.55
144.9,13.2,101.55
145.0,0.0,101.55
145.1,13.3,101.55
145.2,26.7,101.55
145.3,13.9,101.55
145.4,13.6,101.55
145.5,0.0,101.55
145.6,12.6,101.55
145.7,12.9,101.55
145.8,13.4,101.55
145.9,13.1,101.55
146.0,0.0,101.55
146.1,13.2,101.55
146.2,26.6,101.55
146.3,13.5,101.55
146.4,13.4,101.55
146.5,13.4,101.55
146.6,13.4,101.55
146.7,12.9,101.55
146.8,13.2,101.58
146.9,12.8,101.58
147.0,13.7,101.58
147.1,13.4,101.58
147.2,13.4,101.58
147.3,13.6,101.58
147.4,13.7,101.58
147.5,13.3,101.58
147.6,25.2,101.58
147.7,13.7,101.58
147.8,25.6,101.58
147.9,13.6,101.58
148.0,13.4,101.58
148.1,12.8,101.58
148.2,26.9,102.55
148.3,25.3,102.55
148.4,13.6,102.55
148.5,12.8,102.55
148.6,26.3,102.55
148.7,14.2,102.55
148.8,13.5,102.55
148.9,25.1,102.55
149.0,13.9,102.55
149.1,0.0,102.55
149.2,13.7,102.55
149.3,0.0,102.55
149.4,13.6,102.55
149.5,25.0,102.55
149.6,25.3,102.55
149.7,25.7,102.55
149.8,13.4,102.55
149.9,25.3,102.55
150.0,13.1,102.55
150.1,27.8,102.55
150.2,13.3,102.55
150.3,13.3,102.55
150.4,14.1,102.55
150.5,13.4,102.55
150.6,13.1,102.55
150.7,13.3,102.55
150.8,12.6,102.55
150.9,12.9,102.55
151.0,14.3,102.55
151.1,26.6,102.55
151.2,12.9,102.55
151.3,12.7,102.55
151.4,0.0,102.55
151.5,13.3,102.55
151.6,26.5,102.55
151.7,13.4,102.55
151.8,24.7,102.55
151.9,26.7,102.55
152.0,13.5,102.55
152.1,13.7,102.55
152.2,13.4,102.55
152.3,13.1,102.55
152.4,13.2,102.55
152.5,25.4,102.55
152.6,25.8,102.55
152.7,13.9,102.55
152.8,25.2,102.55
152.9,13.7,102.55
153.0,24.7,102.55
153.1,13.3,102.55
153.2,13.0,102.55
153.3,13.1,102.55
153.4,14.4,102.55
153.5,25.3,102.55
153.6,13.5,102.55
153.7,12.5,102.55
153.8,13.0,102.55
153.9,25.1,102.55
154.0,26.0,102.55
154.1,25.3,102.55
154.2,13.9,102.55
154.3,25.6,102.55
154.4,13.4,102.55
154.5,26.6,102.55
154.6,13.6,102.55
154.7,24.7,102.55
154.8,13.4,102.55
154.9,13.3,102.55
155.0,13.4,102.55
155.1,12.9,102.55
155.2,13.0,102.55
155.3,13.5,102.55
155.4,13.4,102.55
155.5,25.2,102.55
155.6,13.2,102.55
155.7,0.0,102.55
155.8,13.9,102.55
155.9,13.9,102.55
156.0,13.7,102.55
156.1,12.7,102.55
156.2,13.8,102.55
156.3,13.7,102.55
156.4,13.0,102.55
156.5,12.5,102.55
156.6,13.2,102.55
156.7,13.5,102.55
156.8,13.1,102.55
156.9,13.6,102.55
157.0,13.5,102.55
157.1,12.7,102.55
157.2,13.1,102.55
157.3,13.3,102.55
157.4,13.9,102.55
157.5,25.5,102.55
157.6,12.7,102.55
157.7,13.2,102.55
157.8,26.0,102.55
157.9,25.5,102.55
158.0,13.3,102.55
158.1,13.2,102.55
158.2,13.2,123.86
158.3,88.8,139.29
158.4,82.8,164.18
158.5,0.0,102.61
158.6,40.9,102.78
158.7,13.6,102.78
158.8,0.0,102.78
158.9,13.6,102.78
159.0,13.4,102.78
159.1,13.8,102.78
159.2,14.2,102.78
159.3,13.5,102.78
159.4,13.5,102.78
159.5,12.6,102.78
159.6,13.1,102.78
159.7,13.4,102.78
159.8,12.8,102.78
159.9,13.4,102.78
160.0,13.6,102.78
160.1,12.6,102.78
160.2,13.6,102.78
160.3,13.9,102.78
160.4,13.4,102.78
160.5,0.0,102.78
160.6,13.7,102.78
160.7,27.2,102.78
160.8,13.4,102.78
160.9,13.6,102.78
161.0,12.6,102.78
161.1,13.4,102.78
161.2,13.6,102.78
161.3,13.0,102.78
161.4,0.0,102.78
161.5,13.3,102.78
161.6,13.2,102.78
161.7,12.5,102.78
161.8,0.0,102.78
161.9,0.0,102.78
162.0,12.8,102.78
162.1,12.7,102.78
162.2,13.3,102.78
162.3,13.5,102.78
162.4,13.2,102.78
162.5,14.4,102.78
162.6,13.4,102.78
162.7,25.8,102.78
162.8,13.9,102.78
162.9,13.6,102.78
163.0,13.5,102.78
163.1,14.0,102.78
163.2,14.3,102.78
163.3,14.2,102.78
163.4,13.7,102.78
163.5,0.0,102.78
163.6,13.1,102.78
163.7,13.4,102.78
163.8,13.8,102.78
163.9,25.9,102.78
164.0,13.9,102.78
164.1,13.8,102.78
164.2,14.6,102.78
164.3,14.0,102.78
164.4,26.7,102.78
164.5,0.0,102.78
164.6,13.9,102.78
164.7,13.9,102.78
164.8,14.5,102.78
164.9,13.7,102.78
165.0,13.6,102.78
165.1,0.0,102.78
165.2,13.1,102.78
165.3,13.6,102.78
165.4,13.9,102.78
165.5,13.0,102.78
165.6,0.0,102.78
165.7,13.3,102.78
165.8,13.2,102.78
165.9,0.0,102.78
166.0,13.2,102.78
166.1,14.3,102.78
166.2,26.9,102.78
166.3,24.3,102.78
166.4,13.9,102.78
166.5,14.0,102.78
166.6,13.7,102.78
166.7,13.6,102.78
166.8,0.0,102.78
166.9,13.6,102.78
167.0,13.7,102.78
167.1,13.4,102.78
167.2,12.5,102.78
167.3,0.0,102.78
167.4,13.4,102.78
167.5,13.5,102.78
167.6,13.3,102.78
167.7,13.5,102.78
167.8,0.0,102.78
167.9,13.4,102.78
168.0,13.5,102.78
168.1,13.5,102.78
168.2,13.9,102.78
168.3,24.8,102.78
168.4,12.7,102.78
168.5,48.8,102.79
168.6,12.2,102.79
168.7,12.7,102.79
168.8,13.6,102.79
168.9,24.8,102.79
169.0,0.0,102.79
169.1,13.2,102.79
169.2,0.0,102.79
169.3,13.4,102.79
169.4,13.8,102.79
169.5,13.9,102.79
169.6,13.2,102.79
169.7,25.7,102.79
169.8,12.5,102.79
169.9,12.6,102.79
170.0,13.5,102.79
170.1,14.3,102.79
170.2,14.3,102.79
170.3,14.2,102.79
170.4,13.5,102.79
170.5,0.0,102.79
170.6,13.2,102.79
170.7,25.6,102.79
170.8,25.2,102.79
170.9,0.0,102.79
171.0,26.4,102.79
171.1,13.2,102.79
171.2,13.2,102.79
171.3,25.1,102.79
171.4,13.3,102.79
171.5,0.0,102.78
171.6,13.2,102.78
171.7,13.7,102.78
171.8,12.6,102.78
171.9,13.5,102.78
172.0,13.7,102.78
172.1,13.4,102.78
172.2,13.4,102.78
172.3,13.8,102.78
172.4,13.6,102.78
172.5,13.5,102.78
172.6,13.5,102.78
172.7,0.0,102.78
172.8,12.7,102.78
172.9,0.0,102.78
173.0,13.4,102.78
173.1,13.4,102.78
173.2,13.5,102.78
173.3,13.2,102.78
173.4,0.0,102.78
173.5,13.8,102.78
173.6,13.7,102.78
173.7,25.9,102.78
173.8,13.8,102.78
173.9,24.8,102.78
174.0,13.7,102.78
174.1,0.0,102.78
174.2,26.5,102.78
174.3,13.4,102.78
174.4,13.6,102.78
174.5,13.3,102.78
174.6,13.5,102.78
174.7,13.5,102.78
174.8,0.0,102.78
174.9,24.3,102.78
175.0,24.6,102.78
175.1,0.0,102.78
175.2,12.7,102.78
175.3,13.4,102.78
175.4,13.2,102.78
175.5,0.0,102.78
175.6,13.4,102.78
175.7,13.4,102.78
175.8,12.8,102.78
175.9,0.0,102.78
176.0,12.7,102.78
176.1,13.4,102.78
176.2,13.1,102.78
176.3,13.6,102.78
176.4,13.3,102.78
176.5,26.4,102.78
176.6,13.3,102.78
176.7,12.6,102.78
176.8,12.7,102.78
176.9,13.3,102.78
177.0,13.7,102.78
177.1,13.2,102.78
177.2,13.1,102.78
177.3,25.0,102.78
177.4,14.3,102.78
177.5,13.7,102.78
177.6,13.3,102.78
177.7,24.7,102.78
177.8,13.7,102.78
177.9,13.5,102.78
178.0,13.6,102.78
178.1,13.4,102.78
178.2,13.2,102.78
178.3,13.8,102.78
178.4,12.2,102.78
178.5,12.4,102.78
178.6,13.8,102.78
178.7,13.4,102.78
178.8,13.5,102.78
178.9,13.5,102.78
179.0,13.4,102.78
179.1,0.0,102.78
179.2,13.7,102.78
179.3,24.3,102.78
179.4,13.4,102.78
179.5,13.2,102.78
179.6,13.7,102.78
179.7,0.0,102.78
179.8,25.1,102.78
179.9,12.6,102.78
180.0,13.5,102.78
180.1,13.5,102.78
180.2,13.5,102.78
180.3,14.3,102.78
180.4,13.5,102.78
180.5,13.3,102.78
180.6,13.5,102.78
180.7,13.6,102.78
180.8,12.4,102.78
180.9,12.6,102.78
181.0,13.4,102.78
181.1,13.2,102.78
181.2,13.1,102.78
181.3,13.7,102.78
181.4,13.0,102.78
181.5,25.2,102.78
181.6,13.2,102.78
181.7,13.0,102.78
181.8,13.0,102.78
181.9,25.2,102.78
182.0,13.3,102.78
182.1,12.6,102.78
182.2,13.5,102.78
182.3,13.6,102.78
182.4,26.1,102.78
182.5,13.0,102.78
182.6,37.0,102.78
182.7,26.8,102.78
182.8,25.6,102.78
182.9,13.8,102.78
183.0,24.8,102.78
183.1,13.5,102.78
183.2,13.4,102.78
183.3,13.5,102.78
183.4,12.5,102.78
183.5,13.3,102.78
183.6,13.6,102.78
183.7,13.5,102.78
183.8,13.4,102.78
183.9,0.0,102.78
184.0,13.1,102.78
184.1,14.3,102.78
184.2,13.6,102.78
184.3,13.5,102.78
184.4,13.4,102.78
184.5,13.5,102.78
184.6,13.6,102.78
184.7,13.5,102.78
184.8,13.4,102.78
184.9,13.3,102.78
185.0,13.5,102.78
185.1,25.0,102.78
185.2,13.3,102.78
185.3,13.3,102.78
185.4,13.4,102.78
185.5,13.1,102.78
185.6,25.2,102.78
185.7,13.0,102.78
185.8,13.1,102.78
185.9,12.7,102.78
186.0,13.5,102.78
186.1,24.3,102.78
186.2,13.3,102.78
186.3,13.6,102.78
186.4,13.7,102.78
186.5,25.7,102.78
186.6,13.6,102.78
186.7,25.0,102.78
186.8,13.4,102.78
186.9,13.0,102.78
187.0,12.8,102.78
187.1,13.4,102.78
187.2,13.3,102.78
187.3,12.8,102.78
187.4,13.8,102.78
187.5,24.5,102.78
187.6,12.6,102.78
187.7,0.0,102.78
187.8,13.9,102.78
187.9,24.7,102.78
188.0,13.3,102.78
188.1,25.0,102.78
188.2,12.8,102.78
188.3,26.9,102.78
188.4,13.2,102.78
188.5,13.8,102.78
188.6,25.5,102.78
188.7,13.6,102.78
188.8,25.8,102.78
188.9,13.4,102.78
189.0,23.4,102.78
189.1,12.9,102.78
189.2,12.9,102.78
189.3,0.0,102.78
189.4,13.5,102.78
189.5,13.2,102.78
189.6,24.4,102.78
189.7,13.4,102.78
189.8,25.3,102.78
189.9,13.5,102.78
190.0,12.5,102.78
190.1,13.4,102.78
190.2,26.1,102.78
190.3,13.2,102.78
190.4,12.7,102.78
190.5,14.0,102.78
190.6,0.0,102.78
190.7,13.3,102.78
190.8,26.5,102.78
190.9,12.9,102.78
191.0,12.7,102.78
191.1,13.7,102.78
191.2,26.4,102.78
191.3,13.7,102.78
191.4,13.1,102.78
191.5,24.9,102.78
191.6,13.5,102.78
191.7,13.5,102.78
191.8,13.5,102.78
191.9,13.4,102.78
192.0,13.3,102.78
192.1,13.3,102.78
192.2,13.2,102.78
192.3,13.4,102.78
192.4,25.2,102.78
192.5,13.5,102.78
192.6,13.9,102.78
192.7,0.0,102.78
192.8,13.2,102.78
192.9,13.4,102.78
193.0,13.1,102.78
193.1,13.4,102.78
193.2,13.4,102.78
193.3,26.3,102.78
193.4,13.3,102.78
193.5,12.7,102.78
193.6,13.7,102.78
193.7,13.4,102.78
193.8,14.0,102.78
193.9,13.3,102.78
194.0,12.4,102.78
194.1,12.8,102.78
194.2,26.2,102.78
194.3,13.5,102.78
194.4,26.9,102.78
194.5,12.7,102.78
194.6,13.7,102.78
194.7,13.6,102.78
194.8,12.6,102.78
194.9,13.7,102.78
195.0,12.8,102.78
195.1,13.5,102.78
195.2,13.2,102.78
195.3,13.4,102.78
195.4,13.0,102.78
195.5,0.0,102.78
195.6,13.7,102.78
195.7,12.6,102.78
195.8,13.6,102.78
195.9,13.3,102.78
196.0,0.0,102.78
196.1,13.6,102.78
196.2,13.9,102.78
196.3,13.3,102.78
196.4,13.4,102.78
196.5,13.5,102.78
196.6,13.5,102.78
196.7,0.0,102.78
196.8,25.9,102.78
196.9,12.7,102.78
197.0,25.0,102.78
197.1,12.9,102.78
197.2,13.0,102.78
197.3,13.6,102.78
197.4,13.2,102.78
197.5,13.5,102.78
197.6,13.1,102.78
197.7,13.4,102.78
197.8,13.1,102.78
197.9,13.1,102.78
198.0,13.3,102.78
198.1,12.7,102.78
198.2,13.4,102.78
198.3,13.8,102.78
198.4,13.1,102.78
198.5,24.5,102.78
198.6,24.8,102.78
198.7,26.7,102.78
198.8,13.2,102.78
198.9,25.6,102.78
199.0,13.4,102.78
199.1,13.3,102.78
199.2,13.6,102.78
199.3,13.7,102.78
199.4,13.1,102.78
199.5,0.0,102.78
199.6,13.2,102.78
199.7,25.3,102.78
199.8,14.1,102.78
199.9,13.5,102.78
200.0,24.7,102.78
200.1,13.6,102.78
200.2,13.9,102.78
200.3,0.0,102.78
200.4,13.9,102.78
200.5,12.8,102.78
200.6,13.3,102.78
200.7,26.2,102.78
200.8,13.1,102.78
200.9,13.5,102.78
201.0,13.2,102.78
201.1,0.0,102.78
201.2,12.4,102.78
201.3,12.4,102.78
201.4,12.7,102.78
201.5,0.0,102.78
201.6,25.5,102.78
201.7,26.1,102.78
201.8,13.4,102.78
201.9,26.5,102.78
202.0,13.4,102.78
202.1,26.2,102.78
202.2,13.4,102.78
202.3,26.5,102.78
202.4,13.1,102.78
202.5,12.6,102.78
202.6,0.0,102.78
202.7,0.0,102.78
202.8,0.0,102.78
202.9,13.0,102.78
203.0,25.2,102.78
203.1,25.0,102.78
203.2,25.4,102.78
203.3,13.5,102.78
203.4,25.6,102.78
203.5,25.6,102.78
203.6,13.1,102.78
203.7,12.3,102.78
203.8,12.9,102.78
203.9,12.7,102.78
204.0,26.6,102.78
204.1,13.3,102.78
204.2,26.4,102.78
204.3,13.2,102.78
204.4,13.2,102.78
204.5,13.6,102.78
204.6,0.0,102.78
204.7,13.5,102.78
204.8,13.1,102.78
204.9,12.3,102.78
205.0,12.8,102.78
205.1,13.6,102.78
205.2,13.2,102.78
205.3,13.5,102.78
205.4,13.8,102.78
205.5,13.5,102.78
205.6,0.0,102.78
205.7,13.3,102.78
205.8,25.1,102.78
205.9,26.6,102.78
206.0,13.7,102.78
206.1,14.2,102.78
206.2,25.0,102.78
206.3,13.4,102.78
206.4,13.3,102.78
206.5,13.3,102.78
206.6,13.1,102.78
206.7,13.7,102.78
206.8,13.2,102.78
206.9,13.1,102.78
207.0,12.9,102.78
207.1,13.2,102.78
207.2,13.4,102.78
207.3,13.3,102.78
207.4,13.2,102.78
207.5,13.9,102.78
207.6,13.9,102.78
207.7,13.8,102.78
207.8,26.3,102.78
207.9,25.9,102.78
208.0,13.5,102.78
208.1,13.4,102.78
208.2,13.3,102.78
208.3,13.4,102.78
208.4,12.2,102.78
208.5,12.9,102.78
208.6,0.0,102.78
208.7,13.5,102.78
208.8,13.3,102.78
208.9,0.0,102.78
209.0,13.8,102.78
209.1,13.5,102.78
209.2,13.4,102.78
209.3,24.8,102.78
209.4,12.7,102.78
209.5,13.8,102.78
209.6,13.4,102.78
209.7,12.7,102.78
209.8,25.5,102.78
209.9,13.3,102.78
210.0,13.3,102.78
210.1,0.0,102.78
210.2,13.6,102.78
210.3,13.2,102.78
210.4,13.4,102.78
210.5,13.1,102.78
210.6,13.4,102.78
210.7,13.5,102.78
210.8,13.2,102.78
210.9,24.7,102.78
211.0,13.3,102.78
211.1,13.2,102.78
211.2,25.8,102.78
211.3,13.3,102.78
211.4,13.2,102.78
211.5,0.0,102.78
211.6,13.5,102.78
211.7,25.0,102.78
211.8,12.8,102.78
211.9,13.4,102.78
212.0,14.0,102.78
212.1,13.6,102.78
212.2,13.1,102.78
212.3,13.4,102.78
212.4,13.4,102.78
212.5,26.6,102.78
212.6,13.0,102.78
212.7,12.5,102.78
212.8,0.0,102.78
212.9,0.0,102.78
213.0,13.8,102.78
213.1,13.4,102.78
213.2,0.0,102.78
213.3,12.6,102.78
213.4,13.3,102.78
213.5,13.8,102.78
213.6,0.0,102.78
213.7,12.2,102.78
213.8,12.5,102.78
213.9,0.0,102.78
214.0,13.3,102.78
214.1,25.7,102.78
214.2,13.8,102.78
214.3,13.7,102.78
214.4,0.0,102.78
214.5,24.0,102.78
214.6,13.6,102.78
214.7,0.0,102.78
214.8,13.5,102.78
214.9,13.9,102.78
215.0,26.1,102.78
215.1,13.8,102.78
215.2,13.5,102.78
215.3,13.4,102.78
215.4,13.7,102.78
215.5,13.8,102.78
215.6,13.2,102.78
215.7,14.7,102.78
215.8,13.7,102.78
215.9,13.8,102.78
216.0,13.5,102.78
216.1,13.0,102.78
216.2,0.0,102.78
216.3,13.3,102.78
216.4,12.8,102.78
216.5,13.5,102.78
216.6,13.6,102.78
216.7,13.6,102.78
216.8,13.9,102.78
216.9,12.8,102.78
217.0,13.1,102.78
217.1,12.8,102.78
217.2,13.4,102.78
217.3,13.6,102.78
217.4,0.0,102.78
217.5,13.3,102.78
217.6,26.3,102.78
217.7,13.0,102.78
217.8,13.8,102.78
217.9,24.6,102.78
218.0,13.5,102.78
218.1,0.0,102.78
218.2,12.4,102.78
218.3,13.3,102.78
218.4,13.5,102.78
218.5,0.0,102.78
218.6,0.0,102.78
218.7,13.8,102.78
218.8,13.6,102.78
218.9,13.4,102.78
219.0,14.2,102.78
219.1,25.2,102.78
219.2,13.6,102.78
219.3,12.6,102.78
219.4,13.3,102.78
219.5,13.3,102.78
219.6,13.4,102.78
219.7,13.0,102.78
219.8,13.6,102.78
219.9,13.4,102.78
220.0,0.0,102.78
220.1,13.2,102.78
220.2,13.4,102.78
220.3,25.6,102.78
220.4,13.3,102.78
220.5,0.0,102.78
220.6,13.9,102.78
220.7,12.7,102.78
220.8,13.4,102.78
220.9,12.8,102.78
221.0,13.3,102.78
221.1,13.1,102.78
221.2,13.4,102.78
221.3,13.3,102.78
221.4,13.4,102.78
221.5,13.4,102.78
221.6,13.4,102.78
221.7,13.6,102.78
221.8,13.5,102.78
221.9,26.7,102.78
222.0,13.2,102.78
222.1,13.3,102.78
222.2,13.1,102.78
222.3,0.0,102.78
222.4,13.2,102.78
222.5,0.0,102.78
222.6,13.4,102.78
222.7,13.3,102.78
222.8,13.5,102.78
222.9,13.1,102.78
223.0,0.0,102.78
223.1,25.8,102.78
223.2,13.4,102.78
223.3,12.9,102.78
223.4,13.4,102.78
223.5,13.1,102.78
223.6,26.3,102.78
223.7,13.0,102.78
223.8,12.9,102.78
223.9,12.1,102.78
224.0,13.7,102.78
224.1,13.4,102.78
224.2,13.3,102.78
224.3,13.5,102.78
224.4,26.9,102.78
224.5,13.0,102.78
224.6,13.5,102.78
224.7,13.0,102.78
224.8,12.9,102.78
224.9,13.7,102.78
225.0,0.0,102.78
225.1,0.0,102.78
225.2,13.6,102.78
225.3,13.3,102.78
225.4,13.1,102.78
225.5,13.6,102.78
225.6,24.6,102.78
225.7,13.6,102.78
225.8,13.4,102.78
225.9,13.6,102.78
226.0,12.6,102.78
226.1,26.0,102.78
226.2,0.0,102.78
226.3,13.2,102.78
226.4,13.5,102.78
226.5,12.6,102.78
226.6,13.4,102.78
226.7,13.3,102.78
226.8,13.8,102.78
226.9,13.4,102.78
227.0,13.4,102.78
227.1,13.4,102.78
227.2,13.3,102.78
227.3,12.6,102.78
227.4,13.8,102.78
227.5,12.6,102.78
227.6,12.3,102.78
227.7,13.2,102.78
227.8,13.9,102.78
227.9,12.9,102.78
228.0,13.2,102.78
228.1,13.2,102.78
228.2,26.3,102.78
228.3,13.4,102.78
228.4,12.8,102.78
228.5,13.9,102.78
228.6,0.0,102.78
228.7,13.4,102.78
228.8,12.8,102.78
228.9,13.4,102.78
229.0,25.7,102.78
229.1,14.0,102.78
229.2,13.3,102.78
229.3,13.3,102.78
229.4,13.6,102.78
229.5,12.6,102.78
229.6,13.2,102.78
229.7,13.4,102.78
229.8,12.3,102.78
229.9,24.5,102.78
230.0,12.9,102.78
230.1,12.3,102.78
230.2,14.0,102.78
230.3,13.5,102.78
230.4,26.4,102.78
230.5,13.4,102.78
230.6,26.2,102.78
230.7,13.8,102.78
230.8,24.9,102.78
230.9,26.1,102.78
231.0,25.1,102.78
231.1,12.9,102.78
231.2,12.8,102.78
231.3,11.8,102.78
231.4,13.7,102.78
231.5,25.7,102.78
231.6,14.1,102.78
231.7,13.0,102.78
231.8,13.8,102.78
231.9,13.3,102.78
232.0,13.5,102.78
232.1,13.4,102.78
232.2,12.6,102.78
232.3,25.7,102.78
232.4,25.3,102.78
232.5,0.0,102.78
232.6,13.0,102.78
232.7,13.3,102.78
232.8,13.3,102.78
232.9,13.6,102.78
233.0,13.5,102.78
233.1,12.9,102.78
233.2,13.5,102.78
233.3,13.1,102.78
233.4,13.5,102.78
233.5,14.2,102.78
233.6,24.5,102.78
233.7,13.4,102.78
233.8,13.0,102.78
233.9,13.0,102.78
234.0,13.7,102.78
234.1,13.7,102.78
234.2,13.6,102.78
234.3,13.5,102.78
234.4,13.3,102.78
234.5,13.2,102.78
234.6,13.1,102.78
234.7,25.2,102.78
234.8,22.9,102.78
234.9,13.0,102.78
235.0,0.0,102.78
235.1,13.6,102.78
235.2,13.1,102.78
235.3,13.3,102.78
235.4,13.2,102.78
235.5,13.4,102.78
235.6,12.3,102.78
235.7,13.1,102.78
235.8,12.7,102.78
235.9,13.3,102.78
236.0,13.7,102.78
236.1,13.7,102.78
236.2,12.8,102.78
236.3,13.4,102.78
236.4,13.1,102.78
236.5,26.1,102.78
236.6,13.7,102.78
236.7,12.9,102.78
236.8,25.3,102.78
236.9,13.4,102.78
237.0,13.4,102.78
237.1,13.6,102.78
237.2,24.7,102.78
237.3,13.6,102.78
237.4,13.9,102.78
237.5,13.4,102.78
237.6,25.2,102.78
237.7,13.6,102.78
237.8,13.9,102.78
237.9,13.5,102.78
238.0,13.4,102.78
238.1,27.9,102.78
238.2,12.7,102.78
238.3,13.0,102.78
238.4,0.0,102.78
238.5,14.1,102.78
238.6,12.7,102.78
238.7,12.9,102.78
238.8,13.1,102.78
238.9,13.3,102.78
239.0,13.1,102.78
239.1,13.5,102.78
239.2,12.5,102.78
239.3,13.2,102.78
239.4,13.4,102.78
239.5,14.1,102.78
239.6,13.8,102.78
239.7,25.7,102.78
239.8,12.8,102.78
239.9,13.3,102.78
240.0,24.9,102.78
240.1,25.1,102.78
240.2,13.4,102.78
240.3,13.4,102.78
240.4,13.5,102.78
240.5,13.2,102.78
240.6,13.6,102.78
240.7,13.4,102.78
240.8,12.8,102.78
240.9,13.5,102.78
241.0,13.2,102.78
241.1,0.0,102.78
241.2,13.1,102.78
241.3,25.6,102.78
241.4,24.8,102.78
241.5,13.8,102.78
241.6,14.2,102.78
241.7,25.0,102.78
241.8,14.0,102.78
241.9,13.1,102.78
242.0,13.6,102.78
242.1,13.6,102.78
242.2,12.9,102.78
242.3,13.3,102.78
242.4,13.4,102.78
242.5,12.6,102.78
242.6,13.3,102.78
242.7,13.3,102.78
242.8,0.0,102.78
242.9,12.8,102.78
243.0,13.0,102.78
243.1,13.4,102.78
243.2,13.8,102.78
243.3,13.4,102.78
243.4,13.4,102.78
243.5,25.1,102.78
243.6,12.7,102.78
243.7,13.4,102.78
243.8,13.6,102.78
243.9,13.4,102.78
244.0,13.1,102.78
244.1,0.0,102.78
244.2,13.4,102.78
244.3,12.8,102.78
244.4,13.2,102.78
244.5,13.5,102.78
244.6,12.4,102.78
244.7,13.5,102.78
244.8,13.4,102.78
244.9,12.8,102.78
245.0,25.1,102.78
245.1,11.6,102.78
245.2,13.7,102.78
245.3,14.1,102.78
245.4,13.7,102.78
245.5,13.2,102.78
245.6,13.4,102.78
245.7,12.9,102.78
245.8,14.6,102.78
245.9,0.0,102.78
246.0,13.8,102.78
246.1,14.6,102.78
246.2,13.9,102.78
246.3,13.9,102.78
246.4,14.8,102.78
246.5,0.0,102.78
246.6,0.0,102.78
246.7,13.3,102.78
246.8,13.9,102.78
246.9,14.0,102.78
247.0,0.0,102.78
247.1,0.0,102.78
247.2,13.8,102.78
247.3,14.5,102.78
247.4,13.7,102.78
247.5,13.5,102.78
247.6,13.4,102.78
247.7,13.3,102.78
247.8,0.0,102.78
247.9,0.0,102.78
248.0,14.7,102.78
248.1,14.3,102.78
248.2,13.1,102.78
248.3,0.0,102.78
248.4,12.8,102.78
248.5,13.6,102.78
248.6,24.7,102.78
248.7,13.4,102.78
248.8,13.3,102.78
248.9,25.0,102.78
249.0,12.8,102.78
249.1,13.8,102.78
249.2,13.7,102.78
249.3,0.0,102.78
249.4,13.7,102.78
249.5,13.5,102.78
249.6,25.5,102.78
249.7,13.6,102.78
249.8,13.4,102.78
249.9,14.1,102.78
250.0,25.3,102.78
250.1,13.4,102.78
250.2,13.4,102.78
250.3,13.0,102.78
250.4,0.0,102.78
250.5,0.0,102.78
250.6,13.3,102.78
250.7,24.9,102.78
250.8,13.4,102.78
250.9,13.1,102.78
251.0,12.2,102.78
251.1,0.0,102.78
251.2,0.0,102.78
251.3,13.4,102.78
251.4,13.6,102.78
251.5,12.9,102.78
251.6,13.4,102.78
251.7,13.5,102.78
251.8,25.0,102.78
251.9,25.6,102.78
252.0,14.2,102.78
252.1,26.0,102.78
252.2,13.5,102.78
252.3,13.4,102.78
252.4,13.7,102.78
252.5,25.1,102.78
252.6,13.7,102.78
252.7,26.3,102.78
252.8,0.0,102.78
252.9,27.3,102.78
253.0,13.6,102.78
253.1,13.0,102.78
253.2,13.4,102.78
253.3,0.0,102.78
253.4,25.3,102.78
253.5,13.2,102.78
253.6,13.1,102.78
253.7,24.6,102.78
253.8,0.0,102.78
253.9,24.9,102.78
254.0,13.4,102.78
254.1,24.9,102.78
254.2,26.6,102.78
254.3,13.4,102.78
254.4,26.6,102.78
254.5,13.0,102.78
254.6,12.6,102.78
254.7,12.8,102.78
254.8,13.4,102.78
254.9,13.9,102.78
255.0,13.6,102.78
255.1,14.0,102.78
255.2,13.9,102.78
255.3,13.2,102.78
255.4,13.5,102.78
255.5,13.2,102.91
255.6,25.2,102.91
255.7,0.0,102.91
255.8,14.0,102.91
255.9,24.9,102.91
256.0,26.6,102.91
256.1,12.7,102.91
256.2,13.7,102.91
256.3,81.1,102.91
256.4,113.6,102.91
256.5,106.1,102.91
256.6,101.3,102.91
256.7,13.3,102.92
256.8,25.9,102.92
256.9,14.3,102.92
257.0,13.3,102.92
257.1,12.9,102.92
257.2,24.6,102.92
257.3,24.9,102.92
257.4,26.7,102.92
257.5,25.0,102.92
257.6,12.7,102.92
257.7,11.9,102.92
257.8,14.1,102.92
257.9,13.3,102.93
258.0,0.0,102.93
258.1,25.0,102.93
258.2,13.4,102.93
258.3,14.1,102.93
258.4,13.0,102.93
258.5,13.7,102.93
258.6,12.6,102.93
258.7,13.7,102.93
258.8,25.2,102.93
258.9,25.4,102.93
259.0,12.6,102.93
259.1,13.9,102.93
259.2,13.4,102.93
259.3,13.1,102.93
259.4,13.2,102.93
259.5,13.8,102.93
259.6,13.3,102.93
259.7,13.4,102.93
259.8,13.5,102.93
259.9,13.5,102.93
260.0,13.8,102.93
260.1,13.5,102.93
260.2,13.9,102.93
260.3,12.6,102.93
260.4,13.6,102.93
260.5,12.8,102.93
260.6,13.6,102.93
260.7,13.8,102.93
260.8,13.9,102.93
260.9,0.0,102.93
261.0,13.2,102.93
261.1,13.1,102.93
261.2,13.4,102.93
261.3,13.4,102.93
261.4,13.3,102.93
261.5,13.4,102.93
261.6,0.0,102.93
261.7,0.0,102.93
261.8,13.0,102.93
261.9,12.2,102.93
262.0,14.0,102.93
262.1,13.4,102.93
262.2,13.6,102.93
262.3,12.9,102.93
262.4,13.4,102.93
262.5,12.2,102.93
262.6,13.6,102.93
262.7,13.4,102.93
262.8,84.1,102.98
262.9,97.2,102.98
263.0,112.4,102.98
263.1,111.4,102.98
263.2,67.1,103.22
263.3,27.7,103.24
263.4,13.5,103.24
263.5,0.0,103.24
263.6,13.3,103.24
263.7,26.4,103.24
263.8,13.3,103.24
263.9,13.6,103.24
264.0,13.4,103.24
264.1,13.2,103.24
264.2,13.4,103.24
264.3,13.3,103.24
264.4,13.3,103.24
264.5,14.4,103.24
264.6,13.5,103.24
264.7,12.8,103.24
264.8,0.0,103.24
264.9,0.0,103.24
265.0,13.7,103.24
265.1,13.6,103.24
265.2,13.7,103.24
265.3,0.0,103.24
265.4,13.9,103.24
265.5,13.4,103.24
265.6,14.6,103.24
265.7,40.8,104.17
265.8,13.4,104.17
265.9,14.3,104.17
266.0,13.9,104.17
266.1,14.3,104.17
266.2,13.7,104.17
266.3,13.2,104.17
266.4,13.8,104.17
266.5,14.0,104.17
266.6,0.0,104.17
266.7,13.3,104.17
266.8,14.3,104.17
266.9,14.5,104.17
267.0,13.7,104.17
267.1,0.0,104.17
267.2,13.0,104.17
267.3,13.4,104.17
267.4,13.4,104.17
267.5,25.7,104.17
267.6,14.2,104.17
267.7,13.4,104.17
267.8,13.5,104.17
267.9,0.0,104.17
268.0,0.0,104.17
268.1,13.5,104.17
268.2,13.4,104.17
268.3,12.9,104.17
268.4,0.0,104.17
268.5,13.9,104.17
268.6,0.0,104.17
268.7,13.3,104.17
268.8,25.0,104.17
268.9,13.6,104.17
269.0,13.1,104.17
269.1,26.2,104.17
269.2,24.0,104.17
269.3,26.3,104.17
269.4,13.3,104.17
269.5,13.3,104.17
269.6,13.4,104.17
269.7,24.6,104.17
269.8,13.2,104.17
269.9,12.9,104.17
270.0,13.3,104.17
270.1,25.7,104.17
270.2,14.0,104.17
270.3,13.6,104.17
270.4,13.4,104.17
270.5,13.3,104.17
270.6,0.0,104.17
270.7,13.7,104.17
270.8,27.4,104.17
270.9,25.0,104.17
271.0,13.9,104.17
271.1,24.6,104.17
271.2,13.5,104.17
271.3,13.3,104.17
271.4,13.3,104.17
271.5,13.3,104.17
271.6,13.0,104.17
271.7,13.7,104.17
271.8,13.4,104.17
271.9,12.8,104.17
272.0,12.8,104.17
272.1,13.3,104.17
272.2,13.7,104.17
272.3,13.9,104.17
272.4,12.8,104.17
272.5,25.6,104.17
272.6,14.2,104.17
272.7,25.5,104.17
272.8,13.3,104.17
272.9,12.9,104.17
273.0,13.9,104.17
273.1,12.1,104.17
273.2,13.7,104.17
273.3,14.0,104.17
273.4,14.3,104.17
273.5,13.7,104.17
273.6,12.8,104.17
273.7,13.6,104.17
273.8,13.2,104.17
273.9,26.1,104.17
274.0,13.0,104.17
274.1,0.0,104.17
274.2,0.0,104.17
274.3,0.0,104.17
274.4,13.7,104.17
274.5,25.2,104.17
274.6,13.4,104.17
274.7,13.4,104.17
274.8,13.4,104.17
274.9,26.5,104.17
275.0,13.1,104.17
275.1,12.4,104.17
275.2,13.2,104.17
275.3,24.8,104.17
275.4,0.0,104.17
275.5,13.4,104.17
275.6,13.3,104.17
275.7,12.8,104.17
275.8,26.3,104.17
275.9,24.4,104.17
276.0,25.5,104.17
276.1,13.7,104.17
276.2,13.4,104.17
276.3,13.3,104.17
276.4,13.5,104.17
276.5,13.4,104.17
276.6,13.6,104.17
276.7,13.2,104.17
276.8,25.8,104.17
276.9,12.7,104.17
277.0,13.0,104.17
277.1,12.8,104.17
277.2,25.3,104.17
277.3,13.6,104.17
277.4,0.0,104.17
277.5,13.5,104.17
277.6,13.3,104.17
277.7,12.6,104.17
277.8,0.0,104.17
277.9,12.9,104.17
278.0,13.4,104.17
278.1,13.4,104.17
278.2,0.0,104.17
278.3,13.2,104.17
278.4,13.4,104.17
278.5,13.4,104.17
278.6,13.7,104.17
278.7,0.0,104.17
278.8,13.4,104.17
278.9,13.6,104.17
279.0,13.6,104.17
279.1,13.8,104.17
279.2,13.4,104.17
279.3,13.4,104.17
279.4,24.9,104.17
279.5,13.6,104.17
279.6,26.8,104.17
279.7,0.0,104.17
279.8,13.5,104.17
279.9,14.1,104.17
280.0,13.3,104.17
280.1,0.0,104.17
280.2,13.7,104.17
280.3,25.3,113.73
280.4,70.4,137.3
280.5,27.7,137.71
280.6,87.2,155.05
280.7,97.7,180.88
280.8,112.1,182.49
280.9,97.9,183.86
281.0,0.0,104.28
281.1,80.8,105.99
281.2,14.7,105.99
281.3,13.2,105.99
281.4,12.7,105.99
281.5,0.0,105.99
281.6,13.4,105.99
281.7,13.2,105.99
281.8,13.7,105.99
281.9,13.6,105.99
282.0,25.1,105.99
282.1,14.3,105.99
282.2,13.8,105.99
282.3,24.7,105.99
282.4,0.0,105.99
282.5,14.2,105.99
282.6,13.8,105.99
282.7,13.5,105.99
282.8,13.7,105.99
282.9,13.8,105.99
283.0,13.3,105.99
283.1,12.9,105.99
283.2,13.4,105.99
283.3,12.9,105.99
283.4,12.3,105.99
283.5,13.4,105.99
283.6,24.7,105.99
283.7,13.1,105.99
283.8,25.5,105.99
283.9,13.6,105.99
284.0,13.1,105.99
284.1,13.4,105.99
284.2,13.0,105.99
284.3,12.8,105.99
284.4,13.4,105.99
284.5,25.2,105.99
284.6,13.3,105.99
284.7,13.4,105.99
284.8,13.5,105.99
284.9,12.9,105.99
285.0,26.6,105.99
285.1,26.0,105.99
285.2,13.6,105.99
285.3,13.4,105.99
285.4,14.1,105.99
285.5,13.4,105.99
285.6,13.6,105.99
285.7,13.4,105.99
285.8,13.3,105.99
285.9,12.2,105.99
286.0,12.9,105.99
286.1,13.7,105.99
286.2,13.2,105.99
286.3,25.5,105.99
286.4,0.0,105.99
286.5,12.7,105.99
286.6,0.0,105.99
286.7,13.6,105.99
286.8,13.3,105.99
286.9,13.5,105.99
287.0,13.2,105.99
287.1,0.0,105.99
287.2,13.7,105.99
287.3,13.2,105.99
287.4,13.1,105.99
287.5,13.6,105.99
287.6,0.0,105.99
287.7,12.7,105.99
287.8,13.4,105.99
287.9,13.6,105.99
288.0,14.4,105.99
288.1,14.4,105.99
288.2,12.9,105.99
288.3,13.8,105.99
288.4,0.0,105.99
288.5,12.3,105.99
288.6,12.6,105.99
288.7,13.6,105.99
288.8,39.9,105.99
288.9,12.5,105.99
289.0,12.9,105.99
289.1,13.4,105.99
289.2,39.7,131.91
289.3,85.4,153.65
289.4,73.6,174.11
289.5,99.9,183.46
289.6,100.6,185.16
289.7,100.3,179.25
289.8,85.1,105.63
289.9,12.6,105.63
290.0,13.6,105.63
290.1,13.5,105.63
290.2,14.8,105.63
290.3,24.6,105.63
290.4,0.0,105.63
290.5,12.5,105.63
290.6,13.7,105.63
290.7,12.5,105.63
290.8,13.0,105.63
290.9,12.5,105.63
291.0,12.6,105.63
291.1,12.8,105.63
291.2,25.8,105.63
291.3,13.0,105.63
291.4,12.6,105.63
291.5,13.0,105.63
291.6,25.3,105.63
291.7,12.5,105.63
291.8,25.9,105.63
291.9,25.4,105.63
292.0,12.3,105.63
292.1,14.0,105.63
292.2,14.0,105.63
292.3,0.0,105.63
292.4,14.1,105.63
292.5,0.0,105.63
292.6,12.8,105.63
292.7,0.0,105.63
292.8,12.9,105.63
292.9,0.0,105.63
293.0,12.5,105.63
293.1,0.0,105.63
293.2,14.0,105.63
293.3,13.7,105.63
293.4,12.6,105.63
293.5,0.0,105.63
293.6,14.4,105.63
293.7,14.1,105.63
293.8,14.1,105.63
293.9,0.0,105.63
294.0,13.5,105.63
294.1,13.1,105.63
294.2,13.4,105.63
294.3,25.4,105.63
294.4,13.3,105.63
294.5,12.4,105.63
294.6,0.0,105.63
294.7,13.4,105.63
294.8,13.1,105.63
294.9,12.9,105.63
295.0,13.0,105.63
295.1,24.4,105.63
295.2,13.9,105.63
295.3,12.6,105.63
295.4,13.4,105.63
295.5,13.2,105.63
295.6,0.0,105.63
295.7,13.3,105.63
295.8,13.2,105.63
295.9,13.2,105.63
296.0,13.7,105.63
296.1,13.1,105.63
296.2,14.4,105.63
296.3,13.1,105.63
296.4,12.5,105.63
296.5,13.5,105.63
296.6,13.1,105.63
296.7,13.2,105.63
296.8,26.2,105.63
296.9,14.2,105.63
297.0,13.6,105.63
297.1,26.7,105.63
297.2,14.3,105.63
297.3,13.6,105.63
297.4,25.9,105.63
297.5,24.9,105.63
297.6,25.1,105.63
297.7,24.9,105.63
297.8,0.0,105.63
297.9,12.8,105.63
298.0,13.7,105.63
298.1,12.6,105.63
298.2,12.3,105.63
298.3,24.8,105.63
298.4,13.2,105.63
298.5,12.8,105.63
298.6,0.0,105.63
298.7,12.8,105.63
298.8,13.7,105.63
298.9,13.1,105.63
299.0,24.7,105.63
299.1,26.6,105.63
299.2,0.0,105.63
299.3,12.4,105.63
299.4,0.0,105.63
299.5,13.9,105.63
299.6,0.0,105.63
299.7,14.2,105.63
299.8,13.3,105.63
299.9,12.8,105.63
300.0,13.1,105.63
300.1,25.5,105.63
300.2,13.8,105.63
300.3,13.2,105.63
300.4,24.8,105.63
300.5,13.1,105.63
300.6,13.7,105.63
300.7,13.4,105.63
300.8,13.7,105.63
300.9,13.4,105.63
301.0,13.4,105.63
301.1,13.0,105.63
301.2,0.0,105.63
301.3,13.0,105.63
301.4,13.4,105.63
301.5,25.7,105.63
301.6,13.2,105.63
301.7,13.7,105.63
301.8,13.3,105.63
301.9,12.8,105.63
302.0,13.3,105.63
302.1,25.7,105.63
302.2,13.9,105.63
302.3,25.8,105.63
302.4,13.7,105.63
302.5,26.2,105.63
302.6,13.7,105.63
302.7,24.9,105.63
302.8,13.7,105.63
302.9,13.2,105.63
303.0,0.0,105.63
303.1,13.2,105.63
303.2,13.4,105.63
303.3,13.2,105.63
303.4,12.8,105.63
303.5,25.5,105.63
303.6,13.4,105.63
303.7,13.6,105.63
303.8,13.8,105.63
303.9,14.0,105.63
304.0,13.8,105.63
304.1,25.5,105.63
304.2,25.6,105.63
304.3,13.3,105.63
304.4,13.3,105.63
304.5,25.4,105.63
304.6,13.3,105.63
304.7,12.6,105.63
304.8,13.2,105.63
304.9,13.5,105.63
305.0,26.3,105.63
305.1,11.9,105.63
305.2,22.7,105.63
305.3,0.0,105.63
305.4,0.0,105.63
305.5,0.0,105.63
305.6,0.0,105.63
305.7,13.2,105.63
305.8,26.7,105.63
305.9,24.7,105.63
306.0,12.7,105.63
306.1,13.5,105.63
306.2,26.2,105.63
306.3,13.4,105.63
306.4,13.9,105.63
306.5,13.4,105.63
306.6,13.0,105.63
306.7,13.1,105.63
306.8,26.3,105.63
306.9,13.1,105.63
307.0,0.0,105.63
307.1,13.7,105.63
307.2,12.9,105.63
307.3,24.6,105.63
307.4,0.0,105.63
307.5,13.7,105.63
307.6,13.8,105.63
307.7,25.4,105.63
307.8,13.4,105.63
307.9,13.1,105.63
308.0,25.3,105.63
308.1,13.6,105.63
308.2,13.4,105.63
308.3,13.3,105.63
308.4,13.3,105.63
308.5,13.5,105.63
308.6,12.5,105.63
308.7,12.4,105.63
308.8,0.0,105.63
308.9,13.5,105.63
309.0,13.4,105.63
309.1,13.0,105.63
309.2,12.6,105.63
309.3,13.4,105.63
309.4,13.3,105.63
309.5,13.8,105.63
309.6,26.2,105.63
309.7,24.4,105.63
309.8,13.3,105.63
309.9,12.8,105.63
310.0,13.6,105.63
310.1,13.5,105.63
310.2,13.9,105.63
310.3,12.3,105.63
310.4,12.4,105.63
310.5,0.0,105.63
310.6,13.3,105.63
310.7,0.0,105.63
310.8,13.3,105.63
310.9,13.6,105.63
311.0,12.6,105.63
311.1,13.3,105.63
311.2,13.8,105.63
311.3,25.9,105.63
311.4,13.3,105.63
311.5,12.8,105.63
311.6,26.6,105.63
311.7,13.1,105.63
311.8,12.7,105.63
311.9,13.1,105.63
312.0,25.3,105.63
312.1,13.3,105.63
312.2,13.7,105.63
312.3,14.0,105.63
312.4,14.3,105.63
312.5,12.8,105.63
312.6,12.7,105.63
312.7,13.6,105.63
312.8,12.9,105.63
312.9,13.6,105.63
313.0,25.6,105.63
313.1,13.6,105.63
313.2,13.6,105.63
313.3,12.4,105.63
313.4,12.6,105.63
313.5,12.8,105.63
313.6,0.0,105.63
313.7,13.2,105.63
313.8,13.9,105.63
313.9,0.0,105.63
314.0,13.4,105.63
314.1,13.3,105.63
314.2,13.1,105.63
314.3,13.7,105.63
314.4,13.3,105.63
314.5,13.6,105.63
314.6,12.9,105.63
314.7,13.5,105.63
314.8,13.6,105.63
314.9,13.2,105.63
315.0,12.3,105.63
315.1,12.9,105.63
315.2,0.0,105.63
315.3,13.1,105.63
315.4,14.0,105.63
315.5,26.4,105.63
315.6,14.0,105.63
315.7,13.0,105.63
315.8,13.9,105.63
315.9,13.9,105.63
316.0,14.0,105.63
316.1,13.7,105.63
316.2,13.8,105.63
316.3,14.0,105.63
316.4,13.7,105.63
316.5,13.8,105.63
316.6,0.0,105.63
316.7,0.0,105.63
316.8,13.3,105.63
316.9,25.7,105.63
317.0,13.6,105.63
317.1,0.0,105.63
317.2,13.5,105.63
317.3,13.9,105.63
317.4,14.1,105.63
317.5,0.0,105.63
317.6,14.7,105.63
317.7,13.7,105.63
317.8,26.8,105.63
317.9,13.1,105.63
318.0,13.3,105.63
318.1,13.3,105.63
318.2,13.4,105.63
318.3,13.3,105.63
318.4,0.0,105.63
318.5,0.0,105.63
318.6,0.0,105.63
318.7,13.1,105.63
318.8,12.6,105.63
318.9,13.2,105.63
319.0,13.1,105.63
319.1,12.4,105.63
319.2,13.5,105.63
319.3,25.5,105.63
319.4,0.0,105.63
319.5,13.4,105.63
319.6,12.9,105.63
319.7,14.3,105.63
319.8,13.1,105.63
319.9,0.0,105.63
320.0,24.8,105.63
320.1,13.4,105.63
320.2,0.0,105.63
320.3,12.7,105.63
320.4,13.1,105.63
320.5,13.4,105.63
320.6,13.6,105.63
320.7,12.8,105.63
320.8,13.6,105.63
320.9,25.6,105.63
321.0,13.6,105.63
321.1,25.9,105.63
321.2,13.3,105.63
321.3,0.0,105.63
321.4,25.9,105.63
321.5,13.3,105.63
321.6,13.4,105.63
321.7,12.7,105.63
321.8,13.4,105.63
321.9,25.3,105.63
322.0,24.9,105.63
322.1,13.8,105.63
322.2,12.7,105.63
322.3,26.3,105.63
322.4,13.6,105.63
322.5,14.1,105.63
322.6,13.3,105.63
322.7,0.0,105.63
322.8,13.7,105.63
322.9,24.9,105.63
323.0,13.3,105.63
323.1,13.2,105.63
323.2,25.1,105.63
323.3,13.7,105.63
323.4,13.7,105.63
323.5,12.5,105.63
323.6,13.8,105.63
323.7,12.6,105.63
323.8,13.1,105.63
323.9,26.8,105.63
324.0,25.5,105.63
324.1,13.5,105.63
324.2,25.7,105.63
324.3,14.2,105.63
324.4,13.3,105.63
324.5,0.0,105.63
324.6,12.9,105.63
324.7,0.0,105.63
324.8,13.6,105.63
324.9,13.5,105.63
325.0,13.3,105.63
325.1,13.8,105.63
325.2,13.8,105.63
325.3,13.2,105.63
325.4,13.6,105.63
325.5,0.0,105.63
325.6,13.6,105.63
325.7,13.3,105.63
325.8,12.4,105.63
325.9,13.6,105.63
326.0,13.4,105.63
326.1,25.8,105.63
326.2,13.5,105.63
326.3,12.6,105.63
326.4,12.6,105.63
326.5,0.0,105.63
326.6,13.2,105.63
326.7,12.7,105.63
326.8,26.4,105.63
326.9,24.6,105.63
327.0,13.6,105.63
327.1,13.4,105.63
327.2,13.3,105.63
327.3,14.2,105.63
327.4,0.0,105.63
327.5,13.8,105.63
327.6,14.0,105.63
327.7,13.9,105.63
327.8,12.3,105.63
327.9,13.4,105.63
328.0,12.8,105.63
328.1,13.7,105.63
328.2,24.5,105.63
328.3,13.7,105.63
328.4,13.2,105.63
328.5,13.6,105.63
328.6,13.5,105.63
328.7,13.6,105.63
328.8,26.0,105.63
328.9,12.7,105.63
329.0,13.4,105.63
329.1,13.8,105.63
329.2,13.5,105.63
329.3,12.3,105.63
329.4,13.5,105.63
329.5,13.4,105.63
329.6,12.8,105.63
329.7,24.5,105.63
329.8,13.4,105.63
329.9,13.8,105.63
330.0,0.0,105.63
330.1,13.8,105.63
330.2,13.6,105.63
330.3,13.4,105.63
330.4,13.4,105.63
330.5,13.6,105.63
330.6,13.1,105.63
330.7,13.2,105.63
330.8,13.7,105.63
330.9,12.7,105.63
331.0,13.1,105.63
331.1,13.2,105.63
331.2,13.5,105.63
331.3,13.4,105.63
331.4,13.6,105.63
331.5,13.8,105.63
331.6,13.1,105.63
331.7,13.4,105.63
331.8,12.3,105.63
331.9,13.4,105.63
332.0,26.0,105.63
332.1,0.0,105.63
332.2,13.7,105.63
332.3,13.1,105.63
332.4,13.3,105.63
332.5,12.4,105.63
332.6,13.6,105.63
332.7,13.2,105.63
332.8,24.3,105.63
332.9,13.3,105.63
333.0,13.3,105.63
333.1,14.1,105.63
333.2,13.6,105.63
333.3,12.4,105.63
333.4,0.0,105.63
333.5,13.4,105.63
333.6,0.0,105.63
333.7,13.0,105.63
333.8,0.0,105.63
333.9,13.6,105.63
334.0,13.6,105.63
334.1,26.6,105.63
334.2,13.8,105.63
334.3,13.1,105.63
334.4,12.7,105.63
334.5,13.4,105.63
334.6,13.9,105.63
334.7,13.7,105.63
334.8,13.6,105.63
334.9,13.3,105.63
335.0,13.7,105.63
335.1,12.8,105.63
335.2,13.6,105.63
335.3,13.9,105.63
335.4,14.4,105.63
335.5,13.8,105.63
335.6,12.7,105.63
335.7,25.2,105.63
335.8,13.6,105.63
335.9,13.6,105.63
336.0,13.1,105.63
336.1,13.3,105.63
336.2,13.8,105.63
336.3,26.5,105.63
336.4,13.9,105.63
336.5,13.3,105.63
336.6,13.3,105.63
336.7,25.8,105.63
336.8,13.3,105.63
336.9,26.9,105.63
337.0,12.8,105.63
337.1,13.4,105.63
337.2,13.5,105.63
337.3,12.5,105.63
337.4,12.7,105.63
337.5,13.5,105.63
337.6,14.0,105.63
337.7,13.1,105.63
337.8,12.4,105.63
337.9,13.8,105.63
338.0,13.7,105.63
338.1,0.0,105.63
338.2,13.7,105.63
338.3,13.4,105.63
338.4,12.7,105.63
338.5,11.8,105.63
338.6,0.0,105.63
338.7,27.3,105.63
338.8,13.1,105.63
338.9,13.8,105.63
339.0,13.3,105.63
339.1,13.4,105.63
339.2,13.4,105.63
339.3,13.4,105.63
339.4,13.9,105.63
339.5,25.4,105.63
339.6,13.4,105.63
339.7,13.5,105.63
339.8,13.6,105.63
339.9,13.6,105.63
340.0,13.5,105.63
340.1,13.8,105.63
340.2,13.8,105.63
340.3,0.0,105.63
340.4,13.7,105.63
340.5,13.4,105.63
340.6,12.6,105.63
340.7,0.0,105.63
340.8,0.0,105.63
340.9,13.5,105.63
341.0,24.1,105.63
341.1,25.5,105.63
341.2,13.9,105.63
341.3,13.6,105.63
341.4,13.6,105.63
341.5,13.5,105.63
341.6,0.0,105.63
341.7,13.8,105.63
341.8,13.5,105.63
341.9,13.0,105.63
342.0,13.4,105.63
342.1,13.6,105.63
342.2,24.8,105.63
342.3,13.8,105.63
342.4,25.5,105.6
342.5,13.1,105.6
342.6,13.7,105.6
342.7,13.8,105.6
342.8,14.1,105.6
342.9,13.5,105.6
343.0,13.7,105.6
343.1,13.7,105.6
343.2,0.0,105.6
343.3,13.2,105.6
343.4,13.3,105.6
343.5,13.4,105.6
343.6,13.6,105.6
343.7,0.0,105.6
343.8,13.2,105.6
343.9,24.7,105.6
344.0,13.6,105.6
344.1,13.1,105.6
344.2,25.3,105.6
344.3,14.4,105.6
344.4,14.2,105.6
344.5,24.9,105.6
344.6,25.7,105.6
344.7,13.5,105.6
344.8,14.3,105.6
344.9,13.4,105.6
345.0,13.7,105.6
345.1,13.8,105.6
345.2,13.7,105.6
345.3,24.6,105.6
345.4,13.3,105.6
345.5,26.3,105.6
345.6,13.3,105.6
345.7,0.0,105.6
345.8,0.0,105.6
345.9,26.1,105.6
346.0,13.7,105.6
346.1,13.3,105.6
346.2,13.3,105.6
346.3,24.4,105.6
346.4,13.1,105.6
346.5,13.2,105.6
346.6,13.7,105.6
346.7,13.7,105.6
346.8,13.9,105.6
346.9,13.5,105.6
347.0,13.7,105.6
347.1,24.9,105.6
347.2,25.5,105.6
347.3,12.9,105.6
347.4,12.6,105.6
347.5,13.2,105.6
347.6,24.6,105.6
347.7,13.4,105.6
347.8,13.6,105.6
347.9,13.7,105.6
348.0,13.3,105.6
348.1,13.9,105.6
348.2,13.6,105.6
348.3,13.0,105.6
348.4,13.6,105.6
348.5,12.8,105.6
348.6,13.4,105.6
348.7,13.5,105.6
348.8,13.3,105.6
348.9,13.4,105.6
349.0,25.1,105.6
349.1,26.7,105.6
349.2,13.2,105.6
349.3,12.6,105.6
349.4,0.0,105.6
349.5,13.4,105.6
349.6,13.6,105.6
349.7,26.3,105.6
349.8,24.3,105.6
349.9,13.5,105.6
350.0,13.1,105.6
350.1,14.2,105.6
350.2,26.4,105.6
350.3,13.3,105.6
350.4,26.3,105.6
350.5,13.1,105.6
350.6,13.6,105.6
350.7,13.8,105.6
350.8,25.7,105.6
350.9,13.6,105.6
351.0,12.5,105.6
351.1,0.0,105.6
351.2,25.6,105.6
351.3,13.5,105.6
351.4,24.7,105.6
351.5,13.2,105.6
351.6,12.9,105.6
351.7,24.1,105.6
351.8,13.4,105.6
351.9,13.2,105.6
352.0,13.3,105.6
352.1,12.7,105.6
352.2,12.5,105.6
352.3,12.5,105.6
352.4,13.7,105.6
352.5,13.2,105.6
352.6,12.9,105.6
352.7,25.7,105.6
352.8,14.3,105.6
352.9,13.3,105.6
353.0,0.0,105.6
353.1,13.5,105.6
353.2,13.8,105.6
353.3,13.1,105.6
353.4,13.8,105.6
353.5,12.6,105.6
353.6,13.7,105.6
353.7,14.5,105.6
353.8,14.0,105.6
353.9,12.4,105.6
354.0,0.0,105.6
354.1,14.2,105.6
354.2,14.7,105.6
354.3,13.6,105.6
354.4,0.0,105.6
354.5,13.4,105.6
354.6,13.1,105.6
354.7,13.2,105.6
354.8,13.8,105.6
354.9,12.4,105.6
355.0,13.7,105.6
355.1,25.1,105.6
355.2,13.6,105.6
355.3,13.5,105.6
355.4,13.5,105.6
355.5,13.9,105.6
355.6,13.3,105.6
355.7,13.3,105.6
355.8,13.9,105.6
355.9,13.3,105.6
356.0,12.8,105.6
356.1,13.0,105.6
356.2,13.3,105.6
356.3,12.9,105.6
356.4,13.2,105.6
356.5,13.6,105.6
356.6,13.0,105.6
356.7,13.3,105.6
356.8,13.4,105.6
356.9,13.6,105.6
357.0,24.3,105.6
357.1,12.8,105.6
357.2,13.3,105.6
357.3,26.5,105.6
357.4,13.8,105.6
357.5,13.9,105.6
357.6,24.1,105.6
357.7,13.0,105.6
357.8,26.4,105.6
357.9,13.5,105.6
358.0,26.0,105.6
358.1,25.0,105.6
358.2,24.8,105.6
358.3,13.9,105.6
358.4,13.6,105.6
358.5,13.4,105.6
358.6,13.5,105.6
358.7,13.0,105.6
358.8,13.4,105.6
358.9,13.3,105.6
359.0,12.4,105.6
359.1,13.4,105.6
359.2,13.5,105.6
359.3,25.3,105.6
359.4,13.4,105.6
359.5,12.9,105.6
359.6,26.0,105.6
359.7,13.2,105.6
359.8,0.0,105.6
359.9,13.6,105.6
360.0,13.3,105.6
360.1,13.7,105.6
360.2,13.0,105.6
360.3,13.6,105.6
360.4,12.8,105.6
360.5,12.4,105.6
360.6,13.2,105.6
360.7,13.3,105.6
360.8,13.4,105.6
360.9,13.5,105.6
361.0,13.3,105.6
361.1,12.8,105.6
361.2,11.9,105.6
361.3,13.2,105.6
361.4,13.8,105.6
361.5,13.3,105.6
361.6,12.2,105.6
361.7,13.1,105.6
361.8,26.3,105.6
361.9,13.5,105.6
362.0,0.0,105.6
362.1,0.0,105.6
362.2,13.6,105.6
362.3,13.7,105.6
362.4,0.0,105.6
362.5,13.3,105.6
362.6,39.3,105.6
362.7,12.5,105.6
362.8,0.0,105.6
362.9,24.0,105.6
363.0,12.9,105.6
363.1,12.5,105.6
363.2,13.4,105.6
363.3,25.8,105.6
363.4,13.2,105.6
363.5,12.6,105.6
363.6,12.3,105.6
363.7,13.4,105.6
363.8,25.2,105.6
363.9,13.1,105.6
364.0,13.0,105.6
364.1,13.5,105.6
364.2,0.0,105.6
364.3,13.1,105.6
364.4,13.0,105.6
364.5,13.0,105.6
364.6,12.5,105.6
364.7,13.5,105.6
364.8,13.5,105.6
364.9,13.3,105.6
365.0,13.3,105.6
365.1,0.0,105.6
365.2,13.3,105.6
365.3,13.7,105.6
365.4,0.0,105.6
365.5,12.9,105.6
365.6,13.5,105.6
365.7,13.3,105.6
365.8,13.4,105.6
365.9,13.6,105.6
366.0,13.9,105.6
366.1,12.4,105.6
366.2,0.0,105.6
366.3,13.6,105.6
366.4,12.6,105.6
366.5,13.9,105.6
366.6,14.0,105.6
366.7,12.7,105.6
366.8,14.3,105.6
366.9,13.6,105.6
367.0,13.2,105.6
367.1,13.9,105.6
367.2,0.0,105.6
367.3,13.5,105.6
367.4,13.0,105.6
367.5,14.2,105.6
367.6,13.6,105.6
367.7,13.3,105.6
367.8,13.6,105.6
367.9,14.0,105.6
368.0,26.9,105.6
368.1,0.0,105.6
368.2,0.0,105.6
368.3,13.3,105.6
368.4,13.1,105.6
368.5,13.5,105.6
368.6,13.1,105.6
368.7,13.7,105.6
368.8,0.0,105.6
368.9,0.0,105.6
369.0,13.7,105.6
369.1,14.2,105.6
369.2,13.5,105.6
369.3,0.0,105.6
369.4,13.6,105.6
369.5,13.3,105.6
369.6,13.1,105.6
369.7,14.2,105.6
369.8,13.9,105.6
369.9,13.6,105.6
370.0,13.4,105.6
370.1,0.0,105.6
370.2,13.7,105.6
370.3,13.3,105.6
370.4,13.1,105.6
370.5,13.8,105.6
370.6,13.4,105.6
370.7,13.2,105.6
370.8,14.2,105.6
370.9,13.6,105.6
371.0,0.0,105.6
371.1,0.0,105.6
371.2,13.9,105.6
371.3,14.0,105.6
371.4,13.3,105.6
371.5,13.3,105.6
371.6,13.4,105.6
371.7,13.4,105.6
371.8,13.7,105.6
371.9,12.9,105.6
372.0,13.4,105.6
372.1,12.5,105.6
372.2,12.6,105.6
372.3,13.6,105.6
372.4,13.7,105.6
372.5,13.1,105.6
372.6,13.5,105.6
372.7,13.4,105.6
372.8,13.4,105.6
372.9,13.9,105.6
373.0,13.0,105.6
373.1,13.6,105.6
373.2,13.4,105.6
373.3,13.2,105.6
373.4,13.7,105.6
373.5,13.0,105.6
373.6,13.3,105.6
373.7,13.0,105.6
373.8,13.5,105.6
373.9,13.5,105.6
374.0,13.6,105.6
374.1,13.0,105.6
374.2,0.0,105.6
374.3,13.4,105.6
374.4,0.0,105.6
374.5,24.6,105.6
374.6,12.3,105.6
374.7,12.4,105.6
374.8,13.5,105.6
374.9,13.7,105.6
375.0,13.3,105.6
375.1,12.7,105.6
375.2,0.0,105.6
375.3,13.4,105.6
375.4,13.7,105.6
375.5,12.6,105.6
375.6,0.0,105.6
375.7,13.1,105.6
375.8,13.4,105.6
375.9,13.2,105.6
376.0,12.6,105.6
376.1,26.6,105.6
376.2,13.8,105.6
376.3,13.6,105.6
376.4,13.3,105.6
376.5,24.7,105.6
376.6,0.0,105.6
376.7,13.4,105.6
376.8,25.1,105.6
376.9,12.5,105.6
377.0,14.2,105.6
377.1,25.4,105.6
377.2,13.7,105.6
377.3,26.6,105.6
377.4,13.8,105.6
377.5,13.2,105.6
377.6,12.5,105.6
377.7,13.1,105.6
377.8,24.9,105.6
377.9,25.6,105.6
378.0,13.3,105.6
378.1,12.9,105.6
378.2,24.8,105.6
378.3,0.0,105.6
378.4,13.5,105.6
378.5,25.3,105.6
378.6,13.4,105.6
378.7,13.5,105.6
378.8,13.7,105.6
378.9,13.4,105.6
379.0,12.9,105.6
379.1,13.9,105.6
379.2,13.1,105.6
379.3,13.4,105.6
379.4,12.4,105.6
379.5,13.4,105.6
379.6,13.5,105.6
379.7,12.5,105.6
379.8,13.4,105.6
379.9,14.2,105.6
380.0,13.8,105.6
380.1,26.8,105.6
380.2,13.4,105.6
380.3,25.8,105.6
380.4,25.4,105.6
380.5,12.8,105.6
380.6,13.2,105.6
380.7,13.6,105.6
380.8,13.3,105.6
380.9,13.3,105.6
381.0,13.6,105.6
381.1,14.3,105.6
381.2,13.7,105.6
381.3,13.8,105.6
381.4,13.3,105.6
381.5,13.2,105.6
381.6,0.0,105.6
381.7,13.4,105.6
381.8,25.3,105.6
381.9,14.1,105.6
382.0,24.6,105.6
382.1,26.7,105.6
382.2,13.1,105.6
382.3,25.2,105.6
382.4,13.4,105.6
382.5,13.7,105.6
382.6,13.4,105.6
382.7,13.6,105.6
382.8,13.4,105.6
382.9,13.2,105.6
383.0,13.9,105.6
383.1,0.0,105.6
383.2,14.5,105.6
383.3,13.6,105.6
383.4,0.0,105.6
383.5,13.5,105.6
383.6,14.2,105.6
383.7,24.9,105.6
383.8,25.7,105.6
383.9,25.7,105.6
384.0,13.7,105.6
384.1,13.8,105.6
384.2,0.0,105.6
384.3,13.4,105.6
384.4,26.3,105.6
384.5,13.5,105.6
384.6,13.3,105.6
384.7,13.4,105.6
384.8,13.4,105.6
384.9,12.9,105.6
385.0,0.0,105.6
385.1,12.5,105.6
385.2,13.8,105.6
385.3,13.4,105.6
385.4,14.1,105.6
385.5,12.6,105.6
385.6,12.8,105.6
385.7,13.5,105.6
385.8,13.4,105.6
385.9,13.2,105.6
386.0,13.4,105.6
386.1,13.3,105.6
386.2,0.0,105.6
386.3,14.3,105.6
386.4,26.0,105.6
386.5,25.5,105.6
386.6,12.7,105.6
386.7,13.7,105.6
386.8,13.9,105.6
386.9,13.7,105.6
387.0,0.0,105.6
387.1,13.2,105.6
387.2,26.4,105.6
387.3,13.3,105.6
387.4,26.8,105.6
387.5,12.4,105.6
387.6,13.9,105.6
387.7,13.9,105.6
387.8,13.4,105.6
387.9,13.4,105.6
388.0,13.7,105.6
388.1,13.0,105.6
388.2,13.2,105.6
388.3,13.5,105.6
388.4,13.6,105.6
388.5,13.5,105.6
388.6,12.6,105.6
388.7,13.4,105.6
388.8,13.5,105.6
388.9,13.7,105.6
389.0,13.4,105.6
389.1,0.0,105.6
389.2,0.0,105.6
389.3,14.1,105.6
389.4,0.0,105.6
389.5,13.6,105.6
389.6,13.5,105.6
389.7,25.1,105.6
389.8,13.7,105.6
389.9,0.0,105.6
390.0,13.5,105.6
390.1,13.5,105.6
390.2,13.7,105.6
390.3,13.3,105.6
390.4,12.8,105.6
390.5,13.4,105.6
390.6,13.0,105.6
390.7,13.2,105.6
390.8,13.0,105.6
390.9,13.4,105.6
391.0,13.5,105.6
391.1,13.1,105.6
391.2,13.3,105.6
391.3,13.2,105.6
391.4,13.6,105.6
391.5,13.0,105.6
391.6,26.6,105.6
391.7,13.7,105.6
391.8,13.8,105.6
391.9,12.8,105.6
392.0,13.8,105.6
392.1,12.5,105.6
392.2,13.3,105.6
392.3,13.5,105.6
392.4,13.2,105.6
392.5,13.5,105.6
392.6,13.4,105.6
392.7,13.4,105.6
392.8,26.7,105.6
392.9,13.2,105.6
393.0,13.4,105.6
393.1,13.2,105.6
393.2,12.3,105.6
393.3,12.3,105.6
393.4,13.3,105.6
393.5,13.7,105.6
393.6,13.3,105.6
393.7,13.2,105.6
393.8,13.4,105.6
393.9,13.7,105.6
394.0,13.2,105.6
394.1,24.5,105.6
394.2,13.3,105.6
394.3,12.8,105.6
394.4,13.3,105.6
394.5,12.8,105.6
394.6,0.0,105.6
394.7,13.4,105.6
394.8,13.4,105.6
394.9,12.4,105.6
395.0,13.0,105.6
395.1,12.3,105.6
395.2,12.8,105.6
395.3,26.2,105.6
395.4,13.0,105.6
395.5,12.6,105.6
395.6,0.0,105.6
395.7,13.4,105.6
395.8,13.4,105.6
395.9,0.0,105.6
396.0,13.5,105.6
396.1,13.3,105.6
396.2,25.5,105.6
396.3,12.9,105.6
396.4,12.9,105.6
396.5,0.0,105.6
396.6,13.6,105.6
396.7,0.0,105.6
396.8,12.4,105.6
396.9,12.4,105.6
397.0,13.1,105.6
397.1,25.0,105.6
397.2,26.4,105.6
397.3,13.4,105.6
397.4,26.4,105.6
397.5,13.4,105.6
397.6,13.4,105.6
397.7,14.1,105.6
397.8,12.9,105.6
397.9,13.1,105.6
398.0,25.8,105.6
398.1,13.4,105.6
398.2,13.2,105.6
398.3,13.1,105.6
398.4,12.7,105.6
398.5,13.2,105.6
398.6,13.6,105.6
398.7,13.7,105.6
398.8,13.4,105.6
398.9,26.7,105.6
399.0,12.7,105.6
399.1,24.6,105.6
399.2,13.6,105.6
399.3,13.7,105.6
399.4,13.3,105.6
399.5,13.5,105.6
399.6,13.4,105.6
399.7,13.6,105.6
399.8,13.9,105.6
399.9,12.6,105.6
400.0,12.4,105.6
400.1,12.4,105.6
400.2,13.0,105.6
400.3,13.3,105.6
400.4,13.4,105.6
400.5,13.3,105.6
400.6,13.4,105.6
400.7,13.4,105.6
400.8,13.4,105.6
400.9,13.3,105.6
401.0,12.9,105.6
401.1,0.0,105.6
401.2,12.7,105.6
401.3,13.3,105.6
401.4,13.9,105.6
401.5,25.6,105.6
401.6,13.3,105.6
401.7,12.8,105.6
401.8,13.4,105.6
401.9,0.0,105.6
402.0,25.6,105.6
402.1,13.9,105.6
402.2,40.0,105.6
402.3,13.6,105.6
402.4,13.3,105.6
402.5,13.4,105.6
402.6,13.4,105.6
402.7,13.4,105.6
402.8,13.2,105.6
402.9,13.7,105.6
403.0,27.3,105.6
403.1,0.0,105.6
403.2,12.3,105.6
403.3,13.3,105.6
403.4,13.1,105.6
403.5,13.6,105.6
403.6,26.0,105.6
403.7,13.0,105.6
403.8,13.4,105.6
403.9,13.3,105.6
404.0,13.1,105.6
404.1,26.8,105.6
404.2,13.4,105.6
404.3,24.6,105.6
404.4,13.1,105.6
404.5,13.0,105.6
404.6,13.6,105.6
404.7,0.0,105.6
404.8,26.0,105.6
404.9,25.5,105.6
405.0,12.8,105.6
405.1,0.0,105.6
405.2,0.0,105.6
405.3,13.8,105.6
405.4,13.2,105.6
405.5,13.4,105.6
405.6,13.0,105.6
405.7,14.2,105.6
405.8,13.0,105.6
405.9,12.7,105.6
406.0,12.7,105.6
406.1,25.4,105.6
406.2,13.5,105.6
406.3,13.8,105.6
406.4,13.4,105.6
406.5,25.9,105.6
406.6,13.3,105.6
406.7,11.9,105.6
406.8,11.9,105.6
406.9,14.3,105.6
407.0,26.7,105.6
407.1,13.5,105.6
407.2,13.2,105.6
407.3,13.5,105.6
407.4,13.9,105.6
407.5,0.0,105.6
407.6,0.0,105.6
407.7,13.3,105.6
407.8,13.6,105.6
407.9,13.7,105.6
408.0,13.3,105.6
408.1,13.0,105.6
408.2,13.1,105.6
408.3,24.7,105.6
408.4,25.7,105.6
408.5,13.2,105.6
408.6,0.0,105.6
408.7,13.4,105.6
408.8,13.5,105.6
408.9,24.5,105.6
409.0,0.0,105.6
409.1,0.0,105.6
409.2,12.9,105.6
409.3,25.0,105.6
409.4,13.6,105.6
409.5,13.9,105.6
409.6,13.4,105.6
409.7,13.6,105.6
409.8,13.4,105.6
409.9,0.0,105.6
410.0,12.8,105.6
410.1,24.4,105.6
410.2,13.4,105.6
410.3,12.7,105.6
410.4,13.0,105.6
410.5,0.0,105.6
410.6,26.7,105.6
410.7,13.0,105.6
410.8,0.0,105.6
410.9,26.2,105.6
411.0,13.6,105.6
411.1,0.0,105.6
411.2,13.5,105.6
411.3,24.9,105.6
411.4,25.1,105.6
411.5,13.3,105.6
411.6,13.2,105.6
411.7,13.6,105.6
411.8,13.5,105.6
411.9,13.1,105.6
412.0,12.5,105.6
412.1,12.9,105.6
412.2,13.3,105.6
412.3,13.4,105.6
412.4,13.3,105.6
412.5,13.0,105.6
412.6,12.8,105.6
412.7,25.5,105.6
412.8,13.0,105.6
412.9,12.6,105.6
413.0,12.8,105.6
413.1,13.0,105.6
413.2,13.6,105.6
413.3,13.2,105.6
413.4,25.9,105.6
413.5,12.9,105.6
413.6,12.6,105.6
413.7,0.0,105.6
413.8,13.5,105.6
413.9,12.8,105.6
414.0,12.8,105.6
414.1,13.6,105.6
414.2,0.0,105.6
414.3,12.5,105.6
414.4,13.7,105.6
414.5,13.4,105.6
414.6,13.3,105.6
414.7,13.4,105.6
414.8,13.5,105.6
414.9,13.3,105.6
415.0,13.4,105.6
415.1,13.3,105.6
415.2,0.0,105.6
415.3,13.7,105.6
415.4,13.6,105.6
415.5,13.5,105.6
415.6,12.6,105.6
415.7,13.4,105.6
415.8,13.7,105.6
415.9,26.5,105.6
416.0,13.8,105.6
416.1,13.1,105.6
416.2,12.5,105.6
416.3,13.1,105.6
416.4,26.5,105.6
416.5,13.7,105.6
416.6,13.5,105.6
416.7,0.0,105.6
416.8,13.4,105.6
416.9,26.2,105.6
417.0,13.3,105.6
417.1,12.4,105.6
417.2,0.0,105.6
417.3,13.3,105.6
417.4,13.5,105.6
417.5,25.3,105.6
417.6,14.2,105.6
417.7,25.3,105.6
417.8,13.5,105.6
417.9,13.6,105.6
418.0,13.6,105.6
418.1,14.2,105.6
418.2,13.7,105.6
418.3,13.4,105.6
418.4,13.5,105.6
418.5,13.6,105.6
418.6,0.0,105.6
418.7,13.4,105.6
418.8,13.7,105.6
418.9,0.0,105.6
419.0,0.0,105.6
419.1,13.9,105.6
419.2,13.5,105.6
419.3,13.9,105.6
419.4,0.0,105.6
419.5,0.0,105.6
419.6,13.8,105.6
419.7,13.6,105.6
419.8,13.7,105.6
419.9,13.4,105.6
420.0,0.0,105.6
420.1,0.0,105.6
420.2,13.6,105.6
420.3,13.6,105.6
420.4,12.8,105.6
420.5,13.3,105.6
420.6,0.0,105.6
420.7,13.5,105.6
420.8,25.2,105.6
420.9,13.5,105.6
421.0,13.1,105.6
421.1,12.3,105.6
421.2,26.2,105.6
421.3,14.3,105.6
421.4,13.5,105.6
421.5,13.4,105.6
421.6,13.1,105.6
421.7,13.5,105.6
421.8,13.7,105.6
421.9,25.7,105.6
422.0,14.0,105.6
422.1,13.8,105.6
422.2,0.0,105.6
422.3,13.2,105.6
422.4,26.6,105.6
422.5,13.6,105.6
422.6,0.0,105.6
422.7,13.8,105.6
422.8,0.0,105.6
422.9,13.1,105.6
423.0,13.5,105.6
423.1,13.6,105.6
423.2,24.9,105.6
423.3,13.5,105.6
423.4,0.0,105.6
423.5,12.9,105.6
423.6,26.8,105.6
423.7,13.0,105.6
423.8,12.7,105.6
423.9,26.5,105.6
424.0,12.9,105.6
424.1,13.9,105.6
424.2,13.5,105.6
424.3,13.4,105.6
424.4,12.5,105.6
424.5,0.0,105.6
424.6,13.7,105.6
424.7,0.0,105.6
424.8,13.3,105.6
424.9,12.4,105.6
425.0,13.4,105.6
425.1,12.6,105.6
425.2,13.4,105.6
425.3,13.3,105.6
425.4,13.6,105.6
425.5,13.1,105.6
425.6,13.1,105.6
425.7,0.0,105.6
425.8,12.9,105.6
425.9,14.0,105.6
426.0,26.7,105.6
426.1,13.5,105.6
426.2,12.9,105.6
426.3,13.7,105.6
426.4,13.4,105.6
426.5,13.6,105.6
426.6,25.2,105.6
426.7,13.1,105.6
426.8,13.7,105.6
426.9,13.7,105.6
427.0,25.5,105.6
427.1,13.2,105.6
427.2,13.2,105.6
427.3,13.5,105.6
427.4,13.6,105.6
427.5,13.3,105.6
427.6,13.4,105.6
427.7,14.5,105.6
427.8,13.8,105.6
427.9,26.0,105.6
428.0,13.9,105.6
428.1,13.8,105.6
428.2,0.0,105.6
428.3,13.3,105.6
428.4,13.0,105.6
428.5,13.6,105.6
428.6,13.4,105.6
428.7,13.1,105.6
428.8,12.9,105.6
428.9,13.4,105.6
429.0,13.7,105.6
429.1,13.4,105.6
429.2,0.0,105.6
429.3,14.4,105.6
429.4,14.4,105.6
429.5,14.3,105.6
429.6,14.3,105.6
429.7,25.8,105.6
429.8,0.0,105.6
429.9,26.5,105.6
430.0,13.4,105.6
430.1,25.6,105.6
430.2,24.7,105.6
430.3,14.4,105.6
430.4,13.3,105.6
430.5,13.1,105.6
430.6,25.3,105.6
430.7,13.5,105.6
430.8,12.5,105.6
430.9,0.0,105.6
431.0,13.7,105.6
431.1,13.4,105.6
431.2,13.5,105.6
431.3,13.6,105.6
431.4,26.3,105.6
431.5,12.7,105.6
431.6,0.0,105.6
431.7,13.4,105.6
431.8,13.6,105.6
431.9,13.6,105.6
432.0,13.5,105.6
432.1,26.9,105.6
432.2,13.4,105.6
432.3,14.1,105.6
432.4,0.0,105.6
432.5,12.5,105.6
432.6,13.4,105.6
432.7,13.5,105.6
432.8,13.7,105.6
432.9,13.2,105.6
433.0,12.8,105.6
433.1,26.8,105.6
433.2,13.5,105.6
433.3,13.5,105.6
433.4,13.3,105.6
433.5,13.4,105.6
433.6,13.3,105.6
433.7,13.3,105.6
433.8,13.5,105.6
433.9,13.3,105.6
434.0,13.2,105.6
434.1,25.8,105.6
434.2,13.6,105.6
434.3,13.7,105.6
434.4,0.0,105.6
434.5,13.3,105.6
434.6,13.1,105.6
434.7,13.4,105.6
434.8,14.2,105.6
434.9,13.2,105.6
435.0,13.1,105.6
435.1,25.2,105.6
435.2,13.3,105.6
435.3,13.4,105.6
435.4,13.5,105.6
435.5,12.6,105.6
435.6,13.3,105.6
435.7,12.9,105.6
435.8,13.6,105.6
435.9,13.2,105.6
436.0,13.4,105.6
436.1,13.4,105.6
436.2,0.0,105.6
436.3,13.4,105.6
436.4,13.7,105.6
436.5,12.4,105.6
436.6,13.3,105.6
436.7,13.1,105.6
436.8,12.7,105.6
436.9,13.3,105.6
437.0,25.5,105.6
437.1,24.9,105.6
437.2,25.4,105.6
437.3,13.5,105.6
437.4,25.5,105.6
437.5,13.6,105.6
437.6,0.0,105.6
437.7,0.0,105.6
437.8,12.6,105.6
437.9,13.6,105.6
438.0,13.6,105.6
438.1,13.1,105.6
438.2,13.5,105.6
438.3,13.3,105.6
438.4,12.8,105.6
438.5,14.2,105.6
438.6,13.6,105.6
438.7,25.2,105.6
438.8,25.7,105.6
438.9,12.7,105.6
439.0,12.9,105.6
439.1,12.4,105.6
439.2,13.5,105.6
439.3,25.0,105.6
439.4,13.2,105.6
439.5,12.4,105.6
439.6,0.0,105.6
439.7,13.3,105.6
439.8,13.6,105.6
439.9,13.3,105.6
440.0,13.2,105.6
440.1,13.1,105.6
440.2,0.0,105.6
440.3,13.1,105.6
440.4,13.4,105.6
440.5,24.8,105.6
440.6,26.6,105.6
440.7,13.0,105.6
440.8,13.3,105.6
440.9,13.5,105.6
441.0,0.0,105.6
441.1,12.6,105.6
441.2,12.7,105.6
441.3,13.3,105.6
441.4,13.2,105.6
441.5,13.4,105.6
441.6,13.5,105.6
441.7,13.3,105.6
441.8,13.4,105.6
441.9,12.8,105.6
442.0,12.5,105.6
442.1,13.4,105.6
442.2,12.8,105.6
442.3,13.3,105.6
442.4,13.5,105.6
442.5,13.0,105.6
442.6,13.7,105.6
442.7,0.0,105.6
442.8,13.1,105.6
442.9,13.6,105.6
443.0,13.4,105.6
443.1,13.4,105.6
443.2,0.0,105.6
443.3,13.7,105.6
443.4,0.0,105.6
443.5,12.9,105.6
443.6,13.6,105.6
443.7,0.0,105.6
443.8,13.6,105.6
443.9,13.0,105.6
444.0,13.5,105.6
444.1,25.9,105.6
444.2,13.4,105.6
444.3,13.5,105.6
444.4,13.2,105.6
444.5,24.8,105.6
444.6,25.5,105.6
444.7,26.2,105.6
444.8,13.7,105.6
444.9,25.4,105.6
445.0,13.2,105.6
445.1,13.4,105.6
445.2,13.8,105.6
445.3,25.0,105.6
445.4,25.5,105.6
445.5,13.7,105.6
445.6,13.3,105.6
445.7,12.3,105.6
445.8,13.3,105.6
445.9,13.7,105.6
446.0,13.1,105.6
446.1,13.0,105.6
446.2,25.7,105.6
446.3,13.2,105.6
446.4,13.4,105.6
446.5,13.9,105.6
446.6,13.4,105.6
446.7,13.4,105.6
446.8,13.4,105.6
446.9,13.1,105.6
447.0,12.8,105.6
447.1,13.4,105.6
447.2,0.0,105.6
447.3,12.6,105.6
447.4,13.5,105.6
447.5,13.5,105.6
447.6,13.4,105.6
447.7,13.4,105.6
447.8,14.3,105.6
447.9,13.7,105.6
448.0,13.5,105.6
448.1,13.5,105.6
448.2,13.5,105.6
448.3,13.5,105.6
448.4,13.7,105.6
448.5,0.0,105.6
448.6,13.6,105.6
448.7,13.7,105.6
448.8,13.4,105.6
448.9,12.7,105.6
449.0,11.4,105.6
449.1,13.3,105.6
449.2,0.0,105.6
449.3,12.9,105.6
449.4,0.0,105.6
449.5,13.1,105.6
449.6,25.3,105.6
449.7,25.8,105.6
449.8,13.6,105.6
449.9,13.5,105.6
450.0,13.4,105.6
450.1,13.5,105.6
450.2,27.4,105.6
450.3,13.2,105.6
450.4,12.8,105.6
450.5,13.4,105.6
450.6,13.4,105.6
450.7,13.2,105.6
450.8,13.4,105.6
450.9,25.0,105.6
451.0,25.0,105.6
451.1,13.3,105.6
451.2,12.3,105.6
451.3,12.8,105.6
451.4,13.4,105.6
451.5,13.5,105.6
451.6,0.0,105.6
451.7,13.4,105.6
451.8,12.9,105.6
451.9,12.5,105.6
452.0,0.0,105.6
452.1,26.7,105.6
452.2,13.0,105.6
452.3,12.7,105.6
452.4,13.4,105.6
452.5,13.3,105.6
452.6,13.0,105.6
452.7,14.4,105.6
452.8,14.3,105.6
452.9,13.4,105.6
453.0,0.0,105.6
453.1,13.7,105.6
453.2,14.1,105.6
453.3,13.6,105.6
453.4,0.0,105.6
453.5,14.5,105.6
453.6,14.1,105.6
453.7,13.7,105.6
453.8,13.1,105.6
453.9,13.6,105.6
454.0,12.7,105.6
454.1,13.3,105.6
454.2,13.6,105.6
454.3,13.6,105.6
454.4,12.9,105.6
454.5,26.0,105.6
454.6,13.1,105.6
454.7,13.6,105.6
454.8,14.3,105.6
454.9,13.4,105.6
455.0,13.4,105.6
455.1,13.5,105.6
455.2,13.4,105.6
455.3,13.4,105.6
455.4,25.6,105.6
455.5,13.6,105.6
455.6,23.9,105.6
455.7,12.9,105.6
455.8,13.4,105.6
455.9,13.1,105.6
456.0,13.0,105.6
456.1,26.0,105.6
456.2,12.8,105.6
456.3,24.3,105.6
456.4,24.1,105.6
456.5,26.1,105.6
456.6,13.1,105.6
456.7,13.3,105.6
456.8,13.5,105.6
456.9,13.0,105.6
457.0,25.1,105.6
457.1,0.0,105.6
457.2,13.3,105.6
457.3,25.4,105.6
457.4,13.4,105.6
457.5,13.4,105.6
457.6,12.7,105.6
457.7,12.8,105.6
457.8,13.5,105.6
457.9,13.4,105.6
458.0,24.5,105.6
458.1,13.6,105.6
458.2,14.0,105.6
458.3,13.6,105.6
458.4,13.3,105.6
458.5,13.5,105.6
458.6,13.2,105.6
458.7,25.6,105.6
458.8,13.3,105.6
458.9,13.4,105.6
459.0,13.4,105.6
459.1,13.9,105.6
459.2,12.5,105.6
459.3,12.9,105.6
459.4,25.3,105.6
459.5,13.6,105.6
459.6,13.5,105.6
459.7,13.8,105.6
459.8,26.2,105.6
459.9,13.6,105.6
460.0,25.8,105.6
460.1,25.0,105.6
460.2,13.0,105.6
460.3,12.6,105.6
460.4,13.2,105.6
460.5,13.1,105.6
460.6,24.7,105.6
460.7,24.6,105.6
460.8,13.4,105.6
460.9,12.3,105.6
461.0,12.7,105.6
461.1,0.0,105.6
461.2,13.5,105.6
461.3,13.3,105.6
461.4,13.3,105.6
461.5,13.0,105.6
461.6,13.6,105.6
461.7,13.3,105.6
461.8,13.1,105.6
461.9,13.6,105.6
462.0,12.5,105.6
462.1,0.0,105.6
462.2,13.4,105.6
462.3,13.5,105.6
462.4,13.6,105.6
462.5,13.8,105.6
462.6,0.0,105.6
462.7,13.1,105.6
462.8,13.2,105.6
462.9,13.7,105.6
463.0,13.7,105.6
463.1,13.0,105.6
463.2,13.1,105.6
463.3,13.2,105.6
463.4,24.8,105.6
463.5,13.4,105.6
463.6,13.2,105.6
463.7,13.7,105.6
463.8,24.2,105.6
463.9,13.9,105.6
464.0,13.9,105.6
464.1,26.4,105.6
464.2,13.3,105.6
464.3,13.4,105.6
464.4,13.3,105.6
464.5,13.5,105.6
464.6,13.7,105.6
464.7,13.7,105.6
464.8,13.8,105.6
464.9,13.4,105.6
465.0,13.4,105.6
465.1,0.0,105.6
465.2,13.3,105.6
465.3,13.6,105.6
465.4,12.8,105.6
465.5,13.5,105.6
465.6,24.5,105.6
465.7,12.9,105.6
465.8,13.4,105.6
465.9,25.8,105.6
466.0,13.4,105.6
466.1,13.3,105.6
466.2,13.6,105.6
466.3,13.8,105.6
466.4,12.9,105.6
466.5,26.2,105.6
466.6,13.4,105.6
466.7,0.0,105.6
466.8,13.3,105.6
466.9,13.3,105.6
467.0,24.6,105.6
467.1,13.4,105.6
467.2,13.2,105.6
467.3,13.0,105.6
467.4,13.6,105.6
467.5,12.5,105.6
467.6,12.7,105.6
467.7,0.0,105.6
467.8,13.3,105.6
467.9,26.0,105.6
468.0,24.9,105.6
468.1,24.6,105.6
468.2,13.3,105.6
468.3,12.7,105.6
468.4,13.2,105.6
468.5,12.9,105.6
468.6,13.4,105.6
468.7,13.7,105.6
468.8,0.0,105.6
468.9,13.6,105.6
469.0,0.0,105.6
469.1,13.7,105.6
469.2,13.7,105.6
469.3,13.7,105.6
469.4,13.9,105.6
469.5,13.2,105.6
469.6,0.0,105.6
469.7,12.8,105.6
469.8,13.2,105.6
469.9,25.4,105.6
470.0,12.9,105.6
470.1,13.2,105.6
470.2,25.3,105.6
470.3,14.7,105.6
470.4,14.0,105.6
470.5,13.9,105.6
470.6,14.0,105.6
470.7,0.0,105.6
470.8,14.9,105.6
470.9,13.7,105.6
471.0,25.2,105.6
471.1,25.6,105.6
471.2,0.0,105.6
471.3,13.3,105.6
471.4,25.6,105.6
471.5,14.3,105.6
471.6,12.8,105.6
471.7,0.0,105.6
471.8,0.0,105.6
471.9,12.7,105.6
472.0,0.0,105.6
472.1,26.7,105.6
472.2,13.0,105.6
472.3,13.5,105.6
472.4,13.4,105.6
472.5,13.4,105.6
472.6,12.9,105.6
472.7,13.1,105.6
472.8,26.0,105.6
472.9,13.3,105.6
473.0,13.0,105.6
473.1,25.7,105.6
473.2,12.9,105.6
473.3,0.0,105.6
473.4,12.5,105.6
473.5,0.0,105.6
473.6,14.2,105.6
473.7,13.5,105.6
473.8,13.9,105.6
473.9,12.9,105.6
474.0,26.4,105.6
474.1,14.2,105.6
474.2,26.1,105.6
474.3,13.4,105.6
474.4,12.9,105.6
474.5,13.2,105.6
474.6,13.2,105.6
474.7,13.4,105.6
474.8,13.3,105.6
474.9,13.4,105.6
475.0,13.6,105.6
475.1,13.4,105.6
475.2,11.7,105.6
475.3,13.3,105.6
475.4,13.2,105.6
475.5,13.5,105.6
475.6,0.0,105.6
475.7,13.4,105.6
475.8,13.8,105.6
475.9,26.7,105.6
476.0,13.6,105.6
476.1,13.3,105.6
476.2,0.0,105.6
476.3,13.7,105.6
476.4,12.3,105.6
476.5,13.3,105.6
476.6,13.5,105.6
476.7,12.9,105.6
476.8,13.5,105.6
476.9,13.6,105.6
477.0,13.5,105.6
477.1,13.4,105.6
477.2,13.2,105.6
477.3,13.6,105.6
477.4,13.3,105.6
477.5,13.3,105.6
477.6,13.0,105.6
477.7,13.5,105.6
477.8,13.4,105.6
477.9,13.5,105.6
478.0,13.5,105.6
478.1,13.0,105.6
478.2,13.3,105.6
478.3,0.0,105.6
478.4,13.9,105.6
478.5,13.5,105.6
478.6,0.0,105.6
478.7,13.1,105.6
478.8,13.0,105.6
478.9,13.4,105.6
479.0,13.5,105.6
479.1,24.3,105.6
479.2,0.0,105.6
479.3,12.8,105.6
479.4,24.9,105.6
479.5,13.4,105.6
479.6,13.7,105.6
479.7,13.7,105.6
479.8,13.4,105.6
479.9,12.8,105.6
480.0,13.9,105.6
480.1,13.0,105.6
480.2,13.2,105.6
480.3,25.1,105.6
480.4,13.4,105.6
480.5,13.3,105.6
480.6,13.4,105.6
480.7,12.7,105.6
480.8,13.4,105.6
480.9,13.9,105.6
481.0,24.8,105.6
481.1,0.0,105.6
481.2,13.3,105.6
481.3,13.1,105.6
481.4,13.4,105.6
481.5,25.3,105.6
481.6,13.4,105.6
481.7,13.1,105.6
481.8,13.4,105.6
481.9,13.9,105.6
482.0,13.0,105.6
482.1,13.4,105.6
482.2,12.2,105.6
482.3,25.7,105.6
482.4,14.0,105.6
482.5,13.7,105.6
482.6,13.3,105.6
482.7,13.4,105.6
482.8,0.0,105.6
482.9,13.4,105.6
483.0,13.4,105.6
483.1,13.5,105.6
483.2,13.5,105.6
483.3,13.5,105.6
483.4,13.6,105.6
483.5,25.3,105.6
483.6,13.4,105.6
483.7,13.3,105.6
483.8,0.0,105.6
483.9,13.3,105.6
484.0,13.8,105.6
484.1,13.4,105.6
484.2,0.0,105.6
484.3,12.6,105.6
484.4,12.5,105.6
484.5,13.4,105.6
484.6,25.4,105.6
484.7,13.2,105.6
484.8,13.3,105.6
484.9,13.2,105.6
485.0,13.5,105.6
485.1,27.4,105.6
485.2,25.1,105.6
485.3,13.2,105.6
485.4,12.5,105.6
485.5,13.5,105.6
485.6,13.4,105.6
485.7,13.8,105.6
485.8,13.7,105.6
485.9,25.2,105.6
486.0,25.0,105.6
486.1,13.4,105.6
486.2,13.3,105.6
486.3,13.6,105.6
486.4,13.3,105.6
486.5,12.8,105.6
486.6,13.3,105.6
486.7,25.6,105.6
486.8,13.2,105.6
486.9,13.4,105.6
487.0,13.8,105.6
487.1,25.4,105.6
487.2,13.4,105.6
487.3,12.9,105.6
487.4,12.1,105.6
487.5,13.8,105.6
487.6,13.7,105.6
487.7,13.8,105.6
487.8,12.4,105.6
487.9,12.4,105.6
488.0,12.6,105.6
488.1,0.0,105.6
488.2,12.9,105.6
488.3,25.2,105.6
488.4,25.9,105.6
488.5,13.7,105.6
488.6,13.9,105.6
488.7,26.3,105.6
488.8,25.3,105.6
488.9,25.0,105.6
489.0,12.9,105.6
489.1,13.4,105.6
489.2,13.7,105.6
489.3,25.8,105.6
489.4,13.6,105.6
489.5,13.4,105.6
489.6,13.4,105.6
489.7,26.6,105.6
489.8,13.2,105.6
489.9,0.0,105.6
490.0,13.4,105.6
490.1,13.3,105.6
490.2,13.1,105.6
490.3,13.4,105.6
490.4,13.4,105.6
490.5,13.4,105.6
490.6,12.5,105.6
490.7,13.7,105.6
490.8,13.3,105.6
490.9,13.4,105.6
491.0,13.4,105.6
491.1,13.1,105.6
491.2,13.4,105.6
491.3,13.2,105.6
491.4,13.6,105.6
491.5,13.1,105.6
491.6,13.2,105.6
491.7,13.4,105.6
491.8,13.5,105.6
491.9,12.5,105.6
492.0,13.4,105.6
492.1,13.0,105.6
492.2,13.2,105.6
492.3,26.3,105.6
492.4,0.0,105.6
492.5,13.4,105.6
492.6,0.0,105.6
492.7,13.4,105.6
492.8,25.8,105.6
492.9,13.8,105.6
493.0,13.2,105.6
493.1,12.8,105.6
493.2,13.1,105.6
493.3,26.0,105.6
493.4,12.6,105.6
493.5,14.2,105.6
493.6,13.0,105.6
493.7,0.0,105.6
493.8,12.4,105.6
493.9,12.9,105.6
494.0,23.9,105.6
494.1,13.0,105.6
494.2,13.2,105.6
494.3,13.4,105.6
494.4,13.6,105.6
494.5,13.7,105.6
494.6,13.4,105.6
494.7,13.4,105.6
494.8,13.2,105.6
494.9,12.8,105.6
495.0,0.0,105.6
495.1,0.0,105.6
495.2,13.6,105.6
495.3,13.2,105.6
495.4,13.0,105.6
495.5,13.7,105.6
495.6,13.1,105.6
495.7,12.8,105.6
495.8,26.4,105.6
495.9,13.6,105.6
496.0,13.5,105.6
496.1,12.6,105.6
496.2,12.9,105.6
496.3,13.2,105.6
496.4,13.3,105.6
496.5,12.5,105.6
496.6,0.0,105.6
496.7,12.9,105.6
496.8,0.0,105.6
496.9,0.0,105.6
497.0,13.0,105.6
497.1,24.7,105.6
497.2,12.2,105.6
497.3,13.5,105.6
497.4,13.6,105.6
497.5,12.4,105.6
497.6,0.0,105.6
497.7,13.9,105.6
497.8,13.5,105.6
497.9,0.0,105.6
498.0,13.4,105.6
498.1,13.4,105.6
498.2,13.6,105.6
498.3,13.3,105.6
498.4,12.8,105.6
498.5,25.4,105.6
498.6,24.7,105.6
498.7,13.7,105.6
498.8,12.4,105.6
498.9,13.3,105.6
499.0,13.4,105.6
499.1,13.0,105.6
499.2,25.1,105.6
499.3,13.9,105.6
499.4,0.0,105.6
499.5,13.4,105.6
499.6,25.8,105.6
499.7,13.2,105.6
499.8,12.9,105.6
499.9,13.6,105.6
500.0,13.3,105.6
500.1,13.4,105.6
500.2,13.4,105.6
500.3,0.0,105.6
500.4,13.1,105.6
500.5,13.5,105.6
500.6,13.3,105.6
500.7,13.4,105.6
500.8,13.1,105.6
500.9,13.5,105.6
501.0,13.2,105.6
501.1,14.2,105.6
501.2,24.9,105.6
501.3,0.0,105.6
501.4,13.5,105.6
501.5,12.9,105.6
501.6,13.4,105.6
501.7,12.4,105.6
501.8,25.0,105.6
501.9,13.4,105.6
502.0,13.9,105.6
502.1,24.6,105.6
502.2,24.8,105.6
502.3,25.6,105.6
502.4,13.3,105.6
502.5,13.4,105.6
502.6,12.9,105.6
502.7,13.4,105.6
502.8,25.8,105.6
502.9,13.6,105.6
503.0,25.1,105.6
503.1,14.7,105.6
503.2,13.3,105.6
503.3,0.0,105.6
503.4,13.0,105.6
503.5,13.4,105.6
503.6,13.5,105.6
503.7,14.3,105.6
503.8,13.4,105.6
503.9,13.3,105.6
504.0,24.6,105.6
504.1,13.4,105.6
504.2,13.2,105.6
504.3,25.0,105.6
504.4,13.8,105.6
504.5,12.8,105.6
504.6,13.7,105.6
504.7,13.4,105.6
504.8,13.5,105.6
504.9,13.3,105.6
505.0,13.6,105.6
505.1,13.4,105.6
505.2,13.2,105.6
505.3,12.8,105.6
505.4,26.4,105.6
505.5,13.2,105.6
505.6,12.6,105.6
505.7,25.4,105.6
505.8,26.0,105.6
505.9,13.2,105.6
506.0,13.4,105.6
506.1,13.4,105.6
506.2,13.2,105.6
506.3,12.9,105.6
506.4,0.0,105.6
506.5,13.4,105.6
506.6,0.0,105.6
506.7,13.4,105.6
506.8,13.5,105.6
506.9,24.8,105.6
507.0,13.3,105.6
507.1,13.4,105.6
507.2,13.3,105.6
507.3,13.2,105.6
507.4,13.4,105.6
507.5,12.9,105.6
507.6,0.0,105.6
507.7,13.4,105.6
507.8,13.5,105.6
507.9,13.5,105.6
508.0,0.0,105.6
508.1,13.4,105.6
508.2,25.1,105.6
508.3,12.4,105.6
508.4,13.6,105.6
508.5,13.4,105.6
508.6,13.6,105.6
508.7,13.5,105.6
508.8,12.3,105.6
508.9,13.8,105.6
509.0,12.7,105.6
509.1,13.4,105.6
509.2,25.5,105.6
509.3,13.7,105.6
509.4,24.7,105.6
509.5,0.0,105.6
509.6,13.2,105.6
509.7,26.1,105.6
509.8,14.2,105.6
509.9,0.0,105.6
510.0,13.4,105.6
510.1,13.7,105.6
510.2,13.5,105.6
510.3,13.3,105.6
510.4,0.0,105.6
510.5,13.3,105.6
510.6,13.6,105.63
510.7,13.8,105.63
510.8,13.4,105.63
510.9,25.9,105.63
511.0,13.3,105.63
511.1,12.4,105.63
511.2,13.3,105.63
511.3,13.2,105.63
511.4,12.6,105.63
511.5,12.4,105.63
511.6,13.3,105.63
511.7,13.0,105.63
511.8,13.0,105.63
511.9,13.1,105.63
512.0,13.2,105.63
512.1,12.6,105.63
512.2,13.7,105.63
512.3,25.3,105.63
512.4,13.5,105.63
512.5,25.8,105.63
512.6,13.7,105.63
512.7,13.4,105.63
512.8,12.9,105.63
512.9,0.0,105.63
513.0,13.3,105.63
513.1,0.0,105.63
513.2,13.4,105.63
513.3,26.0,105.63
513.4,12.7,105.63
513.5,13.2,105.63
513.6,13.6,105.63
513.7,12.8,105.63
513.8,13.4,105.63
513.9,13.7,105.63
514.0,14.0,105.63
514.1,14.5,105.63
514.2,13.7,105.63
514.3,13.6,105.63
514.4,13.1,105.63
514.5,13.4,105.63
514.6,25.8,105.63
514.7,13.3,105.63
514.8,13.5,105.63
514.9,12.6,105.63
515.0,12.7,105.63
515.1,13.1,105.63
515.2,23.1,105.63
515.3,11.9,105.63
515.4,26.3,105.63
515.5,13.7,105.63
515.6,27.4,105.63
515.7,12.2,105.63
515.8,0.0,105.63
515.9,25.6,105.63
516.0,12.7,105.63
516.1,13.4,105.63
516.2,14.3,105.63
516.3,25.6,105.63
516.4,13.6,105.63
516.5,0.0,105.63
516.6,13.4,105.63
516.7,13.6,105.63
516.8,13.1,105.63
516.9,25.6,105.63
517.0,25.3,105.63
517.1,13.5,105.63
517.2,14.3,105.63
517.3,0.0,105.63
517.4,24.8,105.63
517.5,0.0,105.63
517.6,13.7,105.63
517.7,13.5,105.63
517.8,12.4,105.64
517.9,12.6,105.64
518.0,13.4,105.64
518.1,13.4,105.64
518.2,13.3,105.64
518.3,13.1,105.64
518.4,0.0,105.64
518.5,13.7,105.64
518.6,13.2,105.64
518.7,13.4,105.64
518.8,12.9,105.64
518.9,13.5,105.64
519.0,25.5,105.64
519.1,25.2,105.64
519.2,13.4,105.64
519.3,12.9,105.64
519.4,13.7,105.64
519.5,0.0,105.64
519.6,13.7,105.64
519.7,13.9,105.64
519.8,13.8,105.64
519.9,13.7,105.64
520.0,0.0,105.64
520.1,13.3,105.64
520.2,13.5,105.64
520.3,12.9,105.64
520.4,13.3,105.64
520.5,13.7,105.64
520.6,13.7,105.64
520.7,13.5,105.64
520.8,13.1,105.62
520.9,13.6,105.62
521.0,13.7,105.62
521.1,14.7,105.62
521.2,13.8,105.62
521.3,26.5,105.62
521.4,13.6,105.62
521.5,13.9,105.62
521.6,0.0,105.62
521.7,13.1,105.62
521.8,26.1,105.62
521.9,13.5,105.62
522.0,13.0,105.62
522.1,13.4,105.62
522.2,13.4,105.62
522.3,13.0,105.62
522.4,12.6,105.62
522.5,13.7,105.62
522.6,13.5,105.62
522.7,25.2,105.62
522.8,26.2,105.62
522.9,13.4,105.62
523.0,26.4,105.62
523.1,13.5,105.62
523.2,25.3,105.62
523.3,13.7,105.62
523.4,13.5,105.62
523.5,13.6,105.62
523.6,25.8,105.62
523.7,13.6,105.62
523.8,25.9,105.62
523.9,25.1,105.62
524.0,13.2,105.62
524.1,0.0,105.62
524.2,12.5,105.62
524.3,13.3,105.62
524.4,13.4,105.62
524.5,13.8,105.62
524.6,13.0,105.62
524.7,13.8,105.62
524.8,13.5,105.62
524.9,13.4,105.62
525.0,13.4,105.62
525.1,25.3,105.62
525.2,13.6,105.62
525.3,0.0,105.62
525.4,13.6,105.62
525.5,13.4,105.62
525.6,0.0,105.62
525.7,13.7,105.62
525.8,25.1,105.62
525.9,13.7,105.62
526.0,12.4,105.62
526.1,13.3,105.62
526.2,13.4,105.62
526.3,12.6,105.62
526.4,26.1,105.62
526.5,26.2,105.62
526.6,13.6,105.62
526.7,24.5,105.62
526.8,26.5,105.62
526.9,12.8,105.62
527.0,13.4,105.62
527.1,13.4,105.62
527.2,13.4,105.62
527.3,0.0,105.62
527.4,0.0,105.62
527.5,13.0,105.62
527.6,13.2,105.62
527.7,13.6,105.62
527.8,25.0,105.62
527.9,26.3,105.62
528.0,12.9,105.62
528.1,13.8,105.62
528.2,24.3,105.62
528.3,13.9,105.62
528.4,12.4,105.62
528.5,13.5,105.62
528.6,13.5,105.62
528.7,13.3,105.62
528.8,13.4,105.62
528.9,25.5,105.62
529.0,13.2,105.62
529.1,13.5,105.62
529.2,13.7,105.62
529.3,25.5,105.62
529.4,14.9,105.62
529.5,13.8,105.62
529.6,13.3,105.62
529.7,13.4,105.62
529.8,13.4,105.62
529.9,26.6,105.62
530.0,25.7,105.62
530.1,25.0,105.62
530.2,13.6,105.62
530.3,26.4,105.62
530.4,13.4,105.62
530.5,26.9,105.62
530.6,13.8,105.62
530.7,25.2,105.62
530.8,0.0,105.62
530.9,0.0,105.62
531.0,11.9,105.62
531.1,24.9,105.62
531.2,13.4,105.62
531.3,13.4,105.62
531.4,13.5,105.62
531.5,13.3,105.62
531.6,13.8,105.62
531.7,13.4,105.62
531.8,13.5,105.62
531.9,13.4,105.62
532.0,13.4,105.62
532.1,13.4,105.62
532.2,13.4,105.62
532.3,13.2,105.62
532.4,13.2,105.62
532.5,13.3,105.62
532.6,12.3,105.62
532.7,12.6,105.62
532.8,13.3,105.62
532.9,13.3,105.62
533.0,13.4,105.62
533.1,12.6,105.62
533.2,25.5,105.62
533.3,13.2,105.62
533.4,12.8,105.62
533.5,13.3,105.62
533.6,13.3,105.62
533.7,13.4,105.62
533.8,13.8,105.62
533.9,13.6,105.62
534.0,0.0,105.62
534.1,13.1,105.62
534.2,26.4,105.62
534.3,12.8,105.62
534.4,13.0,105.62
534.5,24.6,105.62
534.6,13.5,105.62
534.7,13.5,105.62
534.8,13.1,105.62
534.9,13.8,105.62
535.0,25.9,105.62
535.1,13.5,105.62
535.2,26.7,105.62
535.3,13.5,105.62
535.4,13.6,105.62
535.5,0.0,105.62
535.6,0.0,105.62
535.7,13.2,105.62
535.8,13.4,105.62
535.9,13.8,105.62
536.0,0.0,105.62
536.1,13.5,105.62
536.2,13.2,105.62
536.3,12.8,105.62
536.4,13.7,105.62
536.5,13.8,105.62
536.6,14.0,105.62
536.7,13.7,105.62
536.8,26.6,105.62
536.9,13.2,105.62
537.0,13.3,105.62
537.1,13.5,105.62
537.2,0.0,105.62
537.3,13.4,105.62
537.4,13.4,105.62
537.5,13.4,105.62
537.6,13.4,105.62
537.7,0.0,105.62
537.8,13.8,105.62
537.9,25.5,105.62
538.0,12.4,105.62
538.1,12.9,105.62
538.2,13.0,105.62
538.3,13.1,105.62
538.4,25.0,105.62
538.5,25.5,105.62
538.6,13.3,105.62
538.7,13.1,105.62
538.8,25.6,105.62
538.9,13.4,105.62
539.0,13.6,105.62
539.1,12.6,105.62
539.2,13.7,105.62
539.3,14.3,105.62
539.4,12.8,105.62
539.5,13.8,105.62
539.6,13.6,105.62
539.7,13.5,105.62
539.8,0.0,105.62
539.9,13.2,105.62
540.0,24.9,105.62
540.1,13.7,105.62
540.2,13.8,105.62
540.3,25.1,105.62
540.4,12.7,105.62
540.5,13.2,105.62
540.6,13.5,105.62
540.7,12.9,105.62
540.8,0.0,105.62
540.9,13.4,105.62
541.0,13.3,105.62
541.1,13.1,105.62
541.2,26.5,105.62
541.3,13.4,105.62
541.4,13.4,105.62
541.5,24.8,105.62
541.6,13.7,105.62
541.7,13.3,105.62
541.8,13.7,105.62
541.9,25.4,105.62
542.0,12.9,105.62
542.1,13.0,105.62
542.2,13.5,105.62
542.3,13.4,105.62
542.4,25.6,105.62
542.5,13.9,105.62
542.6,13.4,105.62
542.7,25.7,105.62
542.8,13.4,105.62
542.9,13.2,105.62
543.0,0.0,105.62
543.1,12.8,105.62
543.2,12.5,105.62
543.3,11.6,105.62
543.4,13.5,105.62
543.5,13.4,105.62
543.6,25.0,105.62
543.7,13.2,105.62
543.8,13.3,105.62
543.9,13.4,105.62
544.0,0.0,105.62
544.1,14.3,105.62
544.2,13.4,105.62
544.3,13.3,105.62
544.4,12.7,105.62
544.5,13.3,105.62
544.6,12.3,105.62
544.7,0.0,105.62
544.8,13.7,105.62
544.9,12.9,105.62
545.0,12.5,105.62
545.1,13.9,105.62
545.2,13.6,105.62
545.3,13.5,105.62
545.4,12.4,105.62
545.5,13.4,105.62
545.6,13.1,105.62
545.7,13.6,105.62
545.8,25.7,105.62
545.9,13.7,105.62
546.0,13.5,105.62
546.1,13.7,105.62
546.2,13.5,105.62
546.3,12.5,105.62
546.4,0.0,105.62
546.5,13.3,105.62
546.6,13.6,105.62
546.7,12.7,105.62
546.8,23.4,105.62
546.9,13.4,105.62
547.0,25.7,105.62
547.1,13.9,105.62
547.2,13.8,105.62
547.3,12.4,105.62
547.4,13.1,105.62
547.5,24.6,105.62
547.6,13.3,105.62
547.7,13.1,105.62
547.8,12.8,105.62
547.9,25.5,105.62
548.0,25.4,105.62
548.1,13.1,105.62
548.2,13.5,105.62
548.3,0.0,105.62
548.4,13.5,105.62
548.5,12.5,105.62
548.6,12.5,105.62
548.7,13.2,105.62
548.8,25.0,105.62
548.9,13.4,105.62
549.0,12.8,105.62
549.1,0.0,105.62
549.2,13.8,105.62
549.3,24.8,105.62
549.4,12.2,105.62
549.5,24.7,105.62
549.6,25.2,105.62
549.7,13.2,105.62
549.8,12.7,105.62
549.9,13.4,105.62
550.0,25.3,105.62
550.1,13.5,105.62
550.2,12.6,105.62
550.3,26.0,105.62
550.4,13.6,105.62
550.5,13.8,105.62
550.6,13.8,105.62
550.7,12.8,105.62
550.8,13.2,105.62
550.9,25.9,105.62
551.0,24.4,105.62
551.1,25.4,105.62
551.2,13.7,105.62
551.3,25.1,105.62
551.4,26.1,105.62
551.5,13.6,105.62
551.6,13.4,105.62
551.7,13.6,105.62
551.8,13.6,105.62
551.9,13.5,105.62
552.0,13.6,105.62
552.1,13.5,105.62
552.2,13.4,105.62
552.3,13.5,105.62
552.4,0.0,105.62
552.5,13.4,105.62
552.6,13.2,105.62
552.7,24.7,105.62
552.8,13.3,105.62
552.9,26.8,105.62
553.0,12.8,105.62
553.1,13.0,105.62
553.2,25.8,105.62
553.3,13.7,105.62
553.4,13.1,105.62
553.5,13.7,105.62
553.6,13.5,105.62
553.7,13.1,105.62
553.8,25.6,105.62
553.9,13.4,105.62
554.0,13.4,105.62
554.1,13.5,105.62
554.2,13.5,105.62
554.3,13.2,105.62
554.4,0.0,105.62
554.5,14.4,105.62
554.6,13.4,105.62
554.7,13.2,105.62
554.8,13.7,105.62
554.9,26.0,105.62
555.0,13.5,105.62
555.1,13.8,105.62
555.2,12.7,105.62
555.3,0.0,105.62
555.4,0.0,105.62
555.5,12.9,105.62
555.6,13.1,105.62
555.7,13.2,105.62
555.8,12.5,105.62
555.9,0.0,105.62
556.0,25.1,105.62
556.1,13.5,105.62
556.2,12.5,105.62
556.3,12.9,105.62
556.4,13.7,105.62
556.5,13.7,105.62
556.6,13.4,105.62
556.7,13.2,105.62
556.8,13.5,105.62
556.9,13.4,105.62
557.0,13.3,105.62
557.1,13.5,105.62
557.2,24.5,105.62
557.3,13.8,105.62
557.4,13.4,105.62
557.5,13.1,105.62
557.6,13.2,105.62
557.7,13.4,105.62
557.8,13.2,105.62
557.9,13.3,105.62
558.0,13.4,105.62
558.1,13.5,105.62
558.2,13.4,105.62
558.3,13.5,105.62
558.4,13.3,105.62
558.5,13.4,105.62
558.6,13.4,105.62
558.7,12.7,105.62
558.8,13.3,105.62
558.9,13.4,105.62
559.0,12.8,105.62
559.1,12.9,105.62
559.2,26.4,105.62
559.3,13.2,105.62
559.4,12.7,105.62
559.5,26.2,105.62
559.6,12.9,105.62
559.7,13.2,105.62
559.8,26.1,105.62
559.9,0.0,105.62
560.0,0.0,105.62
560.1,0.0,105.62
560.2,13.6,105.62
560.3,13.0,105.62
560.4,13.4,105.62
560.5,14.1,105.62
560.6,13.3,105.62
560.7,13.1,105.62
560.8,13.5,105.62
560.9,13.8,105.62
561.0,12.7,105.62
561.1,13.2,105.62
561.2,13.2,105.62
561.3,13.9,105.62
561.4,13.5,105.62
561.5,13.2,105.62
561.6,13.4,105.62
561.7,13.2,105.62
561.8,13.8,105.62
561.9,13.0,105.62
562.0,13.5,105.62
562.1,13.1,105.62
562.2,25.8,105.62
562.3,13.2,105.62
562.4,12.6,105.62
562.5,13.4,105.62
562.6,13.9,105.62
562.7,13.4,105.62
562.8,12.5,105.62
562.9,0.0,105.62
563.0,12.6,105.62
563.1,12.6,105.62
563.2,13.5,105.62
563.3,13.3,105.62
563.4,13.4,105.62
563.5,13.4,105.62
563.6,12.3,105.62
563.7,13.4,105.62
563.8,13.4,105.62
563.9,13.4,105.62
564.0,13.4,105.62
564.1,12.3,105.62
564.2,0.0,105.62
564.3,12.9,105.62
564.4,13.6,105.62
564.5,25.2,105.62
564.6,0.0,105.62
564.7,13.5,105.62
564.8,25.0,105.62
564.9,14.1,105.62
565.0,13.4,105.62
565.1,13.4,105.62
565.2,13.5,105.62
565.3,0.0,105.62
565.4,13.5,105.62
565.5,13.4,105.62
565.6,0.0,105.62
565.7,13.4,105.62
565.8,25.8,105.62
565.9,13.2,105.62
566.0,13.5,105.62
566.1,13.0,105.62
566.2,24.7,105.62
566.3,12.4,105.62
566.4,24.8,105.62
566.5,13.2,105.62
566.6,12.3,105.62
566.7,12.7,105.62
566.8,13.0,105.62
566.9,13.2,105.62
567.0,13.6,105.62
567.1,13.8,105.62
567.2,26.4,105.62
567.3,12.8,105.62
567.4,13.8,105.62
567.5,12.8,105.62
567.6,13.5,105.62
567.7,26.0,105.62
567.8,13.4,105.62
567.9,14.3,105.62
568.0,13.6,105.62
568.1,13.4,105.62
568.2,13.4,105.62
568.3,13.3,105.62
568.4,14.1,105.62
568.5,13.5,105.62
568.6,13.4,105.62
568.7,13.0,105.62
568.8,13.2,105.62
568.9,24.8,105.62
569.0,13.5,105.62
569.1,0.0,105.62
569.2,13.9,105.62
569.3,13.7,105.62
569.4,13.4,105.62
569.5,13.6,105.62
569.6,13.4,105.62
569.7,13.4,105.62
569.8,13.1,105.62
569.9,13.6,105.62
570.0,24.9,105.59
570.1,13.4,105.59
570.2,12.5,105.59
570.3,13.5,105.59
570.4,14.0,105.59
570.5,0.0,105.59
570.6,14.2,105.59
570.7,13.8,105.59
570.8,13.5,105.59
570.9,13.9,105.59
571.0,14.1,105.59
571.1,13.6,105.59
571.2,0.0,105.59
571.3,26.0,105.59
571.4,13.3,105.59
571.5,0.0,105.59
571.6,0.0,105.59
571.7,14.2,105.59
571.8,13.6,105.59
571.9,13.4,105.59
572.0,0.0,105.59
572.1,0.0,105.59
572.2,13.1,105.59
572.3,26.7,105.59
572.4,13.9,105.59
572.5,13.0,105.59
572.6,13.8,105.59
572.7,13.5,105.59
572.8,13.3,105.59
572.9,13.4,105.59
573.0,13.5,105.59
573.1,12.9,105.59
573.2,13.5,105.59
573.3,13.4,105.59
573.4,13.6,105.59
573.5,13.3,105.59
573.6,13.4,105.59
573.7,13.5,105.59
573.8,13.5,105.59
573.9,13.4,105.59
574.0,24.8,105.59
574.1,13.8,105.59
574.2,13.4,105.59
574.3,13.8,105.59
574.4,13.4,105.59
574.5,12.9,105.59
574.6,25.2,105.59
574.7,13.3,105.59
574.8,12.6,105.59
574.9,13.4,105.59
575.0,25.8,105.59
575.1,13.4,105.59
575.2,14.4,105.59
575.3,14.4,105.59
575.4,13.5,105.59
575.5,13.6,105.59
575.6,13.7,105.59
575.7,25.5,105.59
575.8,13.1,105.59
575.9,12.4,105.59
576.0,13.6,105.59
576.1,13.6,105.59
576.2,13.6,105.59
576.3,12.7,105.59
576.4,13.1,105.59
576.5,13.5,105.59
576.6,13.5,105.59
576.7,13.8,105.59
576.8,0.0,105.59
576.9,13.0,105.59
577.0,13.6,105.59
577.1,13.4,105.59
577.2,13.3,105.59
577.3,13.2,105.59
577.4,13.2,105.59
577.5,25.9,105.59
577.6,12.7,105.59
577.7,13.8,105.59
577.8,14.1,105.59
577.9,25.6,105.59
578.0,25.0,105.59
578.1,13.4,105.59
578.2,0.0,105.59
578.3,13.5,105.59
578.4,13.2,105.59
578.5,13.3,105.59
578.6,24.7,105.59
578.7,25.9,105.59
578.8,25.3,105.59
578.9,13.7,105.59
579.0,13.4,105.59
579.1,13.8,105.59
579.2,14.1,105.59
579.3,13.5,105.59
579.4,13.4,105.59
579.5,13.2,105.59
579.6,13.5,105.59
579.7,13.5,105.59
579.8,13.4,105.59
579.9,13.1,105.59
580.0,26.2,105.59
580.1,13.1,105.59
580.2,0.0,105.59
580.3,13.4,105.59
580.4,13.7,105.59
580.5,0.0,105.59
580.6,13.4,105.59
580.7,25.5,105.59
580.8,25.7,105.59
580.9,13.3,105.59
581.0,24.9,105.59
581.1,12.7,105.59
581.2,26.1,105.59
581.3,13.0,105.59
581.4,0.0,105.59
581.5,13.8,105.59
581.6,13.5,105.59
581.7,13.3,105.59
581.8,13.4,105.59
581.9,26.1,105.59
582.0,14.3,105.59
582.1,12.8,105.59
582.2,13.6,105.59
582.3,25.1,105.59
582.4,13.7,105.59
582.5,14.2,105.59
582.6,0.0,105.59
582.7,13.2,105.59
582.8,13.2,105.59
582.9,13.2,105.59
583.0,13.8,105.59
583.1,13.4,105.59
583.2,13.3,105.59
583.3,13.4,105.59
583.4,12.8,105.59
583.5,0.0,105.59
583.6,13.1,105.59
583.7,13.0,105.59
583.8,13.4,105.59
583.9,13.4,105.59
584.0,13.4,105.59
584.1,24.3,105.59
584.2,13.2,105.59
584.3,13.6,105.59
584.4,13.6,105.59
584.5,13.1,105.59
584.6,0.0,105.59
584.7,13.4,105.59
584.8,13.3,105.59
584.9,13.4,105.59
585.0,13.0,105.59
585.1,13.4,105.59
585.2,13.7,105.59
585.3,0.0,105.59
585.4,26.8,105.59
585.5,13.1,105.59
585.6,13.4,105.59
585.7,13.3,105.59
585.8,12.8,105.59
585.9,13.6,105.59
586.0,13.6,105.59
586.1,13.8,105.59
586.2,24.8,105.59
586.3,0.0,105.59
586.4,13.2,105.59
586.5,13.3,105.59
586.6,25.2,105.59
586.7,13.6,105.59
586.8,26.0,105.59
586.9,13.5,105.59
587.0,13.9,105.59
587.1,12.7,105.59
587.2,12.9,105.59
587.3,13.6,105.59
587.4,13.1,105.59
587.5,14.3,105.59
587.6,13.4,105.59
587.7,13.0,105.59
587.8,13.6,105.59
587.9,13.6,105.59
588.0,13.7,105.59
588.1,0.0,105.59
588.2,12.2,105.59
588.3,13.4,105.59
588.4,25.8,105.59
588.5,13.0,105.59
588.6,12.5,105.59
588.7,12.9,105.59
588.8,12.1,105.59
588.9,13.4,105.59
589.0,13.5,105.59
589.1,13.6,105.59
589.2,13.4,105.59
589.3,0.0,105.59
589.4,13.5,105.59
589.5,13.2,105.59
589.6,13.4,105.59
589.7,25.0,105.59
589.8,12.8,105.59
589.9,13.2,105.59
590.0,13.5,105.59
590.1,12.8,105.59
590.2,13.3,105.59
590.3,12.9,105.59
590.4,0.0,105.59
590.5,13.4,105.59
590.6,12.3,105.59
590.7,13.4,105.59
590.8,13.3,105.59
590.9,13.5,105.59
591.0,13.4,105.59
591.1,13.3,105.59
591.2,12.5,105.59
591.3,12.7,105.59
591.4,13.3,105.59
591.5,13.4,105.59
591.6,13.4,105.59
591.7,13.4,105.59
591.8,13.3,105.59
591.9,13.5,105.59
592.0,24.7,105.59
592.1,12.4,105.59
592.2,13.3,105.59
592.3,14.3,105.59
592.4,13.5,105.59
592.5,12.5,105.59
592.6,12.9,105.59
592.7,12.5,105.59
592.8,13.4,105.59
592.9,12.9,105.59
593.0,13.1,105.59
593.1,13.4,105.59
593.2,13.4,105.59
593.3,13.5,105.59
593.4,0.0,105.59
593.5,13.3,105.59
593.6,26.1,105.59
593.7,13.4,105.59
593.8,13.5,105.59
593.9,0.0,105.59
594.0,13.5,105.59
594.1,12.9,105.59
594.2,13.4,105.59
594.3,13.8,105.59
594.4,13.4,105.59
594.5,12.7,105.59
594.6,12.9,105.59
594.7,12.3,105.59
594.8,13.7,105.59
594.9,13.8,105.59
595.0,25.1,105.59
595.1,14.2,105.59
595.2,13.2,105.59
595.3,13.3,105.59
595.4,12.5,105.59
595.5,24.9,105.59
595.6,26.0,105.59
595.7,13.0,105.59
595.8,13.2,105.59
595.9,14.4,105.59
596.0,13.6,105.59
596.1,0.0,105.59
596.2,25.0,105.59
596.3,13.0,105.59
596.4,12.2,105.59
596.5,24.8,105.59
596.6,12.8,105.59
596.7,13.0,105.59
596.8,26.7,105.59
596.9,12.5,105.59
597.0,13.7,105.59
597.1,25.1,105.59
597.2,13.4,105.59
597.3,13.0,105.59
597.4,13.4,105.59
597.5,12.8,105.59
597.6,13.8,105.59
597.7,13.7,105.59
597.8,24.4,105.59
597.9,0.0,105.59
598.0,13.4,105.59
598.1,13.4,105.59
598.2,13.3,105.59
598.3,25.0,105.59
598.4,12.9,105.59
598.5,13.7,105.59
598.6,13.9,105.59
598.7,25.6,105.59
598.8,14.0,105.59
598.9,13.1,105.59
599.0,12.7,105.59
599.1,13.7,105.59
599.2,12.9,105.59
599.3,13.9,105.59
599.4,14.4,105.59
599.5,14.3,105.59
599.6,13.8,105.59
599.7,12.8,105.59
599.8,13.9,105.59
599.9,13.4,105.59
600.0,12.5,105.59
600.1,12.6,105.59
600.2,13.6,105.59
600.3,13.6,105.59
600.4,13.7,105.59
600.5,12.7,105.59
600.6,26.8,105.59
600.7,12.7,105.59
600.8,13.7,105.59
600.9,13.5,105.59
601.0,13.1,105.59
601.1,0.0,105.59
601.2,0.0,105.59
601.3,12.7,105.59
601.4,0.0,105.59
601.5,13.5,105.59
601.6,13.4,105.59
601.7,13.3,105.59
601.8,25.1,105.59
601.9,13.3,105.59
602.0,24.3,105.59
602.1,14.1,105.59
602.2,13.0,105.59
602.3,13.3,105.59
602.4,13.3,105.59
602.5,13.3,105.59
602.6,13.7,105.59
602.7,12.0,105.59
602.8,12.2,105.59
602.9,24.8,105.59
603.0,13.7,105.59
603.1,12.7,105.59
603.2,13.5,105.59
603.3,24.1,105.59
603.4,13.8,105.59
603.5,13.6,105.59
603.6,12.6,105.59
603.7,12.6,105.59
603.8,12.6,105.59
603.9,13.3,105.59
604.0,14.3,105.59
604.1,13.2,105.59
604.2,12.8,105.59
604.3,12.3,105.59
604.4,13.6,105.59
604.5,12.8,105.59
604.6,12.9,105.59
604.7,13.5,105.59
604.8,24.9,105.59
604.9,13.3,105.59
605.0,12.4,105.59
605.1,13.4,105.59
605.2,14.0,105.59
605.3,24.7,105.59
605.4,14.0,105.59
605.5,13.9,105.59
605.6,12.3,105.59
605.7,13.3,105.59
605.8,13.4,105.59
605.9,13.1,105.59
606.0,13.7,105.59
606.1,13.4,105.59
606.2,13.6,105.59
606.3,26.7,105.59
606.4,13.7,105.59
606.5,13.6,105.59
606.6,13.7,105.59
606.7,0.0,105.59
606.8,14.1,105.59
606.9,25.5,105.59
607.0,24.9,105.59
607.1,13.5,105.59
607.2,0.0,105.59
607.3,25.2,105.59
607.4,14.3,105.59
607.5,13.4,105.59
607.6,24.3,105.59
607.7,0.0,105.59
607.8,12.6,105.59
607.9,12.8,105.59
608.0,13.3,105.59
608.1,13.8,105.59
608.2,13.4,105.59
608.3,13.1,105.59
608.4,14.1,105.59
608.5,24.8,105.59
608.6,13.4,105.59
608.7,13.2,105.59
608.8,25.8,105.59
608.9,13.8,105.59
609.0,25.1,105.59
609.1,14.1,105.59
609.2,26.7,105.59
609.3,13.8,105.59
609.4,13.5,105.59
609.5,12.9,105.59
609.6,12.8,105.59
609.7,12.8,105.59
609.8,13.2,105.59
609.9,12.6,105.59
610.0,13.9,105.59
610.1,0.0,105.59
610.2,13.1,105.59
610.3,13.5,105.59
610.4,12.6,105.59
610.5,13.0,105.59
610.6,13.7,105.59
610.7,13.0,105.59
610.8,26.5,105.59
610.9,13.8,105.59
611.0,14.2,105.59
611.1,25.9,105.59
611.2,13.5,105.59
611.3,13.6,105.59
611.4,13.2,105.59
611.5,25.5,105.59
611.6,13.2,105.59
611.7,13.6,105.59
611.8,14.3,105.59
611.9,13.4,105.59
612.0,12.7,105.59
612.1,26.3,105.59
612.2,13.4,105.59
612.3,14.0,105.59
612.4,12.6,105.59
612.5,12.8,105.59
612.6,13.2,105.59
612.7,13.4,105.59
612.8,25.8,105.59
612.9,13.9,105.59
613.0,13.4,105.59
613.1,13.7,105.59
613.2,13.5,105.59
613.3,0.0,105.59
613.4,13.4,105.59
613.5,25.1,105.59
613.6,14.6,105.59
613.7,13.4,105.59
613.8,0.0,105.59
613.9,13.2,105.59
614.0,26.8,105.59
614.1,24.8,105.59
614.2,25.0,105.59
614.3,13.5,105.59
614.4,26.7,105.59
614.5,0.0,105.59
614.6,13.5,105.59
614.7,27.4,105.59
614.8,13.4,105.59
614.9,12.6,105.59
615.0,13.6,105.59
615.1,13.4,105.59
615.2,0.0,105.59
615.3,13.1,105.59
615.4,25.7,105.59
615.5,13.2,105.59
615.6,13.5,105.59
615.7,25.6,105.59
615.8,25.1,105.59
615.9,12.9,105.59
616.0,13.7,105.59
616.1,13.1,105.59
616.2,13.1,105.59
616.3,26.3,105.59
616.4,13.6,105.59
616.5,13.5,105.59
616.6,13.0,105.59
616.7,13.3,105.59
616.8,0.0,105.59
616.9,12.9,105.59
617.0,0.0,105.59
617.1,13.1,105.59
617.2,12.4,105.59
617.3,13.3,105.59
617.4,12.8,105.59
617.5,13.4,105.59
617.6,25.2,105.59
617.7,13.1,105.59
617.8,12.6,105.59
617.9,13.8,105.59
618.0,13.4,105.59
618.1,25.1,105.59
618.2,14.2,105.59
618.3,13.3,105.59
618.4,13.3,105.59
618.5,12.1,105.59
618.6,13.4,105.59
618.7,13.5,105.59
618.8,13.4,105.59
618.9,0.0,105.59
619.0,12.4,105.59
619.1,12.8,105.59
619.2,13.5,105.59
619.3,14.5,105.59
619.4,13.7,105.59
619.5,13.7,105.59
619.6,13.4,105.59
619.7,13.4,105.59
619.8,13.2,105.59
619.9,13.3,105.59
620.0,0.0,105.59
620.1,12.6,105.59
620.2,13.3,105.59
620.3,13.3,105.59
620.4,12.6,105.59
620.5,12.5,105.59
620.6,13.7,105.59
620.7,0.0,105.59
620.8,0.0,105.59
620.9,26.4,105.59
621.0,13.6,105.59
621.1,13.5,105.59
621.2,13.3,105.59
621.3,13.9,105.59
621.4,13.2,105.59
621.5,13.4,105.59
621.6,0.0,105.59
621.7,13.6,105.59
621.8,13.5,105.59
621.9,13.2,105.59
622.0,14.3,105.59
622.1,13.7,105.59
622.2,13.5,105.59
622.3,13.3,105.59
622.4,14.1,105.59
622.5,13.2,105.59
622.6,13.3,105.59
622.7,0.0,105.59
622.8,13.9,105.59
622.9,13.1,105.59
623.0,12.6,105.59
623.1,0.0,105.59
623.2,0.0,105.59
623.3,13.7,105.59
623.4,13.8,105.59
623.5,13.8,105.59
623.6,13.7,105.59
623.7,13.7,105.59
623.8,12.8,105.59
623.9,13.2,105.59
624.0,26.3,105.59
624.1,13.2,105.59
624.2,12.7,105.59
624.3,14.4,105.59
624.4,14.4,105.59
624.5,25.2,105.59
624.6,13.2,105.59
624.7,12.9,105.59
624.8,12.6,105.59
624.9,13.4,105.59
625.0,13.4,105.59
625.1,25.1,105.59
625.2,25.2,105.59
625.3,0.0,105.59
625.4,13.2,105.59
625.5,13.5,105.59
625.6,11.8,105.59
625.7,13.1,105.59
625.8,12.5,105.59
625.9,14.1,105.59
626.0,0.0,105.59
626.1,13.3,105.59
626.2,13.5,105.59
626.3,25.5,105.59
626.4,13.5,105.59
626.5,0.0,105.59
626.6,12.4,105.59
626.7,13.4,105.59
626.8,13.5,105.59
626.9,12.6,105.59
627.0,13.6,105.59
627.1,13.4,105.59
627.2,13.2,105.59
627.3,14.0,105.59
627.4,13.4,105.59
627.5,13.1,105.59
627.6,13.8,105.59
627.7,12.7,105.59
627.8,26.4,105.59
627.9,13.1,105.59
628.0,13.6,105.59
628.1,13.6,105.59
628.2,13.0,105.59
628.3,25.0,105.59
628.4,13.4,105.59
628.5,0.0,105.59
628.6,12.7,105.59
628.7,13.3,105.59
628.8,25.3,105.59
628.9,13.3,105.59
629.0,13.4,105.59
629.1,13.0,105.59
629.2,24.4,105.59
629.3,13.3,105.59
629.4,13.1,105.59
629.5,13.4,105.59
629.6,12.5,105.59
629.7,13.2,105.59
629.8,12.6,105.59
629.9,13.4,105.59
630.0,12.5,105.59
630.1,0.0,105.59
630.2,13.4,105.59
630.3,0.0,105.59
630.4,13.2,105.59
630.5,13.3,105.59
630.6,13.2,105.59
630.7,12.6,105.59
630.8,13.4,105.59
630.9,14.1,105.59
631.0,13.3,105.59
631.1,13.5,105.59
631.2,13.6,105.59
631.3,13.3,105.59
631.4,0.0,105.59
631.5,25.0,105.59
631.6,24.7,105.59
631.7,25.3,105.59
631.8,26.5,105.59
631.9,13.4,105.59
632.0,0.0,105.59
632.1,0.0,105.59
632.2,13.5,105.59
632.3,13.9,105.59
632.4,12.8,105.59
632.5,13.2,105.59
632.6,12.5,105.59
632.7,13.1,105.59
632.8,26.7,105.59
632.9,13.0,105.59
633.0,12.7,105.59
633.1,13.5,105.59
633.2,13.4,105.59
633.3,26.6,105.59
633.4,13.5,105.59
633.5,14.2,105.59
633.6,13.5,105.59
633.7,13.4,105.59
633.8,24.9,105.59
633.9,25.4,105.59
634.0,13.4,105.59
634.1,13.6,105.59
634.2,13.4,105.59
634.3,25.4,105.59
634.4,26.0,105.59
634.5,13.1,105.59
634.6,13.2,105.59
634.7,13.5,105.59
634.8,12.6,105.59
634.9,0.0,105.59
635.0,13.2,105.59
635.1,13.3,105.59
635.2,13.4,105.59
635.3,13.6,105.59
635.4,13.2,105.59
635.5,13.8,105.59
635.6,12.4,105.59
635.7,0.0,105.59
635.8,13.5,105.59
635.9,13.4,105.59
636.0,13.5,105.59
636.1,13.2,105.59
636.2,13.5,105.59
636.3,13.5,105.59
636.4,12.5,105.59
636.5,24.5,105.59
636.6,0.0,105.59
636.7,14.3,105.59
636.8,13.7,105.59
636.9,13.6,105.59
637.0,14.3,105.59
637.1,13.3,105.59
637.2,0.0,105.59
637.3,13.6,105.59
637.4,13.4,105.59
637.5,12.5,105.59
637.6,0.0,105.59
637.7,13.6,105.59
637.8,13.5,105.59
637.9,25.4,105.59
638.0,13.4,105.59
638.1,12.7,105.59
638.2,13.8,105.59
638.3,12.9,105.59
638.4,25.9,105.59
638.5,13.2,105.59
638.6,13.3,105.59
638.7,24.9,105.59
638.8,14.1,105.59
638.9,13.9,105.59
639.0,13.2,105.59
639.1,13.4,105.59
639.2,13.5,105.59
639.3,12.9,105.59
639.4,13.5,105.59
639.5,24.8,105.59
639.6,25.5,105.59
639.7,13.2,105.59
639.8,13.6,105.59
639.9,13.6,105.59
640.0,24.4,105.59
640.1,12.2,105.59
640.2,12.6,105.59
640.3,13.4,105.59
640.4,13.0,105.59
640.5,13.4,105.59
640.6,26.0,105.59
640.7,24.4,105.59
640.8,13.4,105.59
640.9,12.7,105.59
641.0,13.0,105.59
641.1,25.5,105.59
641.2,13.3,105.59
641.3,13.6,105.59
641.4,13.6,105.59
641.5,13.4,105.59
641.6,13.1,105.59
641.7,26.2,105.59
641.8,13.1,105.59
641.9,13.8,105.59
642.0,13.4,105.59
642.1,13.4,105.59
642.2,13.6,105.59
642.3,14.1,105.59
642.4,13.3,105.59
642.5,0.0,105.59
642.6,25.9,105.59
642.7,25.2,105.59
642.8,12.5,105.59
642.9,12.8,105.59
643.0,13.1,105.59
643.1,13.4,105.59
643.2,12.8,105.59
643.3,0.0,105.59
643.4,13.4,105.59
643.5,13.9,105.59
643.6,13.6,105.59
643.7,13.7,105.59
643.8,13.3,105.59
643.9,13.2,105.59
644.0,13.4,105.59
644.1,13.1,105.59
644.2,13.2,105.59
644.3,14.3,105.59
644.4,14.2,105.59
644.5,13.6,105.59
644.6,27.2,105.59
644.7,13.5,105.59
644.8,13.5,105.59
644.9,13.6,105.59
645.0,13.3,105.59
645.1,26.2,105.59
645.2,13.5,105.59
645.3,25.8,105.59
645.4,13.3,105.59
645.5,13.4,105.59
645.6,13.9,105.59
645.7,13.4,105.59
645.8,12.6,105.59
645.9,0.0,105.59
646.0,13.0,105.59
646.1,12.9,105.59
646.2,13.4,105.59
646.3,12.7,105.59
646.4,13.4,105.59
646.5,13.3,105.59
646.6,13.3,105.59
646.7,13.8,105.59
646.8,25.7,105.59
646.9,25.7,105.59
647.0,13.0,105.59
647.1,13.5,105.59
647.2,12.8,105.59
647.3,13.3,105.59
647.4,26.5,105.59
647.5,12.9,105.59
647.6,12.8,105.59
647.7,0.0,105.59
647.8,13.3,105.59
647.9,13.3,105.59
648.0,13.4,105.59
648.1,25.8,105.59
648.2,26.9,105.59
648.3,26.9,105.59
648.4,0.0,105.59
648.5,13.7,105.59
648.6,25.5,105.59
648.7,13.9,105.59
648.8,13.4,105.59
648.9,13.2,105.59
649.0,13.2,105.59
649.1,13.4,105.59
649.2,0.0,105.59
649.3,13.3,105.59
649.4,13.1,105.59
649.5,13.3,105.59
649.6,25.4,105.59
649.7,13.2,105.59
649.8,13.9,105.59
649.9,13.5,105.59
650.0,26.3,105.59
650.1,12.8,105.59
650.2,13.4,105.59
650.3,26.4,105.59
650.4,13.4,105.59
650.5,26.5,105.59
650.6,13.4,105.59
650.7,26.0,105.59
650.8,13.5,105.59
650.9,12.4,105.59
651.0,12.6,105.59
651.1,0.0,105.59
651.2,13.0,105.59
651.3,12.4,105.59
651.4,12.4,105.59
651.5,13.2,105.59
651.6,0.0,105.59
651.7,12.5,105.59
651.8,13.5,105.59
651.9,14.0,105.59
652.0,12.9,105.59
652.1,13.3,105.59
652.2,26.7,105.59
652.3,14.0,105.59
652.4,13.8,105.59
652.5,13.0,105.59
652.6,13.7,105.59
652.7,14.3,105.59
652.8,14.3,105.59
652.9,12.1,105.59
653.0,13.4,105.59
653.1,13.3,105.59
653.2,0.0,105.59
653.3,13.8,105.59
653.4,13.3,105.59
653.5,13.4,105.59
653.6,13.9,105.59
653.7,25.2,105.59
653.8,13.0,105.59
653.9,13.1,105.59
654.0,13.1,105.59
654.1,25.4,105.59
654.2,13.4,105.59
654.3,40.1,105.59
654.4,13.3,105.59
654.5,13.6,105.59
654.6,14.0,105.59
654.7,13.4,105.59
654.8,13.6,105.59
654.9,13.3,105.59
655.0,13.8,105.59
655.1,13.5,105.59
655.2,13.1,105.59
655.3,12.3,105.59
655.4,12.9,105.59
655.5,26.3,105.59
655.6,13.8,105.59
655.7,25.1,105.59
655.8,13.6,105.59
655.9,13.7,105.59
656.0,12.6,105.59
656.1,13.2,105.59
656.2,25.9,105.59
656.3,13.4,105.59
656.4,13.2,105.59
656.5,13.7,105.59
656.6,13.4,105.59
656.7,13.3,105.59
656.8,13.4,105.59
656.9,13.3,105.59
657.0,13.4,105.59
657.1,13.4,105.59
657.2,25.6,105.59
657.3,14.0,105.59
657.4,13.4,105.59
657.5,13.4,105.59
657.6,13.6,105.59
657.7,13.2,105.59
657.8,13.5,105.59
657.9,13.5,105.59
658.0,25.0,105.59
658.1,13.7,105.59
658.2,13.9,105.59
658.3,13.4,105.59
658.4,13.6,105.59
658.5,26.0,105.59
658.6,13.6,105.59
658.7,13.4,105.59
658.8,13.3,105.59
658.9,25.9,105.59
659.0,13.7,105.59
659.1,13.8,105.59
659.2,13.8,105.59
659.3,13.3,105.59
659.4,13.7,105.59
659.5,13.1,105.59
659.6,13.7,105.59
659.7,0.0,105.59
659.8,13.6,105.59
659.9,13.5,105.59
660.0,13.7,105.59
660.1,25.8,105.59
660.2,13.2,105.59
660.3,13.5,105.59
660.4,25.3,105.59
660.5,13.9,105.59
660.6,13.6,105.59
660.7,24.8,105.59
660.8,13.2,105.59
660.9,25.3,105.59
661.0,13.4,105.59
661.1,12.8,105.59
661.2,0.0,105.59
661.3,13.2,105.59
661.4,13.6,105.59
661.5,12.7,105.59
661.6,13.4,105.59
661.7,13.5,105.59
661.8,14.0,105.59
661.9,26.6,105.59
662.0,13.4,105.59
662.1,24.8,105.59
662.2,13.4,105.59
662.3,13.3,105.59
662.4,12.7,105.59
662.5,13.9,105.59
662.6,0.0,105.59
662.7,13.4,105.59
662.8,13.4,105.59
662.9,13.3,105.59
663.0,13.4,105.59
663.1,13.4,105.59
663.2,13.2,105.59
663.3,13.4,105.59
663.4,25.2,105.59
663.5,0.0,105.59
663.6,12.5,105.59
663.7,13.0,105.59
663.8,12.7,105.59
663.9,13.5,105.59
664.0,13.6,105.59
664.1,13.8,105.59
664.2,13.5,105.59
664.3,13.5,105.59
664.4,13.6,105.59
664.5,0.0,105.59
664.6,13.1,105.59
664.7,25.7,105.59
664.8,13.6,105.59
664.9,0.0,105.59
665.0,12.7,105.59
665.1,13.4,105.59
665.2,13.8,105.59
665.3,0.0,105.59
665.4,12.6,105.59
665.5,24.2,105.59
665.6,13.5,105.59
665.7,12.4,105.59
665.8,13.1,105.59
665.9,0.0,105.59
666.0,13.7,105.59
666.1,13.1,105.59
666.2,13.1,105.59
666.3,13.3,105.59
666.4,13.2,105.59
666.5,13.8,105.59
666.6,0.0,105.59
666.7,0.0,105.59
666.8,12.9,105.59
666.9,0.0,105.59
667.0,26.0,105.59
667.1,13.7,105.59
667.2,25.3,105.59
667.3,13.7,105.59
667.4,0.0,105.59
667.5,13.2,105.59
667.6,13.5,105.59
667.7,13.6,105.59
667.8,25.5,105.59
667.9,13.8,105.59
668.0,13.4,105.59
668.1,13.2,105.59
668.2,13.4,105.59
668.3,12.9,105.59
668.4,13.4,105.59
668.5,13.1,105.59
668.6,0.0,105.59
668.7,13.6,105.59
668.8,13.4,105.59
668.9,25.5,105.59
669.0,24.3,105.59
669.1,13.4,105.59
669.2,13.3,105.59
669.3,13.2,105.59
669.4,25.0,105.59
669.5,13.0,105.59
669.6,13.4,105.59
669.7,12.6,105.59
669.8,13.3,105.59
669.9,0.0,105.59
670.0,24.4,105.59
670.1,0.0,105.59
670.2,13.4,105.59
670.3,0.0,105.59
670.4,13.7,105.59
670.5,13.6,105.59
670.6,0.0,105.59
670.7,13.3,105.59
670.8,13.6,105.59
670.9,13.0,105.59
671.0,25.7,105.59
671.1,25.4,105.59
671.2,13.3,105.59
671.3,13.6,105.59
671.4,13.2,105.59
671.5,12.9,105.59
671.6,13.3,105.59
671.7,13.4,105.59
671.8,13.6,105.59
671.9,12.7,105.59
672.0,13.3,105.59
672.1,13.3,105.59
672.2,0.0,105.59
672.3,0.0,105.59
672.4,13.7,105.59
672.5,13.3,105.59
672.6,26.1,105.59
672.7,25.2,105.59
672.8,13.7,105.59
672.9,26.0,105.59
673.0,13.8,105.59
673.1,13.5,105.59
673.2,12.8,105.59
673.3,0.0,105.59
673.4,13.3,105.59
673.5,13.7,105.59
673.6,14.4,105.59
673.7,13.8,105.59
673.8,0.0,105.59
673.9,13.8,105.59
674.0,13.9,105.59
674.1,14.2,105.59
674.2,13.9,105.59
674.3,0.0,105.59
674.4,13.9,105.59
674.5,13.9,105.59
674.6,13.0,105.59
674.7,0.0,105.59
674.8,0.0,105.59
674.9,0.0,105.59
675.0,13.3,105.59
675.1,13.5,105.59
675.2,13.0,105.59
675.3,13.0,105.59
675.4,13.2,105.59
675.5,13.3,105.59
675.6,13.6,105.59
675.7,13.4,105.59
675.8,12.9,105.59
675.9,13.1,105.59
676.0,13.4,105.59
676.1,13.3,105.59
676.2,24.8,105.59
676.3,13.5,105.59
676.4,13.5,105.59
676.5,13.7,105.59
676.6,13.5,105.59
676.7,13.3,105.59
676.8,12.9,105.59
676.9,13.8,105.59
677.0,13.4,105.59
677.1,25.2,105.59
677.2,13.4,105.59
677.3,26.3,105.59
677.4,13.6,105.59
677.5,39.9,105.59
677.6,13.1,105.59
677.7,13.5,105.59
677.8,13.6,105.59
677.9,13.4,105.59
678.0,13.3,105.59
678.1,13.4,105.59
678.2,0.0,105.59
678.3,25.2,105.59
678.4,14.1,105.59
678.5,13.4,105.59
678.6,12.8,105.59
678.7,0.0,105.59
678.8,13.5,105.59
678.9,13.4,105.59
679.0,13.6,105.59
679.1,13.1,105.59
679.2,0.0,105.59
679.3,13.4,105.59
679.4,26.5,105.59
679.5,13.3,105.59
679.6,25.7,105.59
679.7,13.8,105.59
679.8,13.1,105.59
679.9,25.3,105.59
680.0,13.7,105.59
680.1,14.3,105.59
680.2,13.4,105.59
680.3,13.4,105.59
680.4,13.0,105.59
680.5,13.4,105.59
680.6,13.4,105.59
680.7,12.6,105.59
680.8,13.4,105.59
680.9,13.1,105.59
681.0,13.1,105.59
681.1,13.2,105.59
681.2,13.5,105.59
681.3,26.7,105.59
681.4,13.1,105.59
681.5,13.4,105.59
681.6,13.3,105.59
681.7,13.5,105.59
681.8,24.9,105.59
681.9,13.4,105.59
682.0,25.6,105.59
682.1,13.3,105.59
682.2,12.8,105.59
682.3,0.0,105.59
682.4,12.4,105.59
682.5,13.3,105.59
682.6,25.3,105.59
682.7,24.7,105.59
682.8,13.4,105.59
682.9,12.9,105.59
683.0,13.1,105.59
683.1,13.6,105.59
683.2,13.3,105.59
683.3,13.6,105.59
683.4,13.6,105.59
683.5,0.0,105.59
683.6,14.1,105.59
683.7,13.0,105.59
683.8,12.7,105.59
683.9,25.2,105.59
684.0,13.3,105.59
684.1,12.7,105.59
684.2,13.8,105.59
684.3,13.6,105.59
684.4,13.3,105.59
684.5,12.7,105.59
684.6,12.8,105.59
684.7,13.0,105.59
684.8,13.7,105.59
684.9,0.0,105.59
685.0,0.0,105.59
685.1,12.3,105.59
685.2,13.7,105.59
685.3,13.4,105.59
685.4,13.4,105.59
685.5,13.3,105.59
685.6,25.1,105.59
685.7,13.6,105.59
685.8,13.5,105.59
685.9,13.4,105.59
686.0,13.4,105.59
686.1,13.4,105.59
686.2,13.2,105.59
686.3,13.2,105.59
686.4,13.7,105.59
686.5,13.6,105.59
686.6,13.4,105.59
686.7,13.4,105.59
686.8,13.6,105.59
686.9,13.4,105.59
687.0,13.4,105.59
687.1,13.1,105.59
687.2,26.1,105.59
687.3,13.6,105.59
687.4,13.4,105.59
687.5,13.5,105.59
687.6,13.3,105.59
687.7,13.5,105.59
687.8,13.6,105.59
687.9,12.7,105.59
688.0,13.4,105.59
688.1,13.6,105.59
688.2,24.8,105.59
688.3,13.2,105.59
688.4,13.0,105.59
688.5,26.6,105.59
688.6,13.6,105.59
688.7,26.2,105.59
688.8,12.6,105.59
688.9,0.0,105.59
689.0,12.7,105.59
689.1,0.0,105.59
689.2,13.5,105.59
689.3,24.8,105.59
689.4,13.1,105.59
689.5,13.2,105.59
689.6,25.3,105.59
689.7,13.3,105.59
689.8,12.8,105.59
689.9,13.4,105.59
690.0,13.1,105.59
690.1,0.0,105.59
690.2,13.5,105.59
690.3,13.8,105.59
690.4,13.3,105.59
690.5,13.1,105.59
690.6,13.6,105.59
690.7,0.0,105.59
690.8,0.0,105.59
690.9,13.5,105.59
691.0,13.8,105.59
691.1,13.5,105.59
691.2,13.2,105.59
691.3,13.4,105.59
691.4,25.5,105.59
691.5,14.1,105.59
691.6,13.2,105.59
691.7,13.6,105.59
691.8,13.6,105.59
691.9,13.6,105.59
692.0,13.0,105.59
692.1,26.3,105.59
692.2,13.0,105.59
692.3,13.0,105.59
692.4,13.4,105.59
692.5,13.0,105.59
692.6,13.3,105.59
692.7,13.1,105.59
692.8,0.0,105.59
692.9,13.1,105.59
693.0,25.0,105.59
693.1,13.8,105.59
693.2,13.4,105.59
693.3,13.2,105.59
693.4,13.7,105.59
693.5,13.3,105.59
693.6,0.0,105.59
693.7,13.9,105.59
693.8,24.9,105.59
693.9,13.3,105.59
694.0,11.5,105.59
694.1,14.3,105.59
694.2,13.4,105.59
694.3,13.3,105.59
694.4,26.0,105.59
694.5,13.3,105.59
694.6,26.5,105.59
694.7,24.8,105.59
694.8,13.7,105.59
694.9,13.4,105.59
695.0,13.3,105.59
695.1,13.2,105.59
695.2,12.8,105.59
695.3,13.6,105.59
695.4,13.7,105.59
695.5,26.3,105.59
695.6,13.7,105.59
695.7,26.2,105.59
695.8,13.7,105.59
695.9,13.3,105.59
696.0,13.6,105.59
696.1,13.6,105.59
696.2,26.3,105.59
696.3,0.0,105.59
696.4,13.7,105.59
696.5,13.2,105.59
696.6,13.6,105.59
696.7,13.3,105.59
696.8,24.9,105.59
696.9,24.9,105.59
697.0,13.3,105.59
697.1,12.9,105.59
697.2,0.0,105.59
697.3,12.5,105.59
697.4,24.8,105.59
697.5,12.6,105.59
697.6,13.4,105.59
697.7,13.8,105.59
697.8,0.0,105.59
697.9,13.5,105.59
698.0,25.3,105.59
698.1,13.1,105.59
698.2,13.2,105.59
698.3,13.9,105.59
698.4,13.2,105.59
698.5,13.1,105.59
698.6,13.4,105.59
698.7,25.8,105.59
698.8,13.7,105.59
698.9,26.1,105.59
699.0,13.4,105.59
699.1,0.0,105.59
699.2,12.5,105.59
699.3,24.5,105.59
699.4,13.5,105.59
699.5,13.4,105.59
699.6,13.4,105.59
699.7,13.9,105.59
699.8,26.5,105.59
699.9,13.4,105.59
700.0,39.6,105.59
700.1,13.4,105.59
700.2,24.7,105.59
700.3,0.0,105.59
700.4,13.3,105.59
700.5,13.1,105.59
700.6,26.0,105.59
700.7,12.8,105.59
700.8,0.0,105.59
700.9,13.2,105.59
701.0,13.0,105.59
701.1,13.9,105.59
701.2,13.6,105.59
701.3,12.3,105.59
701.4,13.7,105.59
701.5,13.8,105.59
701.6,0.0,105.59
701.7,13.3,105.59
701.8,26.1,105.59
701.9,12.8,105.59
702.0,13.3,105.59
702.1,26.0,105.59
702.2,24.5,105.59
702.3,13.6,105.59
702.4,0.0,105.59
702.5,12.5,105.59
702.6,12.7,105.59
702.7,12.8,105.59
702.8,13.4,105.59
702.9,13.7,105.59
703.0,13.6,105.59
703.1,26.3,105.59
703.2,13.3,105.59
703.3,12.8,105.59
703.4,26.0,105.59
703.5,25.5,105.59
703.6,14.0,105.59
703.7,0.0,105.59
703.8,13.1,105.59
703.9,13.8,105.59
704.0,13.4,105.59
704.1,13.5,105.59
704.2,0.0,105.59
704.3,0.0,105.59
704.4,13.3,105.59
704.5,12.8,105.59
704.6,0.0,105.59
704.7,13.4,105.59
704.8,24.9,105.59
704.9,25.9,105.59
705.0,13.6,105.59
705.1,13.9,105.59
705.2,12.8,105.59
705.3,13.4,105.59
705.4,0.0,105.59
705.5,25.1,105.59
705.6,12.6,105.59
705.7,13.4,105.59
705.8,26.0,105.59
705.9,14.1,105.59
706.0,13.8,105.59
706.1,26.6,105.59
706.2,12.8,105.59
706.3,13.0,105.59
706.4,13.6,105.59
706.5,12.5,105.59
706.6,13.4,105.59
706.7,25.6,105.59
706.8,13.0,105.59
706.9,0.0,105.59
707.0,13.7,105.59
707.1,13.4,105.59
707.2,13.5,105.59
707.3,13.5,105.59
707.4,25.0,105.59
707.5,13.9,105.59
707.6,0.0,105.59
707.7,13.1,105.59
707.8,25.1,105.59
707.9,13.7,105.59
708.0,0.0,105.59
708.1,13.1,105.59
708.2,13.5,105.59
708.3,13.8,105.59
708.4,13.1,105.59
708.5,13.1,105.59
708.6,12.6,105.59
708.7,26.3,105.59
708.8,13.3,105.59
708.9,13.4,105.59
709.0,24.8,105.59
709.1,13.9,105.59
709.2,25.5,105.59
709.3,13.6,105.59
709.4,25.4,105.59
709.5,13.7,105.59
709.6,0.0,105.59
709.7,13.1,105.59
709.8,0.0,105.59
709.9,24.6,105.59
710.0,13.6,105.59
710.1,24.1,105.59
710.2,0.0,105.59
710.3,25.0,105.59
710.4,13.1,105.59
710.5,13.4,105.59
710.6,13.8,105.59
710.7,13.5,105.59
710.8,24.5,105.59
710.9,24.7,105.59
711.0,25.0,105.59
711.1,25.4,105.59
711.2,13.7,105.59
711.3,0.0,105.59
711.4,27.4,105.59
711.5,13.7,105.59
711.6,13.5,105.59
711.7,13.1,105.59
711.8,13.5,105.59
711.9,13.1,105.59
712.0,25.0,105.59
712.1,26.2,105.59
712.2,13.5,105.59
712.3,13.4,105.59
712.4,26.7,105.59
712.5,25.1,105.59
712.6,13.4,105.59
712.7,12.9,105.59
712.8,12.6,105.59
712.9,12.9,105.59
713.0,13.4,105.59
713.1,12.5,105.59
713.2,12.6,105.59
713.3,0.0,105.59
713.4,13.0,105.59
713.5,13.5,105.59
713.6,13.5,105.59
713.7,26.0,105.59
713.8,13.5,105.59
713.9,24.6,105.59
714.0,0.0,105.59
714.1,13.4,105.59
714.2,13.4,105.59
714.3,13.2,105.59
714.4,13.6,105.59
714.5,13.8,105.59
714.6,24.9,105.59
714.7,13.1,105.59
714.8,13.5,105.59
714.9,24.1,105.59
715.0,13.5,105.59
715.1,0.0,105.59
715.2,13.4,105.59
715.3,24.5,105.59
715.4,25.0,105.59
715.5,13.2,105.59
715.6,13.1,105.59
715.7,13.3,105.59
715.8,13.1,105.59
715.9,13.4,105.59
716.0,13.0,105.59
716.1,24.8,105.59
716.2,13.4,105.59
716.3,13.4,105.59
716.4,13.3,105.59
716.5,13.4,105.59
716.6,24.7,105.59
716.7,13.6,105.59
716.8,13.6,105.59
716.9,13.5,105.59
717.0,14.0,105.59
717.1,0.0,105.59
717.2,12.9,105.59
717.3,13.5,105.59
717.4,13.4,105.59
717.5,13.7,105.59
717.6,13.4,105.59
717.7,13.0,105.59
717.8,13.3,105.59
717.9,12.3,105.59
718.0,13.2,105.59
718.1,13.3,105.59
718.2,13.3,105.59
718.3,13.2,105.59
718.4,12.7,105.59
718.5,0.0,105.59
718.6,12.9,105.59
718.7,13.4,105.59
718.8,24.5,105.59
718.9,13.3,105.59
719.0,12.2,105.59
719.1,13.5,105.59
719.2,13.2,105.59
719.3,13.4,105.59
719.4,13.4,105.59
719.5,13.2,105.59
719.6,25.9,105.59
719.7,13.5,105.59
719.8,13.5,105.59
719.9,13.3,105.59
720.0,14.2,105.59
720.1,26.7,105.59
720.2,13.5,105.59
720.3,13.4,105.59
720.4,13.2,105.59
720.5,13.4,105.59
720.6,0.0,105.59
720.7,12.5,105.59
720.8,13.4,105.59
720.9,13.4,105.59
721.0,14.1,105.59
721.1,0.0,105.59
721.2,14.2,105.59
721.3,13.4,105.59
721.4,13.7,105.59
721.5,13.0,105.59
721.6,25.6,105.59
721.7,13.4,105.59
721.8,0.0,105.59
721.9,13.5,105.59
722.0,13.3,105.59
722.1,13.3,105.59
722.2,13.4,105.59
722.3,13.2,105.59
722.4,13.6,105.59
722.5,13.9,105.59
722.6,14.0,105.59
722.7,13.4,105.59
722.8,13.3,105.59
722.9,26.7,105.59
723.0,13.4,105.59
723.1,26.3,105.59
723.2,25.2,105.59
723.3,13.7,105.59
723.4,13.2,105.59
723.5,0.0,105.59
723.6,12.4,105.59
723.7,12.9,105.59
723.8,13.4,105.59
723.9,14.0,105.59
724.0,13.8,105.59
724.1,13.6,105.59
724.2,13.2,105.59
724.3,26.6,105.59
724.4,13.6,105.59
724.5,13.3,105.59
724.6,12.9,105.59
724.7,0.0,105.59
724.8,13.8,105.59
724.9,13.4,105.59
725.0,13.7,105.59
725.1,13.8,105.59
725.2,0.0,105.59
725.3,13.8,105.59
725.4,13.0,105.59
725.5,23.6,105.59
725.6,13.7,105.59
725.7,13.8,105.59
725.8,0.0,105.59
725.9,13.3,105.59
726.0,13.9,105.59
726.1,0.0,105.59
726.2,13.3,105.59
726.3,13.4,105.59
726.4,13.3,105.59
726.5,13.8,105.59
726.6,25.2,105.59
726.7,13.4,105.59
726.8,0.0,105.59
726.9,13.4,105.59
727.0,13.4,105.59
727.1,28.5,105.59
727.2,13.3,105.59
727.3,13.6,105.59
727.4,25.1,105.59
727.5,13.2,105.59
727.6,12.8,105.59
727.7,13.4,105.59
727.8,12.6,105.59
727.9,14.1,105.59
728.0,13.8,105.59
728.1,13.4,105.59
728.2,13.6,105.59
728.3,0.0,105.59
728.4,12.2,105.59
728.5,13.2,105.59
728.6,13.4,105.59
728.7,13.6,105.59
728.8,13.7,105.59
728.9,13.6,105.59
729.0,12.6,105.59
729.1,13.4,105.59
729.2,13.0,105.59
729.3,13.7,105.59
729.4,13.3,105.59
729.5,13.3,105.59
729.6,13.5,105.59
729.7,13.4,105.59
729.8,13.2,105.59
729.9,13.3,105.59
730.0,13.1,105.59
730.1,13.6,105.59
730.2,13.1,105.59
730.3,13.2,105.59
730.4,13.7,105.59
730.5,12.8,105.59
730.6,13.6,105.59
730.7,13.1,105.59
730.8,25.3,105.59
730.9,25.2,105.59
731.0,13.2,105.59
731.1,13.3,105.59
731.2,26.0,105.59
731.3,12.9,105.59
731.4,12.5,105.59
731.5,12.3,105.59
731.6,13.1,105.59
731.7,13.5,105.59
731.8,12.5,105.59
731.9,24.8,105.59
732.0,13.6,105.59
732.1,25.6,105.59
732.2,13.1,105.59
732.3,13.4,105.59
732.4,13.4,105.59
732.5,0.0,105.59
732.6,13.7,105.59
732.7,13.5,105.59
732.8,13.5,105.59
732.9,13.2,105.59
733.0,25.1,105.59
733.1,13.4,105.59
733.2,13.1,105.59
733.3,14.2,105.59
733.4,26.6,105.59
733.5,13.6,105.59
733.6,13.6,105.59
733.7,13.6,105.59
733.8,13.2,105.59
733.9,13.1,105.59
734.0,13.6,105.59
734.1,13.4,105.59
734.2,14.3,105.59
734.3,13.8,105.59
734.4,13.8,105.59
734.5,12.8,105.59
734.6,13.9,105.59
734.7,0.0,105.59
734.8,12.6,105.59
734.9,13.5,105.59
735.0,14.1,105.59
735.1,12.3,105.59
735.2,13.3,105.59
735.3,13.6,105.59
735.4,13.4,105.59
735.5,12.7,105.59
735.6,12.6,105.59
735.7,13.3,105.59
735.8,14.2,105.59
735.9,13.5,105.59
736.0,23.5,105.59
736.1,13.3,105.59
736.2,13.4,105.59
736.3,24.6,105.59
736.4,13.0,105.59
736.5,13.4,105.59
736.6,13.2,105.59
736.7,0.0,105.59
736.8,13.1,105.59
736.9,13.1,105.59
737.0,13.1,105.59
737.1,12.9,105.59
737.2,13.5,105.59
737.3,13.5,105.59
737.4,25.5,105.59
737.5,13.2,105.59
737.6,13.4,105.59
737.7,13.4,105.59
737.8,13.3,105.59
737.9,13.4,105.59
738.0,13.3,105.59
738.1,13.6,105.59
738.2,13.2,105.59
738.3,13.3,105.59
738.4,12.4,105.59
738.5,13.3,105.59
738.6,24.9,105.59
738.7,25.9,105.59
738.8,12.9,105.59
738.9,0.0,105.59
739.0,13.4,105.59
739.1,26.0,105.59
739.2,13.9,105.59
739.3,13.5,105.59
739.4,13.4,105.59
739.5,13.0,105.59
739.6,12.9,105.59
739.7,13.4,105.59
739.8,13.1,105.59
739.9,13.4,105.59
740.0,12.7,105.59
740.1,13.4,105.59
740.2,26.4,105.59
740.3,12.6,105.59
740.4,13.6,105.59
740.5,13.1,105.59
740.6,13.4,105.59
740.7,13.5,105.59
740.8,13.4,105.59
740.9,25.2,105.59
741.0,13.4,105.59
741.1,13.2,105.59
741.2,13.3,105.59
741.3,12.4,105.59
741.4,0.0,105.59
741.5,13.3,105.59
741.6,13.5,105.59
741.7,13.1,105.59
741.8,13.4,105.59
741.9,25.8,105.59
742.0,0.0,105.59
742.1,13.8,105.59
742.2,14.0,105.59
742.3,13.4,105.59
742.4,12.7,105.59
742.5,0.0,105.59
742.6,13.8,105.59
742.7,13.5,105.59
742.8,13.2,105.59
742.9,25.6,105.59
743.0,13.8,105.59
743.1,13.1,105.59
743.2,13.6,105.59
743.3,13.4,105.59
743.4,13.7,105.59
743.5,13.7,105.59
743.6,13.6,105.59
743.7,13.4,105.59
743.8,13.2,105.59
743.9,13.4,105.59
744.0,24.0,105.59
744.1,12.6,105.59
744.2,13.6,105.59
744.3,13.5,105.59
744.4,24.8,105.59
744.5,24.8,105.59
744.6,25.5,105.59
744.7,25.3,105.59
744.8,14.2,105.59
744.9,13.1,105.59
745.0,13.4,105.59
745.1,13.3,105.59
745.2,13.2,105.59
745.3,13.3,105.59
745.4,12.3,105.59
745.5,26.8,105.59
745.6,24.5,105.59
745.7,0.0,105.59
745.8,13.4,105.59
745.9,25.0,105.59
746.0,24.6,105.59
746.1,13.3,105.59
746.2,12.5,105.59
746.3,12.9,105.59
746.4,12.2,105.59
746.5,0.0,105.59
746.6,13.6,105.59
746.7,13.3,105.59
746.8,13.4,105.59
746.9,13.6,105.59
747.0,13.0,105.59
747.1,13.4,105.59
747.2,13.4,105.59
747.3,13.5,105.59
747.4,13.6,105.59
747.5,13.6,105.59
747.6,13.9,105.59
747.7,13.3,105.59
747.8,13.0,105.59
747.9,13.2,105.59
748.0,13.4,105.59
748.1,13.1,105.59
748.2,25.6,105.59
748.3,25.1,105.59
748.4,13.4,105.59
748.5,13.4,105.59
748.6,13.6,105.59
748.7,12.3,105.59
748.8,13.5,105.59
748.9,13.2,105.59
749.0,12.8,105.59
749.1,25.0,105.59
749.2,13.5,105.59
749.3,12.5,105.59
749.4,13.4,105.59
749.5,25.8,105.59
749.6,13.6,105.59
749.7,13.8,105.59
749.8,13.5,105.59
749.9,13.7,105.59
750.0,13.7,105.59
750.1,0.0,105.59
750.2,24.6,105.59
750.3,0.0,105.59
750.4,13.9,105.59
750.5,13.5,105.59
750.6,13.4,105.59
750.7,24.2,105.59
750.8,26.2,105.59
750.9,13.6,105.59
751.0,13.4,105.59
751.1,13.1,105.59
751.2,13.4,105.59
751.3,13.9,105.59
751.4,14.3,105.59
751.5,13.8,105.59
751.6,26.0,105.59
751.7,13.2,105.59
751.8,13.9,105.59
751.9,12.8,105.59
752.0,13.7,105.59
752.1,13.8,105.59
752.2,24.9,105.59
752.3,13.6,105.59
752.4,13.9,105.59
752.5,13.3,105.59
752.6,13.4,105.59
752.7,12.4,105.59
752.8,13.1,105.59
752.9,13.3,105.59
753.0,13.5,105.59
753.1,13.8,105.59
753.2,12.5,105.59
753.3,25.9,105.59
753.4,13.3,105.59
753.5,13.7,105.59
753.6,13.5,105.59
753.7,13.7,105.59
753.8,13.6,105.59
753.9,0.0,105.59
754.0,13.4,105.59
754.1,13.3,105.59
754.2,0.0,105.59
754.3,13.9,105.59
754.4,13.5,105.59
754.5,13.4,105.59
754.6,13.2,105.59
754.7,12.3,105.59
754.8,12.9,105.59
754.9,26.2,105.59
755.0,12.9,105.59
755.1,13.5,105.59
755.2,14.4,105.59
755.3,13.7,105.59
755.4,12.4,105.59
755.5,13.3,105.59
755.6,13.3,105.59
755.7,12.7,105.59
755.8,13.8,105.59
755.9,13.7,105.59
756.0,13.5,105.59
756.1,13.3,105.59
756.2,13.4,105.59
756.3,24.3,105.59
756.4,0.0,105.59
756.5,12.5,105.59
756.6,12.6,105.59
756.7,13.4,105.59
756.8,13.5,105.59
756.9,24.9,105.59
757.0,13.5,105.59
757.1,13.0,105.59
757.2,13.5,105.59
757.3,13.4,105.59
757.4,13.3,105.59
757.5,0.0,105.59
757.6,13.7,105.59
757.7,13.3,105.59
757.8,13.4,105.59
757.9,13.4,105.59
758.0,13.2,105.59
758.1,12.5,105.59
758.2,13.9,105.59
758.3,13.1,105.59
758.4,13.4,105.59
758.5,13.7,105.59
758.6,13.7,105.59
758.7,12.8,105.59
758.8,13.9,105.59
758.9,13.2,105.59
759.0,12.5,105.59
759.1,26.0,105.59
759.2,12.8,105.59
759.3,13.4,105.59
759.4,12.9,105.59
759.5,13.8,105.59
759.6,13.6,105.59
759.7,13.4,105.59
759.8,13.3,105.59
759.9,13.4,105.59
760.0,25.0,105.59
760.1,12.9,105.59
760.2,13.5,105.59
760.3,13.4,105.59
760.4,13.6,105.59
760.5,13.7,105.59
760.6,14.2,105.59
760.7,13.4,105.59
760.8,13.1,105.59
760.9,25.4,105.59
761.0,13.1,105.59
761.1,13.7,105.59
761.2,25.3,105.59
761.3,13.4,105.59
761.4,13.6,105.59
761.5,24.7,105.59
761.6,13.1,105.59
761.7,12.8,105.59
761.8,13.5,105.59
761.9,12.7,105.59
762.0,13.5,105.59
762.1,12.0,105.59
762.2,11.7,105.59
762.3,13.8,105.59
762.4,13.5,105.59
762.5,13.7,105.59
762.6,13.7,105.59
762.7,26.1,105.59
762.8,13.2,105.59
762.9,0.0,105.59
763.0,25.8,105.59
763.1,13.2,105.59
763.2,13.2,105.59
763.3,12.7,105.59
763.4,13.1,105.59
763.5,13.7,105.59
763.6,13.6,105.59
763.7,25.0,105.59
763.8,13.9,105.59
763.9,13.6,105.59
764.0,12.8,105.59
764.1,13.7,105.59
764.2,14.2,105.59
764.3,13.6,105.59
764.4,0.0,105.59
764.5,12.5,105.59
764.6,12.7,105.59
764.7,13.0,105.59
764.8,24.8,105.59
764.9,26.4,105.59
765.0,13.6,105.59
765.1,26.5,105.59
765.2,13.3,105.59
765.3,24.9,105.59
765.4,13.3,105.59
765.5,25.1,105.59
765.6,13.4,105.59
765.7,13.3,105.59
765.8,13.1,105.59
765.9,13.5,105.59
766.0,25.0,105.59
766.1,25.4,105.59
766.2,12.8,105.59
766.3,13.4,105.59
766.4,25.6,105.59
766.5,14.2,105.59
766.6,13.4,105.59
766.7,13.3,105.59
766.8,25.5,105.59
766.9,12.9,105.59
767.0,13.4,105.59
767.1,13.1,105.59
767.2,13.3,105.59
767.3,25.1,105.59
767.4,13.7,105.59
767.5,0.0,105.59
767.6,13.3,105.59
767.7,26.4,105.59
767.8,13.2,105.59
767.9,13.2,105.59
768.0,13.6,105.59
768.1,13.7,105.59
768.2,12.4,105.59
768.3,13.7,105.59
768.4,13.8,105.59
768.5,26.1,105.59
768.6,26.9,105.59
768.7,13.4,105.59
768.8,13.3,105.59
768.9,0.0,105.59
769.0,0.0,105.59
769.1,13.4,105.59
769.2,25.8,105.59
769.3,13.3,105.59
769.4,0.0,105.59
769.5,12.7,105.59
769.6,13.5,105.59
769.7,27.0,105.59
769.8,0.0,105.59
769.9,0.0,105.59
770.0,24.3,105.59
770.1,14.1,105.59
770.2,13.0,105.59
770.3,13.6,105.59
770.4,14.0,105.59
770.5,38.1,105.59
770.6,13.6,105.59
770.7,13.5,105.59
770.8,13.5,105.59
770.9,24.8,105.59
771.0,13.3,105.59
771.1,13.7,105.59
771.2,13.3,105.59
771.3,13.3,105.59
771.4,13.0,105.59
771.5,14.0,105.59
771.6,13.3,105.59
771.7,0.0,105.59
771.8,14.1,105.59
771.9,13.2,105.59
772.0,13.4,105.59
772.1,13.1,105.59
772.2,0.0,105.59
772.3,13.5,105.59
772.4,13.5,105.59
772.5,13.6,105.59
772.6,13.3,105.59
772.7,0.0,105.59
772.8,13.5,105.59
772.9,13.6,105.59
773.0,13.4,105.59
773.1,13.5,105.59
773.2,25.0,105.59
773.3,13.5,105.59
773.4,13.7,105.59
773.5,13.7,105.59
773.6,26.4,105.59
773.7,37.5,105.59
773.8,13.6,105.59
773.9,25.0,105.59
774.0,13.4,105.59
774.1,13.5,105.59
774.2,13.6,105.59
774.3,0.0,105.59
774.4,0.0,105.59
774.5,13.2,105.59
774.6,0.0,105.59
774.7,0.0,105.59
774.8,12.5,105.59
774.9,13.3,105.59
775.0,13.4,105.59
775.1,12.8,105.59
775.2,13.1,105.59
775.3,13.7,105.59
775.4,0.0,105.59
775.5,13.6,105.59
775.6,13.2,105.59
775.7,13.8,105.59
775.8,13.6,105.59
775.9,13.9,105.59
776.0,0.0,105.59
776.1,13.6,105.59
776.2,13.9,105.59
776.3,13.8,105.59
776.4,12.8,105.59
776.5,25.3,105.59
776.6,25.4,105.59
776.7,25.6,105.59
776.8,13.3,105.59
776.9,0.0,105.59
777.0,0.0,105.59
777.1,12.8,105.59
777.2,13.2,105.59
777.3,13.4,105.59
777.4,13.4,105.59
777.5,13.1,105.59
777.6,0.0,105.59
777.7,13.5,105.59
777.8,25.0,105.59
777.9,24.5,105.59
778.0,25.2,105.59
778.1,25.6,105.59
778.2,12.9,105.59
778.3,13.1,105.59
778.4,12.9,105.59
778.5,25.7,105.59
778.6,13.4,105.59
778.7,12.4,105.59
778.8,0.0,105.59
778.9,13.0,105.59
779.0,0.0,105.59
779.1,13.4,105.59
779.2,13.5,105.59
779.3,0.0,105.59
779.4,13.5,105.59
779.5,14.3,105.59
779.6,26.3,105.59
779.7,12.9,105.59
779.8,0.0,105.59
779.9,13.6,105.59
780.0,0.0,105.59
780.1,13.4,105.59
780.2,13.1,105.59
780.3,13.7,105.59
780.4,12.8,105.59
780.5,13.3,105.59
780.6,13.4,105.59
780.7,12.5,105.59
780.8,12.8,105.59
780.9,0.0,105.59
781.0,13.6,105.59
781.1,14.0,105.59
781.2,13.5,105.59
781.3,13.4,105.59
781.4,13.4,105.59
781.5,13.2,105.59
781.6,13.7,105.59
781.7,0.0,105.59
781.8,13.4,105.59
781.9,12.6,105.59
782.0,25.4,105.59
782.1,13.9,105.59
782.2,13.4,105.59
782.3,13.1,105.59
782.4,13.4,105.59
782.5,13.4,105.59
782.6,13.4,105.59
782.7,13.3,105.59
782.8,13.4,105.59
782.9,13.9,105.59
783.0,13.3,105.59
783.1,13.2,105.59
783.2,12.3,105.59
783.3,27.1,105.6
783.4,0.0,105.6
783.5,13.4,105.6
783.6,13.6,105.6
783.7,13.9,105.6
783.8,13.8,105.6
783.9,13.5,105.6
784.0,13.5,105.6
784.1,24.4,105.6
784.2,0.0,105.6
784.3,13.6,105.6
784.4,13.2,105.6
784.5,13.6,105.6
784.6,13.4,105.6
784.7,25.3,105.6
784.8,13.3,105.6
784.9,13.4,105.6
785.0,25.8,105.6
785.1,13.8,105.6
785.2,13.2,105.6
785.3,13.7,105.6
785.4,13.4,105.6
785.5,13.0,105.6
785.6,13.6,105.6
785.7,0.0,105.6
785.8,0.0,105.6
785.9,12.7,105.6
786.0,13.0,105.6
786.1,26.1,105.6
786.2,13.3,105.6
786.3,12.1,105.6
786.4,12.5,105.6
786.5,13.2,105.6
786.6,12.4,105.6
786.7,13.6,105.6
786.8,13.4,105.6
786.9,13.8,105.6
787.0,13.9,105.6
787.1,12.7,105.6
787.2,12.7,105.6
787.3,13.5,105.6
787.4,12.8,105.6
787.5,12.9,105.6
787.6,26.0,105.6
787.7,13.8,105.6
787.8,13.4,105.6
787.9,13.0,105.6
788.0,13.5,105.6
788.1,13.4,105.6
788.2,13.5,105.6
788.3,12.5,105.6
788.4,13.4,105.6
788.5,13.1,105.6
788.6,13.8,105.6
788.7,13.3,105.6
788.8,13.3,105.6
788.9,25.2,105.6
789.0,13.7,105.6
789.1,13.4,105.6
789.2,0.0,105.6
789.3,26.4,105.6
789.4,13.2,105.6
789.5,13.2,105.6
789.6,13.1,105.6
789.7,12.5,105.6
789.8,13.2,105.6
789.9,25.2,105.6
790.0,13.5,105.6
790.1,13.5,105.6
790.2,25.1,105.6
790.3,13.5,105.6
790.4,13.4,105.6
790.5,0.0,105.6
790.6,13.9,105.6
790.7,12.3,105.6
790.8,13.3,105.6
790.9,13.2,105.6
791.0,13.0,105.6
791.1,12.7,105.6
791.2,13.3,105.6
791.3,24.8,105.6
791.4,13.6,105.6
791.5,13.6,105.6
791.6,13.4,105.6
791.7,13.4,105.6
791.8,12.7,105.6
791.9,0.0,105.6
792.0,0.0,105.6
792.1,13.3,105.6
792.2,25.8,105.6
792.3,25.2,105.6
792.4,13.3,105.6
792.5,13.4,105.6
792.6,12.5,105.6
792.7,13.1,105.6
792.8,13.0,105.6
792.9,13.8,105.6
793.0,24.8,105.6
793.1,13.4,105.6
793.2,13.1,105.6
793.3,13.1,105.6
793.4,13.4,105.6
793.5,12.8,105.6
793.6,13.5,105.6
793.7,13.4,105.6
793.8,26.2,105.6
793.9,12.8,105.6
794.0,12.8,105.6
794.1,0.0,105.6
794.2,12.9,105.6
794.3,14.4,105.6
794.4,13.6,105.6
794.5,13.3,105.6
794.6,13.0,105.6
794.7,13.6,105.6
794.8,13.4,105.6
794.9,13.3,105.6
795.0,24.6,105.6
795.1,13.6,105.6
795.2,13.3,105.6
795.3,13.4,105.6
795.4,11.3,105.6
795.5,13.4,105.6
795.6,13.8,105.6
795.7,25.7,105.6
795.8,13.1,105.6
795.9,13.6,105.6
796.0,13.6,105.6
796.1,0.0,105.6
796.2,13.2,105.6
796.3,13.4,105.6
796.4,13.2,105.6
796.5,12.9,105.6
796.6,26.6,105.6
796.7,12.7,105.6
796.8,13.0,105.6
796.9,13.3,105.6
797.0,12.9,105.6
797.1,13.1,105.6
797.2,14.2,105.6
797.3,13.6,105.6
797.4,13.5,105.6
797.5,13.4,105.6
797.6,13.7,105.6
797.7,13.7,105.6
797.8,13.6,105.6
797.9,12.3,105.6
798.0,12.6,105.6
798.1,13.3,105.6
798.2,13.6,105.6
798.3,26.9,105.6
798.4,13.5,105.6
798.5,13.3,105.6
798.6,13.0,105.6
798.7,12.6,105.6
798.8,26.6,105.6
798.9,13.4,105.6
799.0,26.2,105.6
799.1,13.1,105.6
799.2,13.4,105.6
799.3,24.8,105.6
799.4,24.8,105.6
799.5,25.6,105.6
799.6,13.4,105.6
799.7,13.6,105.6
799.8,13.1,105.6
799.9,13.2,105.6
800.0,13.2,105.6
800.1,13.0,105.6
800.2,24.4,105.6
800.3,13.5,105.6
800.4,12.9,105.6
800.5,13.4,105.6
800.6,25.0,105.6
800.7,26.1,105.6
800.8,0.0,105.6
800.9,26.4,105.6
801.0,12.9,105.6
801.1,13.0,105.6
801.2,26.3,105.6
801.3,13.4,105.6
801.4,13.3,105.6
801.5,13.7,105.6
801.6,26.4,105.6
801.7,12.8,105.6
801.8,13.1,105.6
801.9,25.0,105.6
802.0,24.9,105.6
802.1,26.7,105.6
802.2,12.9,105.6
802.3,12.5,105.6
802.4,13.5,105.6
802.5,25.4,105.6
802.6,13.6,105.6
802.7,14.4,105.6
802.8,13.5,105.6
802.9,0.0,105.6
803.0,24.7,105.6
803.1,12.6,105.6
803.2,13.5,105.6
803.3,12.5,105.6
803.4,24.6,105.6
803.5,13.3,105.6
803.6,26.6,105.6
803.7,13.3,105.6
803.8,13.5,105.6
803.9,12.9,105.6
804.0,13.5,105.6
804.1,13.2,105.6
804.2,13.6,105.6
804.3,13.3,105.6
804.4,12.8,105.6
804.5,24.9,105.6
804.6,13.5,105.6
804.7,13.4,105.6
804.8,26.0,105.6
804.9,13.0,105.6
805.0,13.3,105.6
805.1,13.3,105.6
805.2,12.6,105.6
805.3,13.2,105.6
805.4,13.4,105.6
805.5,12.4,105.6
805.6,12.6,105.6
805.7,13.2,105.6
805.8,13.1,105.6
805.9,0.0,105.6
806.0,13.7,105.6
806.1,25.0,105.6
806.2,13.5,105.6
806.3,13.6,105.6
806.4,13.4,105.6
806.5,25.5,105.6
806.6,13.6,105.6
806.7,13.5,105.6
806.8,13.7,105.6
806.9,13.7,105.6
807.0,13.8,105.6
807.1,13.6,105.6
807.2,12.7,105.6
807.3,13.2,105.6
807.4,13.4,105.6
807.5,13.4,105.6
807.6,13.3,105.6
807.7,13.4,105.6
807.8,26.4,105.6
807.9,13.4,105.6
808.0,26.2,105.6
808.1,13.3,105.6
808.2,13.1,105.6
808.3,13.3,105.6
808.4,12.4,105.6
808.5,13.4,105.6
808.6,13.4,105.6
808.7,13.1,105.6
808.8,13.1,105.6
808.9,13.5,105.6
809.0,13.6,105.6
809.1,13.5,105.6
809.2,13.4,105.6
809.3,13.2,105.6
809.4,12.8,105.6
809.5,13.6,105.6
809.6,13.2,105.6
809.7,13.4,105.6
809.8,13.6,105.6
809.9,13.5,105.6
810.0,13.4,105.6
810.1,13.2,105.6
810.2,25.4,105.6
810.3,13.9,105.6
810.4,13.7,105.6
810.5,13.4,105.6
810.6,13.4,105.6
810.7,13.7,105.6
810.8,13.0,105.6
810.9,14.3,105.6
811.0,14.1,105.6
811.1,12.6,105.6
811.2,13.6,105.6
811.3,13.4,105.6
811.4,25.9,105.6
811.5,24.7,105.6
811.6,13.3,105.6
811.7,13.1,105.6
811.8,13.0,105.6
811.9,13.3,105.6
812.0,25.0,105.6
812.1,13.4,105.6
812.2,13.3,105.6
812.3,13.3,105.6
812.4,13.1,105.6
812.5,13.4,105.6
812.6,13.5,105.6
812.7,0.0,105.6
812.8,12.9,105.6
812.9,25.2,105.6
813.0,25.3,105.6
813.1,25.9,105.6
813.2,24.8,105.6
813.3,13.8,105.6
813.4,13.4,105.6
813.5,24.2,105.6
813.6,13.3,105.6
813.7,13.1,105.6
813.8,13.2,105.6
813.9,13.5,105.6
814.0,13.3,105.6
814.1,13.4,105.6
814.2,25.5,105.6
814.3,13.6,105.6
814.4,13.9,105.6
814.5,13.4,105.6
814.6,12.6,105.6
814.7,13.6,105.6
814.8,13.4,105.6
814.9,0.0,105.6
815.0,0.0,105.6
815.1,12.5,105.6
815.2,14.2,105.6
815.3,13.1,105.6
815.4,13.1,105.6
815.5,0.0,105.6
815.6,13.4,105.6
815.7,13.4,105.6
815.8,13.5,105.6
815.9,12.9,105.6
816.0,13.3,105.6
816.1,13.8,105.6
816.2,13.5,105.6
816.3,13.2,105.6
816.4,25.4,105.6
816.5,13.2,105.6
816.6,13.3,105.6
816.7,13.4,105.6
816.8,13.8,105.6
816.9,13.4,105.6
817.0,13.2,105.6
817.1,13.4,105.6
817.2,13.2,105.6
817.3,13.4,105.6
817.4,12.2,105.6
817.5,13.3,105.6
817.6,14.3,105.6
817.7,13.7,105.6
817.8,13.4,105.6
817.9,13.4,105.6
818.0,13.1,105.6
818.1,38.2,105.6
818.2,14.2,105.6
818.3,13.4,105.6
818.4,13.2,105.6
818.5,13.5,105.6
818.6,12.7,105.6
818.7,13.5,105.6
818.8,13.3,105.6
818.9,13.3,105.6
819.0,12.7,105.6
819.1,13.0,105.6
819.2,13.4,105.6
819.3,12.9,105.6
819.4,13.4,105.6
819.5,13.5,105.6
819.6,13.5,105.6
819.7,13.8,105.6
819.8,13.6,105.6
819.9,12.1,105.6
820.0,12.9,105.6
820.1,0.0,105.6
820.2,13.4,105.6
820.3,13.4,105.6
820.4,12.7,105.6
820.5,12.5,105.6
820.6,0.0,105.6
820.7,13.4,105.6
820.8,12.3,105.6
820.9,13.6,105.6
821.0,25.2,105.6
821.1,13.0,105.6
821.2,24.9,105.6
821.3,12.7,105.6
821.4,13.1,105.6
821.5,13.4,105.6
821.6,12.6,105.6
821.7,13.4,105.6
821.8,25.5,105.6
821.9,13.3,105.6
822.0,13.5,105.6
822.1,25.2,105.6
822.2,12.9,105.6
822.3,13.1,105.6
822.4,26.2,105.6
822.5,13.4,105.6
822.6,12.9,105.6
822.7,13.2,105.6
822.8,12.5,105.6
822.9,0.0,105.6
823.0,13.7,105.6
823.1,13.5,105.6
823.2,12.3,105.6
823.3,12.6,105.6
823.4,11.5,105.6
823.5,0.0,105.6
823.6,12.4,105.6
823.7,13.7,105.6
823.8,12.9,105.6
823.9,13.7,105.6
824.0,13.4,105.6
824.1,13.3,105.6
824.2,12.9,105.6
824.3,12.5,105.6
824.4,12.7,105.6
824.5,13.2,105.6
824.6,25.9,105.6
824.7,13.2,105.6
824.8,0.0,105.6
824.9,13.8,105.6
825.0,14.3,105.6
825.1,13.5,105.6
825.2,13.6,105.6
825.3,13.2,105.6
825.4,14.2,105.6
825.5,13.9,105.6
825.6,0.0,105.6
825.7,13.7,105.6
825.8,13.4,105.6
825.9,0.0,105.6
826.0,13.6,105.6
826.1,25.8,105.6
826.2,13.7,105.6
826.3,13.4,105.6
826.4,0.0,105.6
826.5,0.0,105.6
826.6,13.2,105.6
826.7,13.7,105.6
826.8,0.0,105.6
826.9,13.3,105.6
827.0,13.3,105.6
827.1,13.7,105.6
827.2,14.2,105.6
827.3,24.5,105.6
827.4,13.4,105.6
827.5,13.5,105.6
827.6,25.3,105.6
827.7,13.2,105.6
827.8,0.0,105.6
827.9,25.0,105.6
828.0,26.1,105.6
828.1,14.2,105.6
828.2,12.9,105.6
828.3,13.3,105.6
828.4,26.3,105.6
828.5,13.5,105.6
828.6,24.4,105.6
828.7,11.4,105.6
828.8,13.7,105.6
828.9,0.0,105.6
829.0,13.2,105.6
829.1,25.9,105.6
829.2,13.0,105.6
829.3,13.6,105.6
829.4,25.4,105.6
829.5,0.0,105.6
829.6,12.8,105.6
829.7,0.0,105.6
829.8,12.6,105.6
829.9,25.3,105.6
830.0,25.8,105.6
830.1,13.2,105.6
830.2,0.0,105.6
830.3,13.1,105.6
830.4,0.0,105.6
830.5,13.2,105.6
830.6,13.2,105.6
830.7,0.0,105.6
830.8,13.4,105.6
830.9,25.0,105.6
831.0,13.6,105.6
831.1,0.0,105.6
831.2,12.9,105.6
831.3,12.4,105.6
831.4,0.0,105.6
831.5,14.2,105.6
831.6,13.9,105.6
831.7,25.9,105.6
831.8,12.9,105.6
831.9,12.3,105.6
832.0,12.6,105.6
832.1,12.6,105.6
832.2,13.3,105.6
832.3,25.6,105.6
832.4,13.5,105.6
832.5,12.6,105.6
832.6,25.6,105.6
832.7,13.4,105.6
832.8,13.3,105.6
832.9,24.8,105.6
833.0,13.7,105.6
833.1,13.4,105.6
833.2,13.4,105.6
833.3,13.4,105.6
833.4,13.2,105.6
833.5,12.8,105.6
833.6,13.4,105.6
833.7,13.4,105.6
833.8,13.5,105.6
833.9,13.2,105.6
834.0,13.6,105.6
834.1,0.0,105.6
834.2,13.4,105.6
834.3,26.3,105.6
834.4,24.7,105.6
834.5,25.1,105.6
834.6,13.3,105.6
834.7,13.0,105.6
834.8,12.6,105.6
834.9,24.9,105.6
835.0,13.0,105.6
835.1,13.8,105.6
835.2,13.0,105.6
835.3,13.2,105.6
835.4,13.6,105.6
835.5,13.1,105.6
835.6,13.7,105.6
835.7,13.4,105.6
835.8,13.3,105.6
835.9,12.5,105.6
836.0,12.8,105.6
836.1,26.1,105.6
836.2,0.0,105.6
836.3,13.4,105.6
836.4,0.0,105.6
836.5,13.0,105.6
836.6,13.7,105.6
836.7,13.7,105.6
836.8,24.7,105.6
836.9,24.6,105.6
837.0,26.0,105.6
837.1,13.1,105.6
837.2,13.3,105.6
837.3,25.0,105.6
837.4,13.5,105.6
837.5,0.0,105.6
837.6,13.6,105.6
837.7,13.3,105.6
837.8,12.6,105.6
837.9,12.9,105.6
838.0,13.9,105.6
838.1,13.3,105.6
838.2,13.5,105.6
838.3,13.3,105.6
838.4,12.5,105.6
838.5,22.8,105.6
838.6,0.0,105.6
838.7,13.7,105.6
838.8,12.6,105.6
838.9,13.3,105.6
839.0,13.4,105.6
839.1,13.4,105.6
839.2,13.6,105.6
839.3,25.7,105.6
839.4,25.7,105.6
839.5,13.1,105.6
839.6,13.0,105.6
839.7,13.2,105.6
839.8,13.3,105.6
839.9,13.4,105.6
840.0,13.0,105.6
840.1,13.5,105.6
840.2,13.2,105.6
840.3,26.4,105.6
840.4,13.1,105.6
840.5,12.7,105.6
840.6,13.4,105.6
840.7,24.9,105.6
840.8,13.5,105.6
840.9,26.1,105.6
841.0,13.4,105.6
841.1,13.4,105.6
841.2,12.9,105.6
841.3,0.0,105.6
841.4,13.2,105.6
841.5,25.9,105.6
841.6,24.9,105.6
841.7,13.0,105.6
841.8,12.5,105.6
841.9,13.6,105.6
842.0,13.7,105.6
842.1,13.5,105.6
842.2,24.9,105.6
842.3,13.4,105.6
842.4,13.4,105.6
842.5,13.8,105.6
842.6,13.7,105.6
842.7,13.6,105.6
842.8,12.6,105.6
842.9,12.9,105.6
843.0,0.0,105.6
843.1,0.0,105.6
843.2,13.2,105.6
843.3,26.4,105.6
843.4,13.2,105.6
843.5,26.9,105.6
843.6,24.6,105.6
843.7,13.9,105.6
843.8,25.5,105.6
843.9,13.4,105.6
844.0,12.3,105.6
844.1,13.0,105.6
844.2,0.0,105.6
844.3,13.5,105.6
844.4,13.0,105.6
844.5,13.7,105.6
844.6,12.9,105.6
844.7,13.2,105.6
844.8,25.0,105.6
844.9,14.1,105.6
845.0,13.5,105.6
845.1,0.0,105.6
845.2,26.3,105.6
845.3,13.2,105.6
845.4,12.6,105.6
845.5,13.5,105.6
845.6,13.1,105.6
845.7,0.0,105.6
845.8,13.7,105.6
845.9,13.7,105.6
846.0,12.9,105.6
846.1,13.0,105.6
846.2,25.7,105.6
846.3,13.7,105.6
846.4,13.7,105.6
846.5,0.0,105.6
846.6,0.0,105.6
846.7,26.4,105.6
846.8,13.3,105.6
846.9,13.2,105.6
847.0,12.8,105.6
847.1,13.2,105.6
847.2,12.9,105.6
847.3,13.5,105.6
847.4,13.2,105.6
847.5,13.4,105.6
847.6,13.1,105.6
847.7,25.6,105.6
847.8,13.5,105.6
847.9,13.5,105.6
848.0,24.9,105.6
848.1,24.9,105.6
848.2,13.2,105.6
848.3,13.5,105.6
848.4,13.5,105.6
848.5,12.5,105.6
848.6,13.2,105.6
848.7,14.2,105.6
848.8,13.9,105.6
848.9,13.7,105.6
849.0,0.0,105.6
849.1,13.3,105.6
849.2,14.0,105.6
849.3,26.7,105.6
849.4,14.3,105.6
849.5,24.6,105.6
849.6,14.1,105.6
849.7,13.4,105.6
849.8,13.4,105.6
849.9,13.5,105.6
850.0,0.0,105.6
850.1,13.0,105.6
850.2,0.0,105.6
850.3,12.8,105.6
850.4,0.0,105.6
850.5,14.4,105.6
850.6,14.3,105.6
850.7,13.5,105.6
850.8,13.5,105.6
850.9,13.5,105.6
851.0,13.3,105.6
851.1,13.4,105.6
851.2,12.8,105.6
851.3,26.4,105.6
851.4,12.8,105.6
851.5,13.4,105.6
851.6,25.7,105.6
851.7,24.4,105.6
851.8,25.8,105.6
851.9,13.2,105.6
852.0,13.0,105.6
852.1,12.0,105.6
852.2,0.0,105.6
852.3,13.6,105.6
852.4,13.3,105.6
852.5,13.4,105.6
852.6,0.0,105.6
852.7,13.4,105.6
852.8,13.4,105.6
852.9,0.0,105.6
853.0,13.3,105.6
853.1,12.8,105.6
853.2,13.5,105.6
853.3,13.6,105.6
853.4,25.5,105.6
853.5,14.0,105.6
853.6,24.5,105.6
853.7,13.1,105.6
853.8,26.0,105.6
853.9,13.4,105.6
854.0,26.0,105.6
854.1,25.4,105.6
854.2,13.2,105.6
854.3,12.4,105.6
854.4,12.8,105.6
854.5,12.8,105.6
854.6,13.6,105.6
854.7,12.7,105.6
854.8,13.4,105.6
854.9,0.0,105.6
855.0,13.1,105.6
855.1,0.0,105.6
855.2,13.4,105.6
855.3,13.3,105.6
855.4,13.1,105.6
855.5,13.3,105.6
855.6,13.8,105.6
855.7,13.1,105.6
855.8,13.3,105.6
855.9,13.7,105.6
856.0,13.5,105.6
856.1,13.5,105.6
856.2,0.0,105.6
856.3,12.3,105.6
856.4,11.6,105.6
856.5,26.1,105.6
856.6,13.5,105.6
856.7,0.0,105.6
856.8,12.7,105.6
856.9,13.1,105.6
857.0,25.3,105.6
857.1,13.4,105.6
857.2,13.5,105.6
857.3,24.9,105.6
857.4,14.8,105.6
857.5,13.6,105.6
857.6,13.6,105.6
857.7,13.4,105.6
857.8,13.4,105.6
857.9,13.4,105.6
858.0,13.5,105.6
858.1,25.4,105.6
858.2,13.6,105.6
858.3,12.7,105.6
858.4,12.9,105.6
858.5,25.8,105.6
858.6,13.5,105.6
858.7,13.4,105.6
858.8,13.3,105.6
858.9,26.5,105.6
859.0,13.6,105.6
859.1,25.9,105.6
859.2,24.5,105.6
859.3,13.3,105.6
859.4,12.9,105.6
859.5,13.4,105.6
859.6,13.4,105.6
859.7,26.4,105.6
859.8,12.7,105.6
859.9,13.3,105.6
860.0,26.6,105.6
860.1,13.3,105.6
860.2,0.0,105.6
860.3,13.4,105.6
860.4,0.0,105.6
860.5,13.3,105.6
860.6,13.6,105.6
860.7,13.2,105.6
860.8,13.4,105.6
860.9,0.0,105.6
861.0,13.4,105.6
861.1,13.4,105.6
861.2,13.4,105.6
861.3,13.1,105.6
861.4,25.7,105.6
861.5,13.4,105.6
861.6,14.4,105.6
861.7,25.8,105.6
861.8,13.0,105.6
861.9,13.3,105.6
862.0,13.6,105.6
862.1,13.2,105.6
862.2,14.3,105.6
862.3,13.4,105.6
862.4,12.5,105.6
862.5,13.6,105.6
862.6,13.5,105.6
862.7,13.5,105.6
862.8,13.6,105.6
862.9,13.5,105.6
863.0,12.8,105.6
863.1,13.6,105.6
863.2,13.5,105.6
863.3,13.3,105.6
863.4,13.6,105.6
863.5,13.7,105.6
863.6,26.1,105.6
863.7,13.6,105.6
863.8,13.5,105.6
863.9,13.9,105.6
864.0,13.1,105.6
864.1,13.1,105.6
864.2,13.4,105.6
864.3,13.7,105.6
864.4,24.5,105.6
864.5,25.2,105.6
864.6,13.2,105.6
864.7,12.6,105.6
864.8,12.8,105.6
864.9,24.8,105.6
865.0,12.3,105.6
865.1,13.2,105.6
865.2,13.8,105.6
865.3,13.5,105.6
865.4,13.1,105.6
865.5,25.2,105.6
865.6,25.2,105.6
865.7,13.4,105.6
865.8,13.6,105.6
865.9,13.1,105.6
866.0,13.1,105.6
866.1,25.5,105.6
866.2,13.4,105.6
866.3,0.0,105.6
866.4,12.6,105.6
866.5,13.5,105.6
866.6,13.7,105.6
866.7,12.2,105.6
866.8,13.0,105.6
866.9,26.6,105.6
867.0,13.1,105.6
867.1,0.0,105.6
867.2,13.6,105.6
867.3,25.0,105.6
867.4,13.6,105.6
867.5,25.1,105.6
867.6,26.1,105.6
867.7,13.4,105.6
867.8,13.2,105.6
867.9,13.6,105.6
868.0,13.9,105.6
868.1,0.0,105.6
868.2,13.6,105.6
868.3,25.8,105.6
868.4,24.8,105.6
868.5,13.6,105.6
868.6,22.8,105.6
868.7,12.9,105.6
868.8,13.1,105.6
868.9,24.8,105.6
869.0,12.5,105.6
869.1,0.0,105.6
869.2,13.0,105.6
869.3,12.4,105.6
869.4,0.0,105.6
869.5,13.1,105.6
869.6,24.9,105.6
869.7,26.1,105.6
869.8,13.6,105.6
869.9,0.0,105.6
870.0,13.0,105.6
870.1,13.3,105.6
870.2,13.4,105.6
870.3,13.5,105.6
870.4,12.7,105.6
870.5,13.4,105.6
870.6,24.6,105.6
870.7,13.5,105.6
870.8,0.0,105.6
870.9,13.7,105.6
871.0,25.0,105.6
871.1,25.0,105.6
871.2,26.8,105.6
871.3,13.1,105.6
871.4,12.5,105.6
871.5,12.5,105.6
871.6,13.2,105.6
871.7,0.0,105.6
871.8,13.3,105.6
871.9,13.4,105.6
872.0,12.8,105.6
872.1,13.4,105.6
872.2,14.2,105.6
872.3,13.2,105.6
872.4,13.5,105.6
872.5,13.7,105.6
872.6,13.4,105.6
872.7,12.8,105.6
872.8,13.1,105.6
872.9,13.4,105.6
873.0,13.3,105.6
873.1,13.4,105.6
873.2,13.2,105.6
873.3,25.5,105.6
873.4,25.6,105.6
873.5,13.4,105.6
873.6,0.0,105.6
873.7,26.4,105.6
873.8,13.4,105.6
873.9,13.8,105.6
874.0,0.0,105.6
874.1,26.2,105.6
874.2,13.6,105.6
874.3,25.4,105.6
874.4,25.8,105.6
874.5,13.6,105.6
874.6,13.8,105.6
874.7,0.0,105.6
874.8,13.5,105.6
874.9,13.2,105.6
875.0,13.3,105.6
875.1,13.2,105.6
875.2,26.1,105.6
875.3,13.4,105.6
875.4,0.0,105.6
875.5,13.2,105.6
875.6,14.5,105.6
875.7,25.9,105.6
875.8,0.0,105.6
875.9,26.5,105.6
876.0,13.7,105.6
876.1,13.7,105.6
876.2,13.5,105.6
876.3,13.9,105.6
876.4,25.9,105.6
876.5,13.7,105.6
876.6,25.6,105.6
876.7,13.7,105.6
876.8,0.0,105.6
876.9,12.7,105.6
877.0,13.4,105.6
877.1,13.3,105.6
877.2,14.2,105.6
877.3,13.8,105.6
877.4,13.7,105.6
877.5,13.3,105.6
877.6,0.0,105.6
877.7,13.7,105.6
877.8,14.0,105.6
877.9,13.9,105.6
878.0,0.0,105.6
878.1,13.2,105.6
878.2,13.6,105.6
878.3,0.0,105.6
878.4,0.0,105.6
878.5,13.7,105.6
878.6,25.5,105.6
878.7,13.4,105.6
878.8,13.7,105.6
878.9,12.9,105.6
879.0,25.3,105.6
879.1,13.5,105.6
879.2,24.6,105.6
879.3,24.6,105.6
879.4,13.5,105.6
879.5,0.0,105.6
879.6,0.0,105.6
879.7,12.7,105.6
879.8,13.3,105.6
879.9,13.9,105.6
880.0,13.5,105.6
880.1,13.4,105.6
880.2,13.5,105.6
880.3,13.4,105.6
880.4,13.9,105.6
880.5,12.3,105.6
880.6,0.0,105.6
880.7,0.0,105.6
880.8,0.0,105.6
880.9,13.0,105.6
881.0,0.0,105.6
881.1,26.5,105.6
881.2,13.6,105.6
881.3,13.3,105.6
881.4,12.5,105.6
881.5,13.5,105.6
881.6,13.4,105.6
881.7,12.5,105.6
881.8,13.4,105.6
881.9,14.2,105.6
882.0,13.5,105.6
882.1,13.6,105.6
882.2,13.7,105.6
882.3,25.2,105.6
882.4,13.5,105.6
882.5,12.6,105.6
882.6,13.1,105.6
882.7,13.3,105.6
882.8,0.0,105.6
882.9,13.5,105.6
883.0,13.5,105.6
883.1,13.4,105.6
883.2,13.4,105.6
883.3,0.0,105.6
883.4,13.5,105.6
883.5,13.4,105.6
883.6,13.5,105.6
883.7,14.3,105.6
883.8,13.7,105.6
883.9,13.9,105.6
884.0,0.0,105.6
884.1,24.7,105.6
884.2,25.5,105.6
884.3,13.5,105.6
884.4,13.7,105.6
884.5,24.4,105.6
884.6,13.6,105.6
884.7,0.0,105.6
884.8,14.0,105.6
884.9,13.9,105.6
885.0,13.4,105.6
885.1,13.6,105.6
885.2,24.8,105.6
885.3,14.2,105.6
885.4,13.9,105.6
885.5,13.2,105.6
885.6,13.5,105.6
885.7,13.3,105.6
885.8,13.2,105.6
885.9,24.8,105.6
886.0,25.7,105.6
886.1,13.2,105.6
886.2,13.4,105.6
886.3,25.8,105.6
886.4,13.0,105.6
886.5,13.4,105.6
886.6,13.8,105.6
886.7,12.4,105.6
886.8,12.5,105.6
886.9,13.4,105.6
887.0,13.7,105.6
887.1,25.9,105.6
887.2,12.9,105.6
887.3,12.7,105.6
887.4,13.5,105.6
887.5,13.5,105.6
887.6,25.7,105.6
887.7,13.6,105.6
887.8,0.0,105.6
887.9,13.3,105.6
888.0,12.7,105.6
888.1,12.9,105.6
888.2,13.5,105.6
888.3,13.5,105.6
888.4,13.8,105.6
888.5,24.9,105.6
888.6,14.2,105.6
888.7,13.1,105.6
888.8,13.1,105.6
888.9,13.4,105.6
889.0,12.9,105.6
889.1,13.4,105.6
889.2,13.7,105.6
889.3,13.3,105.6
889.4,13.0,105.6
889.5,26.6,105.6
889.6,13.7,105.6
889.7,13.4,105.6
889.8,0.0,105.6
889.9,13.3,105.6
890.0,0.0,105.6
890.1,13.4,105.6
890.2,14.3,105.6
890.3,13.7,105.6
890.4,13.5,105.6
890.5,13.1,105.6
890.6,13.1,105.6
890.7,13.5,105.6
890.8,13.3,105.6
890.9,13.7,105.6
891.0,0.0,105.6
891.1,14.1,105.6
891.2,13.6,105.6
891.3,12.4,105.6
891.4,13.4,105.6
891.5,13.5,105.6
891.6,13.5,105.6
891.7,13.3,105.6
891.8,13.4,105.6
891.9,13.4,105.6
892.0,13.4,105.6
892.1,13.3,105.6
892.2,13.4,105.6
892.3,13.0,105.6
892.4,13.4,105.6
892.5,13.4,105.6
892.6,13.2,105.6
892.7,13.0,105.6
892.8,12.6,105.6
892.9,12.5,105.6
893.0,12.6,105.6
893.1,13.3,105.6
893.2,13.8,105.6
893.3,0.0,105.6
893.4,13.6,105.6
893.5,0.0,105.6
893.6,13.9,105.6
893.7,13.4,105.6
893.8,26.2,105.6
893.9,24.8,105.6
894.0,13.5,105.6
894.1,13.6,105.6
894.2,13.8,105.6
894.3,13.6,105.6
894.4,13.5,105.6
894.5,12.5,105.6
894.6,12.6,105.6
894.7,13.2,105.6
894.8,25.3,105.6
894.9,13.2,105.6
895.0,13.4,105.6
895.1,13.6,105.6
895.2,13.5,105.6
895.3,13.9,105.6
895.4,14.0,105.6
895.5,25.8,105.6
895.6,14.4,105.6
895.7,13.6,105.6
895.8,13.9,105.6
895.9,0.0,105.6
896.0,13.3,105.6
896.1,13.3,105.6
896.2,13.4,105.6
896.3,13.3,105.6
896.4,12.3,105.6
896.5,13.4,105.6
896.6,13.4,105.6
896.7,13.4,105.6
896.8,13.5,105.6
896.9,13.5,105.6
897.0,13.4,105.6
897.1,13.5,105.6
897.2,12.7,105.6
897.3,12.9,105.6
897.4,13.4,105.6
897.5,25.0,105.6
897.6,13.6,105.6
897.7,13.5,105.6
897.8,13.6,105.6
897.9,13.8,105.6
898.0,13.9,105.6
898.1,12.3,105.6
898.2,0.0,105.6
898.3,13.3,105.6
898.4,13.9,105.6
898.5,13.2,105.6
898.6,25.4,105.6
898.7,12.9,105.6
898.8,13.1,105.6
898.9,25.2,105.6
899.0,14.1,105.6
899.1,13.1,105.6
899.2,13.9,105.6
899.3,13.3,105.6
899.4,13.4,105.6
899.5,13.3,105.6
899.6,13.2,105.6
899.7,13.6,105.6
899.8,24.5,105.6
899.9,13.3,105.6
900.0,26.8,105.6
900.1,13.3,105.6
900.2,26.1,105.6
900.3,13.3,105.61
900.4,13.3,105.61
900.5,13.0,105.61
900.6,12.5,105.61
900.7,24.6,105.61
900.8,24.7,105.61
900.9,13.0,105.61
901.0,13.5,105.61
901.1,13.4,105.61
901.2,13.4,105.61
901.3,13.5,105.61
901.4,0.0,105.61
901.5,13.6,105.61
901.6,13.7,105.61
901.7,0.0,105.61
901.8,13.9,105.61
901.9,24.6,105.61
902.0,24.8,105.61
902.1,13.2,105.61
902.2,13.7,105.61
902.3,13.2,105.61
902.4,13.3,105.61
902.5,13.4,105.61
902.6,13.4,105.61
902.7,13.3,105.61
902.8,13.0,105.61
902.9,13.3,105.61
903.0,13.3,105.61
903.1,26.3,105.61
903.2,12.7,105.61
903.3,13.2,105.61
903.4,25.9,105.61
903.5,13.4,105.61
903.6,13.4,105.61
903.7,13.3,105.61
903.8,12.9,105.61
903.9,14.5,105.61
904.0,13.5,105.61
904.1,13.7,105.61
904.2,13.8,105.61
904.3,24.4,105.61
904.4,26.6,105.61
904.5,13.0,105.61
904.6,13.3,105.61
904.7,13.9,105.61
904.8,24.6,105.61
904.9,25.8,105.61
905.0,25.6,105.61
905.1,13.7,105.61
905.2,24.8,105.61
905.3,13.4,105.61
905.4,13.3,105.61
905.5,25.2,105.61
905.6,24.6,105.61
905.7,0.0,105.61
905.8,12.2,105.61
905.9,12.6,105.61
906.0,13.4,105.61
906.1,13.4,105.61
906.2,13.4,105.61
906.3,13.4,105.61
906.4,0.0,105.61
906.5,0.0,105.61
906.6,0.0,105.61
906.7,13.7,105.61
906.8,0.0,105.61
906.9,0.0,105.61
907.0,12.9,105.61
907.1,13.3,105.61
907.2,13.3,105.61
907.3,0.0,105.61
907.4,13.3,105.61
907.5,26.1,105.61
907.6,13.1,105.61
907.7,13.6,105.61
907.8,12.9,105.61
907.9,13.4,105.61
908.0,13.5,105.61
908.1,13.6,105.61
908.2,13.4,105.61
908.3,13.1,105.61
908.4,25.1,105.61
908.5,25.5,105.61
908.6,13.1,105.61
908.7,13.3,105.61
908.8,13.2,105.61
908.9,13.5,105.61
909.0,13.6,105.61
909.1,25.9,105.61
909.2,13.7,105.61
909.3,13.4,105.61
909.4,13.5,105.61
909.5,13.6,105.61
909.6,0.0,105.61
909.7,14.2,105.61
909.8,13.1,105.61
909.9,13.4,105.61
910.0,25.1,105.61
910.1,13.2,105.61
910.2,12.7,105.61
910.3,13.4,105.61
910.4,12.7,105.61
910.5,12.4,105.61
910.6,13.3,105.61
910.7,13.3,105.61
910.8,13.5,105.61
910.9,13.6,105.61
911.0,13.2,105.61
911.1,13.3,105.61
911.2,12.3,105.61
911.3,12.9,105.61
911.4,12.9,105.61
911.5,13.4,105.61
911.6,13.7,105.61
911.7,24.3,105.61
911.8,13.5,105.61
911.9,12.6,105.61
912.0,13.5,105.61
912.1,13.6,105.61
912.2,26.4,105.61
912.3,13.6,105.61
912.4,25.6,105.61
912.5,12.0,105.61
912.6,12.9,105.61
912.7,13.8,105.61
912.8,24.8,105.61
912.9,0.0,105.61
913.0,0.0,105.61
913.1,12.9,105.61
913.2,13.2,105.61
913.3,13.3,105.61
913.4,13.3,105.61
913.5,13.4,105.61
913.6,13.5,105.61
913.7,14.1,105.61
913.8,13.5,105.61
913.9,0.0,105.61
914.0,13.1,105.61
914.1,25.6,105.61
914.2,26.0,105.61
914.3,12.5,105.61
914.4,12.6,105.61
914.5,0.0,105.61
914.6,13.5,105.61
914.7,25.2,105.61
914.8,13.4,105.61
914.9,0.0,105.61
915.0,13.4,105.61
915.1,12.5,105.61
915.2,25.8,105.61
915.3,13.3,105.61
915.4,13.5,105.61
915.5,12.9,105.61
915.6,13.6,105.62
915.7,13.4,105.62
915.8,12.7,105.62
915.9,12.1,105.62
916.0,13.7,105.62
916.1,13.0,105.62
916.2,13.1,105.62
916.3,26.0,105.62
916.4,13.3,105.62
916.5,13.7,105.62
916.6,13.2,105.62
916.7,26.2,105.62
916.8,12.8,105.62
916.9,13.5,105.62
917.0,13.6,105.62
917.1,13.1,105.62
917.2,13.7,105.62
917.3,13.6,105.62
917.4,24.3,105.62
917.5,13.3,105.62
917.6,13.3,105.62
917.7,13.3,105.62
917.8,13.5,105.62
917.9,14.2,105.62
918.0,13.7,105.62
918.1,25.8,105.62
918.2,13.6,105.62
918.3,13.7,105.62
918.4,13.1,105.62
918.5,13.6,105.62
918.6,13.5,105.62
918.7,24.8,105.62
918.8,12.4,105.62
918.9,12.5,105.62
919.0,13.1,105.62
919.1,13.4,105.62
919.2,13.5,105.62
919.3,12.8,105.62
919.4,12.5,105.62
919.5,13.0,105.62
919.6,13.7,105.62
919.7,13.4,105.62
919.8,13.2,105.62
919.9,13.3,105.62
920.0,13.4,105.62
920.1,12.0,105.62
920.2,13.5,105.62
920.3,13.9,105.62
920.4,24.7,105.62
920.5,13.4,105.62
920.6,13.9,105.62
920.7,13.2,105.62
920.8,0.0,105.62
920.9,13.6,105.62
921.0,12.9,105.62
921.1,12.6,105.62
921.2,12.5,105.62
921.3,0.0,105.62
921.4,13.6,105.62
921.5,13.3,105.62
921.6,13.2,105.62
921.7,13.5,105.62
921.8,12.6,105.62
921.9,12.4,105.62
922.0,13.2,105.62
922.1,13.4,105.62
922.2,0.0,105.62
922.3,13.5,105.62
922.4,0.0,105.62
922.5,13.0,105.62
922.6,12.1,105.62
922.7,0.0,105.62
922.8,25.4,105.62
922.9,13.0,105.62
923.0,12.9,105.62
923.1,13.3,105.62
923.2,13.0,105.62
923.3,24.7,105.62
923.4,24.8,105.62
923.5,14.3,105.62
923.6,13.5,105.62
923.7,26.6,105.62
923.8,12.9,105.62
923.9,13.2,105.62
924.0,25.1,105.62
924.1,27.5,105.62
924.2,12.4,105.62
924.3,0.0,105.62
924.4,0.0,105.62
924.5,13.8,105.62
924.6,14.0,105.62
924.7,13.0,105.62
924.8,13.4,105.62
924.9,13.3,105.62
925.0,14.0,105.62
925.1,13.7,105.62
925.2,13.4,105.62
925.3,13.0,105.62
925.4,26.0,105.62
925.5,13.2,105.62
925.6,13.1,105.62
925.7,13.4,105.62
925.8,12.9,105.62
925.9,13.1,105.62
926.0,25.1,105.62
926.1,13.3,105.62
926.2,13.4,105.62
926.3,25.4,105.62
926.4,12.6,105.62
926.5,24.8,105.62
926.6,13.7,105.62
926.7,13.3,105.62
926.8,13.2,105.62
926.9,14.3,105.62
927.0,14.3,105.62
927.1,0.0,105.62
927.2,13.6,105.62
927.3,13.6,105.62
927.4,25.7,105.62
927.5,0.0,105.62
927.6,13.7,105.62
927.7,12.6,105.62
927.8,13.5,105.62
927.9,13.4,105.62
928.0,13.8,105.62
928.1,12.9,105.62
928.2,14.4,105.62
928.3,13.9,105.62
928.4,13.8,105.62
928.5,14.0,105.62
928.6,13.1,105.62
928.7,13.3,105.62
928.8,13.4,105.62
928.9,12.1,105.62
929.0,25.4,105.62
929.1,25.6,105.62
929.2,13.3,105.62
929.3,13.5,105.62
929.4,12.9,105.62
929.5,13.0,105.62
929.6,14.4,105.62
929.7,13.7,105.62
929.8,12.8,105.62
929.9,0.0,105.62
930.0,0.0,105.62
930.1,13.2,105.62
930.2,13.5,105.62
930.3,13.0,105.62
930.4,13.5,105.62
930.5,13.4,105.62
930.6,13.5,105.62
930.7,24.9,105.62
930.8,13.3,105.62
930.9,26.4,105.62
931.0,13.7,105.62
931.1,13.3,105.62
931.2,13.0,105.62
931.3,12.4,105.62
931.4,13.1,105.62
931.5,26.2,105.62
931.6,12.7,105.62
931.7,12.8,105.62
931.8,12.8,105.62
931.9,13.6,105.62
932.0,13.3,105.62
932.1,24.3,105.62
932.2,0.0,105.62
932.3,13.9,105.62
932.4,13.6,105.62
932.5,13.4,105.62
932.6,24.8,105.62
932.7,24.7,105.62
932.8,13.3,105.62
932.9,0.0,105.62
933.0,13.9,105.62
933.1,13.7,105.62
933.2,24.8,105.62
933.3,13.8,105.62
933.4,0.0,105.62
933.5,0.0,105.62
933.6,12.9,105.62
933.7,13.2,105.62
933.8,13.7,105.62
933.9,13.5,105.62
934.0,12.8,105.62
934.1,13.1,105.62
934.2,13.3,105.62
934.3,12.5,105.62
934.4,13.4,105.62
934.5,14.2,105.62
934.6,26.1,105.62
934.7,13.3,105.62
934.8,12.9,105.62
934.9,13.5,105.62
935.0,13.4,105.62
935.1,13.3,105.62
935.2,13.5,105.62
935.3,14.0,105.62
935.4,14.0,105.62
935.5,25.3,105.62
935.6,13.9,105.62
935.7,26.2,105.62
935.8,13.6,105.62
935.9,13.5,105.62
936.0,13.6,105.62
936.1,12.7,105.62
936.2,13.4,105.62
936.3,13.5,105.62
936.4,13.3,105.62
936.5,26.8,105.62
936.6,13.2,105.62
936.7,12.5,105.62
936.8,12.6,105.62
936.9,24.0,105.62
937.0,11.7,105.62
937.1,13.7,105.62
937.2,12.9,105.62
937.3,24.7,105.62
937.4,26.6,105.62
937.5,13.3,105.62
937.6,12.4,105.62
937.7,12.6,105.62
937.8,0.0,105.62
937.9,12.7,105.62
938.0,27.9,105.62
938.1,13.2,105.62
938.2,13.7,105.62
938.3,13.6,105.62
938.4,13.1,105.62
938.5,13.6,105.62
938.6,13.3,105.62
938.7,12.5,105.62
938.8,13.2,105.62
938.9,13.5,105.62
939.0,13.6,105.62
939.1,13.5,105.62
939.2,13.7,105.62
939.3,13.4,105.62
939.4,13.5,105.62
939.5,0.0,105.62
939.6,13.2,105.62
939.7,25.1,105.62
939.8,13.5,105.62
939.9,24.5,105.62
940.0,13.6,105.62
940.1,25.3,105.62
940.2,13.4,105.62
940.3,12.5,105.62
940.4,24.5,105.62
940.5,13.8,105.62
940.6,14.4,105.62
940.7,13.6,105.62
940.8,13.4,105.62
940.9,13.3,105.62
941.0,13.7,105.62
941.1,12.6,105.62
941.2,12.8,105.62
941.3,13.3,105.62
941.4,13.3,105.62
941.5,13.3,105.62
941.6,13.4,105.62
941.7,13.5,105.62
941.8,13.2,105.62
941.9,13.2,105.62
942.0,13.6,105.62
942.1,13.2,105.62
942.2,14.2,105.62
942.3,13.8,105.62
942.4,26.5,105.62
942.5,24.8,105.62
942.6,0.0,105.62
942.7,13.3,105.62
942.8,25.3,105.62
942.9,13.4,105.62
943.0,24.7,105.62
943.1,12.3,105.62
943.2,13.4,105.62
943.3,13.5,105.62
943.4,13.3,105.62
943.5,13.2,105.62
943.6,13.2,105.62
943.7,25.2,105.62
943.8,13.4,105.62
943.9,13.5,105.62
944.0,12.9,105.62
944.1,13.3,105.62
944.2,13.4,105.62
944.3,13.3,105.62
944.4,13.4,105.62
944.5,13.3,105.62
944.6,26.0,105.62
944.7,12.7,105.62
944.8,13.2,105.62
944.9,12.8,105.62
945.0,26.4,105.62
945.1,13.3,105.62
945.2,25.3,105.62
945.3,13.2,105.62
945.4,13.7,105.62
945.5,13.7,105.62
945.6,25.5,105.62
945.7,24.6,105.62
945.8,26.7,105.62
945.9,14.3,105.62
946.0,14.1,105.62
946.1,14.0,105.62
946.2,25.3,105.62
946.3,14.0,105.62
946.4,13.9,105.62
946.5,13.6,105.62
946.6,0.0,105.62
946.7,12.8,105.62
946.8,13.2,105.62
946.9,25.0,105.62
947.0,13.7,105.62
947.1,26.5,105.62
947.2,13.6,105.62
947.3,12.4,105.62
947.4,13.5,105.62
947.5,14.0,105.62
947.6,13.0,105.62
947.7,13.3,105.62
947.8,13.1,105.62
947.9,12.5,105.62
948.0,13.4,105.62
948.1,13.7,105.62
948.2,12.4,105.62
948.3,12.6,105.62
948.4,12.9,105.62
948.5,13.7,105.62
948.6,13.6,105.62
948.7,13.6,105.62
948.8,13.2,105.62
948.9,13.1,105.62
949.0,0.0,105.62
949.1,0.0,105.62
949.2,13.1,105.62
949.3,25.2,105.62
949.4,13.7,105.62
949.5,13.5,105.62
949.6,13.4,105.62
949.7,13.3,105.62
949.8,25.4,105.62
949.9,13.9,105.62
950.0,14.0,105.62
950.1,13.6,105.62
950.2,13.3,105.62
950.3,25.2,105.62
950.4,24.9,105.62
950.5,25.3,105.62
950.6,25.0,105.62
950.7,13.7,105.62
950.8,13.4,105.62
950.9,13.5,105.62
951.0,25.8,105.62
951.1,13.0,105.62
951.2,13.6,105.62
951.3,13.3,105.62
951.4,13.4,105.62
951.5,13.0,105.62
951.6,13.5,105.62
951.7,13.4,105.62
951.8,12.6,105.62
951.9,0.0,105.62
952.0,14.0,105.62
952.1,12.8,105.62
952.2,13.9,105.62
952.3,13.6,105.62
952.4,13.3,105.62
952.5,13.5,105.62
952.6,12.8,105.62
952.7,13.9,105.62
952.8,13.5,105.62
952.9,12.6,105.62
953.0,12.5,105.62
953.1,12.9,105.62
953.2,0.0,105.62
953.3,12.3,105.62
953.4,12.4,105.62
953.5,12.6,105.62
953.6,13.2,105.62
953.7,13.3,105.62
953.8,13.3,105.62
953.9,26.3,105.62
954.0,25.2,105.62
954.1,13.9,105.62
954.2,13.5,105.62
954.3,13.3,105.62
954.4,0.0,105.62
954.5,0.0,105.62
954.6,13.4,105.62
954.7,13.6,105.62
954.8,13.9,105.62
954.9,14.1,105.62
955.0,13.6,105.62
955.1,25.7,105.62
955.2,13.5,105.62
955.3,13.5,105.62
955.4,13.3,105.62
955.5,24.9,105.62
955.6,0.0,105.62
955.7,13.0,105.62
955.8,12.2,105.62
955.9,13.4,105.62
956.0,13.3,105.62
956.1,13.5,105.62
956.2,13.5,105.62
956.3,12.7,105.62
956.4,12.9,105.62
956.5,25.6,105.62
956.6,0.0,105.62
956.7,13.1,105.62
956.8,25.5,105.62
956.9,13.1,105.62
957.0,12.8,105.62
957.1,13.4,105.62
957.2,13.1,105.62
957.3,13.5,105.62
957.4,13.0,105.62
957.5,13.6,105.62
957.6,13.7,105.62
957.7,13.4,105.62
957.8,13.1,105.62
957.9,12.6,105.62
958.0,13.6,105.62
958.1,0.0,105.62
958.2,13.4,105.62
958.3,13.5,105.62
958.4,0.0,105.62
958.5,14.2,105.62
958.6,13.4,105.62
958.7,13.3,105.62
958.8,14.2,105.62
958.9,13.5,105.62
959.0,13.4,105.62
959.1,13.5,105.62
959.2,13.5,105.62
959.3,12.8,105.62
959.4,13.3,105.62
959.5,14.3,105.62
959.6,25.2,105.62
959.7,25.9,105.62
959.8,13.4,105.62
959.9,14.0,105.62
960.0,13.4,105.62
960.1,24.7,105.62
960.2,24.7,105.62
960.3,13.6,105.62
960.4,0.0,105.62
960.5,12.9,105.62
960.6,24.6,105.62
960.7,14.2,105.62
960.8,27.0,105.62
960.9,12.3,105.62
961.0,12.7,105.62
961.1,13.2,105.62
961.2,13.5,105.62
961.3,0.0,105.62
961.4,25.0,105.62
961.5,13.4,105.62
961.6,13.7,105.62
961.7,0.0,105.62
961.8,12.9,105.62
961.9,0.0,105.62
962.0,13.2,105.62
962.1,13.5,105.62
962.2,0.0,105.62
962.3,13.5,105.62
962.4,13.5,105.62
962.5,13.7,105.62
962.6,28.6,105.62
962.7,13.6,105.62
962.8,13.5,105.62
962.9,13.1,105.62
963.0,25.2,105.62
963.1,13.2,105.62
963.2,12.8,105.62
963.3,0.0,105.62
963.4,12.8,105.62
963.5,12.8,105.62
963.6,13.4,105.62
963.7,12.7,105.62
963.8,13.3,105.62
963.9,13.4,105.62
964.0,13.4,105.62
964.1,0.0,105.62
964.2,13.0,105.62
964.3,13.6,105.62
964.4,0.0,105.62
964.5,13.0,105.62
964.6,13.7,105.62
964.7,13.8,105.62
964.8,12.9,105.62
964.9,13.3,105.62
965.0,13.9,105.62
965.1,24.6,105.62
965.2,13.4,105.62
965.3,13.2,105.62
965.4,14.2,105.62
965.5,0.0,105.62
965.6,13.4,105.62
965.7,13.9,105.62
965.8,13.8,105.62
965.9,12.9,105.62
966.0,25.9,105.62
966.1,13.8,105.62
966.2,25.5,105.62
966.3,13.1,105.62
966.4,12.5,105.62
966.5,12.7,105.62
966.6,13.6,105.62
966.7,13.4,105.62
966.8,0.0,105.62
966.9,13.8,105.62
967.0,12.9,105.62
967.1,13.4,105.62
967.2,13.5,105.62
967.3,13.9,105.62
967.4,13.3,105.62
967.5,13.5,105.62
967.6,13.7,105.62
967.7,13.3,105.62
967.8,13.4,105.6
967.9,13.1,105.6
968.0,13.3,105.6
968.1,13.4,105.6
968.2,12.5,105.6
968.3,12.7,105.6
968.4,13.4,105.6
968.5,13.3,105.6
968.6,13.1,105.6
968.7,13.4,105.6
968.8,13.6,105.6
968.9,25.4,105.6
969.0,13.2,105.6
969.1,12.9,105.6
969.2,13.3,105.6
969.3,13.4,105.6
969.4,0.0,105.6
969.5,13.1,105.6
969.6,13.7,105.6
969.7,0.0,105.6
969.8,13.1,105.6
969.9,25.6,105.6
970.0,13.5,105.6
970.1,13.4,105.6
970.2,12.9,105.6
970.3,13.9,105.6
970.4,13.6,105.6
970.5,25.9,105.6
970.6,13.4,105.6
970.7,12.8,105.6
970.8,14.0,105.6
970.9,13.5,105.6
971.0,12.8,105.6
971.1,0.0,105.6
971.2,13.7,105.6
971.3,13.3,105.6
971.4,0.0,105.6
971.5,13.3,105.6
971.6,26.5,105.6
971.7,13.4,105.6
971.8,13.6,105.6
971.9,12.8,105.6
972.0,0.0,105.6
972.1,25.6,105.6
972.2,25.6,105.6
972.3,13.3,105.6
972.4,12.6,105.6
972.5,13.1,105.6
972.6,13.2,105.6
972.7,0.0,105.6
972.8,13.0,105.6
972.9,13.1,105.6
973.0,25.2,105.6
973.1,13.7,105.6
973.2,13.8,105.6
973.3,0.0,105.6
973.4,12.9,105.6
973.5,13.0,105.6
973.6,25.6,105.6
973.7,13.0,105.6
973.8,13.8,105.6
973.9,13.4,105.6
974.0,13.4,105.6
974.1,13.1,105.6
974.2,0.0,105.6
974.3,13.4,105.6
974.4,13.4,105.6
974.5,0.0,105.6
974.6,13.0,105.6
974.7,13.4,105.6
974.8,26.9,105.6
974.9,13.7,105.6
975.0,0.0,105.6
975.1,13.2,105.6
975.2,13.4,105.6
975.3,24.1,105.6
975.4,13.5,105.6
975.5,13.7,105.6
975.6,13.9,105.6
975.7,25.1,105.6
975.8,25.5,105.6
975.9,13.2,105.6
976.0,0.0,105.6
976.1,13.3,105.6
976.2,13.6,105.6
976.3,13.4,105.6
976.4,13.6,105.6
976.5,13.4,105.6
976.6,0.0,105.6
976.7,12.5,105.6
976.8,13.3,105.6
976.9,13.4,105.6
977.0,12.9,105.6
977.1,13.6,105.6
977.2,12.9,105.6
977.3,0.0,105.6
977.4,0.0,105.6
977.5,0.0,105.6
977.6,0.0,105.6
977.7,14.3,105.6
977.8,14.8,105.6
977.9,13.8,105.6
978.0,13.7,105.6
978.1,0.0,105.6
978.2,13.4,105.6
978.3,0.0,105.6
978.4,13.7,105.6
978.5,14.4,105.6
978.6,13.4,105.6
978.7,13.0,105.6
978.8,13.3,105.6
978.9,0.0,105.6
979.0,13.0,105.6
979.1,13.7,105.6
979.2,0.0,105.6
979.3,13.0,105.6
979.4,14.0,105.6
979.5,13.6,105.6
979.6,13.2,105.6
979.7,0.0,105.6
979.8,13.5,105.6
979.9,14.3,105.6
980.0,11.9,105.6
980.1,13.4,105.6
980.2,13.4,105.6
980.3,0.0,105.6
980.4,13.9,105.6
980.5,13.1,105.6
980.6,13.2,105.6
980.7,24.8,105.6
980.8,14.2,105.6
980.9,13.3,105.6
981.0,0.0,105.6
981.1,13.4,105.6
981.2,13.2,105.6
981.3,13.9,105.6
981.4,12.5,105.6
981.5,13.3,105.6
981.6,13.6,105.6
981.7,25.8,105.6
981.8,13.1,105.6
981.9,12.6,105.6
982.0,13.2,105.6
982.1,14.3,105.6
982.2,13.8,105.6
982.3,13.5,105.6
982.4,13.3,105.6
982.5,13.6,105.6
982.6,13.4,105.6
982.7,24.8,105.6
982.8,26.5,105.6
982.9,13.2,105.6
983.0,0.0,105.6
983.1,0.0,105.6
983.2,12.9,105.6
983.3,12.9,105.6
983.4,13.8,105.6
983.5,0.0,105.6
983.6,12.4,105.6
983.7,13.9,105.6
983.8,13.8,105.6
983.9,13.5,105.6
984.0,0.0,105.6
984.1,13.4,105.6
984.2,13.9,105.6
984.3,12.5,105.6
984.4,11.7,105.6
984.5,13.4,105.6
984.6,13.6,105.6
984.7,13.6,105.6
984.8,13.5,105.6
984.9,13.3,105.6
985.0,13.5,105.6
985.1,13.3,105.6
985.2,13.3,105.6
985.3,12.6,105.6
985.4,0.0,105.6
985.5,12.6,105.6
985.6,13.0,105.6
985.7,0.0,105.6
985.8,13.8,105.6
985.9,13.2,105.6
986.0,13.4,105.6
986.1,13.4,105.6
986.2,12.8,105.6
986.3,13.4,105.6
986.4,13.6,105.6
986.5,13.9,105.6
986.6,13.0,105.6
986.7,13.9,105.6
986.8,13.9,105.6
986.9,13.4,105.6
987.0,13.5,105.6
987.1,0.0,105.6
987.2,13.4,105.6
987.3,13.4,105.6
987.4,13.3,105.6
987.5,13.3,105.6
987.6,13.4,105.6
987.7,12.9,105.6
987.8,0.0,105.6
987.9,0.0,105.6
988.0,13.6,105.6
988.1,14.2,105.6
988.2,13.4,105.6
988.3,13.5,105.6
988.4,13.4,105.6
988.5,13.4,105.6
988.6,13.0,105.6
988.7,12.4,105.6
988.8,0.0,105.6
988.9,14.0,105.6
989.0,13.6,105.6
989.1,25.8,105.6
989.2,14.1,105.6
989.3,13.7,105.6
989.4,13.0,105.6
989.5,24.9,105.6
989.6,26.5,105.6
989.7,14.3,105.6
989.8,13.4,105.6
989.9,13.3,105.6
990.0,13.6,105.6
990.1,13.5,105.6
990.2,12.6,105.6
990.3,12.7,105.6
990.4,24.9,105.6
990.5,26.7,105.6
990.6,13.7,105.6
990.7,14.2,105.6
990.8,13.8,105.6
990.9,0.0,105.6
991.0,13.4,105.6
991.1,13.4,105.6
991.2,0.0,105.6
991.3,13.4,105.6
991.4,13.1,105.6
991.5,13.5,105.6
991.6,13.8,105.6
991.7,12.5,105.6
991.8,13.3,105.6
991.9,13.8,105.6
992.0,25.0,105.6
992.1,13.6,105.6
992.2,12.7,105.6
992.3,0.0,105.6
992.4,12.9,105.6
992.5,13.5,105.6
992.6,13.7,105.6
992.7,0.0,105.6
992.8,0.0,105.6
992.9,13.5,105.6
993.0,13.4,105.6
993.1,0.0,105.6
993.2,13.7,105.6
993.3,0.0,105.6
993.4,13.6,105.6
993.5,13.9,105.6
993.6,26.6,105.6
993.7,13.8,105.6
993.8,13.3,105.6
993.9,13.3,105.6
994.0,13.3,105.6
994.1,13.4,105.6
994.2,13.7,105.6
994.3,12.8,105.6
994.4,26.2,105.6
994.5,13.3,105.6
994.6,12.4,105.6
994.7,0.0,105.6
994.8,13.6,105.6
994.9,13.3,105.6
995.0,13.6,105.6
995.1,25.5,105.6
995.2,13.8,105.6
995.3,24.7,105.6
995.4,13.6,105.6
995.5,0.0,105.6
995.6,13.6,105.6
995.7,13.0,105.6
995.8,13.8,105.6
995.9,13.1,105.6
996.0,12.9,105.6
996.1,13.7,105.6
996.2,13.6,105.6
996.3,12.9,105.6
996.4,14.0,105.6
996.5,13.4,105.6
996.6,24.9,105.6
996.7,13.7,105.6
996.8,13.4,105.6
996.9,13.1,105.6
997.0,13.4,105.6
997.1,14.3,105.6
997.2,13.4,105.6
997.3,13.5,105.6
997.4,13.0,105.6
997.5,0.0,105.6
997.6,13.1,105.6
997.7,26.0,105.6
997.8,13.6,105.6
997.9,13.9,105.6
998.0,13.4,105.6
998.1,12.8,105.6
998.2,13.8,105.6
998.3,14.2,105.6
998.4,14.0,105.6
998.5,25.5,105.6
998.6,13.4,105.6
998.7,0.0,105.6
998.8,0.0,105.6
998.9,13.6,105.6
999.0,13.5,105.6
999.1,12.7,105.6
999.2,13.4,105.6
999.3,13.5,105.6
999.4,14.4,105.6
999.5,13.4,105.6
999.6,27.0,105.6
999.7,13.5,105.6
999.8,13.0,105.6
999.9,13.2,105.6
1000.0,13.4,105.6
1000.1,13.4,105.6
1000.2,13.3,105.6
1000.3,14.5,105.6
1000.4,13.4,105.6
1000.5,13.3,105.6
1000.6,13.5,105.6
1000.7,12.5,105.6
1000.8,12.8,105.6
1000.9,13.2,105.6
1001.0,24.3,105.6
1001.1,13.4,105.6
1001.2,12.7,105.6
1001.3,13.5,105.6
1001.4,12.8,105.6
1001.5,0.0,105.6
1001.6,12.6,105.6
1001.7,12.5,105.6
1001.8,13.3,105.6
1001.9,13.4,105.6
1002.0,12.9,105.6
1002.1,13.6,105.6
1002.2,13.3,105.6
1002.3,24.8,105.6
1002.4,26.2,105.6
1002.5,13.4,105.6
1002.6,12.4,105.6
1002.7,26.9,105.6
1002.8,13.9,105.6
1002.9,13.7,105.6
1003.0,13.2,105.6
1003.1,13.4,105.6
1003.2,25.2,105.6
1003.3,26.6,105.6
1003.4,13.2,105.6
1003.5,12.7,105.6
1003.6,26.1,105.6
1003.7,13.4,105.6
1003.8,0.0,105.6
1003.9,12.7,105.6
1004.0,13.4,105.6
1004.1,13.0,105.6
1004.2,13.7,105.6
1004.3,13.0,105.6
1004.4,13.2,105.6
1004.5,13.6,105.6
1004.6,24.6,105.6
1004.7,13.2,105.6
1004.8,13.3,105.6
1004.9,13.2,105.6
1005.0,13.3,105.6
1005.1,13.1,105.6
1005.2,12.3,105.6
1005.3,24.4,105.6
1005.4,13.5,105.6
1005.5,12.7,105.6
1005.6,26.2,105.6
1005.7,13.4,105.6
1005.8,13.8,105.6
1005.9,13.2,105.6
1006.0,13.3,105.6
1006.1,13.0,105.6
1006.2,13.4,105.6
1006.3,13.4,105.6
1006.4,26.2,105.6
1006.5,13.6,105.6
1006.6,13.7,105.6
1006.7,13.5,105.6
1006.8,13.4,105.6
1006.9,13.2,105.6
1007.0,13.2,105.6
1007.1,13.9,105.6
1007.2,13.8,105.6
1007.3,13.4,105.6
1007.4,0.0,105.6
1007.5,12.6,105.6
1007.6,13.2,105.6
1007.7,13.8,105.6
1007.8,13.6,105.6
1007.9,24.3,105.6
1008.0,13.4,105.6
1008.1,24.9,105.6
1008.2,13.3,105.6
1008.3,13.3,105.6
1008.4,0.0,105.6
1008.5,13.3,105.6
1008.6,24.0,105.6
1008.7,0.0,105.6
1008.8,12.4,105.6
1008.9,12.4,105.6
1009.0,13.0,105.6
1009.1,12.6,105.6
1009.2,13.1,105.6
1009.3,13.4,105.6
1009.4,13.3,105.6
1009.5,13.4,105.6
1009.6,12.9,105.6
1009.7,13.3,105.6
1009.8,13.9,105.6
1009.9,14.3,105.6
1010.0,13.8,105.6
1010.1,14.4,105.6
1010.2,13.8,105.6
1010.3,0.0,105.6
1010.4,13.4,105.6
1010.5,13.5,105.6
1010.6,13.2,105.6
1010.7,13.3,105.6
1010.8,13.5,105.6
1010.9,13.2,105.6
1011.0,13.1,105.6
1011.1,12.5,105.6
1011.2,25.9,105.6
1011.3,13.8,105.6
1011.4,24.6,105.6
1011.5,13.4,105.6
1011.6,13.5,105.6
1011.7,13.6,105.6
1011.8,12.5,105.6
1011.9,13.9,105.6
1012.0,13.3,105.6
1012.1,13.5,105.6
1012.2,13.2,105.6
1012.3,0.0,105.6
1012.4,12.6,105.6
1012.5,13.1,105.6
1012.6,13.5,105.6
1012.7,12.4,105.6
1012.8,12.3,105.6
1012.9,13.6,105.6
1013.0,13.0,105.6
1013.1,12.8,105.6
1013.2,13.5,105.6
1013.3,13.6,105.6
1013.4,0.0,105.6
1013.5,13.4,105.6
1013.6,26.2,105.6
1013.7,24.6,105.6
1013.8,13.6,105.6
1013.9,13.9,105.6
1014.0,12.8,105.6
1014.1,0.0,105.6
1014.2,13.3,105.6
1014.3,13.6,105.6
1014.4,0.0,105.6
1014.5,13.6,105.6
1014.6,25.7,105.6
1014.7,12.9,105.6
1014.8,12.8,105.6
1014.9,12.7,105.6
1015.0,14.1,105.6
1015.1,0.0,105.6
1015.2,13.3,105.6
1015.3,13.6,105.6
1015.4,24.6,105.6
1015.5,12.5,105.6
1015.6,13.4,105.6
1015.7,0.0,105.6
1015.8,13.3,105.6
1015.9,12.9,105.6
1016.0,13.2,105.6
1016.1,13.5,105.6
1016.2,12.6,105.6
1016.3,12.3,105.6
1016.4,12.5,105.6
1016.5,12.7,105.6
1016.6,13.5,105.6
1016.7,13.2,105.6
1016.8,13.1,105.6
1016.9,13.8,105.6
1017.0,13.2,105.6
1017.1,13.6,105.6
1017.2,13.0,105.6
1017.3,24.8,105.6
1017.4,25.2,105.6
1017.5,25.3,105.6
1017.6,12.3,105.6
1017.7,11.7,105.6
1017.8,13.5,105.6
1017.9,13.4,105.6
1018.0,12.7,105.6
1018.1,13.0,105.6
1018.2,24.7,105.6
1018.3,13.9,105.6
1018.4,12.3,105.6
1018.5,13.2,105.6
1018.6,13.1,105.6
1018.7,13.6,105.6
1018.8,13.7,105.6
1018.9,0.0,105.6
1019.0,12.3,105.6
1019.1,13.2,105.6
1019.2,0.0,105.6
1019.3,13.2,105.6
1019.4,13.5,105.6
1019.5,12.5,105.6
1019.6,13.2,105.6
1019.7,13.5,105.6
1019.8,13.2,105.6
1019.9,13.5,105.6
1020.0,13.5,105.6
1020.1,13.1,105.6
1020.2,13.3,105.6
1020.3,13.6,105.6
1020.4,12.5,105.6
1020.5,13.3,105.6
1020.6,13.3,105.6
1020.7,13.6,105.6
1020.8,13.3,105.6
1020.9,13.1,105.6
1021.0,13.5,105.6
1021.1,0.0,105.6
1021.2,12.9,105.6
1021.3,26.1,105.6
1021.4,12.8,105.6
1021.5,13.1,105.6
1021.6,13.3,105.6
1021.7,13.4,105.6
1021.8,24.7,105.6
1021.9,13.4,105.6
1022.0,13.7,105.6
1022.1,13.8,105.6
1022.2,13.5,105.6
1022.3,13.7,105.6
1022.4,13.5,105.6
1022.5,13.6,105.6
1022.6,13.3,105.6
1022.7,13.5,105.6
1022.8,12.8,105.6
1022.9,13.7,105.6
1023.0,12.8,105.6
1023.1,13.9,105.6
1023.2,13.5,105.6
1023.3,0.0,105.6
1023.4,13.3,105.6
1023.5,13.3,105.6
1023.6,13.4,105.6
1023.7,13.4,105.6
1023.8,12.3,105.6
1023.9,14.0,105.6
1024.0,13.2,105.6
1024.1,13.3,105.6
1024.2,13.1,105.6
1024.3,13.3,105.6
1024.4,13.3,105.6
1024.5,0.0,105.6
1024.6,13.6,105.6
1024.7,13.4,105.6
1024.8,13.5,105.6
1024.9,12.9,105.6
1025.0,0.0,105.6
1025.1,13.6,105.6
1025.2,25.5,105.6
1025.3,12.4,105.6
1025.4,13.7,105.6
1025.5,13.6,105.6
1025.6,12.7,105.6
1025.7,13.2,105.6
1025.8,13.6,105.6
1025.9,13.3,105.6
1026.0,24.8,105.6
1026.1,25.5,105.6
1026.2,13.4,105.6
1026.3,26.1,105.6
1026.4,12.1,105.6
1026.5,25.2,105.6
1026.6,13.7,105.6
1026.7,13.0,105.6
1026.8,24.7,105.6
1026.9,25.1,105.6
1027.0,13.4,105.6
1027.1,13.1,105.6
1027.2,0.0,105.6
1027.3,12.3,105.6
1027.4,13.0,105.6
1027.5,13.7,105.6
1027.6,13.3,105.6
1027.7,13.3,105.6
1027.8,13.6,105.6
1027.9,13.2,105.6
1028.0,13.5,105.6
1028.1,13.9,105.6
1028.2,13.0,105.6
1028.3,25.0,105.6
1028.4,13.1,105.6
1028.5,0.0,105.6
1028.6,0.0,105.6
1028.7,13.2,105.6
1028.8,13.7,105.6
1028.9,13.7,105.6
1029.0,13.7,105.6
1029.1,25.6,105.6
1029.2,13.2,105.6
1029.3,13.5,105.6
1029.4,13.7,105.6
1029.5,25.7,105.6
1029.6,13.9,105.6
1029.7,14.0,105.6
1029.8,13.4,105.6
1029.9,13.4,105.6
1030.0,12.7,105.6
1030.1,14.3,105.6
1030.2,14.2,105.6
1030.3,13.7,105.6
1030.4,13.2,105.6
1030.5,13.3,105.6
1030.6,13.5,105.6
1030.7,13.4,105.6
1030.8,13.7,105.6
1030.9,13.7,105.6
1031.0,25.1,105.6
1031.1,13.5,105.6
1031.2,12.7,105.6
1031.3,13.1,105.6
1031.4,26.1,105.6
1031.5,13.0,105.6
1031.6,13.5,105.6
1031.7,24.7,105.6
1031.8,0.0,105.6
1031.9,13.5,105.6
1032.0,13.9,105.6
1032.1,13.4,105.6
1032.2,12.9,105.6
1032.3,13.4,105.6
1032.4,13.6,105.6
1032.5,25.0,105.6
1032.6,13.7,105.6
1032.7,25.3,105.6
1032.8,13.3,105.6
1032.9,12.8,105.6
1033.0,0.0,105.6
1033.1,0.0,105.6
1033.2,14.3,105.6
1033.3,13.3,105.6
1033.4,13.5,105.6
1033.5,13.4,105.6
1033.6,13.1,105.6
1033.7,25.7,105.6
1033.8,13.5,105.6
1033.9,26.0,105.6
1034.0,13.2,105.6
1034.1,12.8,105.6
1034.2,25.9,105.6
1034.3,13.3,105.6
1034.4,13.0,105.6
1034.5,27.1,105.6
1034.6,12.6,105.6
1034.7,0.0,105.6
1034.8,13.6,105.6
1034.9,12.5,105.6
1035.0,13.3,105.6
1035.1,13.3,105.6
1035.2,26.3,105.6
1035.3,13.6,105.6
1035.4,13.3,105.6
1035.5,13.6,105.6
1035.6,13.2,105.6
1035.7,0.0,105.6
1035.8,13.8,105.6
1035.9,13.0,105.6
1036.0,13.3,105.6
1036.1,13.5,105.6
1036.2,13.6,105.6
1036.3,0.0,105.6
1036.4,13.1,105.6
1036.5,26.5,105.6
1036.6,12.8,105.6
1036.7,13.2,105.6
1036.8,13.5,105.6
1036.9,13.7,105.6
1037.0,13.7,105.6
1037.1,25.9,105.6
1037.2,13.4,105.6
1037.3,13.5,105.6
1037.4,13.6,105.6
1037.5,24.3,105.6
1037.6,12.5,105.6
1037.7,12.7,105.6
1037.8,13.0,105.6
1037.9,13.2,105.6
1038.0,13.4,105.6
1038.1,13.3,105.6
1038.2,13.4,105.6
1038.3,13.4,105.6
1038.4,13.4,105.6
1038.5,25.2,105.6
1038.6,13.4,105.6
1038.7,12.6,105.6
1038.8,25.2,105.6
1038.9,13.4,105.6
1039.0,13.2,105.6
1039.1,0.0,105.6
1039.2,13.5,105.6
1039.3,13.5,105.6
1039.4,13.0,105.6
1039.5,25.4,105.6
1039.6,13.3,105.6
1039.7,13.4,105.6
1039.8,25.4,105.6
1039.9,13.8,105.6
1040.0,14.4,105.6
1040.1,24.6,105.6
1040.2,13.4,105.6
1040.3,13.3,105.6
1040.4,13.0,105.6
1040.5,11.7,105.6
1040.6,25.8,105.6
1040.7,25.6,105.6
1040.8,13.1,105.6
1040.9,13.1,105.6
1041.0,13.8,105.6
1041.1,12.7,105.6
1041.2,13.8,105.6
1041.3,0.0,105.6
1041.4,13.1,105.6
1041.5,13.7,105.6
1041.6,12.5,105.6
1041.7,12.9,105.6
1041.8,13.5,105.6
1041.9,13.4,105.6
1042.0,13.5,105.6
1042.1,13.3,105.6
1042.2,13.3,105.6
1042.3,13.5,105.6
1042.4,13.4,105.6
1042.5,13.7,105.6
1042.6,12.9,105.6
1042.7,13.8,105.6
1042.8,13.4,105.6
1042.9,26.9,105.6
1043.0,13.5,105.6
1043.1,14.2,105.6
1043.2,13.3,105.6
1043.3,12.8,105.6
1043.4,0.0,105.6
1043.5,12.6,105.6
1043.6,12.4,105.6
1043.7,12.8,105.6
1043.8,0.0,105.6
1043.9,13.6,105.6
1044.0,25.6,105.6
1044.1,13.4,105.6
1044.2,13.4,105.6
1044.3,13.8,105.6
1044.4,13.4,105.6
1044.5,12.7,105.6
1044.6,13.4,105.6
1044.7,13.3,105.6
1044.8,25.5,105.6
1044.9,26.0,105.6
1045.0,13.9,105.6
1045.1,13.5,105.6
1045.2,13.1,105.6
1045.3,14.1,105.6
1045.4,13.3,105.6
1045.5,13.2,105.6
1045.6,25.6,105.6
1045.7,13.3,105.6
1045.8,0.0,105.6
1045.9,37.9,105.6
1046.0,13.1,105.6
1046.1,13.4,105.6
1046.2,13.6,105.6
1046.3,0.0,105.6
1046.4,13.0,105.6
1046.5,13.3,105.6
1046.6,13.3,105.6
1046.7,13.2,105.6
1046.8,13.5,105.6
1046.9,13.4,105.6
1047.0,13.3,105.6
1047.1,13.5,105.6
1047.2,13.5,105.6
1047.3,12.9,105.6
1047.4,26.0,105.6
1047.5,25.3,105.6
1047.6,13.4,105.6
1047.7,26.0,105.6
1047.8,25.4,105.6
1047.9,14.3,105.6
1048.0,13.4,105.6
1048.1,0.0,105.6
1048.2,14.1,105.6
1048.3,13.1,105.6
1048.4,13.7,105.6
1048.5,13.7,105.6
1048.6,13.7,105.6
1048.7,0.0,105.6
1048.8,13.3,105.6
1048.9,13.4,105.6
1049.0,12.4,105.6
1049.1,13.6,105.6
1049.2,13.4,105.6
1049.3,12.9,105.6
1049.4,13.7,105.6
1049.5,0.0,105.6
1049.6,13.2,105.6
1049.7,13.4,105.6
1049.8,13.5,105.6
1049.9,13.6,105.6
1050.0,13.2,105.6
1050.1,13.2,105.6
1050.2,13.7,105.6
1050.3,13.0,105.6
1050.4,13.1,105.6
1050.5,13.4,105.6
1050.6,14.3,105.6
1050.7,13.6,105.6
1050.8,0.0,105.6
1050.9,13.5,105.6
1051.0,14.0,105.6
1051.1,54.2,106.39
1051.2,105.2,106.39
1051.3,124.4,106.45
1051.4,28.8,106.46
1051.5,13.5,106.54
1051.6,24.8,106.54
1051.7,12.6,106.54
1051.8,12.9,106.54
1051.9,0.0,106.54
1052.0,0.0,106.54
1052.1,12.9,106.54
1052.2,12.9,106.54
1052.3,13.3,106.54
1052.4,0.0,106.54
1052.5,13.3,106.54
1052.6,25.9,106.54
1052.7,13.4,106.55
1052.8,13.5,106.55
1052.9,13.7,106.55
1053.0,12.4,106.55
1053.1,13.4,106.55
1053.2,13.5,106.55
1053.3,13.7,106.55
1053.4,13.0,106.55
1053.5,13.4,106.55
1053.6,0.0,106.55
1053.7,62.6,106.56
1053.8,110.3,106.56
1053.9,83.9,106.56
1054.0,27.0,106.56
1054.1,12.9,106.56
1054.2,25.1,106.56
1054.3,13.7,106.56
1054.4,12.3,106.56
1054.5,13.1,106.56
1054.6,13.5,106.56
1054.7,13.6,106.56
1054.8,13.4,106.56
1054.9,13.5,106.56
1055.0,25.7,106.56
1055.1,13.6,106.56
1055.2,14.2,106.56
1055.3,25.1,106.56
1055.4,13.1,106.56
1055.5,13.2,106.56
1055.6,12.2,106.56
1055.7,13.1,106.56
1055.8,13.4,106.56
1055.9,0.0,106.56
1056.0,13.0,106.56
1056.1,0.0,106.56
1056.2,12.4,106.56
1056.3,27.1,106.21
1056.4,24.3,106.21
1056.5,12.8,106.21
1056.6,25.1,106.21
1056.7,26.4,106.22
1056.8,14.3,106.22
1056.9,12.8,106.22
1057.0,13.6,106.22
1057.1,10.5,106.22
1057.2,40.2,121.19
1057.3,26.7,106.22
1057.4,0.0,106.22
1057.5,0.0,106.22
1057.6,0.0,106.22
