time_offset_sec,cpu_percent,memory_rss_mb
0.0,0.0,92.41
0.1,104.5,92.85
0.2,14.8,92.91
0.3,14.0,92.91
0.4,0.0,92.91
0.5,0.0,92.91
0.6,28.5,93.0
0.7,14.7,93.39
0.8,14.5,93.4
0.9,14.1,93.4
1.0,14.5,93.4
1.1,14.0,93.4
1.2,14.1,93.4
1.3,14.0,93.4
1.4,14.0,93.4
1.5,0.0,93.4
1.6,0.0,93.4
1.7,0.0,93.4
1.8,0.0,93.4
1.9,0.0,93.4
2.0,0.0,93.4
2.1,0.0,93.4
2.2,14.1,93.4
2.3,14.1,93.4
2.4,14.1,93.4
2.5,14.0,93.4
2.6,14.2,93.4
2.7,14.0,93.4
2.8,14.1,93.4
2.9,0.0,93.41
3.0,0.0,93.41
3.1,0.0,93.41
3.2,0.0,93.41
3.3,0.0,93.41
3.4,0.0,93.41
3.5,0.0,93.41
3.6,0.0,93.41
3.7,14.0,93.41
3.8,14.1,93.41
3.9,14.0,93.41
4.0,14.1,93.41
4.1,14.0,93.41
4.2,14.2,93.41
4.3,0.0,93.41
4.4,0.0,93.41
4.5,0.0,93.41
4.6,14.0,93.41
4.7,13.8,93.41
4.8,14.1,93.41
4.9,14.1,93.41
5.0,14.0,93.41
5.1,0.0,93.41
5.2,0.0,93.41
5.3,14.1,93.41
5.4,0.0,93.41
5.5,0.0,93.41
5.6,0.0,93.41
5.7,13.9,93.41
5.8,14.1,93.41
5.9,13.9,93.41
6.0,14.2,93.41
6.1,14.1,93.41
6.2,0.0,93.41
6.3,0.0,93.41
6.4,0.0,93.41
6.5,0.0,93.41
6.6,14.0,93.41
6.7,0.0,93.41
6.8,14.0,93.41
6.9,14.3,93.41
7.0,0.0,93.41
7.1,0.0,93.41
7.2,0.0,93.41
7.3,0.0,93.41
7.4,14.0,93.41
7.5,14.1,93.41
7.6,14.3,93.41
7.7,14.1,93.41
7.8,14.1,93.41
7.9,14.3,93.41
8.0,14.0,93.41
8.1,14.0,93.41
8.2,0.0,93.41
8.3,14.4,93.41
8.4,14.0,93.41
8.5,14.5,93.41
8.6,14.1,93.41
8.7,14.0,93.41
8.8,0.0,93.41
8.9,0.0,93.41
9.0,0.0,93.41
9.1,0.0,93.41
9.2,14.0,93.41
9.3,14.5,93.41
9.4,14.1,93.41
9.5,14.5,93.41
9.6,14.2,93.41
9.7,14.1,93.41
9.8,14.0,93.41
9.9,14.4,93.41
10.0,14.1,93.41
10.1,28.0,93.41
10.2,0.0,93.41
10.3,14.1,93.41
10.4,0.0,93.41
10.5,0.0,93.41
10.6,14.0,93.41
10.7,14.1,93.41
10.8,14.0,93.41
10.9,14.1,93.41
11.0,14.0,93.41
11.1,13.9,93.41
11.2,0.0,93.41
11.3,0.0,93.41
11.4,14.0,93.41
11.5,14.4,93.41
11.6,13.6,93.41
11.7,0.0,93.41
11.8,14.1,93.41
11.9,0.0,93.41
12.0,0.0,93.41
12.1,13.9,93.41
12.2,14.1,93.41
12.3,14.0,93.41
12.4,14.1,93.41
12.5,13.8,93.41
12.6,0.0,93.41
12.7,0.0,93.41
12.8,14.0,93.41
12.9,14.4,93.41
13.0,14.1,93.41
13.1,14.1,93.41
13.2,14.0,93.41
13.3,13.8,93.41
13.4,0.0,93.41
13.5,14.0,93.41
13.6,14.0,93.41
13.7,14.1,93.41
13.8,14.4,93.41
13.9,14.1,93.41
14.0,13.9,93.41
14.1,14.0,93.41
14.2,0.0,93.41
14.3,0.0,93.41
14.4,13.9,93.41
14.5,14.1,93.41
14.6,14.0,93.41
14.7,14.1,93.41
14.8,13.9,93.41
14.9,0.0,93.41
15.0,0.0,93.41
15.1,0.0,93.41
15.2,14.0,93.41
15.3,14.1,93.41
15.4,14.0,93.41
15.5,14.4,93.41
15.6,14.0,93.41
15.7,14.1,93.41
15.8,14.0,93.41
15.9,0.0,93.41
16.0,0.0,93.41
16.1,14.1,93.41
16.2,13.8,93.41
16.3,14.0,93.41
16.4,14.1,93.41
16.5,0.0,93.41
16.6,0.0,93.41
16.7,0.0,93.41
16.8,0.0,93.41
16.9,14.0,93.41
17.0,14.0,93.41
17.1,14.0,93.41
17.2,13.8,93.41
17.3,0.0,93.41
17.4,14.1,93.41
17.5,14.3,93.41
17.6,14.1,93.41
17.7,14.4,93.41
17.8,14.1,93.41
17.9,14.1,93.41
18.0,0.0,93.41
18.1,13.8,93.41
18.2,14.0,93.41
18.3,14.1,93.41
18.4,14.0,93.41
18.5,14.0,93.41
18.6,14.0,93.41
18.7,0.0,93.41
18.8,0.0,93.41
18.9,0.0,93.41
19.0,13.9,93.41
19.1,14.1,93.41
19.2,14.3,93.41
19.3,14.1,93.41
19.4,14.0,93.41
19.5,14.1,93.41
19.6,14.5,93.41
19.7,13.9,93.41
19.8,0.0,93.41
19.9,0.0,93.41
20.0,0.0,93.41
20.1,14.1,93.41
20.2,14.1,93.41
20.3,14.1,93.41
20.4,0.0,93.41
20.5,13.8,93.41
20.6,0.0,93.41
20.7,0.0,93.41
20.8,14.1,93.41
20.9,14.0,93.41
21.0,14.0,93.41
21.1,14.0,93.41
21.2,14.1,93.41
21.3,14.0,93.41
21.4,0.0,93.41
21.5,0.0,93.41
21.6,0.0,93.41
21.7,13.9,93.41
21.8,14.4,93.41
21.9,14.0,93.41
22.0,14.0,93.41
22.1,14.1,93.41
22.2,13.8,93.41
22.3,0.0,93.41
22.4,0.0,93.41
22.5,14.1,93.41
22.6,14.2,93.41
22.7,14.0,93.41
22.8,14.5,93.41
22.9,14.3,93.41
23.0,14.5,93.41
23.1,13.9,93.41
23.2,14.0,93.41
23.3,0.0,93.41
23.4,14.1,93.41
23.5,0.0,93.41
23.6,14.0,93.41
23.7,0.0,93.41
23.8,0.0,93.41
23.9,14.1,93.41
24.0,14.0,93.41
24.1,14.0,93.41
24.2,13.8,93.41
24.3,14.1,93.41
24.4,0.0,93.41
24.5,0.0,93.41
24.6,14.1,93.41
24.7,14.0,93.41
24.8,14.4,93.41
24.9,14.2,93.41
25.0,14.0,93.41
25.1,13.8,93.41
25.2,14.0,93.41
25.3,0.0,93.41
25.4,0.0,93.41
25.5,14.1,93.41
25.6,14.1,93.41
25.7,14.0,93.41
25.8,13.9,93.41
25.9,14.1,93.41
26.0,0.0,93.41
26.1,0.0,93.41
26.2,0.0,93.41
26.3,0.0,93.41
26.4,14.1,93.41
26.5,14.1,93.41
26.6,14.1,93.41
26.7,14.1,93.41
26.8,13.7,93.41
26.9,0.0,93.41
27.0,13.9,93.41
27.1,14.0,93.41
27.2,14.2,93.41
27.3,14.0,93.41
27.4,14.0,93.41
27.5,14.1,93.41
27.6,14.0,93.41
27.7,0.0,93.41
27.8,14.1,93.41
27.9,14.1,93.41
28.0,14.0,93.41
28.1,0.0,93.41
28.2,13.9,93.41
28.3,14.0,93.41
28.4,13.9,93.41
28.5,14.0,93.41
28.6,14.2,93.41
28.7,14.6,93.41
28.8,14.1,93.41
28.9,14.0,93.41
29.0,0.0,93.41
29.1,0.0,93.41
29.2,0.0,93.41
29.3,0.0,93.41
29.4,0.0,93.41
29.5,0.0,93.41
29.6,0.0,93.41
29.7,14.0,93.41
29.8,14.1,93.41
29.9,14.1,93.41
30.0,14.2,93.41
30.1,14.2,93.41
30.2,14.1,93.41
30.3,0.0,93.41
30.4,0.0,93.41
30.5,14.0,93.41
30.6,0.0,93.41
30.7,0.0,93.41
30.8,0.0,93.41
30.9,13.8,93.41
31.0,14.2,93.41
31.1,14.0,93.41
31.2,14.1,93.39
31.3,14.1,93.39
31.4,13.9,93.39
31.5,0.0,93.39
31.6,14.0,93.39
31.7,14.1,93.39
31.8,13.9,93.39
31.9,14.0,93.39
32.0,14.1,93.39
32.1,14.0,93.39
32.2,0.0,93.39
32.3,0.0,93.39
32.4,14.1,93.39
32.5,14.1,93.39
32.6,0.0,93.39
32.7,14.1,93.39
32.8,14.0,93.39
32.9,14.0,93.39
33.0,0.0,93.39
33.1,0.0,93.39
33.2,0.0,93.39
33.3,14.1,93.39
33.4,14.1,93.39
33.5,13.9,93.39
33.6,14.1,93.39
33.7,14.1,93.39
33.8,13.8,93.39
33.9,0.0,93.39
34.0,14.0,93.39
34.1,14.0,93.39
34.2,14.1,93.39
34.3,14.1,93.39
34.4,14.1,93.39
34.5,14.1,93.39
34.6,14.0,93.39
34.7,0.0,93.39
34.8,14.0,93.39
34.9,13.9,93.39
35.0,14.0,93.39
35.1,14.0,93.39
35.2,14.0,93.39
35.3,0.0,93.39
35.4,14.1,93.39
35.5,0.0,93.39
35.6,0.0,93.39
35.7,0.0,93.39
35.8,0.0,93.39
35.9,0.0,93.39
36.0,0.0,93.39
36.1,0.0,93.39
36.2,14.0,93.39
36.3,14.0,93.39
36.4,14.1,93.39
36.5,14.1,93.39
36.6,14.1,93.39
36.7,14.0,93.39
36.8,0.0,93.39
36.9,0.0,93.39
37.0,0.0,93.39
37.1,0.0,93.39
37.2,14.1,93.39
37.3,14.0,93.39
37.4,14.1,93.39
37.5,14.1,93.39
37.6,14.1,93.39
37.7,14.0,93.39
37.8,0.0,93.39
37.9,0.0,93.39
38.0,0.0,93.39
38.1,13.8,93.39
38.2,14.1,93.39
38.3,14.2,93.39
38.4,14.0,93.39
38.5,14.6,93.39
38.6,14.0,93.39
38.7,14.1,93.39
38.8,14.1,93.39
38.9,0.0,93.39
39.0,0.0,93.39
39.1,0.0,93.39
39.2,14.2,93.39
39.3,14.1,93.39
39.4,14.0,93.39
39.5,13.9,93.39
39.6,14.0,93.39
39.7,0.0,93.39
39.8,0.0,93.39
39.9,0.0,93.39
40.0,0.0,93.39
40.1,14.0,93.39
40.2,14.0,93.39
40.3,14.1,93.39
40.4,14.1,93.39
40.5,14.0,93.39
40.6,14.1,93.39
40.7,0.0,93.39
40.8,0.0,93.39
40.9,0.0,93.39
41.0,14.0,93.39
41.1,14.0,93.39
41.2,14.1,93.39
41.3,14.1,93.39
41.4,14.1,93.39
41.5,14.1,93.39
41.6,0.0,93.39
41.7,0.0,93.39
41.8,14.0,93.39
41.9,14.4,93.39
42.0,0.0,93.39
42.1,0.0,93.39
42.2,14.1,93.39
42.3,14.1,93.39
42.4,14.1,93.39
42.5,14.1,93.39
42.6,14.7,93.39
42.7,14.1,93.39
42.8,14.1,93.39
42.9,14.0,93.39
43.0,14.0,93.39
43.1,14.0,93.39
43.2,0.0,93.39
43.3,0.0,93.39
43.4,0.0,93.39
43.5,13.8,93.39
43.6,14.1,93.39
43.7,13.8,93.39
43.8,0.0,93.39
43.9,0.0,93.39
44.0,0.0,93.39
44.1,13.9,93.39
44.2,14.0,93.39
44.3,14.4,93.39
44.4,14.1,93.39
44.5,13.9,93.39
44.6,13.9,93.39
44.7,0.0,93.39
44.8,0.0,93.39
44.9,14.1,93.39
45.0,14.0,93.39
45.1,14.1,93.39
45.2,14.1,93.39
45.3,0.0,93.39
45.4,0.0,93.39
45.5,0.0,93.39
45.6,0.0,93.39
45.7,14.0,93.39
45.8,0.0,93.39
45.9,0.0,93.39
46.0,0.0,93.39
46.1,14.0,93.39
46.2,14.0,93.39
46.3,13.9,93.39
46.4,14.0,93.39
46.5,13.9,93.39
46.6,0.0,93.39
46.7,0.0,93.39
46.8,14.1,93.39
46.9,14.1,93.39
47.0,13.9,93.39
47.1,14.1,93.39
47.2,0.0,93.39
47.3,0.0,93.39
47.4,0.0,93.39
47.5,0.0,93.39
47.6,14.1,93.39
47.7,14.0,93.39
47.8,14.1,93.39
47.9,14.0,93.39
48.0,14.5,93.39
48.1,0.0,93.39
48.2,13.9,93.39
48.3,0.0,93.39
48.4,0.0,93.39
48.5,14.0,93.39
48.6,14.1,93.39
48.7,14.0,93.39
48.8,13.8,93.39
48.9,14.0,93.39
49.0,0.0,93.39
49.1,0.0,93.39
49.2,0.0,93.39
49.3,14.0,93.39
49.4,14.4,93.39
49.5,14.1,93.39
49.6,14.0,93.39
49.7,14.1,93.39
49.8,14.1,93.39
49.9,14.0,93.39
50.0,14.1,93.39
50.1,0.0,93.39
50.2,0.0,93.39
50.3,0.0,93.39
50.4,0.0,93.39
50.5,0.0,93.39
50.6,0.0,93.39
50.7,0.0,93.39
50.8,0.0,93.39
50.9,0.0,93.39
51.0,0.0,93.39
51.1,14.1,93.39
51.2,14.7,93.39
51.3,14.0,93.39
51.4,14.5,93.39
51.5,14.0,93.39
51.6,14.5,93.39
51.7,14.2,93.39
51.8,14.1,93.39
51.9,14.1,93.39
52.0,14.1,93.39
52.1,0.0,93.39
52.2,14.9,93.39
52.3,0.0,93.39
52.4,0.0,93.39
52.5,0.0,93.39
52.6,0.0,93.39
52.7,14.2,93.39
52.8,14.0,93.39
52.9,14.1,93.39
53.0,14.1,93.39
53.1,13.8,93.39
53.2,0.0,93.39
53.3,13.9,93.39
53.4,14.1,93.39
53.5,14.0,93.39
53.6,14.1,93.39
53.7,14.1,93.39
53.8,13.8,93.39
53.9,0.0,93.39
54.0,0.0,93.39
54.1,14.0,93.41
54.2,14.1,93.41
54.3,14.1,93.41
54.4,0.0,93.41
54.5,14.1,93.41
54.6,14.0,93.41
54.7,0.0,93.41
54.8,0.0,93.41
54.9,0.0,93.41
55.0,0.0,93.41
55.1,14.0,93.41
55.2,14.1,93.41
55.3,14.1,93.41
55.4,14.1,93.41
55.5,14.1,93.41
55.6,14.1,93.41
55.7,0.0,93.41
55.8,14.0,93.41
55.9,0.0,93.41
56.0,0.0,93.41
56.1,14.1,93.41
56.2,14.0,93.41
56.3,14.0,93.41
56.4,14.0,93.41
56.5,14.2,93.41
56.6,14.1,93.41
56.7,0.0,93.41
56.8,0.0,93.41
56.9,0.0,93.41
57.0,14.0,93.41
57.1,14.1,93.41
57.2,14.0,93.41
57.3,14.0,93.41
57.4,14.0,93.41
57.5,14.1,93.41
57.6,0.0,93.41
57.7,0.0,93.41
57.8,0.0,93.41
57.9,14.0,93.41
58.0,14.0,93.41
58.1,14.1,93.41
58.2,14.1,93.41
58.3,14.2,93.41
58.4,0.0,93.41
58.5,14.1,93.41
58.6,0.0,93.41
58.7,0.0,93.41
58.8,14.0,93.41
58.9,14.0,93.41
59.0,0.0,93.41
59.1,14.2,93.41
59.2,14.5,93.41
59.3,0.0,93.41
59.4,14.1,93.41
59.5,14.0,93.41
59.6,13.9,93.41
59.7,14.9,93.41
59.8,14.0,93.41
59.9,14.0,93.41
60.0,14.1,93.41
60.1,13.4,93.41
60.2,0.0,93.41
60.3,0.0,93.41
60.4,13.3,93.41
60.5,14.0,93.41
60.6,13.5,93.41
60.7,0.0,93.41
60.8,13.8,93.41
60.9,13.4,93.41
61.0,0.0,93.41
61.1,13.7,93.41
61.2,13.2,93.41
61.3,0.0,93.41
61.4,0.0,93.41
61.5,13.5,93.41
61.6,14.0,93.41
61.7,13.3,93.41
61.8,14.0,93.41
61.9,13.6,93.41
62.0,14.1,93.41
62.1,13.4,93.41
62.2,13.4,93.41
62.3,14.1,93.41
62.4,0.0,93.41
62.5,0.0,93.41
62.6,13.4,93.41
62.7,13.6,93.41
62.8,13.3,93.41
62.9,14.0,93.41
63.0,13.7,93.41
63.1,13.4,93.41
63.2,14.0,93.41
63.3,13.5,93.41
63.4,0.0,93.41
63.5,13.4,93.41
63.6,14.0,93.41
63.7,26.2,93.41
63.8,13.9,93.41
63.9,14.5,93.41
64.0,14.1,93.41
64.1,13.4,93.41
64.2,0.0,93.41
64.3,13.8,93.41
64.4,13.7,93.41
64.5,0.0,93.41
64.6,14.1,93.41
64.7,13.8,93.41
64.8,0.0,93.41
64.9,13.4,93.41
65.0,13.9,93.41
65.1,14.1,93.41
65.2,14.1,93.41
65.3,13.3,93.41
65.4,0.0,93.41
65.5,0.0,93.41
65.6,0.0,93.41
65.7,14.0,93.41
65.8,0.0,93.41
65.9,0.0,93.41
66.0,13.4,93.41
66.1,0.0,93.41
66.2,0.0,93.41
66.3,0.0,93.41
66.4,14.0,93.41
66.5,14.0,93.41
66.6,13.2,93.41
66.7,14.4,93.41
66.8,13.5,93.41
66.9,13.9,93.41
67.0,0.0,93.41
67.1,13.5,93.41
67.2,13.8,93.41
67.3,0.0,93.41
67.4,13.2,93.41
67.5,13.8,93.41
67.6,13.5,93.41
67.7,13.6,93.41
67.8,13.3,93.41
67.9,14.0,93.41
68.0,14.0,93.41
68.1,14.0,93.41
68.2,14.0,93.41
68.3,13.4,93.41
68.4,13.3,93.41
68.5,26.6,93.41
68.6,13.2,93.41
68.7,13.3,93.41
68.8,13.9,93.41
68.9,14.0,93.41
69.0,13.6,93.41
69.1,0.0,93.41
69.2,13.3,93.41
69.3,14.0,93.41
69.4,13.7,93.41
69.5,0.0,93.41
69.6,13.7,93.41
69.7,13.6,93.41
69.8,0.0,93.41
69.9,14.0,93.41
70.0,14.1,93.41
70.1,13.5,93.41
70.2,0.0,93.41
70.3,0.0,93.41
70.4,13.9,93.41
70.5,14.0,93.41
70.6,0.0,93.41
70.7,0.0,93.41
70.8,0.0,93.41
70.9,0.0,93.41
71.0,13.0,93.41
71.1,13.3,93.41
71.2,14.0,93.41
71.3,13.9,93.41
71.4,0.0,93.41
71.5,13.4,93.41
71.6,14.1,93.41
71.7,13.7,93.41
71.8,13.3,93.41
71.9,13.3,93.41
72.0,0.0,93.41
72.1,13.7,93.41
72.2,13.3,93.41
72.3,0.0,93.41
72.4,0.0,93.41
72.5,13.6,93.41
72.6,13.4,93.41
72.7,0.0,93.41
72.8,14.0,93.41
72.9,14.1,93.41
73.0,14.0,93.41
73.1,14.0,93.41
73.2,13.9,93.41
73.3,13.3,93.41
73.4,13.9,93.41
73.5,13.7,93.41
73.6,12.6,93.41
73.7,0.0,93.41
73.8,13.8,93.41
73.9,13.9,93.41
74.0,14.0,93.41
74.1,14.1,93.41
74.2,13.9,93.41
74.3,0.0,93.41
74.4,13.8,93.41
74.5,0.0,93.41
74.6,13.6,93.41
74.7,0.0,93.41
74.8,14.0,93.41
74.9,13.5,93.41
75.0,14.0,93.41
75.1,13.7,93.41
75.2,14.0,93.41
75.3,13.7,93.41
75.4,0.0,93.41
75.5,14.1,93.41
75.6,13.4,93.41
75.7,14.0,93.41
75.8,0.0,93.41
75.9,0.0,93.41
76.0,0.0,93.41
76.1,13.5,93.41
76.2,14.3,93.41
76.3,13.2,93.41
76.4,0.0,93.41
76.5,13.5,93.41
76.6,14.1,93.41
76.7,13.4,93.41
76.8,13.6,93.41
76.9,13.9,93.41
77.0,14.2,93.41
77.1,14.5,93.41
77.2,13.5,93.41
77.3,0.0,93.41
77.4,12.8,93.41
77.5,0.0,93.41
77.6,13.4,93.41
77.7,13.9,93.41
77.8,13.5,93.41
77.9,13.5,93.41
78.0,14.0,93.41
78.1,0.0,93.41
78.2,0.0,93.41
78.3,13.9,93.41
78.4,13.9,93.41
78.5,14.0,93.41
78.6,13.4,93.41
78.7,13.9,93.41
78.8,13.5,93.41
78.9,14.3,93.41
79.0,14.4,93.41
79.1,13.8,93.41
79.2,13.4,93.41
79.3,13.8,93.41
79.4,14.2,93.41
79.5,14.0,93.41
79.6,13.5,93.41
79.7,14.3,93.41
79.8,14.1,93.41
79.9,13.2,93.41
80.0,13.4,93.41
80.1,14.0,93.41
80.2,14.0,93.41
80.3,26.3,93.41
80.4,0.0,93.41
80.5,13.5,93.41
80.6,13.4,93.41
80.7,0.0,93.41
80.8,13.6,93.41
80.9,13.7,93.41
81.0,0.0,93.41
81.1,13.5,93.41
81.2,14.1,93.41
81.3,13.4,93.41
81.4,13.8,93.41
81.5,13.8,93.41
81.6,13.7,93.41
81.7,0.0,93.41
81.8,14.1,93.41
81.9,14.3,93.41
82.0,14.0,93.41
82.1,14.1,93.41
82.2,13.5,93.41
82.3,13.7,93.41
82.4,13.1,93.41
82.5,13.9,93.41
82.6,13.8,93.41
82.7,14.3,93.41
82.8,14.0,93.41
82.9,13.5,93.41
83.0,13.9,93.41
83.1,14.1,93.41
83.2,14.2,93.41
83.3,13.5,93.41
83.4,13.4,93.41
83.5,14.1,93.41
83.6,14.0,93.41
83.7,14.0,93.41
83.8,14.1,93.41
83.9,14.0,93.41
84.0,13.4,93.41
84.1,14.1,93.41
84.2,14.0,93.41
84.3,13.3,93.41
84.4,0.0,93.41
84.5,13.4,93.41
84.6,14.4,93.41
84.7,14.0,93.41
84.8,13.9,93.41
84.9,0.0,93.41
85.0,13.5,93.41
85.1,14.1,93.41
85.2,14.0,93.41
85.3,14.0,93.41
85.4,13.5,93.41
85.5,14.1,93.41
85.6,14.2,93.41
85.7,13.7,93.41
85.8,26.7,93.41
85.9,14.0,93.41
86.0,13.6,93.41
86.1,13.3,93.41
86.2,0.0,93.41
86.3,0.0,93.41
86.4,13.9,93.41
86.5,13.7,93.41
86.6,14.7,93.41
86.7,14.0,93.41
86.8,13.5,93.41
86.9,0.0,93.41
87.0,13.9,93.41
87.1,13.8,93.41
87.2,13.5,93.41
87.3,0.0,93.41
87.4,0.0,93.41
87.5,0.0,93.41
87.6,13.9,93.41
87.7,13.8,93.41
87.8,14.3,93.41
87.9,14.2,93.41
88.0,13.7,93.41
88.1,0.0,93.41
88.2,14.1,93.41
88.3,13.8,93.41
88.4,13.6,93.41
88.5,0.0,93.41
88.6,13.4,93.41
88.7,14.0,93.41
88.8,14.0,93.41
88.9,0.0,93.41
89.0,13.7,93.41
89.1,13.4,93.41
89.2,13.8,93.41
89.3,13.5,93.41
89.4,14.0,93.41
89.5,13.1,93.41
89.6,13.7,93.41
89.7,14.1,93.41
89.8,13.4,93.41
89.9,0.0,93.41
90.0,13.3,93.41
90.1,13.8,93.41
90.2,14.4,93.41
90.3,13.8,93.41
90.4,13.7,93.41
90.5,13.5,93.41
90.6,14.0,93.41
90.7,0.0,93.41
90.8,14.0,93.41
90.9,13.4,93.41
91.0,13.8,93.41
91.1,13.2,93.41
91.2,13.7,93.41
91.3,0.0,93.41
91.4,0.0,93.41
91.5,13.9,93.41
91.6,13.4,93.41
91.7,0.0,93.41
91.8,13.4,93.41
91.9,13.9,93.41
92.0,0.0,93.41
92.1,13.6,93.41
92.2,13.8,93.41
92.3,13.6,93.41
92.4,0.0,93.41
92.5,0.0,93.41
92.6,0.0,93.41
92.7,13.5,93.41
92.8,0.0,93.41
92.9,0.0,93.41
93.0,0.0,93.41
93.1,0.0,93.41
93.2,0.0,93.41
93.3,14.0,93.41
93.4,14.0,93.41
93.5,13.8,93.41
93.6,14.0,93.41
93.7,13.4,93.41
93.8,13.9,93.41
93.9,13.9,93.41
94.0,14.0,93.41
94.1,12.9,93.41
94.2,13.7,93.41
94.3,0.0,93.41
94.4,13.7,93.41
94.5,13.6,93.41
94.6,0.0,93.41
94.7,0.0,93.41
94.8,13.3,93.41
94.9,0.0,93.41
95.0,13.0,93.41
95.1,13.3,93.41
95.2,13.9,93.41
95.3,26.5,93.41
95.4,14.0,93.41
95.5,13.5,93.41
95.6,0.0,93.41
95.7,13.2,93.41
95.8,13.6,93.41
95.9,0.0,93.41
96.0,13.8,93.41
96.1,14.5,93.41
96.2,0.0,93.41
96.3,14.3,93.41
96.4,13.5,93.41
96.5,13.9,93.41
96.6,14.0,93.41
96.7,0.0,93.41
96.8,13.8,93.41
96.9,13.4,93.41
97.0,14.2,93.41
97.1,0.0,93.41
97.2,13.9,93.41
97.3,14.1,93.41
97.4,14.0,93.41
97.5,14.1,93.41
97.6,13.5,93.41
97.7,14.1,93.41
97.8,14.1,93.41
97.9,13.9,93.41
98.0,13.6,93.41
98.1,0.0,93.41
98.2,13.6,93.41
98.3,13.3,93.41
98.4,0.0,93.41
98.5,13.4,93.41
98.6,14.1,93.41
98.7,14.0,93.41
98.8,14.1,93.41
98.9,0.0,93.41
99.0,0.0,93.41
99.1,0.0,93.41
99.2,0.0,93.41
99.3,0.0,93.41
99.4,14.0,93.41
99.5,13.3,93.41
99.6,13.2,93.41
99.7,13.9,93.41
99.8,13.7,93.41
99.9,13.4,93.41
100.0,13.9,93.41
100.1,14.0,93.41
100.2,14.1,93.41
100.3,13.5,93.41
100.4,14.1,93.41
100.5,13.2,93.41
100.6,0.0,93.41
100.7,14.0,93.41
100.8,13.9,93.41
100.9,14.0,93.41
101.0,14.4,93.41
101.1,14.2,93.41
101.2,13.4,93.41
101.3,13.6,93.41
101.4,13.6,93.41
101.5,26.2,93.41
101.6,14.6,93.41
101.7,13.4,93.41
101.8,14.3,93.41
101.9,14.0,93.41
102.0,13.5,93.41
102.1,13.5,93.41
102.2,13.9,93.41
102.3,14.0,93.41
102.4,0.0,93.41
102.5,0.0,93.41
102.6,13.5,93.41
102.7,14.0,93.41
102.8,13.9,93.41
102.9,13.5,93.41
103.0,13.8,93.41
103.1,13.7,93.41
103.2,13.6,93.41
103.3,13.2,93.41
103.4,13.4,93.41
103.5,13.1,93.41
103.6,13.6,93.41
103.7,13.5,93.41
103.8,14.3,93.41
103.9,13.6,93.41
104.0,14.0,93.41
104.1,0.0,93.41
104.2,13.6,93.41
104.3,14.6,93.41
104.4,0.0,93.41
104.5,0.0,93.41
104.6,0.0,93.41
104.7,13.5,93.41
104.8,13.7,93.41
104.9,13.5,93.41
105.0,13.4,93.41
105.1,14.3,93.41
105.2,14.9,93.41
105.3,13.3,93.41
105.4,13.7,93.41
105.5,14.2,93.41
105.6,14.1,93.41
105.7,0.0,93.41
105.8,13.5,93.41
105.9,14.5,93.41
106.0,14.0,93.41
106.1,14.1,93.41
106.2,14.3,93.41
106.3,13.8,93.41
106.4,0.0,93.41
106.5,0.0,93.41
106.6,13.6,93.41
106.7,14.0,93.41
106.8,13.6,93.41
106.9,13.8,93.41
107.0,13.1,93.41
107.1,13.4,93.41
107.2,14.1,93.41
107.3,13.7,93.41
107.4,14.3,93.41
107.5,0.0,93.41
107.6,13.4,93.41
107.7,13.6,93.41
107.8,0.0,93.41
107.9,14.0,93.41
108.0,14.0,93.41
108.1,13.3,93.41
108.2,13.2,93.41
108.3,13.3,93.41
108.4,0.0,93.41
108.5,13.4,93.41
108.6,14.0,93.41
108.7,14.0,93.41
108.8,0.0,93.41
108.9,13.9,93.41
109.0,14.0,93.41
109.1,14.1,93.41
109.2,13.8,93.41
109.3,0.0,93.41
109.4,13.5,93.41
109.5,13.4,93.41
109.6,13.2,93.41
109.7,13.9,93.41
109.8,14.6,93.41
109.9,13.4,93.41
110.0,13.3,93.41
110.1,13.4,93.41
110.2,0.0,93.41
110.3,14.6,93.41
110.4,13.5,93.41
110.5,0.0,93.41
110.6,0.0,93.41
110.7,0.0,93.41
110.8,0.0,93.41
110.9,0.0,93.41
111.0,0.0,93.41
111.1,13.4,93.41
111.2,14.0,93.41
111.3,0.0,93.41
111.4,13.7,93.41
111.5,0.0,93.41
111.6,0.0,93.41
111.7,14.0,93.41
111.8,13.5,93.41
111.9,14.0,93.41
112.0,13.3,93.41
112.1,14.1,93.41
112.2,0.0,93.41
112.3,13.8,93.41
112.4,13.8,93.41
112.5,13.1,93.41
112.6,0.0,93.41
112.7,13.3,93.41
112.8,13.0,93.41
112.9,13.1,93.41
113.0,13.6,93.41
113.1,13.5,93.41
113.2,26.7,93.41
113.3,14.0,93.41
113.4,13.4,93.41
113.5,0.0,93.41
113.6,13.5,93.41
113.7,14.0,93.41
113.8,13.4,93.41
113.9,0.0,93.41
114.0,12.5,93.41
114.1,12.9,93.41
114.2,0.0,93.41
114.3,13.6,93.41
114.4,0.0,93.41
114.5,13.5,93.41
114.6,14.0,93.41
114.7,13.4,93.41
114.8,0.0,93.41
114.9,13.2,93.41
115.0,13.7,93.41
115.1,0.0,93.41
115.2,13.6,93.41
115.3,14.0,93.41
115.4,13.5,93.41
115.5,14.0,93.41
115.6,13.3,93.41
115.7,0.0,93.41
115.8,12.9,93.41
115.9,13.8,93.41
116.0,0.0,93.41
116.1,13.4,93.41
116.2,13.6,93.41
116.3,13.4,93.41
116.4,14.0,93.41
116.5,13.5,93.41
116.6,0.0,93.41
116.7,25.7,93.41
116.8,0.0,93.41
116.9,0.0,93.41
117.0,13.4,93.41
117.1,13.9,93.41
117.2,13.5,93.41
117.3,13.8,93.41
117.4,13.5,93.41
117.5,0.0,93.41
117.6,14.0,93.41
117.7,13.4,93.41
117.8,12.9,93.41
117.9,14.1,93.41
118.0,14.0,93.41
118.1,13.5,93.41
118.2,14.0,93.41
118.3,13.4,93.41
118.4,0.0,93.41
118.5,13.0,93.41
118.6,14.0,93.41
118.7,0.0,93.41
118.8,13.5,93.41
118.9,14.1,93.41
119.0,13.4,93.41
119.1,0.0,93.41
119.2,13.5,93.41
119.3,14.1,93.41
119.4,13.3,93.41
119.5,13.5,93.41
119.6,13.4,93.41
119.7,13.4,93.41
119.8,14.1,93.41
119.9,13.4,93.41
120.0,0.0,93.41
120.1,13.3,93.41
120.2,14.0,93.41
120.3,13.2,93.41
120.4,14.0,93.41
120.5,13.7,93.41
120.6,26.9,93.41
120.7,13.9,93.41
120.8,13.4,93.41
120.9,0.0,93.41
121.0,13.4,93.41
121.1,28.9,93.39
121.2,23.6,93.39
121.3,0.0,93.39
121.4,13.7,93.39
121.5,14.0,93.39
121.6,13.8,93.39
121.7,26.6,93.39
121.8,13.8,93.39
121.9,13.4,93.39
122.0,13.2,93.39
122.1,13.4,93.39
122.2,13.5,93.39
122.3,12.4,93.39
122.4,13.7,93.39
122.5,13.3,93.39
122.6,13.4,93.39
122.7,0.0,93.39
122.8,14.3,93.39
122.9,14.0,93.39
123.0,13.3,93.39
123.1,0.0,93.39
123.2,26.4,93.39
123.3,13.4,93.39
123.4,0.0,93.39
123.5,13.4,93.39
123.6,13.9,93.39
123.7,13.4,93.39
123.8,14.1,93.39
123.9,13.8,93.39
124.0,13.9,93.39
124.1,13.1,93.39
124.2,13.8,93.39
124.3,13.5,93.39
124.4,0.0,93.39
124.5,13.9,93.39
124.6,13.5,93.39
124.7,0.0,93.39
124.8,0.0,93.39
124.9,14.0,93.39
125.0,13.2,93.39
125.1,0.0,93.39
125.2,13.8,93.39
125.3,13.5,93.39
125.4,13.7,93.39
125.5,13.4,93.39
125.6,0.0,93.39
125.7,13.5,93.39
125.8,13.5,93.39
125.9,13.0,93.39
126.0,14.0,93.39
126.1,13.9,93.39
126.2,13.5,93.39
126.3,13.6,93.39
126.4,13.4,93.39
126.5,13.1,93.39
126.6,13.4,93.39
126.7,0.0,93.39
126.8,13.3,93.39
126.9,13.6,93.39
127.0,0.0,93.39
127.1,13.6,93.39
127.2,13.9,93.39
127.3,13.5,93.39
127.4,0.0,93.39
127.5,13.3,93.39
127.6,14.1,93.39
127.7,0.0,93.39
127.8,14.5,93.39
127.9,14.1,93.39
128.0,13.5,93.39
128.1,13.5,93.39
128.2,13.3,93.39
128.3,13.4,93.39
128.4,13.9,93.39
128.5,14.1,93.39
128.6,13.8,93.39
128.7,13.4,93.39
128.8,14.0,93.39
128.9,13.5,93.39
129.0,0.0,93.39
129.1,13.5,93.39
129.2,14.0,93.39
129.3,25.7,93.39
129.4,13.8,93.39
129.5,13.5,93.39
129.6,0.0,93.39
129.7,25.2,93.39
129.8,13.8,93.39
129.9,14.5,93.39
130.0,13.5,93.39
130.1,13.9,93.39
130.2,0.0,93.39
130.3,0.0,93.39
130.4,0.0,93.39
130.5,13.4,93.39
130.6,13.8,93.39
130.7,13.5,93.39
130.8,13.7,93.39
130.9,13.4,93.39
131.0,13.4,93.39
131.1,13.4,93.39
131.2,0.0,93.39
131.3,13.3,93.39
131.4,14.3,93.39
131.5,14.3,93.39
131.6,13.5,93.39
131.7,0.0,93.39
131.8,13.4,93.39
131.9,13.9,93.39
132.0,25.6,93.39
132.1,13.3,93.39
132.2,14.0,93.39
132.3,13.4,93.39
132.4,26.6,93.39
132.5,13.4,93.39
132.6,13.8,93.39
132.7,13.5,93.39
132.8,13.9,93.39
132.9,13.4,93.39
133.0,0.0,93.39
133.1,0.0,93.39
133.2,13.6,93.39
133.3,0.0,93.39
133.4,14.2,93.39
133.5,0.0,93.39
133.6,13.3,93.39
133.7,13.3,93.39
133.8,13.0,93.39
133.9,0.0,93.39
134.0,13.6,93.39
134.1,13.4,93.39
134.2,13.4,93.39
134.3,13.3,93.39
134.4,13.9,93.39
134.5,13.5,93.39
134.6,0.0,93.39
134.7,12.9,93.39
134.8,0.0,93.39
134.9,14.1,93.39
135.0,13.5,93.39
135.1,13.9,93.39
135.2,0.0,93.39
135.3,13.7,93.39
135.4,13.8,93.39
135.5,13.3,93.39
135.6,13.1,93.39
135.7,14.7,93.39
135.8,14.0,93.39
135.9,0.0,93.39
136.0,0.0,93.39
136.1,14.0,93.39
136.2,13.7,93.39
136.3,14.2,93.39
136.4,13.6,93.39
136.5,0.0,93.39
136.6,13.4,93.39
136.7,14.0,93.39
136.8,13.5,93.39
136.9,13.6,93.39
137.0,13.4,93.39
137.1,0.0,93.39
137.2,13.5,93.39
137.3,13.3,93.39
137.4,0.0,93.39
137.5,14.4,93.39
137.6,13.2,93.39
137.7,14.3,93.39
137.8,13.5,93.39
137.9,13.5,93.39
138.0,14.0,93.39
138.1,13.5,93.39
138.2,13.3,93.39
138.3,13.4,93.39
138.4,13.7,93.39
138.5,13.0,93.39
138.6,13.7,93.39
138.7,0.0,93.39
138.8,13.5,93.39
138.9,14.0,93.39
139.0,13.6,93.39
139.1,0.0,93.39
139.2,13.4,93.39
139.3,13.4,93.39
139.4,13.4,93.39
139.5,13.6,93.39
139.6,13.4,93.39
139.7,13.6,93.39
139.8,13.4,93.39
139.9,13.5,93.39
140.0,13.7,93.39
140.1,13.5,93.39
140.2,0.0,93.39
140.3,13.3,93.39
140.4,14.0,93.39
140.5,0.0,93.39
140.6,13.8,93.39
140.7,13.9,93.39
140.8,13.5,93.39
140.9,0.0,93.39
141.0,13.5,93.39
141.1,14.0,93.39
141.2,13.5,93.39
141.3,0.0,93.39
141.4,0.0,93.39
141.5,0.0,93.39
141.6,13.9,93.39
141.7,14.1,93.39
141.8,14.1,93.39
141.9,14.0,93.39
142.0,14.4,93.39
142.1,14.0,93.39
142.2,14.0,93.39
142.3,14.1,93.39
142.4,0.0,93.39
142.5,0.0,93.39
142.6,0.0,93.39
142.7,0.0,93.39
142.8,0.0,93.39
142.9,14.6,93.39
143.0,14.4,93.39
143.1,14.0,93.39
143.2,14.1,93.39
143.3,14.0,93.39
143.4,0.0,93.39
143.5,0.0,93.39
143.6,0.0,93.39
143.7,0.0,93.39
143.8,0.0,93.39
143.9,0.0,93.39
144.0,14.1,93.39
144.1,0.0,93.39
144.2,14.1,93.39
144.3,14.1,93.39
144.4,14.1,93.39
144.5,14.0,93.39
144.6,14.1,93.39
144.7,14.0,93.39
144.8,0.0,93.39
144.9,0.0,93.39
145.0,0.0,93.39
145.1,0.0,93.39
145.2,0.0,93.39
145.3,0.0,93.39
145.4,0.0,93.39
145.5,14.3,93.39
145.6,14.1,93.39
145.7,14.4,93.39
145.8,14.1,93.39
145.9,14.1,93.39
146.0,14.0,93.39
146.1,0.0,93.39
146.2,14.2,93.39
146.3,0.0,93.39
146.4,0.0,93.39
146.5,14.3,93.39
146.6,14.2,93.39
146.7,14.6,93.39
146.8,14.2,93.39
146.9,14.0,93.39
147.0,0.0,93.39
147.1,0.0,93.39
147.2,0.0,93.39
147.3,0.0,93.39
147.4,0.0,93.39
147.5,0.0,93.39
147.6,14.2,93.39
147.7,14.0,93.39
147.8,14.1,93.39
147.9,14.1,93.39
148.0,14.4,93.39
148.1,14.1,93.39
148.2,14.1,93.39
148.3,14.1,93.39
148.4,0.0,93.39
148.5,13.8,93.39
148.6,14.1,93.39
148.7,0.0,93.39
148.8,0.0,93.39
148.9,14.0,93.39
149.0,13.9,93.39
149.1,14.0,93.39
149.2,0.0,93.39
149.3,14.1,93.39
149.4,14.2,93.39
149.5,14.1,93.39
149.6,14.4,93.39
149.7,14.1,93.39
149.8,14.1,93.39
149.9,14.1,93.39
150.0,14.1,93.39
150.1,0.0,93.36
150.2,14.9,93.36
150.3,14.2,93.36
150.4,14.1,93.36
150.5,14.1,93.36
150.6,14.1,93.36
150.7,14.1,93.36
150.8,0.0,93.36
150.9,0.0,93.36
151.0,0.0,93.36
151.1,0.0,93.36
151.2,14.4,93.36
151.3,14.4,93.36
151.4,14.1,93.36
151.5,14.4,93.36
151.6,14.1,93.36
151.7,14.3,93.36
151.8,14.1,93.36
151.9,14.1,93.36
152.0,0.0,93.36
152.1,0.0,93.36
152.2,14.4,93.36
152.3,14.0,93.36
152.4,14.0,93.36
152.5,0.0,93.36
152.6,0.0,93.36
152.7,14.1,93.36
152.8,14.1,93.36
152.9,14.1,93.36
153.0,14.1,93.36
153.1,14.2,93.36
153.2,14.0,93.36
153.3,14.0,93.36
153.4,0.0,93.36
153.5,0.0,93.36
153.6,0.0,93.36
153.7,0.0,93.36
153.8,14.0,93.36
153.9,14.4,93.36
154.0,14.0,93.36
154.1,14.1,93.36
154.2,13.8,93.36
154.3,14.3,93.36
154.4,14.1,93.36
154.5,0.0,93.36
154.6,0.0,93.36
154.7,0.0,93.36
154.8,14.2,93.36
154.9,13.8,93.36
155.0,14.2,93.36
155.1,13.9,93.36
155.2,0.0,93.36
155.3,0.0,93.36
155.4,0.0,93.36
155.5,14.0,93.36
155.6,14.1,93.36
155.7,14.4,93.36
155.8,14.1,93.36
155.9,14.1,93.36
156.0,13.9,93.36
156.1,14.0,93.36
156.2,0.0,93.36
156.3,0.0,93.36
156.4,0.0,93.36
156.5,0.0,93.36
156.6,0.0,93.36
156.7,14.7,93.36
156.8,14.5,93.36
156.9,14.0,93.36
157.0,14.2,93.36
157.1,0.0,93.36
157.2,14.2,93.36
157.3,13.9,93.36
157.4,14.4,93.36
157.5,14.7,93.36
157.6,14.1,93.36
157.7,14.2,93.36
157.8,14.1,93.36
157.9,14.6,93.36
158.0,14.4,93.36
158.1,14.1,93.36
158.2,0.0,93.36
158.3,0.0,93.36
158.4,14.1,93.36
158.5,0.0,93.36
158.6,0.0,93.36
158.7,0.0,93.36
158.8,0.0,93.36
158.9,0.0,93.36
159.0,0.0,93.36
159.1,0.0,93.36
159.2,0.0,93.36
159.3,0.0,93.36
159.4,14.2,93.36
159.5,14.0,93.36
159.6,14.0,93.36
159.7,0.0,93.36
159.8,0.0,93.36
159.9,0.0,93.36
160.0,0.0,93.36
160.1,0.0,93.36
160.2,14.0,93.36
160.3,14.0,93.36
160.4,14.1,93.36
160.5,13.9,93.36
160.6,14.0,93.36
160.7,0.0,93.36
160.8,13.4,93.36
160.9,13.8,93.36
161.0,13.8,93.36
161.1,13.3,93.36
161.2,14.0,93.36
161.3,13.5,93.36
161.4,0.0,93.36
161.5,13.5,93.36
161.6,13.4,93.36
161.7,13.5,93.36
161.8,13.9,93.36
161.9,13.6,93.36
162.0,0.0,93.36
162.1,13.9,93.36
162.2,0.0,93.36
162.3,13.5,93.36
162.4,13.4,93.36
162.5,14.2,93.36
162.6,12.9,93.36
162.7,13.9,93.36
162.8,14.0,93.36
162.9,13.5,93.36
163.0,13.9,93.36
163.1,14.2,93.36
163.2,13.2,93.36
163.3,13.2,93.36
163.4,14.0,93.36
163.5,13.2,93.36
163.6,13.8,93.36
163.7,13.4,93.36
163.8,13.5,93.36
163.9,14.0,93.36
164.0,13.4,93.36
164.1,0.0,93.36
164.2,13.4,93.36
164.3,13.4,93.36
164.4,0.0,93.36
164.5,0.0,93.36
164.6,13.2,93.36
164.7,13.5,93.36
164.8,0.0,93.36
164.9,13.4,93.36
165.0,13.9,93.36
165.1,13.4,93.36
165.2,12.7,93.36
165.3,13.2,93.36
165.4,13.3,93.36
165.5,14.0,93.36
165.6,13.4,93.36
165.7,13.9,93.36
165.8,13.5,93.36
165.9,13.8,93.36
166.0,13.4,93.36
166.1,0.0,93.36
166.2,12.9,93.36
166.3,0.0,93.36
166.4,13.9,93.36
166.5,13.5,93.36
166.6,13.8,93.36
166.7,13.5,93.36
166.8,14.0,93.36
166.9,13.4,93.36
167.0,13.4,93.36
167.1,13.4,93.36
167.2,0.0,93.36
167.3,14.0,93.36
167.4,13.5,93.36
167.5,13.9,93.36
167.6,13.5,93.36
167.7,13.8,93.36
167.8,13.8,93.36
167.9,0.0,93.36
168.0,13.3,93.36
168.1,14.1,93.36
168.2,13.8,93.36
168.3,0.0,93.36
168.4,14.0,93.36
168.5,13.5,93.36
168.6,13.6,93.36
168.7,13.4,93.36
168.8,14.1,93.36
168.9,13.5,93.36
169.0,0.0,93.36
169.1,0.0,93.36
169.2,0.0,93.36
169.3,0.0,93.36
169.4,13.5,93.36
169.5,13.9,93.36
169.6,13.4,93.36
169.7,0.0,93.36
169.8,13.5,93.36
169.9,14.2,93.36
170.0,13.6,93.36
170.1,13.3,93.36
170.2,13.6,93.36
170.3,13.6,93.36
170.4,14.0,93.36
170.5,13.5,93.36
170.6,14.1,93.36
170.7,26.6,93.36
170.8,14.3,93.36
170.9,13.4,93.36
171.0,14.0,93.36
171.1,13.1,93.36
171.2,0.0,93.36
171.3,13.9,93.36
171.4,0.0,93.36
171.5,14.0,93.36
171.6,13.4,93.36
171.7,13.4,93.36
171.8,13.4,93.36
171.9,13.6,93.36
172.0,13.2,93.36
172.1,14.3,93.36
172.2,13.3,93.36
172.3,0.0,93.36
172.4,0.0,93.36
172.5,0.0,93.36
172.6,0.0,93.36
172.7,13.6,93.36
172.8,0.0,93.36
172.9,13.4,93.36
173.0,13.6,93.36
173.1,0.0,93.36
173.2,0.0,93.36
173.3,0.0,93.36
173.4,13.8,93.36
173.5,14.1,93.36
173.6,13.5,93.36
173.7,0.0,93.36
173.8,0.0,93.36
173.9,13.6,93.36
174.0,0.0,93.36
174.1,13.5,93.36
174.2,13.4,93.36
174.3,13.5,93.36
174.4,14.1,93.36
174.5,13.5,93.36
174.6,0.0,93.36
174.7,13.2,93.36
174.8,13.8,93.36
174.9,13.5,93.36
175.0,0.0,93.36
175.1,13.9,93.36
175.2,13.5,93.36
175.3,0.0,93.36
175.4,13.4,93.36
175.5,13.3,93.36
175.6,13.3,93.36
175.7,14.1,93.36
175.8,25.6,93.36
175.9,14.6,93.36
176.0,14.0,93.36
176.1,13.5,93.36
176.2,14.2,93.36
176.3,13.5,93.36
176.4,13.9,93.36
176.5,13.5,93.36
176.6,0.0,93.36
176.7,0.0,93.36
176.8,13.9,93.36
176.9,13.7,93.36
177.0,14.0,93.36
177.1,13.5,93.36
177.2,13.5,93.36
177.3,13.9,93.36
177.4,13.5,93.36
177.5,13.6,93.36
177.6,12.9,93.36
177.7,13.5,93.36
177.8,13.9,93.36
177.9,14.1,93.36
178.0,13.7,93.36
178.1,14.6,93.36
178.2,13.9,93.36
178.3,13.5,93.36
178.4,13.7,93.36
178.5,13.4,93.36
178.6,0.0,93.36
178.7,0.0,93.36
178.8,13.4,93.36
178.9,14.0,93.36
179.0,13.6,93.36
179.1,0.0,93.36
179.2,13.4,93.36
179.3,14.1,93.36
179.4,13.4,93.36
179.5,13.6,93.36
179.6,0.0,93.36
179.7,0.0,93.36
179.8,14.0,93.36
179.9,13.7,93.36
180.0,13.7,93.36
180.1,13.5,93.36
180.2,14.0,93.36
180.3,13.4,93.36
180.4,13.3,93.36
180.5,13.2,93.36
180.6,13.3,93.36
180.7,13.3,93.36
180.8,0.0,93.36
180.9,13.6,93.36
181.0,13.7,93.36
181.1,13.9,93.36
181.2,13.5,93.36
181.3,0.0,93.36
181.4,13.6,93.36
181.5,0.0,93.36
181.6,12.6,93.36
181.7,13.2,93.36
181.8,26.2,93.36
181.9,14.0,93.36
182.0,13.7,93.36
182.1,13.5,93.36
182.2,13.7,93.36
182.3,14.8,93.36
182.4,14.1,93.36
182.5,14.0,93.36
182.6,13.9,93.36
182.7,14.1,93.36
182.8,14.0,93.36
182.9,0.0,93.36
183.0,0.0,93.36
183.1,14.1,93.36
183.2,14.9,93.36
183.3,14.0,93.36
183.4,14.9,93.36
183.5,14.1,93.36
183.6,0.0,93.36
183.7,14.0,93.36
183.8,14.1,93.36
183.9,14.0,93.36
184.0,0.0,93.36
184.1,0.0,93.36
184.2,0.0,93.36
184.3,0.0,93.36
184.4,14.0,93.36
184.5,14.1,93.36
184.6,14.1,93.36
184.7,14.1,93.36
184.8,14.1,93.36
184.9,14.1,93.36
185.0,0.0,93.36
185.1,0.0,93.36
185.2,0.0,93.36
185.3,14.0,93.36
185.4,14.0,93.36
185.5,14.0,93.36
185.6,14.3,93.36
185.7,14.4,93.36
185.8,14.4,93.36
185.9,13.8,93.36
186.0,14.1,93.36
186.1,14.8,93.36
186.2,14.0,93.36
186.3,14.2,93.36
186.4,14.1,93.36
186.5,14.1,93.36
186.6,0.0,93.36
186.7,0.0,93.36
186.8,13.9,93.36
186.9,14.0,93.36
187.0,14.1,93.36
187.1,14.0,93.36
187.2,14.1,93.36
187.3,14.0,93.36
187.4,0.0,93.36
187.5,0.0,93.36
187.6,14.0,93.36
187.7,14.2,93.36
187.8,14.0,93.36
187.9,14.1,93.36
188.0,14.2,93.36
188.1,14.1,93.36
188.2,0.0,93.36
188.3,0.0,93.36
188.4,14.0,93.36
188.5,13.9,93.36
188.6,14.0,93.36
188.7,14.1,93.36
188.8,14.0,93.36
188.9,14.0,93.36
189.0,0.0,93.36
189.1,0.0,93.36
189.2,14.0,93.36
189.3,14.1,93.36
189.4,14.0,93.36
189.5,14.1,93.36
189.6,14.1,93.36
189.7,14.0,93.36
189.8,0.0,93.36
189.9,0.0,93.36
190.0,14.0,93.36
190.1,13.9,93.36
190.2,14.1,93.36
190.3,14.3,93.36
190.4,14.0,93.36
190.5,14.0,93.36
190.6,0.0,93.36
190.7,0.0,93.36
190.8,0.0,93.36
190.9,0.0,93.36
191.0,0.0,93.36
191.1,14.3,93.36
191.2,0.0,93.36
191.3,14.0,93.36
191.4,0.0,93.36
191.5,0.0,93.36
191.6,0.0,93.36
191.7,14.1,93.36
191.8,14.1,93.36
191.9,14.0,93.36
192.0,13.9,93.36
192.1,13.9,93.36
192.2,0.0,93.36
192.3,14.0,93.36
192.4,0.0,93.36
192.5,0.0,93.36
192.6,0.0,93.36
192.7,0.0,93.36
192.8,14.1,93.36
192.9,14.0,93.36
193.0,14.1,93.36
193.1,14.0,93.36
193.2,14.0,93.36
193.3,13.9,93.36
193.4,0.0,93.36
193.5,0.0,93.36
193.6,0.0,93.36
193.7,0.0,93.36
193.8,0.0,93.36
193.9,13.9,93.36
194.0,0.0,93.36
194.1,14.0,93.36
194.2,14.0,93.36
194.3,13.9,93.36
194.4,14.1,93.36
194.5,14.0,93.36
194.6,0.0,93.36
194.7,0.0,93.36
194.8,0.0,93.36
194.9,14.0,93.36
195.0,13.9,93.36
195.1,13.9,93.36
195.2,13.8,93.36
195.3,14.4,93.36
195.4,14.0,93.36
195.5,0.0,93.36
195.6,0.0,93.36
195.7,14.0,93.36
195.8,0.0,93.36
195.9,0.0,93.36
196.0,0.0,93.36
196.1,0.0,93.36
196.2,14.1,93.36
196.3,14.0,93.36
196.4,14.1,93.36
196.5,14.0,93.36
196.6,14.5,93.36
196.7,14.0,93.36
196.8,14.1,93.36
196.9,14.3,93.36
197.0,13.5,93.36
197.1,14.0,93.36
197.2,14.1,93.36
197.3,14.2,93.36
197.4,0.0,93.36
197.5,14.0,93.36
197.6,14.4,93.36
197.7,14.1,93.36
197.8,13.9,93.36
197.9,13.9,93.36
198.0,0.0,93.36
198.1,0.0,93.36
198.2,0.0,93.36
198.3,14.0,93.36
198.4,14.0,93.36
198.5,14.0,93.36
198.6,14.1,93.36
198.7,14.1,93.36
198.8,14.3,93.36
198.9,14.1,93.36
199.0,0.0,93.36
199.1,0.0,93.36
199.2,0.0,93.36
199.3,14.0,93.36
199.4,14.0,93.36
199.5,14.0,93.36
199.6,0.0,93.36
199.7,14.0,93.36
199.8,0.0,93.36
199.9,0.0,93.36
200.0,0.0,93.36
200.1,14.0,93.36
200.2,14.1,93.36
200.3,14.1,93.36
200.4,13.8,93.36
200.5,14.0,93.36
200.6,0.0,93.36
200.7,13.9,93.36
200.8,14.2,93.36
200.9,0.0,93.36
201.0,14.2,93.36
201.1,0.0,93.36
201.2,14.1,93.36
201.3,14.1,93.36
201.4,0.0,93.36
201.5,14.1,93.36
201.6,0.0,93.36
201.7,14.1,93.36
201.8,14.0,93.36
201.9,14.1,93.36
202.0,0.0,93.36
202.1,13.9,93.36
202.2,14.1,93.36
202.3,14.0,93.36
202.4,0.0,93.36
202.5,0.0,93.36
202.6,0.0,93.36
202.7,14.0,93.36
202.8,14.1,93.36
202.9,13.9,93.36
203.0,14.0,93.36
203.1,14.1,93.36
203.2,0.0,93.36
203.3,0.0,93.36
203.4,0.0,93.36
203.5,13.9,93.36
203.6,14.1,93.36
203.7,14.6,93.36
203.8,14.1,93.36
203.9,14.4,93.36
204.0,14.1,93.36
204.1,14.0,93.36
204.2,13.9,93.36
204.3,0.0,93.36
204.4,0.0,93.36
204.5,0.0,93.36
204.6,0.0,93.36
204.7,0.0,93.36
204.8,0.0,93.36
204.9,14.0,93.36
205.0,14.0,93.36
205.1,14.3,93.36
205.2,14.5,93.36
205.3,14.0,93.36
205.4,14.1,93.36
205.5,14.0,93.36
205.6,0.0,93.36
205.7,14.2,93.36
205.8,14.0,93.36
205.9,14.0,93.36
206.0,0.0,93.36
206.1,0.0,93.36
206.2,0.0,93.36
206.3,13.9,93.36
206.4,14.1,93.36
206.5,14.0,93.36
206.6,13.9,93.36
206.7,0.0,93.36
206.8,0.0,93.36
206.9,0.0,93.36
207.0,14.0,93.36
207.1,13.7,93.36
207.2,13.2,93.36
207.3,13.0,93.36
207.4,12.8,93.36
207.5,13.8,93.36
207.6,12.8,93.36
207.7,13.9,93.36
207.8,0.0,93.36
207.9,14.0,93.36
208.0,13.5,93.36
208.1,13.4,93.36
208.2,13.0,93.36
208.3,13.4,93.36
208.4,13.5,93.36
208.5,13.5,93.36
208.6,13.9,93.36
208.7,13.4,93.36
208.8,13.4,93.36
208.9,13.5,93.37
209.0,13.7,93.37
209.1,13.1,93.37
209.2,13.1,93.37
209.3,14.0,93.37
209.4,14.1,93.37
209.5,14.2,93.37
209.6,13.7,93.37
209.7,13.9,93.37
209.8,13.3,93.37
209.9,13.9,93.37
210.0,25.9,93.37
210.1,13.6,93.37
210.2,14.4,93.37
210.3,13.5,93.37
210.4,0.0,93.37
210.5,13.5,93.37
210.6,14.3,93.37
210.7,13.5,93.37
210.8,14.4,93.37
210.9,13.7,93.37
211.0,13.4,93.37
211.1,14.0,93.37
211.2,0.0,93.37
211.3,0.0,93.37
211.4,13.5,93.37
211.5,13.8,93.37
211.6,12.9,93.37
211.7,14.2,93.37
211.8,13.8,93.37
211.9,13.6,93.37
212.0,0.0,93.37
212.1,13.6,93.37
212.2,14.0,93.37
212.3,13.7,93.37
212.4,0.0,93.37
212.5,13.2,93.37
212.6,13.9,93.37
212.7,13.6,93.37
212.8,13.5,93.37
212.9,13.5,93.37
213.0,13.4,93.37
213.1,13.7,93.37
213.2,13.3,93.37
213.3,13.3,93.37
213.4,0.0,93.37
213.5,13.8,93.37
213.6,13.8,93.37
213.7,13.3,93.37
213.8,13.9,93.37
213.9,13.4,93.37
214.0,0.0,93.37
214.1,13.3,93.37
214.2,13.5,93.37
214.3,13.0,93.37
214.4,13.8,93.37
214.5,0.0,93.37
214.6,14.0,93.37
214.7,14.0,93.37
214.8,13.4,93.37
214.9,0.0,93.37
215.0,13.3,93.37
215.1,13.3,93.37
215.2,13.6,93.37
215.3,13.9,93.37
215.4,25.7,93.37
215.5,13.6,93.37
215.6,0.0,93.37
215.7,13.4,93.37
215.8,14.0,93.37
215.9,13.4,93.37
216.0,13.3,93.37
216.1,0.0,93.37
216.2,0.0,93.37
216.3,13.1,93.37
216.4,0.0,93.37
216.5,13.7,93.37
216.6,13.4,93.37
216.7,0.0,93.37
216.8,13.3,93.37
216.9,14.0,93.37
217.0,26.6,93.37
217.1,13.9,93.37
217.2,12.7,93.37
217.3,14.3,93.37
217.4,14.1,93.37
217.5,13.0,93.37
217.6,13.7,93.37
217.7,13.4,93.37
217.8,13.5,93.37
217.9,13.3,93.37
218.0,13.3,93.37
218.1,13.5,93.37
218.2,13.8,93.37
218.3,0.0,93.37
218.4,13.4,93.37
218.5,13.8,93.37
218.6,13.4,93.37
218.7,13.8,93.37
218.8,13.2,93.37
218.9,0.0,93.37
219.0,13.0,93.37
219.1,0.0,93.37
219.2,14.1,93.37
219.3,13.9,93.37
219.4,13.9,93.37
219.5,13.4,93.37
219.6,0.0,93.37
219.7,26.6,93.37
219.8,13.2,93.37
219.9,26.7,93.37
220.0,13.8,93.37
220.1,13.9,93.37
220.2,13.3,93.37
220.3,14.0,93.37
220.4,13.6,93.37
220.5,14.3,93.37
220.6,26.1,93.37
220.7,0.0,93.37
220.8,12.4,93.37
220.9,13.9,93.37
221.0,14.0,93.37
221.1,13.9,93.37
221.2,14.0,93.37
221.3,13.3,93.37
221.4,13.1,93.37
221.5,13.3,93.37
221.6,13.3,93.37
221.7,0.0,93.37
221.8,14.0,93.37
221.9,13.9,93.37
222.0,13.5,93.37
222.1,13.4,93.37
222.2,13.5,93.37
222.3,14.0,93.37
222.4,13.4,93.37
222.5,13.5,93.37
222.6,13.9,93.37
222.7,0.0,93.37
222.8,13.6,93.37
222.9,14.0,93.37
223.0,13.8,93.37
223.1,13.5,93.37
223.2,13.4,93.37
223.3,13.4,93.37
223.4,14.0,93.37
223.5,0.0,93.37
223.6,13.8,93.37
223.7,13.8,93.37
223.8,13.7,93.37
223.9,0.0,93.37
224.0,13.4,93.37
224.1,13.4,93.37
224.2,0.0,93.37
224.3,13.7,93.37
224.4,0.0,93.37
224.5,0.0,93.37
224.6,14.0,93.37
224.7,13.3,93.37
224.8,13.8,93.37
224.9,13.3,93.37
225.0,13.4,93.37
225.1,13.3,93.37
225.2,0.0,93.37
225.3,0.0,93.37
225.4,13.3,93.37
225.5,25.5,93.37
225.6,13.2,93.37
225.7,13.9,93.37
225.8,13.3,93.37
225.9,13.9,93.37
226.0,13.5,93.37
226.1,13.3,93.37
226.2,13.3,93.37
226.3,14.0,93.37
226.4,12.6,93.37
226.5,13.7,93.37
226.6,14.4,93.37
226.7,13.5,93.37
226.8,0.0,93.37
226.9,13.4,93.37
227.0,14.0,93.37
227.1,13.8,93.37
227.2,0.0,93.37
227.3,0.0,93.37
227.4,14.1,93.37
227.5,27.5,93.33
227.6,13.6,93.33
227.7,13.7,93.33
227.8,13.4,93.34
227.9,13.7,93.34
228.0,13.5,93.34
228.1,13.6,93.34
228.2,0.0,93.34
228.3,0.0,93.34
228.4,0.0,93.34
228.5,0.0,93.34
228.6,0.0,93.34
228.7,0.0,93.34
228.8,13.4,93.34
228.9,0.0,93.34
229.0,13.4,93.34
229.1,0.0,93.34
229.2,13.3,93.34
229.3,13.4,93.34
229.4,13.4,93.34
229.5,14.1,93.34
229.6,13.4,93.34
229.7,0.0,93.34
229.8,12.9,93.34
229.9,0.0,93.34
230.0,14.3,93.34
230.1,14.2,93.34
230.2,13.9,93.34
230.3,13.4,93.34
230.4,14.0,93.34
230.5,13.3,93.34
230.6,0.0,93.34
230.7,13.6,93.34
230.8,0.0,93.34
230.9,14.0,93.34
231.0,13.5,93.34
231.1,13.9,93.34
231.2,13.4,93.34
231.3,14.0,93.34
231.4,0.0,93.34
231.5,13.6,93.34
231.6,14.1,93.34
231.7,13.3,93.34
231.8,13.9,93.34
231.9,14.4,93.34
232.0,13.9,93.34
232.1,13.1,93.34
232.2,13.3,93.34
232.3,13.9,93.34
232.4,13.4,93.34
232.5,13.8,93.34
232.6,13.4,93.34
232.7,13.9,93.34
232.8,13.4,93.34
232.9,14.1,93.34
233.0,13.4,93.34
233.1,13.7,93.34
233.2,13.3,93.34
233.3,14.1,93.34
233.4,14.0,93.34
233.5,13.3,93.34
233.6,0.0,93.34
233.7,13.5,93.34
233.8,0.0,93.34
233.9,13.1,93.34
234.0,13.5,93.34
234.1,13.9,93.34
234.2,0.0,93.34
234.3,26.5,93.34
234.4,13.4,93.34
234.5,0.0,93.34
234.6,13.4,93.34
234.7,14.0,93.34
234.8,13.2,93.34
234.9,13.3,93.34
235.0,14.1,93.34
235.1,13.4,93.34
235.2,13.8,93.34
235.3,13.4,93.34
235.4,0.0,93.34
235.5,0.0,93.34
235.6,13.7,93.34
235.7,13.0,93.34
235.8,13.5,93.34
235.9,13.9,93.34
236.0,13.5,93.34
236.1,13.8,93.34
236.2,13.5,93.34
236.3,0.0,93.34
236.4,13.5,93.34
236.5,13.8,93.34
236.6,13.3,93.34
236.7,13.4,93.34
236.8,13.7,93.34
236.9,0.0,93.34
237.0,0.0,93.34
237.1,13.5,93.34
237.2,14.2,93.34
237.3,13.3,93.34
237.4,14.0,93.34
237.5,13.2,93.34
237.6,13.8,93.34
237.7,0.0,93.34
237.8,13.4,93.34
237.9,13.4,93.34
238.0,13.4,93.34
238.1,0.0,93.34
238.2,26.5,93.34
238.3,13.9,93.34
238.4,14.0,93.34
238.5,13.7,93.34
238.6,0.0,93.34
238.7,13.4,93.34
238.8,14.0,93.34
238.9,13.5,93.34
239.0,13.7,93.34
239.1,13.1,93.34
239.2,13.7,93.34
239.3,14.0,93.34
239.4,13.7,93.34
239.5,14.1,93.34
239.6,26.7,93.34
239.7,14.0,93.34
239.8,13.4,93.34
239.9,0.0,93.34
240.0,0.0,93.34
240.1,0.0,93.34
240.2,0.0,93.34
240.3,13.5,93.34
240.4,14.0,93.34
240.5,13.4,93.34
240.6,14.1,93.34
240.7,13.5,93.34
240.8,14.1,93.34
240.9,12.9,93.34
241.0,13.5,93.34
241.1,0.0,93.34
241.2,12.6,93.34
241.3,0.0,93.34
241.4,13.5,93.34
241.5,13.7,93.34
241.6,13.4,93.34
241.7,14.0,93.34
241.8,13.4,93.34
241.9,14.1,93.34
242.0,13.3,93.34
242.1,13.4,93.34
242.2,0.0,93.34
242.3,13.4,93.34
242.4,0.0,93.34
242.5,13.4,93.34
242.6,13.9,93.34
242.7,25.9,93.34
242.8,14.0,93.34
242.9,14.7,93.34
243.0,13.7,93.34
243.1,14.1,93.34
243.2,13.5,93.34
243.3,14.1,93.34
243.4,13.7,93.34
243.5,14.0,93.34
243.6,14.0,93.34
243.7,0.0,93.34
243.8,13.8,93.34
243.9,13.3,93.34
244.0,0.0,93.34
244.1,13.4,93.34
244.2,14.3,93.34
244.3,12.7,93.34
244.4,14.1,93.34
244.5,13.9,93.34
244.6,13.4,93.34
244.7,13.4,93.34
244.8,13.4,93.34
244.9,0.0,93.34
245.0,13.4,93.34
245.1,14.1,93.34
245.2,26.3,93.34
245.3,13.6,93.34
245.4,14.0,93.34
245.5,13.2,93.34
245.6,13.5,93.34
245.7,13.4,93.34
245.8,13.9,93.34
245.9,13.5,93.34
246.0,0.0,93.34
246.1,12.2,93.34
246.2,0.0,93.34
246.3,13.3,93.34
246.4,0.0,93.34
246.5,14.4,93.34
246.6,13.4,93.34
246.7,14.0,93.34
246.8,14.4,93.34
246.9,0.0,93.34
247.0,25.6,93.34
247.1,13.4,93.34
247.2,14.0,93.34
247.3,0.0,93.34
247.4,13.9,93.35
247.5,13.4,93.35
247.6,0.0,93.35
247.7,0.0,93.35
247.8,13.8,93.35
247.9,14.1,93.35
248.0,13.4,93.35
248.1,0.0,93.35
248.2,13.4,93.35
248.3,14.0,93.35
248.4,13.5,93.35
248.5,14.1,93.35
248.6,0.0,93.35
248.7,0.0,93.35
248.8,13.9,93.35
248.9,13.5,93.35
249.0,13.9,93.35
249.1,13.4,93.35
249.2,13.9,93.35
249.3,13.4,93.35
249.4,0.0,93.35
249.5,13.3,93.35
249.6,13.9,93.35
249.7,0.0,93.35
249.8,13.5,93.35
249.9,14.1,93.35
250.0,13.5,93.35
250.1,14.0,93.35
250.2,13.5,93.35
250.3,14.1,93.35
250.4,0.0,93.35
250.5,13.4,93.35
250.6,13.9,93.35
250.7,13.4,93.35
250.8,14.0,93.35
250.9,13.5,93.35
251.0,13.9,93.35
251.1,0.0,93.35
251.2,14.1,93.35
251.3,14.0,93.35
251.4,13.5,93.35
251.5,0.0,93.35
251.6,13.5,93.35
251.7,13.8,93.35
251.8,13.4,93.35
251.9,14.1,93.35
252.0,13.5,93.35
252.1,0.0,93.35
252.2,12.6,93.35
252.3,13.3,93.35
252.4,13.9,93.35
252.5,13.4,93.35
252.6,14.2,93.35
252.7,13.5,93.35
252.8,14.3,93.35
252.9,13.5,93.35
253.0,13.5,93.35
253.1,13.2,93.35
253.2,13.8,93.35
253.3,14.1,93.35
253.4,13.5,93.35
253.5,0.0,93.35
253.6,13.4,93.35
253.7,14.0,93.35
253.8,13.4,93.35
253.9,14.0,93.35
254.0,14.1,93.35
254.1,13.8,93.35
254.2,14.0,93.35
254.3,13.5,93.35
254.4,14.1,93.35
254.5,13.4,93.35
254.6,13.7,93.35
254.7,13.6,93.35
254.8,14.0,93.35
254.9,14.1,93.35
255.0,0.0,93.35
255.1,0.0,93.35
255.2,13.5,93.35
255.3,14.1,93.35
255.4,26.7,93.35
255.5,14.1,93.35
255.6,13.4,93.35
255.7,0.0,93.35
255.8,0.0,93.35
255.9,0.0,93.35
256.0,0.0,93.35
256.1,13.5,93.37
256.2,14.1,93.37
256.3,13.5,93.37
256.4,13.8,93.37
256.5,14.0,93.37
256.6,13.2,93.37
256.7,13.7,93.37
256.8,13.4,93.37
256.9,14.2,93.37
257.0,26.8,93.37
257.1,13.8,93.37
257.2,13.5,93.37
257.3,0.0,93.37
257.4,13.8,93.37
257.5,13.6,93.37
257.6,14.1,93.37
257.7,13.4,93.37
257.8,14.1,93.37
257.9,13.3,93.37
258.0,0.0,93.37
258.1,0.0,93.37
258.2,13.6,93.37
258.3,13.9,93.37
258.4,13.2,93.37
258.5,0.0,93.37
258.6,13.3,93.37
258.7,13.9,93.37
258.8,13.3,93.37
258.9,13.3,93.37
259.0,13.3,93.37
259.1,14.1,93.37
259.2,14.1,93.37
259.3,13.4,93.37
259.4,0.0,93.37
259.5,13.4,93.37
259.6,13.5,93.37
259.7,13.5,93.37
259.8,13.3,93.37
259.9,13.7,93.37
260.0,13.8,93.37
260.1,26.9,93.37
260.2,13.6,93.37
260.3,14.0,93.37
260.4,26.8,93.37
260.5,13.5,93.37
260.6,13.4,93.37
260.7,13.6,93.37
260.8,14.5,93.37
260.9,13.9,93.37
261.0,13.6,93.37
261.1,13.5,93.37
261.2,14.0,93.37
261.3,13.4,93.37
261.4,0.0,93.37
261.5,13.3,93.37
261.6,13.4,93.37
261.7,12.9,93.37
261.8,0.0,93.37
261.9,0.0,93.37
262.0,13.5,93.37
262.1,13.6,93.37
262.2,26.8,93.37
262.3,0.0,93.37
262.4,13.7,93.37
262.5,13.5,93.37
262.6,0.0,93.37
262.7,13.5,93.37
262.8,13.9,93.37
262.9,13.5,93.37
263.0,14.0,93.37
263.1,13.4,93.37
263.2,14.1,93.37
263.3,13.0,93.37
263.4,13.5,93.37
263.5,0.0,93.37
263.6,13.5,93.37
263.7,14.5,93.37
263.8,13.5,93.37
263.9,13.4,93.37
264.0,13.4,93.37
264.1,0.0,93.37
264.2,13.9,93.37
264.3,13.5,93.37
264.4,0.0,93.37
264.5,13.6,93.37
264.6,13.6,93.37
264.7,13.3,93.37
264.8,14.0,93.37
264.9,13.5,93.37
265.0,13.8,93.37
265.1,13.1,93.37
265.2,14.3,93.37
265.3,14.0,93.37
265.4,0.0,93.37
265.5,14.0,93.37
265.6,13.5,93.37
265.7,13.8,93.37
265.8,13.3,93.37
265.9,13.9,93.37
266.0,13.7,93.37
266.1,0.0,93.37
266.2,0.0,93.37
266.3,13.4,93.37
266.4,13.9,93.37
266.5,0.0,93.38
266.6,14.1,93.38
266.7,13.4,93.4
266.8,13.6,93.4
266.9,13.0,93.4
267.0,13.9,93.4
267.1,27.1,93.43
267.2,13.5,93.43
267.3,13.7,93.43
267.4,13.9,93.43
267.5,14.0,93.43
267.6,13.3,93.43
267.7,13.4,93.43
267.8,13.4,93.43
267.9,0.0,93.43
268.0,13.6,93.43
268.1,13.8,93.43
268.2,14.0,93.43
268.3,13.5,93.43
268.4,13.8,93.43
268.5,13.5,93.43
268.6,0.0,93.43
268.7,13.2,93.43
268.8,14.4,93.43
268.9,13.8,93.43
269.0,26.7,93.43
269.1,13.8,93.43
269.2,13.2,93.43
269.3,0.0,93.43
269.4,13.4,93.43
269.5,13.8,93.43
269.6,0.0,93.43
269.7,0.0,93.43
269.8,0.0,93.43
269.9,0.0,93.43
270.0,0.0,93.43
270.1,14.0,93.43
270.2,14.0,93.43
270.3,0.0,93.43
270.4,14.1,93.43
270.5,14.2,93.43
270.6,14.0,93.43
270.7,14.1,93.43
270.8,14.0,93.43
270.9,14.1,93.43
271.0,14.0,93.43
271.1,0.0,93.43
271.2,0.0,93.43
271.3,0.0,93.43
271.4,0.0,93.43
271.5,14.1,93.43
271.6,14.2,93.43
271.7,14.1,93.43
271.8,13.9,93.43
271.9,14.1,93.43
272.0,15.0,93.43
272.1,14.1,93.43
272.2,14.3,93.43
272.3,14.2,93.43
272.4,14.1,93.43
272.5,14.1,93.43
272.6,14.1,93.43
272.7,0.0,93.43
272.8,0.0,93.43
272.9,0.0,93.43
273.0,13.8,93.43
273.1,14.0,93.43
273.2,14.0,93.43
273.3,14.1,93.43
273.4,14.9,93.43
273.5,14.0,93.43
273.6,14.0,93.43
273.7,14.1,93.43
273.8,0.0,93.43
273.9,0.0,93.43
274.0,0.0,93.43
274.1,0.0,93.43
274.2,0.0,93.43
274.3,0.0,93.43
274.4,0.0,93.43
274.5,0.0,93.43
274.6,0.0,93.43
274.7,0.0,93.43
274.8,14.0,93.43
274.9,14.1,93.43
275.0,14.0,93.43
275.1,14.1,93.43
275.2,14.0,93.43
275.3,0.0,93.43
275.4,0.0,93.43
275.5,14.0,93.43
275.6,14.1,93.43
275.7,14.0,93.43
275.8,14.2,93.43
275.9,14.0,93.43
276.0,14.0,93.43
276.1,0.0,93.43
276.2,0.0,93.43
276.3,0.0,93.43
276.4,14.0,93.43
276.5,14.0,93.43
276.6,14.1,93.43
276.7,14.4,93.43
276.8,14.0,93.43
276.9,14.5,93.43
277.0,14.3,93.43
277.1,14.0,93.43
277.2,14.3,93.43
277.3,14.2,93.43
277.4,14.1,93.43
277.5,14.0,93.43
277.6,0.0,93.43
277.7,0.0,93.43
277.8,14.0,93.43
277.9,14.2,93.43
278.0,14.0,93.43
278.1,14.1,93.43
278.2,14.0,93.43
278.3,14.0,93.43
278.4,14.4,93.43
278.5,14.0,93.43
278.6,0.0,93.43
278.7,0.0,93.43
278.8,0.0,93.43
278.9,0.0,93.43
279.0,0.0,93.44
279.1,0.0,93.44
279.2,14.1,93.44
279.3,14.1,93.44
279.4,14.2,93.44
279.5,14.1,93.44
279.6,14.1,93.44
279.7,14.0,93.44
279.8,14.0,93.44
279.9,0.0,93.44
280.0,0.0,93.44
280.1,0.0,93.44
280.2,0.0,93.44
280.3,14.1,93.44
280.4,14.1,93.44
280.5,0.0,93.44
280.6,13.9,93.44
280.7,0.0,93.44
280.8,14.0,93.44
280.9,14.1,93.44
281.0,14.0,93.44
281.1,14.1,93.44
281.2,14.4,93.44
281.3,14.0,93.44
281.4,14.1,93.44
281.5,14.0,93.44
281.6,0.0,93.44
281.7,0.0,93.44
281.8,14.1,93.44
281.9,14.1,93.44
282.0,14.1,93.44
282.1,14.1,93.44
282.2,14.0,93.44
282.3,14.0,93.44
282.4,0.0,93.44
282.5,0.0,93.44
282.6,0.0,93.44
282.7,14.1,93.44
282.8,14.1,93.44
282.9,14.0,93.44
283.0,14.1,93.44
283.1,14.1,93.44
283.2,14.0,93.44
283.3,0.0,93.44
283.4,0.0,93.44
283.5,0.0,93.44
283.6,14.1,93.44
283.7,14.1,93.44
283.8,14.0,93.44
283.9,14.1,93.44
284.0,14.0,93.44
284.1,14.0,93.44
284.2,0.0,93.44
284.3,0.0,93.44
284.4,0.0,93.44
284.5,0.0,93.44
284.6,13.8,93.44
284.7,14.4,93.44
284.8,14.1,93.44
284.9,14.2,93.44
285.0,14.2,93.44
285.1,13.9,93.44
285.2,14.0,93.44
285.3,0.0,93.44
285.4,0.0,93.44
285.5,0.0,93.44
285.6,14.0,93.44
285.7,14.0,93.44
285.8,14.0,93.44
285.9,14.0,93.44
286.0,14.1,93.44
286.1,14.0,93.44
286.2,0.0,93.44
286.3,0.0,93.44
286.4,14.1,93.44
286.5,14.0,93.44
286.6,14.0,93.44
286.7,13.9,93.44
286.8,13.7,93.44
286.9,0.0,93.44
287.0,0.0,93.44
287.1,0.0,93.44
287.2,13.9,93.44
287.3,14.0,93.44
287.4,14.1,93.44
287.5,14.1,93.44
287.6,14.1,93.44
287.7,14.4,93.44
287.8,14.0,93.44
287.9,0.0,93.44
288.0,0.0,93.44
288.1,13.9,93.44
288.2,14.0,93.44
288.3,14.1,93.44
288.4,14.1,93.44
288.5,14.1,93.46
288.6,14.1,93.46
288.7,14.4,93.46
288.8,14.1,93.46
288.9,0.0,93.46
289.0,0.0,93.46
289.1,0.0,93.46
289.2,14.1,93.46
289.3,14.1,93.46
289.4,14.0,93.46
289.5,14.0,93.46
289.6,14.4,93.46
289.7,14.2,93.46
289.8,14.1,93.46
289.9,0.0,93.46
290.0,0.0,93.46
290.1,0.0,93.46
290.2,0.0,93.46
290.3,0.0,93.46
290.4,13.8,93.46
290.5,14.0,93.46
290.6,14.2,93.46
290.7,14.1,93.46
290.8,14.5,93.46
290.9,0.0,93.46
291.0,14.4,93.46
291.1,14.1,93.46
291.2,0.0,93.46
291.3,0.0,93.46
291.4,0.0,93.46
291.5,0.0,93.46
291.6,14.0,93.46
291.7,0.0,93.46
291.8,14.1,93.46
291.9,14.4,93.46
292.0,14.0,93.46
292.1,14.0,93.46
292.2,14.5,93.46
292.3,14.2,93.46
292.4,14.3,93.46
292.5,14.1,93.46
292.6,14.0,93.46
292.7,13.8,93.46
292.8,0.0,93.46
292.9,0.0,93.46
293.0,0.0,93.46
293.1,0.0,93.46
293.2,0.0,93.46
293.3,14.1,93.46
293.4,14.3,93.46
293.5,14.0,93.46
293.6,14.3,93.46
293.7,14.0,93.46
293.8,14.0,93.46
293.9,14.0,93.46
294.0,14.0,93.46
294.1,0.0,93.46
294.2,0.0,93.46
294.3,14.1,93.46
294.4,14.1,93.46
294.5,14.0,93.46
294.6,0.0,93.46
294.7,0.0,93.46
294.8,13.9,93.46
294.9,14.1,93.46
295.0,14.4,93.46
295.1,14.1,93.46
295.2,14.1,93.46
295.3,14.1,93.46
295.4,0.0,93.46
295.5,0.0,93.46
295.6,0.0,93.46
295.7,0.0,93.46
295.8,0.0,93.46
295.9,0.0,93.46
296.0,0.0,93.46
296.1,13.9,93.46
296.2,14.2,93.46
296.3,0.0,93.46
296.4,13.9,93.46
296.5,14.1,93.46
296.6,0.0,93.46
296.7,0.0,93.46
296.8,13.9,93.46
296.9,0.0,93.46
297.0,14.1,93.46
297.1,14.0,93.46
297.2,14.1,93.46
297.3,0.0,93.46
297.4,0.0,93.46
297.5,0.0,93.46
297.6,13.9,93.46
297.7,14.1,93.46
297.8,14.3,93.46
297.9,0.0,93.46
298.0,14.0,93.46
298.1,0.0,93.46
298.2,0.0,93.47
298.3,0.0,93.47
298.4,0.0,93.47
298.5,0.0,93.47
298.6,14.1,93.47
298.7,14.0,93.47
298.8,0.0,93.47
298.9,13.9,93.47
299.0,0.0,93.47
299.1,0.0,93.47
299.2,13.8,93.47
299.3,14.1,93.47
299.4,14.0,93.47
299.5,14.0,93.47
299.6,14.5,93.47
299.7,14.0,93.47
299.8,14.0,93.47
299.9,0.0,93.47
300.0,0.0,93.47
300.1,0.0,93.47
300.2,0.0,93.47
300.3,14.0,93.47
300.4,14.1,93.47
300.5,14.1,93.47
300.6,0.0,93.47
300.7,14.0,93.47
300.8,0.0,93.47
300.9,0.0,93.47
301.0,0.0,93.47
301.1,14.0,93.47
301.2,14.0,93.47
301.3,13.9,93.47
301.4,0.0,93.47
301.5,0.0,93.47
301.6,0.0,93.47
301.7,14.1,93.47
301.8,0.0,93.47
301.9,0.0,93.47
302.0,13.9,93.47
302.1,13.9,93.47
302.2,14.0,93.47
302.3,0.0,93.47
302.4,0.0,93.47
302.5,0.0,93.47
302.6,0.0,93.47
302.7,14.1,93.47
302.8,14.0,93.47
302.9,0.0,93.47
303.0,14.1,93.47
303.1,14.1,93.47
303.2,13.7,93.47
303.3,0.0,93.47
303.4,0.0,93.47
303.5,14.1,93.47
303.6,14.1,93.47
303.7,14.1,93.47
303.8,14.4,93.47
303.9,14.0,93.47
304.0,14.4,93.47
304.1,14.1,93.47
304.2,14.0,93.47
304.3,0.0,93.47
304.4,14.1,93.47
304.5,0.0,93.47
304.6,14.1,93.47
304.7,14.0,93.47
304.8,13.9,93.47
304.9,0.0,93.47
305.0,13.9,93.47
305.1,14.0,93.47
305.2,14.0,93.47
305.3,0.0,93.47
305.4,14.1,93.47
305.5,0.0,93.47
305.6,0.0,93.47
305.7,13.8,93.47
305.8,14.0,93.47
305.9,14.0,93.47
306.0,14.1,93.47
306.1,14.0,93.47
306.2,0.0,93.47
306.3,0.0,93.47
306.4,0.0,93.47
306.5,0.0,93.47
306.6,14.0,93.47
306.7,14.0,93.47
306.8,0.0,93.47
306.9,14.1,93.47
307.0,0.0,93.47
307.1,0.0,93.47
307.2,0.0,93.47
307.3,0.0,93.47
307.4,14.1,93.47
307.5,14.4,93.47
307.6,14.1,93.47
307.7,14.0,93.47
307.8,14.1,93.47
307.9,13.9,93.47
308.0,0.0,93.47
308.1,14.0,93.47
308.2,0.0,93.47
308.3,0.0,93.47
308.4,14.0,93.47
308.5,13.9,93.47
308.6,14.1,93.47
308.7,14.3,93.47
308.8,14.1,93.47
308.9,14.0,93.47
309.0,14.1,93.47
309.1,0.0,93.47
309.2,0.0,93.47
309.3,0.0,93.47
309.4,14.1,93.47
309.5,0.0,93.47
309.6,14.0,93.47
309.7,14.2,93.47
309.8,0.0,93.47
309.9,0.0,93.47
310.0,0.0,93.47
310.1,0.0,93.47
310.2,13.9,93.47
310.3,14.0,93.47
310.4,14.0,93.47
310.5,14.0,93.47
310.6,14.1,93.47
310.7,0.0,93.47
310.8,0.0,93.47
310.9,0.0,93.48
311.0,0.0,93.48
311.1,0.0,93.48
311.2,0.0,93.48
311.3,0.0,93.48
311.4,0.0,93.48
311.5,13.9,93.48
311.6,13.9,93.48
311.7,14.5,93.48
311.8,15.0,93.48
311.9,0.0,93.48
312.0,0.0,93.48
312.1,13.9,93.48
312.2,0.0,93.48
312.3,0.0,93.48
312.4,14.0,93.48
312.5,14.0,93.48
312.6,14.1,93.48
312.7,14.0,93.48
312.8,14.0,93.48
312.9,0.0,93.48
313.0,0.0,93.48
313.1,0.0,93.48
313.2,0.0,93.48
313.3,14.0,93.48
313.4,14.0,93.48
313.5,14.1,93.48
313.6,14.0,93.48
313.7,13.9,93.48
313.8,0.0,93.48
313.9,0.0,93.48
314.0,14.0,93.48
314.1,13.7,93.48
314.2,14.0,93.48
314.3,13.9,93.48
314.4,0.0,93.48
314.5,0.0,93.48
314.6,0.0,93.48
314.7,14.1,93.48
314.8,14.0,93.48
314.9,0.0,93.48
315.0,13.9,93.48
315.1,13.9,93.48
315.2,0.0,93.48
315.3,0.0,93.48
315.4,14.0,93.48
315.5,13.8,93.48
315.6,14.2,93.48
315.7,14.6,93.48
315.8,15.0,93.48
315.9,0.0,93.48
316.0,0.0,93.48
316.1,14.5,93.48
316.2,14.4,93.48
316.3,14.6,93.48
316.4,0.0,93.48
316.5,0.0,93.48
316.6,0.0,93.48
316.7,14.2,93.48
316.8,14.9,93.48
316.9,0.0,93.48
317.0,0.0,93.48
317.1,0.0,93.48
317.2,14.9,93.48
317.3,0.0,93.48
317.4,0.0,93.48
317.5,15.0,93.48
317.6,0.0,93.48
317.7,0.0,93.48
317.8,0.0,93.48
317.9,0.0,93.48
318.0,0.0,93.48
318.1,0.0,93.48
318.2,14.9,93.48
318.3,0.0,93.48
318.4,0.0,93.48
318.5,14.3,93.48
318.6,14.9,93.48
318.7,14.0,93.48
318.8,14.4,93.48
318.9,14.0,93.48
319.0,14.0,93.48
319.1,0.0,93.48
319.2,14.1,93.48
319.3,14.3,93.48
319.4,14.1,93.48
319.5,14.0,93.48
319.6,14.1,93.48
319.7,14.0,93.48
319.8,13.9,93.48
319.9,0.0,93.48
320.0,13.9,93.48
320.1,0.0,93.48
320.2,14.0,93.48
320.3,14.1,93.48
320.4,14.0,93.48
320.5,14.1,93.48
320.6,14.1,93.48
320.7,14.0,93.48
320.8,0.0,93.48
320.9,0.0,93.48
321.0,0.0,93.48
321.1,14.0,93.48
321.2,14.0,93.48
321.3,14.0,93.48
321.4,14.0,93.48
321.5,0.0,93.48
321.6,0.0,93.48
321.7,0.0,93.48
321.8,14.0,93.48
321.9,13.8,93.48
322.0,14.0,93.48
322.1,14.1,93.48
322.2,0.0,93.48
322.3,0.0,93.48
322.4,0.0,93.48
322.5,0.0,93.48
322.6,13.8,93.48
322.7,14.0,93.48
322.8,13.9,93.48
322.9,0.0,93.48
323.0,0.0,93.48
323.1,0.0,93.48
323.2,0.0,93.48
323.3,14.1,93.48
323.4,14.0,93.48
323.5,14.2,93.48
323.6,14.1,93.48
323.7,14.0,93.48
323.8,14.0,93.48
323.9,0.0,93.48
324.0,0.0,93.48
324.1,14.0,93.48
324.2,14.1,93.48
324.3,14.0,93.48
324.4,14.6,93.48
324.5,14.1,93.48
324.6,14.1,93.48
324.7,14.0,93.48
324.8,14.1,93.48
324.9,0.0,93.48
325.0,0.0,93.48
325.1,14.1,93.48
325.2,14.1,93.48
325.3,14.4,93.48
325.4,13.9,93.48
325.5,13.8,93.48
325.6,14.0,93.48
325.7,0.0,93.48
325.8,0.0,93.48
325.9,14.0,93.48
326.0,14.0,93.48
326.1,13.9,93.48
326.2,14.0,93.48
326.3,0.0,93.48
326.4,0.0,93.48
326.5,0.0,93.48
326.6,14.0,93.48
326.7,13.9,93.48
326.8,14.0,93.48
326.9,14.0,93.48
327.0,0.0,93.48
327.1,0.0,93.48
327.2,14.0,93.48
327.3,13.8,93.48
327.4,14.1,93.48
327.5,14.1,93.48
327.6,13.9,93.48
327.7,0.0,93.48
327.8,13.9,93.48
327.9,14.1,93.48
328.0,14.1,93.48
328.1,14.4,93.48
328.2,14.0,93.48
328.3,14.1,93.48
328.4,14.1,93.48
328.5,14.3,93.48
328.6,14.0,93.48
328.7,0.0,93.48
328.8,0.0,93.48
328.9,14.0,93.48
329.0,14.0,93.48
329.1,14.0,93.48
329.2,13.9,93.48
329.3,14.4,93.48
329.4,0.0,93.48
329.5,0.0,93.49
329.6,13.6,93.49
329.7,14.1,93.49
329.8,14.1,93.49
329.9,14.0,93.49
330.0,14.1,93.49
330.1,14.1,93.49
330.2,14.5,93.49
330.3,14.0,93.49
330.4,14.3,93.49
330.5,13.9,93.49
330.6,0.0,93.49
330.7,0.0,93.49
330.8,0.0,93.49
330.9,0.0,93.49
331.0,0.0,93.49
331.1,14.0,93.49
331.2,14.0,93.49
331.3,0.0,93.49
331.4,14.1,93.49
331.5,13.9,93.49
331.6,0.0,93.49
331.7,0.0,93.49
331.8,0.0,93.49
331.9,0.0,93.49
332.0,14.0,93.49
332.1,14.1,93.49
332.2,14.1,93.49
332.3,13.8,93.49
332.4,14.1,93.49
332.5,0.0,93.49
332.6,14.0,93.49
332.7,0.0,93.49
332.8,0.0,93.49
332.9,0.0,93.49
333.0,14.0,93.49
333.1,14.0,93.49
333.2,13.8,93.49
333.3,14.0,93.49
333.4,0.0,93.49
333.5,0.0,93.49
333.6,0.0,93.49
333.7,14.0,93.49
333.8,14.0,93.49
333.9,14.0,93.49
334.0,14.0,93.49
334.1,14.1,93.49
334.2,0.0,93.49
334.3,0.0,93.49
334.4,0.0,93.49
334.5,14.0,93.49
334.6,13.7,93.49
334.7,13.9,93.49
334.8,14.1,93.49
334.9,0.0,93.49
335.0,0.0,93.49
335.1,14.5,93.49
335.2,14.0,93.49
335.3,0.0,93.49
335.4,0.0,93.49
335.5,0.0,93.49
335.6,14.3,93.49
335.7,14.0,93.49
335.8,0.0,93.49
335.9,0.0,93.49
336.0,0.0,93.49
336.1,0.0,93.49
336.2,13.9,93.49
336.3,0.0,93.49
336.4,0.0,93.49
336.5,13.8,93.49
336.6,13.8,93.49
336.7,13.7,93.49
336.8,13.8,93.49
336.9,13.9,93.49
337.0,13.7,93.49
337.1,13.9,93.49
337.2,0.0,93.49
337.3,0.0,93.49
337.4,0.0,93.49
337.5,0.0,93.49
337.6,14.0,93.49
337.7,0.0,93.49
337.8,14.0,93.49
337.9,14.0,93.49
338.0,13.9,93.49
338.1,14.0,93.49
338.2,0.0,93.49
338.3,14.2,93.49
338.4,14.0,93.49
338.5,14.0,93.49
338.6,14.4,93.49
338.7,13.9,93.49
338.8,14.7,93.49
338.9,14.3,93.49
339.0,14.0,93.49
339.1,14.0,93.49
339.2,14.1,93.49
339.3,0.0,93.49
339.4,0.0,93.49
339.5,14.0,93.49
339.6,14.0,93.49
339.7,14.0,93.49
339.8,14.0,93.49
339.9,13.8,93.49
340.0,0.0,93.49
340.1,13.9,93.49
340.2,14.1,93.49
340.3,14.0,93.49
340.4,13.8,93.49
340.5,14.1,93.49
340.6,0.0,93.49
340.7,0.0,93.49
340.8,14.0,93.49
340.9,14.2,93.49
341.0,14.0,93.49
341.1,14.1,93.49
341.2,14.0,93.49
341.3,14.1,93.49
341.4,13.7,93.49
341.5,0.0,93.49
341.6,13.9,93.49
341.7,14.0,93.49
341.8,13.9,93.49
341.9,14.0,93.49
342.0,0.0,93.49
342.1,0.0,93.49
342.2,0.0,93.49
342.3,13.9,93.5
342.4,14.5,93.5
342.5,14.1,93.5
342.6,14.0,93.5
342.7,14.0,93.5
342.8,14.0,93.5
342.9,14.1,93.5
343.0,0.0,93.5
343.1,0.0,93.5
343.2,13.9,93.5
343.3,0.0,93.5
343.4,14.0,93.5
343.5,13.9,93.5
343.6,14.2,93.5
343.7,14.1,93.5
343.8,13.9,93.5
343.9,14.3,93.5
344.0,14.0,93.5
344.1,0.0,93.5
344.2,0.0,93.5
344.3,14.0,93.5
344.4,14.0,93.5
344.5,14.3,93.5
344.6,14.0,93.5
344.7,14.4,93.5
344.8,14.5,93.5
344.9,13.8,93.5
345.0,14.2,93.5
345.1,14.8,93.5
345.2,13.9,93.5
345.3,14.1,93.5
345.4,14.0,93.5
345.5,0.0,93.5
345.6,0.0,93.5
345.7,0.0,93.5
345.8,0.0,93.5
345.9,14.0,93.5
346.0,14.0,93.5
346.1,14.0,93.5
346.2,0.0,93.5
346.3,0.0,93.5
346.4,0.0,93.5
346.5,0.0,93.5
346.6,0.0,93.5
346.7,13.9,93.5
346.8,14.0,93.5
346.9,14.0,93.5
347.0,14.1,93.5
347.1,15.0,93.5
347.2,0.0,93.5
347.3,0.0,93.5
347.4,14.1,93.5
347.5,14.0,93.5
347.6,14.0,93.5
347.7,14.0,93.5
347.8,14.1,93.5
347.9,0.0,93.5
348.0,0.0,93.5
348.1,0.0,93.5
348.2,14.0,93.5
348.3,14.0,93.5
348.4,14.1,93.5
348.5,14.1,93.5
348.6,14.0,93.5
348.7,0.0,93.56
348.8,0.0,93.56
348.9,14.0,93.56
349.0,14.0,93.56
349.1,14.1,93.56
349.2,13.9,93.56
349.3,13.6,93.56
349.4,0.0,93.56
349.5,14.1,93.56
349.6,0.0,93.56
349.7,13.7,93.56
349.8,14.1,93.56
349.9,13.7,93.56
350.0,13.9,93.56
350.1,0.0,93.56
350.2,14.1,93.56
350.3,14.0,93.56
350.4,13.8,93.56
350.5,14.9,93.56
350.6,0.0,93.56
350.7,13.9,93.56
350.8,13.9,93.56
350.9,0.0,93.56
351.0,0.0,93.56
351.1,14.0,93.56
351.2,14.1,93.56
351.3,13.8,93.56
351.4,14.0,93.56
351.5,13.9,93.56
351.6,0.0,93.56
351.7,0.0,93.56
351.8,14.0,93.56
351.9,14.1,93.56
352.0,14.0,93.56
352.1,14.0,93.56
352.2,13.9,93.56
352.3,0.0,93.56
352.4,0.0,93.56
352.5,0.0,93.56
352.6,14.1,93.56
352.7,14.4,93.56
352.8,14.0,93.56
352.9,13.8,93.56
353.0,14.0,93.56
353.1,13.9,93.56
353.2,0.0,93.56
353.3,14.1,93.56
353.4,13.9,93.56
353.5,14.0,93.56
353.6,13.9,93.56
353.7,13.8,93.56
353.8,0.0,93.56
353.9,0.0,93.56
354.0,14.0,93.56
354.1,14.0,93.56
354.2,14.0,93.56
354.3,14.1,93.56
354.4,14.0,93.56
354.5,0.0,93.56
354.6,13.8,93.56
354.7,14.0,93.56
354.8,14.1,93.56
354.9,14.0,93.56
355.0,14.0,93.56
355.1,14.0,93.56
355.2,0.0,93.56
355.3,13.9,93.56
355.4,14.0,93.56
355.5,13.8,93.56
355.6,13.9,93.56
355.7,0.0,93.56
355.8,0.0,93.56
355.9,0.0,93.56
356.0,0.0,93.56
356.1,14.1,93.56
356.2,14.0,93.56
356.3,14.0,93.56
356.4,0.0,93.56
356.5,14.0,93.56
356.6,0.0,93.56
356.7,14.1,93.56
356.8,0.0,93.56
356.9,14.0,93.56
357.0,0.0,93.56
357.1,0.0,93.56
357.2,0.0,93.56
357.3,13.7,93.56
357.4,14.0,93.56
357.5,14.0,93.56
357.6,14.0,93.56
357.7,14.4,93.56
357.8,14.0,93.56
357.9,14.0,93.56
358.0,0.0,93.56
358.1,14.0,93.56
358.2,13.8,93.56
358.3,14.0,93.56
358.4,14.0,93.56
358.5,0.0,93.56
358.6,0.0,93.56
358.7,14.0,93.56
358.8,14.1,93.56
358.9,13.8,93.56
359.0,14.0,93.56
359.1,14.0,93.56
359.2,0.0,93.56
359.3,0.0,93.56
359.4,0.0,93.56
359.5,14.0,93.56
359.6,14.1,93.56
359.7,14.0,93.56
359.8,14.1,93.56
359.9,14.1,93.56
360.0,14.0,93.56
360.1,0.0,93.56
360.2,0.0,93.56
360.3,14.1,93.56
360.4,14.1,93.56
360.5,14.0,93.56
360.6,14.1,93.56
360.7,14.4,93.56
360.8,13.8,93.56
360.9,0.0,93.56
361.0,14.1,93.56
361.1,13.9,93.56
361.2,14.0,93.56
361.3,14.1,93.56
361.4,14.0,93.56
361.5,14.0,93.56
361.6,0.0,93.56
361.7,13.9,93.56
361.8,0.0,93.56
361.9,14.0,93.56
362.0,13.9,93.56
362.1,14.0,93.56
362.2,14.6,93.56
362.3,13.7,93.56
362.4,14.1,93.56
362.5,14.0,93.56
362.6,0.0,93.56
362.7,14.0,93.56
362.8,0.0,93.56
362.9,14.0,93.56
363.0,14.0,93.56
363.1,0.0,93.56
363.2,0.0,93.56
363.3,0.0,93.56
363.4,14.0,93.56
363.5,14.0,93.56
363.6,13.9,93.56
363.7,0.0,93.56
363.8,0.0,93.56
363.9,0.0,93.56
364.0,0.0,93.56
364.1,0.0,93.56
364.2,0.0,93.56
364.3,0.0,93.56
364.4,0.0,93.56
364.5,14.1,93.56
364.6,0.0,93.56
364.7,14.0,93.56
364.8,14.0,93.56
364.9,14.1,93.56
365.0,14.1,93.56
365.1,13.8,93.56
365.2,0.0,93.56
365.3,0.0,93.56
365.4,0.0,93.56
365.5,0.0,93.56
365.6,14.0,93.56
365.7,13.8,93.56
365.8,14.0,93.56
365.9,14.2,93.56
366.0,14.8,93.56
366.1,13.9,93.56
366.2,13.9,93.56
366.3,0.0,93.56
366.4,0.0,93.56
366.5,13.9,93.56
366.6,13.9,93.56
366.7,14.0,93.56
366.8,13.9,93.56
366.9,0.0,93.56
367.0,0.0,93.56
367.1,13.8,93.56
367.2,14.5,93.56
367.3,0.0,93.56
367.4,0.0,93.56
367.5,0.0,93.56
367.6,0.0,93.56
367.7,14.0,93.56
367.8,14.0,93.56
367.9,14.1,93.56
368.0,13.9,93.56
368.1,13.8,93.56
368.2,0.0,93.56
368.3,0.0,93.56
368.4,14.0,93.56
368.5,14.4,93.56
368.6,14.0,93.56
368.7,14.1,93.56
368.8,14.1,93.56
368.9,13.9,93.56
369.0,14.0,93.56
369.1,0.0,93.56
369.2,0.0,93.56
369.3,14.0,93.56
369.4,14.0,93.56
369.5,14.0,93.56
369.6,13.8,93.56
369.7,0.0,93.56
369.8,0.0,93.56
369.9,0.0,93.56
370.0,0.0,93.56
370.1,0.0,93.56
370.2,14.1,93.56
370.3,0.0,93.56
370.4,0.0,93.56
370.5,0.0,93.56
370.6,0.0,93.56
370.7,0.0,93.56
370.8,0.0,93.56
370.9,0.0,93.56
371.0,0.0,93.56
371.1,14.6,93.56
371.2,14.0,93.56
371.3,14.2,93.56
371.4,0.0,93.56
371.5,0.0,93.56
371.6,0.0,93.56
371.7,0.0,93.56
371.8,14.0,93.56
371.9,14.1,93.56
372.0,14.0,93.56
372.1,0.0,93.56
372.2,0.0,93.56
372.3,0.0,93.56
372.4,0.0,93.56
372.5,0.0,93.56
372.6,0.0,93.56
372.7,0.0,93.56
372.8,0.0,93.56
372.9,0.0,93.56
373.0,13.8,93.56
373.1,14.0,93.56
373.2,14.0,93.56
373.3,14.0,93.56
373.4,14.1,93.56
373.5,0.0,93.56
373.6,0.0,93.56
373.7,0.0,93.56
373.8,13.7,93.56
373.9,14.1,93.56
374.0,14.0,93.56
374.1,14.0,93.56
374.2,0.0,93.56
374.3,0.0,93.56
374.4,0.0,93.56
374.5,0.0,93.56
374.6,13.8,93.56
374.7,14.3,93.56
374.8,14.0,93.56
374.9,14.0,93.56
375.0,14.7,93.56
375.1,13.8,93.56
375.2,13.8,93.56
375.3,13.8,93.56
375.4,0.0,93.56
375.5,13.7,93.56
375.6,14.1,93.56
375.7,14.0,93.56
375.8,14.0,93.56
375.9,0.0,93.56
376.0,14.0,93.56
376.1,0.0,93.56
376.2,0.0,93.56
376.3,13.9,93.56
376.4,14.4,93.56
376.5,14.0,93.56
376.6,14.1,93.56
376.7,14.0,93.56
376.8,14.4,93.56
376.9,14.0,93.56
377.0,14.1,93.56
377.1,0.0,93.56
377.2,0.0,93.56
377.3,13.9,93.56
377.4,13.8,93.56
377.5,14.0,93.56
377.6,13.9,93.56
377.7,0.0,93.56
377.8,0.0,93.56
377.9,14.0,93.56
378.0,14.2,93.56
378.1,14.0,93.56
378.2,14.4,93.56
378.3,14.0,93.56
378.4,14.3,93.56
378.5,14.0,93.56
378.6,14.0,93.56
378.7,0.0,93.56
378.8,0.0,93.56
378.9,13.9,93.56
379.0,14.1,93.56
379.1,14.0,93.56
379.2,13.9,93.56
379.3,14.1,93.56
379.4,13.9,93.56
379.5,0.0,93.56
379.6,0.0,93.56
379.7,0.0,93.56
379.8,14.0,93.56
379.9,14.3,93.56
380.0,13.9,93.56
380.1,14.2,93.56
380.2,14.1,93.56
380.3,0.0,93.56
380.4,14.0,93.56
380.5,13.6,93.56
380.6,0.0,93.56
380.7,0.0,93.56
380.8,14.2,93.56
380.9,0.0,93.56
381.0,14.1,93.56
381.1,0.0,93.56
381.2,13.9,93.56
381.3,13.8,93.56
381.4,14.0,93.56
381.5,14.1,93.56
381.6,14.3,93.56
381.7,14.1,93.56
381.8,14.1,93.56
381.9,0.0,93.56
382.0,0.0,93.56
382.1,14.0,93.56
382.2,13.9,93.56
382.3,14.0,93.56
382.4,0.0,93.56
382.5,13.8,93.56
382.6,13.8,93.56
382.7,14.0,93.56
382.8,14.0,93.56
382.9,13.8,93.56
383.0,0.0,93.56
383.1,14.0,93.56
383.2,14.1,93.56
383.3,14.0,93.56
383.4,13.9,93.56
383.5,13.9,93.56
383.6,0.0,93.56
383.7,0.0,93.56
383.8,0.0,93.56
383.9,14.0,93.56
384.0,0.0,93.56
384.1,13.9,93.56
384.2,14.0,93.56
384.3,14.0,93.56
384.4,14.1,93.56
384.5,14.1,93.56
384.6,0.0,93.56
384.7,0.0,93.56
384.8,13.9,93.56
384.9,0.0,93.56
385.0,13.9,93.56
385.1,14.0,93.56
385.2,14.4,93.56
385.3,14.0,93.56
385.4,14.3,93.56
385.5,14.1,93.56
385.6,14.4,93.56
385.7,14.0,93.56
385.8,0.0,93.56
385.9,14.1,93.56
386.0,0.0,93.56
386.1,0.0,93.56
386.2,0.0,93.56
386.3,13.8,93.56
386.4,14.1,93.56
386.5,14.2,93.56
386.6,14.0,93.56
386.7,14.0,93.56
386.8,0.0,93.56
386.9,0.0,93.56
387.0,0.0,93.56
387.1,0.0,93.56
387.2,13.8,93.56
387.3,14.3,93.56
387.4,14.0,93.56
387.5,14.0,93.56
387.6,14.0,93.56
387.7,0.0,93.56
387.8,0.0,93.56
387.9,14.1,93.56
388.0,13.9,93.56
388.1,14.3,93.56
388.2,13.9,93.56
388.3,14.0,93.56
388.4,0.0,93.56
388.5,0.0,93.56
388.6,14.0,93.56
388.7,0.0,93.56
388.8,0.0,93.56
388.9,14.1,93.56
389.0,13.8,93.56
389.1,14.4,93.56
389.2,0.0,93.56
389.3,0.0,93.56
389.4,0.0,93.56
389.5,13.6,93.56
389.6,0.0,93.56
389.7,14.0,93.56
389.8,14.3,93.56
389.9,13.6,93.56
390.0,14.4,93.56
390.1,14.1,93.56
390.2,14.1,93.56
390.3,0.0,93.56
390.4,0.0,93.56
390.5,14.0,93.56
390.6,14.0,93.56
390.7,14.0,93.56
390.8,14.1,93.56
390.9,14.1,93.56
391.0,0.0,93.56
391.1,0.0,93.56
391.2,13.7,93.56
391.3,13.8,93.56
391.4,14.1,93.56
391.5,14.1,93.56
391.6,0.0,93.56
391.7,0.0,93.56
391.8,14.0,93.56
391.9,14.3,93.56
392.0,0.0,93.56
392.1,14.3,93.56
392.2,13.9,93.56
392.3,14.0,93.56
392.4,0.0,93.56
392.5,0.0,93.56
392.6,0.0,93.56
392.7,0.0,93.56
392.8,14.0,93.56
392.9,14.0,93.56
393.0,14.0,93.56
393.1,14.0,93.56
393.2,14.1,93.56
393.3,0.0,93.56
393.4,0.0,93.56
393.5,0.0,93.56
393.6,14.1,93.56
393.7,14.2,93.56
393.8,14.1,93.56
393.9,14.0,93.56
394.0,13.7,93.56
394.1,0.0,93.56
394.2,0.0,93.56
394.3,14.0,93.56
394.4,14.0,93.56
394.5,14.0,93.56
394.6,14.0,93.56
394.7,14.1,93.56
394.8,14.0,93.56
394.9,0.0,93.56
395.0,14.1,93.56
395.1,14.1,93.56
395.2,14.1,93.56
395.3,14.0,93.56
395.4,14.0,93.56
395.5,14.0,93.56
395.6,0.0,93.56
395.7,0.0,93.56
395.8,14.0,93.56
395.9,14.1,93.56
396.0,14.1,93.56
396.1,14.1,93.56
396.2,14.0,93.56
396.3,14.1,93.56
396.4,0.0,93.56
396.5,14.0,93.56
396.6,0.0,93.56
396.7,14.0,93.56
396.8,14.1,93.56
396.9,14.0,93.56
397.0,14.0,93.56
397.1,14.1,93.56
397.2,14.0,93.56
397.3,0.0,93.56
397.4,0.0,93.56
397.5,14.0,93.56
397.6,14.0,93.56
397.7,14.0,93.56
397.8,13.8,93.56
397.9,0.0,93.56
398.0,0.0,93.56
398.1,0.0,93.56
398.2,0.0,93.56
398.3,0.0,93.56
398.4,14.1,93.56
398.5,14.1,93.56
398.6,14.0,93.56
398.7,13.9,93.56
398.8,14.0,93.56
398.9,0.0,93.56
399.0,0.0,93.56
399.1,14.0,93.56
399.2,14.0,93.56
399.3,13.9,93.56
399.4,14.0,93.56
399.5,0.0,93.56
399.6,0.0,93.56
399.7,0.0,93.56
399.8,0.0,93.56
399.9,0.0,93.56
400.0,0.0,93.56
400.1,0.0,93.56
400.2,0.0,93.56
400.3,13.9,93.56
400.4,14.0,93.56
400.5,14.1,93.56
400.6,14.1,93.56
400.7,14.0,93.56
400.8,0.0,93.56
400.9,13.8,93.56
401.0,13.9,93.56
401.1,13.4,93.56
401.2,14.0,93.56
401.3,14.1,93.56
401.4,13.6,93.56
401.5,13.7,93.56
401.6,13.0,93.56
401.7,13.4,93.56
401.8,0.0,93.56
401.9,0.0,93.56
402.0,13.9,93.56
402.1,14.0,93.56
402.2,14.1,93.56
402.3,14.0,93.56
402.4,14.8,93.56
402.5,13.5,93.56
402.6,0.0,93.56
402.7,0.0,93.56
402.8,0.0,93.56
402.9,14.0,93.56
403.0,13.9,93.56
403.1,13.6,93.56
403.2,0.0,93.56
403.3,0.0,93.56
403.4,0.0,93.56
403.5,0.0,93.56
403.6,14.1,93.56
403.7,13.8,93.56
403.8,14.4,93.56
403.9,14.0,93.56
404.0,13.2,93.56
404.1,13.8,93.56
404.2,14.0,93.56
404.3,14.0,93.56
404.4,13.8,93.56
404.5,0.0,93.56
404.6,0.0,93.56
404.7,0.0,93.56
404.8,13.7,93.56
404.9,13.6,93.56
405.0,14.0,93.56
405.1,0.0,93.56
405.2,14.0,93.56
405.3,14.0,93.56
405.4,14.1,93.56
405.5,13.9,93.56
405.6,13.3,93.56
405.7,13.7,93.56
405.8,0.0,93.56
405.9,14.0,93.56
406.0,13.4,93.56
406.1,13.9,93.56
406.2,0.0,93.56
406.3,13.4,93.56
406.4,14.0,93.56
406.5,26.8,93.56
406.6,13.7,93.56
406.7,14.0,93.56
406.8,13.9,93.56
406.9,0.0,93.56
407.0,0.0,93.56
407.1,0.0,93.56
407.2,13.8,93.56
407.3,0.0,93.56
407.4,13.9,93.56
407.5,13.4,93.56
407.6,13.4,93.56
407.7,13.8,93.56
407.8,13.2,93.56
407.9,13.4,93.56
408.0,14.6,93.56
408.1,14.7,93.56
408.2,13.5,93.56
408.3,13.6,93.56
408.4,0.0,93.56
408.5,0.0,93.56
408.6,13.4,93.56
408.7,25.8,93.56
408.8,13.3,93.56
408.9,0.0,93.56
409.0,13.6,93.56
409.1,13.9,93.56
409.2,13.3,93.56
409.3,13.7,93.56
409.4,13.5,93.56
409.5,0.0,93.56
409.6,13.9,93.56
409.7,0.0,93.56
409.8,13.4,93.56
409.9,13.8,93.56
410.0,0.0,93.56
410.1,0.0,93.56
410.2,14.1,93.56
410.3,14.0,93.56
410.4,13.7,93.56
410.5,13.5,93.56
410.6,14.0,93.56
410.7,13.4,93.56
410.8,26.4,93.56
410.9,13.8,93.56
411.0,13.9,93.56
411.1,13.8,93.56
411.2,0.0,93.56
411.3,0.0,93.56
411.4,0.0,93.56
411.5,13.4,93.56
411.6,0.0,93.56
411.7,13.5,93.56
411.8,0.0,93.56
411.9,0.0,93.56
412.0,0.0,93.56
412.1,13.4,93.56
412.2,13.7,93.56
412.3,0.0,93.56
412.4,0.0,93.56
412.5,13.9,93.56
412.6,13.5,93.56
412.7,14.8,93.56
412.8,14.0,93.56
412.9,14.2,93.56
413.0,26.1,93.56
413.1,13.7,93.56
413.2,13.5,93.56
413.3,13.5,93.56
413.4,14.4,93.56
413.5,13.4,93.56
413.6,13.6,93.56
413.7,0.0,93.56
413.8,14.1,93.56
413.9,13.5,93.56
414.0,13.9,93.56
414.1,0.0,93.56
414.2,14.1,93.56
414.3,13.8,93.56
414.4,13.8,93.56
414.5,26.7,93.56
414.6,13.2,93.56
414.7,0.0,93.56
414.8,0.0,93.56
414.9,14.0,93.56
415.0,13.5,93.56
415.1,14.5,93.56
415.2,14.1,93.56
415.3,14.0,93.56
415.4,0.0,93.56
415.5,14.1,93.56
415.6,0.0,93.56
415.7,0.0,93.56
415.8,14.0,93.56
415.9,14.3,93.52
416.0,13.3,93.52
416.1,26.8,93.52
416.2,14.0,93.52
416.3,13.4,93.52
416.4,25.3,93.52
416.5,26.4,93.52
416.6,13.9,93.52
416.7,13.5,93.52
416.8,13.3,93.52
416.9,13.0,93.52
417.0,13.3,93.52
417.1,13.5,93.52
417.2,0.0,93.52
417.3,14.3,93.52
417.4,0.0,93.52
417.5,0.0,93.52
417.6,13.8,93.52
417.7,13.8,93.52
417.8,14.0,93.52
417.9,13.7,93.52
418.0,13.8,93.52
418.1,13.9,93.52
418.2,14.1,93.52
418.3,14.0,93.52
418.4,13.9,93.52
418.5,0.0,93.52
418.6,13.3,93.52
418.7,14.7,93.52
418.8,14.1,93.52
418.9,14.0,93.52
419.0,13.7,93.52
419.1,0.0,93.52
419.2,0.0,93.52
419.3,14.0,93.52
419.4,13.5,93.52
419.5,13.9,93.52
419.6,13.5,93.52
419.7,13.6,93.52
419.8,13.4,93.52
419.9,13.9,93.52
420.0,13.7,93.52
420.1,13.9,93.52
420.2,12.9,93.52
420.3,12.8,93.52
420.4,13.3,93.52
420.5,0.0,93.52
420.6,14.0,93.52
420.7,0.0,93.52
420.8,13.2,93.52
420.9,14.4,93.52
421.0,14.0,93.52
421.1,0.0,93.52
421.2,0.0,93.52
421.3,0.0,93.52
421.4,0.0,93.52
421.5,13.3,93.52
421.6,14.0,93.52
421.7,13.4,93.52
421.8,14.0,93.52
421.9,14.0,93.52
422.0,13.8,93.52
422.1,14.0,93.52
422.2,0.0,93.52
422.3,0.0,93.52
422.4,0.0,93.52
422.5,13.8,93.52
422.6,14.0,93.52
422.7,0.0,93.52
422.8,0.0,93.52
422.9,14.0,93.52
423.0,13.9,93.52
423.1,14.3,93.52
423.2,14.0,93.52
423.3,13.9,93.52
423.4,0.0,93.52
423.5,13.8,93.52
423.6,13.8,93.52
423.7,13.5,93.52
423.8,0.0,93.52
423.9,13.7,93.52
424.0,13.6,93.52
424.1,14.2,93.52
424.2,0.0,93.52
424.3,0.0,93.52
424.4,0.0,93.52
424.5,13.5,93.52
424.6,14.1,93.52
424.7,14.8,93.52
424.8,14.1,93.52
424.9,13.4,93.52
425.0,0.0,93.52
425.1,0.0,93.52
425.2,13.7,93.52
425.3,14.2,93.52
425.4,0.0,93.52
425.5,13.8,93.52
425.6,0.0,93.52
425.7,14.9,93.52
425.8,14.5,93.52
425.9,0.0,93.52
426.0,14.9,93.52
426.1,14.3,93.52
426.2,13.9,93.52
426.3,13.3,93.52
426.4,0.0,93.52
426.5,14.0,93.52
426.6,13.7,93.52
426.7,0.0,93.52
426.8,14.5,93.52
426.9,14.3,93.52
427.0,13.8,93.52
427.1,0.0,93.52
427.2,0.0,93.52
427.3,13.3,93.52
427.4,14.2,93.52
427.5,13.9,93.52
427.6,14.0,93.52
427.7,13.8,93.52
427.8,0.0,93.52
427.9,13.6,93.52
428.0,14.0,93.52
428.1,13.9,93.52
428.2,14.4,93.52
428.3,13.7,93.52
428.4,0.0,93.52
428.5,0.0,93.52
428.6,14.1,93.52
428.7,14.2,93.52
428.8,14.1,93.52
428.9,14.0,93.52
429.0,0.0,93.52
429.1,0.0,93.52
429.2,0.0,93.52
429.3,13.6,93.52
429.4,13.9,93.52
429.5,13.9,93.52
429.6,13.3,93.52
429.7,13.8,93.52
429.8,13.3,93.52
429.9,13.8,93.52
430.0,14.0,93.52
430.1,14.0,93.52
430.2,13.6,93.52
430.3,13.8,93.52
430.4,13.9,93.52
430.5,13.4,93.52
430.6,0.0,93.52
430.7,13.9,93.52
430.8,14.4,93.52
430.9,14.0,93.52
431.0,14.1,93.52
431.1,0.0,93.52
431.2,13.2,93.52
431.3,13.9,93.52
431.4,0.0,93.52
431.5,0.0,93.52
431.6,13.6,93.52
431.7,13.4,93.52
431.8,0.0,93.52
431.9,13.8,93.52
432.0,13.2,93.52
432.1,13.2,93.52
432.2,14.1,93.52
432.3,13.9,93.52
432.4,14.1,93.52
432.5,0.0,93.52
432.6,13.3,93.52
432.7,14.0,93.52
432.8,14.0,93.52
432.9,13.8,93.52
433.0,0.0,93.52
433.1,14.3,93.52
433.2,14.0,93.52
433.3,13.5,93.52
433.4,14.0,93.52
433.5,13.4,93.52
433.6,0.0,93.52
433.7,0.0,93.52
433.8,14.0,93.52
433.9,0.0,93.52
434.0,13.5,93.52
434.1,13.3,93.52
434.2,0.0,93.52
434.3,13.9,93.52
434.4,13.8,93.52
434.5,14.0,93.52
434.6,13.8,93.52
434.7,0.0,93.52
434.8,13.4,93.52
434.9,14.2,93.52
435.0,13.8,93.52
435.1,0.0,93.52
435.2,14.0,93.52
435.3,13.3,93.52
435.4,0.0,93.52
435.5,13.9,93.52
435.6,13.2,93.52
435.7,13.2,93.52
435.8,13.9,93.52
435.9,0.0,93.52
436.0,13.9,93.52
436.1,13.4,93.52
436.2,0.0,93.52
436.3,13.4,93.52
436.4,13.9,93.52
436.5,14.0,93.52
436.6,13.9,93.52
436.7,24.2,93.52
436.8,0.0,93.52
436.9,14.0,93.52
437.0,14.0,93.52
437.1,0.0,93.52
437.2,0.0,93.52
437.3,14.0,93.52
437.4,14.0,93.52
437.5,13.3,93.52
437.6,13.8,93.52
437.7,13.7,93.52
437.8,14.2,93.52
437.9,14.2,93.52
438.0,14.0,93.52
438.1,13.8,93.52
438.2,0.0,93.52
438.3,14.1,93.52
438.4,13.7,93.52
438.5,13.8,93.52
438.6,0.0,93.52
438.7,0.0,93.52
438.8,13.5,93.52
438.9,14.0,93.52
439.0,13.8,93.52
439.1,13.3,93.52
439.2,14.1,93.52
439.3,13.4,93.52
439.4,13.6,93.52
439.5,13.0,93.52
439.6,0.0,93.52
439.7,13.9,93.52
439.8,14.1,93.52
439.9,14.1,93.52
440.0,13.3,93.52
440.1,13.6,93.52
440.2,13.9,93.52
440.3,13.5,93.52
440.4,0.0,93.52
440.5,13.7,93.52
440.6,13.4,93.52
440.7,0.0,93.52
440.8,0.0,93.52
440.9,0.0,93.52
441.0,0.0,93.52
441.1,0.0,93.52
441.2,0.0,93.52
441.3,13.9,93.52
441.4,13.4,93.52
441.5,13.3,93.52
441.6,14.0,93.52
441.7,13.5,93.52
441.8,0.0,93.52
441.9,14.0,93.52
442.0,14.0,93.52
442.1,14.0,93.52
442.2,14.0,93.52
442.3,13.3,93.52
442.4,13.9,93.52
442.5,13.8,93.52
442.6,13.5,93.52
442.7,13.5,93.52
442.8,13.9,93.52
442.9,13.9,93.52
443.0,0.0,93.52
443.1,0.0,93.52
443.2,13.1,93.52
443.3,13.8,93.52
443.4,0.0,93.52
443.5,13.9,93.52
443.6,14.3,93.52
443.7,14.0,93.52
443.8,13.5,93.52
443.9,13.3,93.52
444.0,14.0,93.52
444.1,13.4,93.52
444.2,13.9,93.52
444.3,14.1,93.52
444.4,13.2,93.52
444.5,0.0,93.52
444.6,14.1,93.52
444.7,13.8,93.52
444.8,13.4,93.52
444.9,0.0,93.52
445.0,14.0,93.52
445.1,0.0,93.52
445.2,14.4,93.52
445.3,13.3,93.52
445.4,0.0,93.52
445.5,13.7,93.52
445.6,14.0,93.52
445.7,13.6,93.52
445.8,12.5,93.52
445.9,0.0,93.52
446.0,0.0,93.52
446.1,0.0,93.52
446.2,14.0,93.52
446.3,13.9,93.52
446.4,0.0,93.52
446.5,13.3,93.52
446.6,14.0,93.52
446.7,13.9,93.52
446.8,14.0,93.52
446.9,0.0,93.52
447.0,0.0,93.52
447.1,14.1,93.52
447.2,13.8,93.52
447.3,14.1,93.52
447.4,14.0,93.52
447.5,14.0,93.52
447.6,0.0,93.52
447.7,13.9,93.52
447.8,14.1,93.52
447.9,14.0,93.52
448.0,14.0,93.52
448.1,13.8,93.52
448.2,0.0,93.52
448.3,13.7,93.52
448.4,14.2,93.52
448.5,0.0,93.52
448.6,14.4,93.52
448.7,14.0,93.52
448.8,0.0,93.52
448.9,0.0,93.52
449.0,13.9,93.52
449.1,13.3,93.52
449.2,0.0,93.52
449.3,0.0,93.52
449.4,14.0,93.52
449.5,14.1,93.52
449.6,13.6,93.52
449.7,0.0,93.52
449.8,14.0,93.52
449.9,0.0,93.52
450.0,0.0,93.52
450.1,13.6,93.52
450.2,14.5,93.52
450.3,14.2,93.52
450.4,13.6,93.52
450.5,14.1,93.52
450.6,0.0,93.52
450.7,13.6,93.52
450.8,13.5,93.52
450.9,14.1,93.52
451.0,14.2,93.52
451.1,0.0,93.52
451.2,0.0,93.52
451.3,14.0,93.52
451.4,0.0,93.52
451.5,0.0,93.52
451.6,0.0,93.52
451.7,13.9,93.52
451.8,14.1,93.52
451.9,14.1,93.52
452.0,13.4,93.52
452.1,0.0,93.52
452.2,14.0,93.52
452.3,0.0,93.52
452.4,0.0,93.52
452.5,0.0,93.52
452.6,14.2,93.52
452.7,14.0,93.52
452.8,0.0,93.52
452.9,0.0,93.52
453.0,13.9,93.52
453.1,14.1,93.52
453.2,13.8,93.52
453.3,0.0,93.52
453.4,0.0,93.52
453.5,0.0,93.52
453.6,13.1,93.52
453.7,13.6,93.52
453.8,13.5,93.52
453.9,14.1,93.52
454.0,14.0,93.52
454.1,13.5,93.52
454.2,14.1,93.52
454.3,14.1,93.52
454.4,14.2,93.52
454.5,14.1,93.52
454.6,14.2,93.52
454.7,13.8,93.52
454.8,0.0,93.52
454.9,13.7,93.52
455.0,13.4,93.52
455.1,0.0,93.52
455.2,13.6,93.52
455.3,14.0,93.52
455.4,13.2,93.52
455.5,0.0,93.52
455.6,13.7,93.52
455.7,13.7,93.52
455.8,14.3,93.52
455.9,13.5,93.52
456.0,13.9,93.52
456.1,0.0,93.52
456.2,0.0,93.52
456.3,14.1,93.53
456.4,0.0,93.53
456.5,13.2,93.53
456.6,14.0,93.53
456.7,14.1,93.53
456.8,14.2,93.53
456.9,14.2,93.53
457.0,14.1,93.53
457.1,13.7,93.53
457.2,0.0,93.53
457.3,13.3,93.53
457.4,13.5,93.53
457.5,0.0,93.53
457.6,0.0,93.53
457.7,14.1,93.53
457.8,13.9,93.53
457.9,14.2,93.53
458.0,14.1,93.53
458.1,14.4,93.53
458.2,13.9,93.53
458.3,14.1,93.53
458.4,14.0,93.53
458.5,0.0,93.53
458.6,14.1,93.53
458.7,14.1,93.53
458.8,13.9,93.53
458.9,13.8,93.53
459.0,13.8,93.53
459.1,0.0,93.53
459.2,14.0,93.53
459.3,14.1,93.53
459.4,14.3,93.53
459.5,13.4,93.53
459.6,0.0,93.53
459.7,0.0,93.53
459.8,0.0,93.53
459.9,13.5,93.53
460.0,0.0,93.53
460.1,13.3,93.53
460.2,14.0,93.53
460.3,13.7,93.53
460.4,0.0,93.53
460.5,13.3,93.53
460.6,0.0,93.53
460.7,14.0,93.53
460.8,14.0,93.53
460.9,14.7,93.53
461.0,14.1,93.53
461.1,0.0,93.53
461.2,13.9,93.53
461.3,13.9,93.53
461.4,14.7,93.53
461.5,14.2,93.53
461.6,13.9,93.53
461.7,14.5,93.53
461.8,14.1,93.53
461.9,14.4,93.53
462.0,13.6,93.53
462.1,0.0,93.53
462.2,0.0,93.53
462.3,0.0,93.53
462.4,14.2,93.53
462.5,14.2,93.53
462.6,0.0,93.53
462.7,14.6,93.53
462.8,14.7,93.53
462.9,14.2,93.53
463.0,0.0,93.53
463.1,0.0,93.53
463.2,0.0,93.53
463.3,13.6,93.53
463.4,14.2,93.53
463.5,14.1,93.53
463.6,13.8,93.53
463.7,0.0,93.53
463.8,14.5,93.53
463.9,14.1,93.53
464.0,0.0,93.53
464.1,0.0,93.53
464.2,0.0,93.53
464.3,0.0,93.53
464.4,0.0,93.53
464.5,0.0,93.53
464.6,13.8,93.53
464.7,0.0,93.53
464.8,0.0,93.53
464.9,14.0,93.53
465.0,14.2,93.53
465.1,0.0,93.53
465.2,14.2,93.53
465.3,14.2,93.53
465.4,14.1,93.53
465.5,13.7,93.53
465.6,13.9,93.53
465.7,14.2,93.53
465.8,13.4,93.53
465.9,14.0,93.53
466.0,0.0,93.53
466.1,0.0,93.53
466.2,14.0,93.53
466.3,13.6,93.53
466.4,14.0,93.53
466.5,0.0,93.53
466.6,0.0,93.53
466.7,0.0,93.53
466.8,0.0,93.53
466.9,14.1,93.53
467.0,0.0,93.53
467.1,13.9,93.53
467.2,13.7,93.53
467.3,13.6,93.53
467.4,13.2,93.53
467.5,14.1,93.53
467.6,13.6,93.53
467.7,0.0,93.53
467.8,0.0,93.53
467.9,14.1,93.53
468.0,0.0,93.53
468.1,13.7,93.53
468.2,0.0,93.53
468.3,13.6,93.53
468.4,13.8,93.53
468.5,14.4,93.53
468.6,14.0,93.53
468.7,14.2,93.53
468.8,14.1,93.53
468.9,0.0,93.53
469.0,0.0,93.53
469.1,0.0,93.53
469.2,0.0,93.54
469.3,0.0,93.54
469.4,0.0,93.54
469.5,0.0,93.54
469.6,14.0,93.54
469.7,14.2,93.54
469.8,14.1,93.54
469.9,14.0,93.54
470.0,13.8,93.54
470.1,14.2,93.54
470.2,14.1,93.54
470.3,0.0,93.54
470.4,0.0,93.54
470.5,13.9,93.54
470.6,13.7,93.54
470.7,14.0,93.54
470.8,14.1,93.54
470.9,14.1,93.54
471.0,0.0,93.54
471.1,0.0,93.54
471.2,13.4,93.54
471.3,14.1,93.54
471.4,14.2,93.54
471.5,14.2,93.54
471.6,0.0,93.54
471.7,0.0,93.54
471.8,0.0,93.54
471.9,0.0,93.54
472.0,0.0,93.54
472.1,13.6,93.54
472.2,13.9,93.54
472.3,14.2,93.54
472.4,14.1,93.54
472.5,14.1,93.54
472.6,0.0,93.54
472.7,0.0,93.54
472.8,14.1,93.54
472.9,14.2,93.54
473.0,14.2,93.54
473.1,14.4,93.54
473.2,14.1,93.54
473.3,13.5,93.54
473.4,0.0,93.54
473.5,14.1,93.54
473.6,14.0,93.54
473.7,13.4,93.54
473.8,0.0,93.54
473.9,13.2,93.54
474.0,14.1,93.54
474.1,14.2,93.54
474.2,13.9,93.54
474.3,13.9,93.54
474.4,0.0,93.54
474.5,0.0,93.54
474.6,14.0,93.54
474.7,14.1,93.54
474.8,14.1,93.54
474.9,14.2,93.54
475.0,14.2,93.54
475.1,14.2,93.54
475.2,13.7,93.54
475.3,0.0,93.54
475.4,0.0,93.54
475.5,14.1,93.54
475.6,0.0,93.54
475.7,0.0,93.54
475.8,13.6,93.54
475.9,0.0,93.54
476.0,14.1,93.54
476.1,14.1,93.54
476.2,13.7,93.54
476.3,14.0,93.54
476.4,14.2,93.54
476.5,0.0,93.54
476.6,0.0,93.54
476.7,13.9,93.54
476.8,14.0,93.54
476.9,14.5,93.54
477.0,13.8,93.54
477.1,13.7,93.54
477.2,0.0,93.54
477.3,0.0,93.54
477.4,0.0,93.54
477.5,13.6,93.54
477.6,0.0,93.54
477.7,0.0,93.54
477.8,0.0,93.54
477.9,0.0,93.54
478.0,0.0,93.54
478.1,0.0,93.54
478.2,0.0,93.54
478.3,0.0,93.54
478.4,14.1,93.54
478.5,14.1,93.54
478.6,0.0,93.54
478.7,0.0,93.54
478.8,0.0,93.54
478.9,14.1,93.54
479.0,13.7,93.54
479.1,14.3,93.54
479.2,14.1,93.54
479.3,14.7,93.54
479.4,14.3,93.54
479.5,14.3,93.54
479.6,14.4,93.54
479.7,0.0,93.54
479.8,14.3,93.54
479.9,14.1,93.54
480.0,14.2,93.54
480.1,14.2,93.54
480.2,13.3,93.54
480.3,13.6,93.54
480.4,14.2,93.54
480.5,14.5,93.54
480.6,14.2,93.54
480.7,13.5,93.54
480.8,14.0,93.54
480.9,0.0,93.54
481.0,0.0,93.54
481.1,0.0,93.54
481.2,13.6,93.54
481.3,13.8,93.54
481.4,13.9,93.54
481.5,0.0,93.54
481.6,0.0,93.54
481.7,12.7,93.54
481.8,0.0,93.54
481.9,0.0,93.54
482.0,0.0,93.54
482.1,14.1,93.54
482.2,0.0,93.54
482.3,0.0,93.54
482.4,13.5,93.54
482.5,14.1,93.54
482.6,13.6,93.54
482.7,13.6,93.54
482.8,13.5,93.54
482.9,0.0,93.54
483.0,14.1,93.54
483.1,14.0,93.54
483.2,14.0,93.54
483.3,14.2,93.54
483.4,14.2,93.54
483.5,13.9,93.54
483.6,0.0,93.54
483.7,0.0,93.54
483.8,14.2,93.54
483.9,0.0,93.54
484.0,13.6,93.54
484.1,14.0,93.54
484.2,13.6,93.54
484.3,0.0,93.54
484.4,0.0,93.54
484.5,14.0,93.54
484.6,0.0,93.54
484.7,0.0,93.54
484.8,0.0,93.54
484.9,0.0,93.54
485.0,14.1,93.54
485.1,0.0,93.54
485.2,0.0,93.54
485.3,13.9,93.54
485.4,0.0,93.54
485.5,0.0,93.54
485.6,0.0,93.54
485.7,0.0,93.54
485.8,0.0,93.54
485.9,13.8,93.54
486.0,14.4,93.54
486.1,14.2,93.54
486.2,14.2,93.54
486.3,13.7,93.54
486.4,14.4,93.54
486.5,14.0,93.54
486.6,0.0,93.54
486.7,0.0,93.54
486.8,0.0,93.54
486.9,0.0,93.54
487.0,0.0,93.54
487.1,13.9,93.54
487.2,14.0,93.54
487.3,14.4,93.54
487.4,14.1,93.54
487.5,13.9,93.54
487.6,14.1,93.54
487.7,14.2,93.54
487.8,14.1,93.54
487.9,0.0,93.54
488.0,0.0,93.54
488.1,13.9,93.55
488.2,13.7,93.55
488.3,14.1,93.55
488.4,14.1,93.55
488.5,14.1,93.55
488.6,14.0,93.55
488.7,0.0,93.55
488.8,0.0,93.55
488.9,0.0,93.55
489.0,0.0,93.55
489.1,13.7,93.55
489.2,13.7,93.55
489.3,13.7,93.55
489.4,13.5,93.55
489.5,14.2,93.55
489.6,14.5,93.55
489.7,13.9,93.55
489.8,14.1,93.55
489.9,14.0,93.55
490.0,14.0,93.55
490.1,13.4,93.55
490.2,14.0,93.55
490.3,14.1,93.55
490.4,14.2,93.55
490.5,0.0,93.55
490.6,13.7,93.55
490.7,13.8,93.55
490.8,0.0,93.55
490.9,14.0,93.55
491.0,0.0,93.55
491.1,13.7,93.55
491.2,14.1,93.55
491.3,13.9,93.55
491.4,0.0,93.55
491.5,13.8,93.55
491.6,14.2,93.55
491.7,14.1,93.55
491.8,14.2,93.55
491.9,14.1,93.55
492.0,14.2,93.55
492.1,13.4,93.55
492.2,13.6,93.55
492.3,14.2,93.55
492.4,14.4,93.55
492.5,13.9,93.55
492.6,0.0,93.55
492.7,0.0,93.55
492.8,13.7,93.55
492.9,0.0,93.55
493.0,0.0,93.55
493.1,0.0,93.55
493.2,14.1,93.55
493.3,14.1,93.55
493.4,14.1,93.55
493.5,0.0,93.55
493.6,0.0,93.55
493.7,14.1,93.55
493.8,14.2,93.55
493.9,14.2,93.55
494.0,0.0,93.55
494.1,14.1,93.55
494.2,14.0,93.55
494.3,14.0,93.55
494.4,14.2,93.55
494.5,14.1,93.55
494.6,14.1,93.55
494.7,14.2,93.55
494.8,0.0,93.55
494.9,0.0,93.55
495.0,14.1,93.55
495.1,0.0,93.55
495.2,14.1,93.55
495.3,14.1,93.55
495.4,0.0,93.55
495.5,13.5,93.55
495.6,12.8,93.55
495.7,14.0,93.55
495.8,14.1,93.55
495.9,14.2,93.55
496.0,14.0,93.55
496.1,14.1,93.55
496.2,14.0,93.55
496.3,0.0,93.55
496.4,13.7,93.55
496.5,14.2,93.55
496.6,14.1,93.55
496.7,14.1,93.55
496.8,14.1,93.55
496.9,14.4,93.55
497.0,14.1,93.55
497.1,13.7,93.55
497.2,0.0,93.55
497.3,13.9,93.55
497.4,0.0,93.55
497.5,14.2,93.55
497.6,14.1,93.55
497.7,14.1,93.55
497.8,0.0,93.55
497.9,13.6,93.55
498.0,14.1,93.55
498.1,14.2,93.55
498.2,14.5,93.55
498.3,13.8,93.55
498.4,14.1,93.55
498.5,14.3,93.55
498.6,14.1,93.55
498.7,0.0,93.55
498.8,14.1,93.55
498.9,14.2,93.55
499.0,0.0,93.55
499.1,0.0,93.55
499.2,13.8,93.55
499.3,13.9,93.55
499.4,13.6,93.55
499.5,0.0,93.55
499.6,13.7,93.55
499.7,14.2,93.55
499.8,0.0,93.55
499.9,14.2,93.55
500.0,0.0,93.55
500.1,14.0,93.55
500.2,14.0,93.55
500.3,0.0,93.55
500.4,0.0,93.55
500.5,0.0,93.55
500.6,0.0,93.55
500.7,0.0,93.55
500.8,0.0,93.55
500.9,13.8,93.55
501.0,14.1,93.55
501.1,13.9,93.55
501.2,13.7,93.55
501.3,14.1,93.55
501.4,14.5,93.55
501.5,14.1,93.55
501.6,14.0,93.55
501.7,14.5,93.55
501.8,14.1,93.55
501.9,14.1,93.55
502.0,14.2,93.55
502.1,13.8,93.55
502.2,13.5,93.55
502.3,14.1,93.55
502.4,14.1,93.55
502.5,14.1,93.55
502.6,0.0,93.55
502.7,14.1,93.55
502.8,0.0,93.55
502.9,0.0,93.55
503.0,0.0,93.55
503.1,0.0,93.55
503.2,13.8,93.55
503.3,14.5,93.55
503.4,14.3,93.55
503.5,13.5,93.55
503.6,14.1,93.55
503.7,0.0,93.55
503.8,14.1,93.55
503.9,14.1,93.55
504.0,13.5,93.55
504.1,14.1,93.55
504.2,0.0,93.55
504.3,14.2,93.55
504.4,13.8,93.55
504.5,0.0,93.55
504.6,14.0,93.55
504.7,14.1,93.55
504.8,0.0,93.55
504.9,0.0,93.55
505.0,0.0,93.55
505.1,13.9,93.55
505.2,0.0,93.55
505.3,0.0,93.55
505.4,0.0,93.55
505.5,0.0,93.55
505.6,0.0,93.55
505.7,0.0,93.55
505.8,0.0,93.55
505.9,13.6,93.55
506.0,14.0,93.55
506.1,13.8,93.55
506.2,0.0,93.55
506.3,0.0,93.55
506.4,0.0,93.55
506.5,0.0,93.55
506.6,0.0,93.55
506.7,0.0,93.55
506.8,0.0,93.55
506.9,0.0,93.55
507.0,13.3,93.55
507.1,0.0,93.55
507.2,0.0,93.56
507.3,0.0,93.56
507.4,14.1,93.56
507.5,13.6,93.56
507.6,13.7,93.56
507.7,0.0,93.56
507.8,13.8,93.56
507.9,14.0,93.56
508.0,14.1,93.56
508.1,14.1,93.56
508.2,14.1,93.56
508.3,13.8,93.56
508.4,0.0,93.56
508.5,0.0,93.56
508.6,13.2,93.56
508.7,13.7,93.56
508.8,0.0,93.56
508.9,13.9,93.56
509.0,14.2,93.56
509.1,14.0,93.56
509.2,14.1,93.56
509.3,13.7,93.56
509.4,0.0,93.56
509.5,14.1,93.56
509.6,13.7,93.56
509.7,14.1,93.56
509.8,14.1,93.56
509.9,14.1,93.56
510.0,14.2,93.56
510.1,0.0,93.56
510.2,0.0,93.56
510.3,13.1,93.56
510.4,0.0,93.56
510.5,14.4,93.56
510.6,14.2,93.56
510.7,14.4,93.56
510.8,14.1,93.56
510.9,13.4,93.56
511.0,0.0,93.56
511.1,13.6,93.56
511.2,14.1,93.56
511.3,14.0,93.56
511.4,14.1,93.56
511.5,14.1,93.56
511.6,13.6,93.56
511.7,14.0,93.56
511.8,14.0,93.56
511.9,14.1,93.56
512.0,14.3,93.56
512.1,14.1,93.56
512.2,14.1,93.56
512.3,14.2,93.56
512.4,13.8,93.56
512.5,0.0,93.56
512.6,0.0,93.56
512.7,13.8,93.56
512.8,14.1,93.56
512.9,14.0,93.56
513.0,14.1,93.56
513.1,14.2,93.56
513.2,14.1,93.56
513.3,0.0,93.56
513.4,14.1,93.56
513.5,14.2,93.56
513.6,0.0,93.56
513.7,0.0,93.56
513.8,0.0,93.56
513.9,0.0,93.56
514.0,14.2,93.56
514.1,13.4,93.56
514.2,14.4,93.56
514.3,14.1,93.56
514.4,14.2,93.56
514.5,14.2,93.56
514.6,0.0,93.56
514.7,0.0,93.56
514.8,0.0,93.56
514.9,14.1,93.56
515.0,13.9,93.56
515.1,14.3,93.56
515.2,14.2,93.56
515.3,14.1,93.56
515.4,13.9,93.56
515.5,14.1,93.56
515.6,0.0,93.56
515.7,0.0,93.56
515.8,14.0,93.56
515.9,13.8,93.56
516.0,0.0,93.56
516.1,14.1,93.56
516.2,14.5,93.56
516.3,13.5,93.56
516.4,0.0,93.56
516.5,13.8,93.56
516.6,13.4,93.56
516.7,14.1,93.56
516.8,13.4,93.56
516.9,14.4,93.56
517.0,14.3,93.56
517.1,13.6,93.56
517.2,13.6,93.56
517.3,0.0,93.56
517.4,14.2,93.56
517.5,14.1,93.56
517.6,13.9,93.56
517.7,14.1,93.56
517.8,14.6,93.56
517.9,13.7,93.56
518.0,13.7,93.56
518.1,0.0,93.56
518.2,0.0,93.56
518.3,0.0,93.56
518.4,14.1,93.56
518.5,14.1,93.56
518.6,0.0,93.56
518.7,0.0,93.56
518.8,0.0,93.56
518.9,0.0,93.56
519.0,14.1,93.56
519.1,14.1,93.56
519.2,13.9,93.56
519.3,14.2,93.56
519.4,14.1,93.56
519.5,14.2,93.56
519.6,14.2,93.56
519.7,14.2,93.56
519.8,14.1,93.56
519.9,0.0,93.56
520.0,0.0,93.56
520.1,14.0,93.57
520.2,13.6,93.57
520.3,14.1,93.57
520.4,13.7,93.57
520.5,0.0,93.57
520.6,0.0,93.57
520.7,14.1,93.57
520.8,14.1,93.57
520.9,13.7,93.57
521.0,14.2,93.57
521.1,0.0,93.57
521.2,14.1,93.57
521.3,14.1,93.57
521.4,14.1,93.57
521.5,13.9,93.57
521.6,14.2,93.57
521.7,14.0,93.57
521.8,0.0,93.57
521.9,0.0,93.57
522.0,13.3,93.57
522.1,13.8,93.57
522.2,13.9,93.57
522.3,12.7,93.57
522.4,0.0,93.57
522.5,0.0,93.57
522.6,0.0,93.57
522.7,0.0,93.57
522.8,13.9,93.57
522.9,14.0,93.57
523.0,14.1,93.57
523.1,14.5,93.57
523.2,14.3,93.57
523.3,0.0,93.57
523.4,14.1,93.57
523.5,0.0,93.57
523.6,0.0,93.57
523.7,0.0,93.57
523.8,13.8,93.57
523.9,13.7,93.57
524.0,13.7,93.57
524.1,0.0,93.57
524.2,0.0,93.57
524.3,0.0,93.57
524.4,0.0,93.57
524.5,0.0,93.57
524.6,0.0,93.57
524.7,0.0,93.57
524.8,14.2,93.57
524.9,14.2,93.57
525.0,0.0,93.57
525.1,0.0,93.57
525.2,0.0,93.57
525.3,0.0,93.57
525.4,14.1,93.57
525.5,14.1,93.57
525.6,14.0,93.57
525.7,14.4,93.57
525.8,14.1,93.57
525.9,0.0,93.57
526.0,14.2,93.57
526.1,14.0,93.57
526.2,14.2,93.57
526.3,13.9,93.57
526.4,14.2,93.57
526.5,14.2,93.57
526.6,0.0,93.57
526.7,0.0,93.57
526.8,0.0,93.57
526.9,0.0,93.57
527.0,14.2,93.57
527.1,14.7,93.57
527.2,14.1,93.57
527.3,14.0,93.57
527.4,14.1,93.57
527.5,14.1,93.57
527.6,0.0,93.57
527.7,0.0,93.57
527.8,0.0,93.57
527.9,0.0,93.57
528.0,0.0,93.57
528.1,14.2,93.57
528.2,0.0,93.57
528.3,14.2,93.57
528.4,14.2,93.57
528.5,14.2,93.57
528.6,14.6,93.57
528.7,0.0,93.57
528.8,0.0,93.57
528.9,0.0,93.57
529.0,14.2,93.57
529.1,14.2,93.57
529.2,14.1,93.57
529.3,14.3,93.57
529.4,14.2,93.57
529.5,14.6,93.57
529.6,0.0,93.57
529.7,0.0,93.57
529.8,14.1,93.57
529.9,14.2,93.57
530.0,14.1,93.57
530.1,14.1,93.57
530.2,14.1,93.57
530.3,14.1,93.57
530.4,14.2,93.57
530.5,14.4,93.57
530.6,14.1,93.57
530.7,14.4,93.57
530.8,14.3,93.57
530.9,14.2,93.57
531.0,14.3,93.57
531.1,14.2,93.57
531.2,0.0,93.57
531.3,0.0,93.57
531.4,0.0,93.57
531.5,0.0,93.57
531.6,14.2,93.57
531.7,14.3,93.57
531.8,14.7,93.57
531.9,14.8,93.57
532.0,0.0,93.57
532.1,0.0,93.57
532.2,14.0,93.57
532.3,0.0,93.57
532.4,0.0,93.57
532.5,0.0,93.57
532.6,0.0,93.57
532.7,0.0,93.57
532.8,0.0,93.57
532.9,0.0,93.57
533.0,14.5,93.57
533.1,14.9,93.57
533.2,14.2,93.57
533.3,14.1,93.57
533.4,0.0,93.57
533.5,0.0,93.57
533.6,0.0,93.57
533.7,0.0,93.57
533.8,0.0,93.57
533.9,0.0,93.57
534.0,0.0,93.57
534.1,0.0,93.57
534.2,0.0,93.57
534.3,0.0,93.57
534.4,14.1,93.57
534.5,14.2,93.57
534.6,14.3,93.57
534.7,14.2,93.57
534.8,14.1,93.57
534.9,14.1,93.57
535.0,14.2,93.57
535.1,14.1,93.57
535.2,14.1,93.57
535.3,14.3,93.57
535.4,14.1,93.57
535.5,14.0,93.57
535.6,0.0,93.57
535.7,0.0,93.57
535.8,0.0,93.57
535.9,0.0,93.57
536.0,0.0,93.57
536.1,0.0,93.57
536.2,0.0,93.57
536.3,14.1,93.57
536.4,0.0,93.56
536.5,0.0,93.56
536.6,0.0,93.56
536.7,0.0,93.56
536.8,0.0,93.56
536.9,0.0,93.56
537.0,14.2,93.56
537.1,14.2,93.57
537.2,14.2,93.58
537.3,14.1,93.58
537.4,14.1,93.58
537.5,0.0,93.58
537.6,14.3,93.58
537.7,14.1,93.58
537.8,14.2,93.58
537.9,14.0,93.58
538.0,0.0,93.58
538.1,0.0,93.58
538.2,13.9,93.58
538.3,14.2,93.58
538.4,14.2,93.58
538.5,14.2,93.58
538.6,14.2,93.58
538.7,0.0,93.58
538.8,0.0,93.58
538.9,0.0,93.58
539.0,0.0,93.58
539.1,0.0,93.58
539.2,0.0,93.58
539.3,0.0,93.58
539.4,0.0,93.58
539.5,0.0,93.58
539.6,14.1,93.58
539.7,14.2,93.58
539.8,14.2,93.58
539.9,14.2,93.58
540.0,14.2,93.58
540.1,14.0,93.58
540.2,14.7,93.58
540.3,14.1,93.58
540.4,14.2,93.58
540.5,14.1,93.58
540.6,14.2,93.58
540.7,14.2,93.58
540.8,14.2,93.58
540.9,14.2,93.58
541.0,0.0,93.58
541.1,0.0,93.58
541.2,0.0,93.58
541.3,0.0,93.58
541.4,14.1,93.58
541.5,14.2,93.58
541.6,14.2,93.58
541.7,14.2,93.58
541.8,14.1,93.58
541.9,14.2,93.58
542.0,14.1,93.58
542.1,14.2,93.58
542.2,14.2,93.58
542.3,14.2,93.58
542.4,14.2,93.58
542.5,0.0,93.58
542.6,0.0,93.58
542.7,0.0,93.58
542.8,0.0,93.58
542.9,0.0,93.58
543.0,0.0,93.58
543.1,0.0,93.58
543.2,14.1,93.58
543.3,14.2,93.58
543.4,14.2,93.58
543.5,0.0,93.58
543.6,14.0,93.58
543.7,14.1,93.58
543.8,14.2,93.58
543.9,14.2,93.58
544.0,14.2,93.58
544.1,14.1,93.58
544.2,14.1,93.58
544.3,14.0,93.58
544.4,0.0,93.58
544.5,0.0,93.58
544.6,0.0,93.58
544.7,14.2,93.58
544.8,14.2,93.58
544.9,14.0,93.58
545.0,14.3,93.58
545.1,14.1,93.58
545.2,14.2,93.58
545.3,14.2,93.58
545.4,14.2,93.58
545.5,14.1,93.58
545.6,14.0,93.59
545.7,0.0,93.59
545.8,0.0,93.59
545.9,0.0,93.59
546.0,0.0,93.59
546.1,0.0,93.59
546.2,0.0,93.59
546.3,0.0,93.59
546.4,14.1,93.59
546.5,14.1,93.59
546.6,14.2,93.59
546.7,14.2,93.59
546.8,14.2,93.59
546.9,14.1,93.59
547.0,13.9,93.59
547.1,0.0,93.59
547.2,0.0,93.59
547.3,0.0,93.59
547.4,0.0,93.59
547.5,14.2,93.59
547.6,0.0,93.59
547.7,0.0,93.59
547.8,0.0,93.59
547.9,0.0,93.59
548.0,0.0,93.59
548.1,0.0,93.59
548.2,14.0,93.59
548.3,14.1,93.59
548.4,14.0,93.59
548.5,0.0,93.59
548.6,14.2,93.59
548.7,14.1,93.59
548.8,14.2,93.59
548.9,14.0,93.59
549.0,0.0,93.59
549.1,0.0,93.59
549.2,0.0,93.59
549.3,0.0,93.59
549.4,0.0,93.59
549.5,0.0,93.59
549.6,14.1,93.59
549.7,14.2,93.59
549.8,14.2,93.59
549.9,14.2,93.59
550.0,14.0,93.59
550.1,14.1,93.59
550.2,13.8,93.59
550.3,0.0,93.59
550.4,0.0,93.59
550.5,0.0,93.59
550.6,0.0,93.59
550.7,14.0,93.59
550.8,14.0,93.59
550.9,14.1,93.59
551.0,14.3,93.59
551.1,14.2,93.59
551.2,14.2,93.59
551.3,14.2,93.59
551.4,14.1,93.59
551.5,14.1,93.59
551.6,0.0,93.59
551.7,0.0,93.59
551.8,0.0,93.59
551.9,0.0,93.59
552.0,0.0,93.59
552.1,0.0,93.59
552.2,14.2,93.59
552.3,14.2,93.59
552.4,0.0,93.59
552.5,0.0,93.59
552.6,14.2,93.59
552.7,14.2,93.59
552.8,14.2,93.59
552.9,14.2,93.59
553.0,0.0,93.59
553.1,0.0,93.59
553.2,0.0,93.59
553.3,0.0,93.59
553.4,0.0,93.59
553.5,14.3,93.59
553.6,14.1,93.59
553.7,0.0,93.59
553.8,0.0,93.59
553.9,0.0,93.59
554.0,0.0,93.59
554.1,13.9,93.59
554.2,14.2,93.59
554.3,14.2,93.59
554.4,14.0,93.59
554.5,14.2,93.59
554.6,14.2,93.59
554.7,14.2,93.59
554.8,14.2,93.59
554.9,0.0,93.59
555.0,14.1,93.59
555.1,0.0,93.59
555.2,0.0,93.59
555.3,0.0,93.59
555.4,0.0,93.59
555.5,0.0,93.59
555.6,0.0,93.59
555.7,0.0,93.59
555.8,0.0,93.59
555.9,0.0,93.59
556.0,14.2,93.59
556.1,0.0,93.59
556.2,0.0,93.59
556.3,14.3,93.59
556.4,14.2,93.59
556.5,14.2,93.59
556.6,14.2,93.59
556.7,14.3,93.59
556.8,14.1,93.59
556.9,14.2,93.59
557.0,14.1,93.59
557.1,14.2,93.59
557.2,13.9,93.59
557.3,0.0,93.59
557.4,0.0,93.59
557.5,0.0,93.59
557.6,0.0,93.59
557.7,0.0,93.59
557.8,0.0,93.59
557.9,0.0,93.59
558.0,0.0,93.59
558.1,0.0,93.59
558.2,0.0,93.59
558.3,14.1,93.59
558.4,14.2,93.59
558.5,14.0,93.59
558.6,13.8,93.59
558.7,14.2,93.59
558.8,14.2,93.59
558.9,14.2,93.59
559.0,0.0,93.59
559.1,0.0,93.59
559.2,0.0,93.59
559.3,0.0,93.59
559.4,0.0,93.59
559.5,0.0,93.59
559.6,14.1,93.59
559.7,14.0,93.59
559.8,14.2,93.59
559.9,14.0,93.59
560.0,14.1,93.59
560.1,14.1,93.59
560.2,14.3,93.59
560.3,14.2,93.59
560.4,14.1,93.59
560.5,14.2,93.59
560.6,0.0,93.59
560.7,0.0,93.59
560.8,0.0,93.59
560.9,0.0,93.59
561.0,14.4,93.59
561.1,14.2,93.59
561.2,14.1,93.59
561.3,14.0,93.59
561.4,14.1,93.59
561.5,14.4,93.59
561.6,14.6,93.59
561.7,14.5,93.59
561.8,0.0,93.59
561.9,14.1,93.59
562.0,14.2,93.59
562.1,14.1,93.59
562.2,14.2,93.59
562.3,14.0,93.59
562.4,14.1,93.59
562.5,14.4,93.59
562.6,14.4,93.59
562.7,14.4,93.59
562.8,13.9,93.59
562.9,14.1,93.59
563.0,0.0,93.59
563.1,0.0,93.59
563.2,0.0,93.59
563.3,0.0,93.59
563.4,14.0,93.59
563.5,14.2,93.59
563.6,14.0,93.59
563.7,14.0,93.59
563.8,14.1,93.59
563.9,15.0,93.59
564.0,14.1,93.59
564.1,14.2,93.59
564.2,14.2,93.59
564.3,14.0,93.59
564.4,14.2,93.59
564.5,14.1,93.59
564.6,14.2,93.59
564.7,0.0,93.6
564.8,0.0,93.6
564.9,0.0,93.6
565.0,0.0,93.6
565.1,14.0,93.6
565.2,14.2,93.6
565.3,14.2,93.6
565.4,14.2,93.6
565.5,14.2,93.6
565.6,14.2,93.6
565.7,14.2,93.6
565.8,14.2,93.6
565.9,14.2,93.6
566.0,14.0,93.6
566.1,14.1,93.6
566.2,14.5,93.6
566.3,14.2,93.6
566.4,14.1,93.6
566.5,0.0,93.6
566.6,0.0,93.6
566.7,0.0,93.6
566.8,0.0,93.6
566.9,14.1,93.6
567.0,14.2,93.6
567.1,14.1,93.6
567.2,14.1,93.6
567.3,0.0,93.6
567.4,0.0,93.6
567.5,0.0,93.6
567.6,0.0,93.6
567.7,0.0,93.6
567.8,0.0,93.6
567.9,14.2,93.6
568.0,14.2,93.6
568.1,14.3,93.6
568.2,14.2,93.6
568.3,14.1,93.6
568.4,14.2,93.6
568.5,14.4,93.6
568.6,14.1,93.6
568.7,14.2,93.6
568.8,14.2,93.6
568.9,14.2,93.6
569.0,14.3,93.6
569.1,14.2,93.6
569.2,14.2,93.6
569.3,14.2,93.6
569.4,14.3,93.6
569.5,14.2,93.6
569.6,0.0,93.6
569.7,0.0,93.6
569.8,0.0,93.6
569.9,0.0,93.6
570.0,14.5,93.6
570.1,14.6,93.6
570.2,14.2,93.6
570.3,14.2,93.6
570.4,14.2,93.6
570.5,14.2,93.6
570.6,14.1,93.6
570.7,14.1,93.6
570.8,0.0,93.6
570.9,0.0,93.6
571.0,0.0,93.6
571.1,0.0,93.6
571.2,14.1,93.6
571.3,14.1,93.6
571.4,14.1,93.6
571.5,14.0,93.6
571.6,14.4,93.6
571.7,14.1,93.6
571.8,14.3,93.6
571.9,14.3,93.6
572.0,14.2,93.6
572.1,14.1,93.6
572.2,14.5,93.6
572.3,14.2,93.6
572.4,14.2,93.6
572.5,14.1,93.6
572.6,0.0,93.6
572.7,0.0,93.6
572.8,0.0,93.6
572.9,0.0,93.6
573.0,0.0,93.6
573.1,0.0,93.6
573.2,0.0,93.6
573.3,14.0,93.6
573.4,14.1,93.6
573.5,14.2,93.6
573.6,14.1,93.6
573.7,14.2,93.6
573.8,14.3,93.6
573.9,14.1,93.6
574.0,14.1,93.6
574.1,0.0,93.6
574.2,0.0,93.6
574.3,0.0,93.6
574.4,0.0,93.6
574.5,0.0,93.6
574.6,14.2,93.6
574.7,14.2,93.6
574.8,14.1,93.6
574.9,14.4,93.6
575.0,14.2,93.6
575.1,14.5,93.6
575.2,14.1,93.6
575.3,14.5,93.6
575.4,14.1,93.6
575.5,14.1,93.6
575.6,14.6,93.6
575.7,14.1,93.6
575.8,14.4,93.6
575.9,0.0,93.6
576.0,14.2,93.6
576.1,14.2,93.6
576.2,14.1,93.6
576.3,14.2,93.6
576.4,14.1,93.6
576.5,14.1,93.6
576.6,14.0,93.6
576.7,14.2,93.6
576.8,14.6,93.6
576.9,14.1,93.6
577.0,14.2,93.6
577.1,14.2,93.6
577.2,14.2,93.6
577.3,14.1,93.6
577.4,0.0,93.61
577.5,0.0,93.61
577.6,0.0,93.61
577.7,0.0,93.61
577.8,14.2,93.61
577.9,14.2,93.61
578.0,14.2,93.61
578.1,0.0,93.61
578.2,0.0,93.61
578.3,0.0,93.61
578.4,14.0,93.61
578.5,14.1,93.61
578.6,14.1,93.61
578.7,14.2,93.61
578.8,14.1,93.61
578.9,14.1,93.61
579.0,14.1,93.61
579.1,14.1,93.61
579.2,0.0,93.61
579.3,0.0,93.61
579.4,0.0,93.61
579.5,0.0,93.61
579.6,0.0,93.61
579.7,0.0,93.61
579.8,0.0,93.61
579.9,0.0,93.61
580.0,0.0,93.61
580.1,14.2,93.61
580.2,0.0,93.61
580.3,14.2,93.61
580.4,14.2,93.61
580.5,0.0,93.61
580.6,14.1,93.61
580.7,14.1,93.61
580.8,14.2,93.61
580.9,14.2,93.61
581.0,14.2,93.61
581.1,14.2,93.61
581.2,14.1,93.61
581.3,14.5,93.61
581.4,14.8,93.61
581.5,0.0,93.61
581.6,0.0,93.61
581.7,0.0,93.61
581.8,0.0,93.61
581.9,14.1,93.61
582.0,14.1,93.61
582.1,14.1,93.61
582.2,14.0,93.61
582.3,14.1,93.61
582.4,14.1,93.61
582.5,0.0,93.61
582.6,0.0,93.61
582.7,0.0,93.61
582.8,14.2,93.61
582.9,13.9,93.61
583.0,14.2,93.61
583.1,14.2,93.61
583.2,14.1,93.61
583.3,14.2,93.61
583.4,14.1,93.61
583.5,0.0,93.61
583.6,14.1,93.61
583.7,0.0,93.61
583.8,0.0,93.61
583.9,0.0,93.61
584.0,0.0,93.61
584.1,0.0,93.61
584.2,0.0,93.61
584.3,0.0,93.61
584.4,14.1,93.61
584.5,14.2,93.61
584.6,14.2,93.61
584.7,14.0,93.61
584.8,14.2,93.61
584.9,14.4,93.61
585.0,14.2,93.61
585.1,14.2,93.61
585.2,14.2,93.61
585.3,14.2,93.61
585.4,14.2,93.61
585.5,14.0,93.61
585.6,0.0,93.61
585.7,0.0,93.61
585.8,0.0,93.61
585.9,0.0,93.61
586.0,0.0,93.61
586.1,0.0,93.61
586.2,0.0,93.61
586.3,14.0,93.61
586.4,14.4,93.61
586.5,14.8,93.61
586.6,14.3,93.61
586.7,14.2,93.61
586.8,14.7,93.61
586.9,14.1,93.61
587.0,14.4,93.61
587.1,14.2,93.61
587.2,14.2,93.61
587.3,0.0,93.61
587.4,0.0,93.61
587.5,0.0,93.61
587.6,0.0,93.61
587.7,0.0,93.61
587.8,0.0,93.61
587.9,0.0,93.61
588.0,14.7,93.61
588.1,14.2,93.61
588.2,14.8,93.61
588.3,0.0,93.61
588.4,0.0,93.61
588.5,0.0,93.61
588.6,0.0,93.61
588.7,0.0,93.61
588.8,0.0,93.61
588.9,14.1,93.61
589.0,14.3,93.61
589.1,14.2,93.61
589.2,14.1,93.61
589.3,0.0,93.61
589.4,0.0,93.61
589.5,14.0,93.61
589.6,14.2,93.61
589.7,14.0,93.61
589.8,14.1,93.61
589.9,14.5,93.61
590.0,14.2,93.61
590.1,14.2,93.61
590.2,14.1,93.61
590.3,14.5,93.61
590.4,14.9,93.61
590.5,14.2,93.61
590.6,14.2,93.61
590.7,14.2,93.61
590.8,13.9,93.61
590.9,14.0,93.61
591.0,14.2,93.61
591.1,14.1,93.61
591.2,0.0,93.61
591.3,0.0,93.61
591.4,0.0,93.61
591.5,0.0,93.61
591.6,14.2,93.61
591.7,0.0,93.61
591.8,0.0,93.61
591.9,14.1,93.61
592.0,14.3,93.61
592.1,14.1,93.61
592.2,14.2,93.61
592.3,14.1,93.61
592.4,14.1,93.61
592.5,14.3,93.61
592.6,14.1,93.61
592.7,14.2,93.61
592.8,14.1,93.61
592.9,0.0,93.61
593.0,0.0,93.61
593.1,0.0,93.61
593.2,0.0,93.61
593.3,13.7,93.61
593.4,14.2,93.61
593.5,14.2,93.61
593.6,0.0,93.61
593.7,14.2,93.61
593.8,0.0,93.61
593.9,0.0,93.61
594.0,0.0,93.61
594.1,14.0,93.61
594.2,14.1,93.61
594.3,14.2,93.61
594.4,14.2,93.61
594.5,14.2,93.61
594.6,14.3,93.61
594.7,14.1,93.61
594.8,14.1,93.61
594.9,14.2,93.61
595.0,14.2,93.61
595.1,14.2,93.61
595.2,0.0,93.61
595.3,14.2,93.61
595.4,14.1,93.61
595.5,0.0,93.61
595.6,14.2,93.61
595.7,14.2,93.61
595.8,0.0,93.61
595.9,0.0,93.61
596.0,0.0,93.61
596.1,14.1,93.61
596.2,14.2,93.61
596.3,14.1,93.61
596.4,0.0,93.61
596.5,0.0,93.62
596.6,0.0,93.62
596.7,0.0,93.62
596.8,15.0,93.62
596.9,14.2,93.62
597.0,0.0,93.62
597.1,0.0,93.62
597.2,0.0,93.62
597.3,0.0,93.62
597.4,0.0,93.62
597.5,0.0,93.62
597.6,0.0,93.62
597.7,0.0,93.62
597.8,14.1,93.62
597.9,14.2,93.62
598.0,0.0,93.62
598.1,0.0,93.62
598.2,0.0,93.62
598.3,0.0,93.62
598.4,0.0,93.62
598.5,14.2,93.62
598.6,14.2,93.62
598.7,14.2,93.62
598.8,0.0,93.62
598.9,0.0,93.62
599.0,0.0,93.62
599.1,14.3,93.62
599.2,14.6,93.62
599.3,14.4,93.62
599.4,14.5,93.62
599.5,0.0,93.62
599.6,0.0,93.62
599.7,14.1,93.62
599.8,13.9,93.62
599.9,0.0,93.62
600.0,0.0,93.62
600.1,0.0,93.62
600.2,14.1,93.62
600.3,14.2,93.62
600.4,14.5,93.62
600.5,14.2,93.62
600.6,14.0,93.62
600.7,14.2,93.62
600.8,14.7,93.62
600.9,14.1,93.62
601.0,14.1,93.62
601.1,14.1,93.62
601.2,14.1,93.62
601.3,14.3,93.62
601.4,14.4,93.62
601.5,14.1,93.62
601.6,14.1,93.62
601.7,14.2,93.62
601.8,14.2,93.62
601.9,0.0,93.62
602.0,0.0,93.62
602.1,0.0,93.62
602.2,0.0,93.62
602.3,0.0,93.62
602.4,0.0,93.62
602.5,0.0,93.62
602.6,0.0,93.62
602.7,0.0,93.62
602.8,0.0,93.62
602.9,0.0,93.62
603.0,0.0,93.62
603.1,0.0,93.62
603.2,14.2,93.62
603.3,14.2,93.62
603.4,14.2,93.62
603.5,13.8,93.62
603.6,14.2,93.62
603.7,14.3,93.62
603.8,14.1,93.62
603.9,14.0,93.62
604.0,0.0,93.62
604.1,0.0,93.62
604.2,0.0,93.62
604.3,0.0,93.62
604.4,14.0,93.62
604.5,14.2,93.62
604.6,14.0,93.62
604.7,14.0,93.62
604.8,14.0,93.62
604.9,0.0,93.62
605.0,0.0,93.62
605.1,0.0,93.62
605.2,0.0,93.62
605.3,0.0,93.62
605.4,14.0,93.62
605.5,14.1,93.62
605.6,14.1,93.62
605.7,14.2,93.62
605.8,14.0,93.62
605.9,14.2,93.62
606.0,14.3,93.62
606.1,14.4,93.62
606.2,14.4,93.62
606.3,0.0,93.62
606.4,14.2,93.62
606.5,14.2,93.62
606.6,14.1,93.62
606.7,14.6,93.62
606.8,14.1,93.62
606.9,14.1,93.62
607.0,0.0,93.62
607.1,0.0,93.62
607.2,0.0,93.62
607.3,0.0,93.62
607.4,0.0,93.62
607.5,0.0,93.62
607.6,0.0,93.62
607.7,14.0,93.62
607.8,0.0,93.62
607.9,14.1,93.62
608.0,14.1,93.62
608.1,13.9,93.62
608.2,14.2,93.62
608.3,14.3,93.62
608.4,14.2,93.62
608.5,14.2,93.62
608.6,14.2,93.62
608.7,14.2,93.62
608.8,14.2,93.62
608.9,0.0,93.62
609.0,0.0,93.62
609.1,0.0,93.62
609.2,14.0,93.62
609.3,14.2,93.62
609.4,14.4,93.62
609.5,14.2,93.62
609.6,14.3,93.62
609.7,14.2,93.62
609.8,14.2,93.62
609.9,14.1,93.62
610.0,14.1,93.62
610.1,14.1,93.62
610.2,14.0,93.62
610.3,0.0,93.62
610.4,0.0,93.62
610.5,14.0,93.62
610.6,14.2,93.62
610.7,0.0,93.62
610.8,14.1,93.62
610.9,13.9,93.62
611.0,14.1,93.62
611.1,14.3,93.62
611.2,14.1,93.62
611.3,14.1,93.62
611.4,14.2,93.62
611.5,14.1,93.62
611.6,14.2,93.62
611.7,0.0,93.62
611.8,0.0,93.62
611.9,0.0,93.62
612.0,0.0,93.62
612.1,0.0,93.62
612.2,14.0,93.62
612.3,14.2,93.62
612.4,14.1,93.62
612.5,14.1,93.62
612.6,14.4,93.62
612.7,14.3,93.62
612.8,14.2,93.62
612.9,14.2,93.62
613.0,14.2,93.62
613.1,14.5,93.62
613.2,14.3,93.62
613.3,14.0,93.62
613.4,14.0,93.62
613.5,14.2,93.62
613.6,0.0,93.62
613.7,0.0,93.62
613.8,0.0,93.62
613.9,0.0,93.62
614.0,0.0,93.62
614.1,0.0,93.62
614.2,0.0,93.62
614.3,14.0,93.62
614.4,0.0,93.62
614.5,14.2,93.62
614.6,14.3,93.62
614.7,14.2,93.62
614.8,14.2,93.62
614.9,14.2,93.62
615.0,14.2,93.62
615.1,14.1,93.62
615.2,14.0,93.62
615.3,14.1,93.62
615.4,14.3,93.62
615.5,0.0,93.62
615.6,14.2,93.63
615.7,14.0,93.63
615.8,0.0,93.63
615.9,0.0,93.63
616.0,0.0,93.63
616.1,14.2,93.63
616.2,0.0,93.63
616.3,14.4,93.63
616.4,14.1,93.63
616.5,14.1,93.63
616.6,14.1,93.63
616.7,14.1,93.63
616.8,14.2,93.63
616.9,14.3,93.63
617.0,14.3,93.63
617.1,14.3,93.63
617.2,14.4,93.63
617.3,14.3,93.63
617.4,14.4,93.63
617.5,14.2,93.63
617.6,14.1,93.63
617.7,14.2,93.63
617.8,15.0,93.63
617.9,0.0,93.63
618.0,14.2,93.63
618.1,14.2,93.63
618.2,14.2,93.63
618.3,14.3,93.63
618.4,14.5,93.63
618.5,14.2,93.63
618.6,14.1,93.63
618.7,14.3,93.63
618.8,14.1,93.63
618.9,0.0,93.63
619.0,0.0,93.63
619.1,0.0,93.63
619.2,0.0,93.63
619.3,0.0,93.63
619.4,14.2,93.63
619.5,0.0,93.63
619.6,0.0,93.63
619.7,14.0,93.63
619.8,14.1,93.63
619.9,14.2,93.63
620.0,14.1,93.63
620.1,14.2,93.63
620.2,14.2,93.63
620.3,0.0,93.63
620.4,0.0,93.63
620.5,0.0,93.63
620.6,0.0,93.63
620.7,0.0,93.63
620.8,0.0,93.63
620.9,14.2,93.63
621.0,14.2,93.63
621.1,14.1,93.63
621.2,14.2,93.63
621.3,14.1,93.63
621.4,14.1,93.63
621.5,14.2,93.63
621.6,14.2,93.63
621.7,14.6,93.63
621.8,14.1,93.63
621.9,14.5,93.63
622.0,14.1,93.63
622.1,14.2,93.63
622.2,14.0,93.63
622.3,14.1,93.63
622.4,0.0,93.63
622.5,0.0,93.63
622.6,0.0,93.63
622.7,0.0,93.63
622.8,0.0,93.63
622.9,14.1,93.63
623.0,14.2,93.63
623.1,14.2,93.63
623.2,14.2,93.63
623.3,14.1,93.63
623.4,14.1,93.63
623.5,14.2,93.63
623.6,14.2,93.63
623.7,14.2,93.63
623.8,14.2,93.63
623.9,14.1,93.63
624.0,14.0,93.63
624.1,0.0,93.63
624.2,0.0,93.63
624.3,0.0,93.63
624.4,0.0,93.63
624.5,0.0,93.63
624.6,14.2,93.63
624.7,14.2,93.63
624.8,14.3,93.63
624.9,0.0,93.63
625.0,0.0,93.63
625.1,14.0,93.63
625.2,14.3,93.63
625.3,13.8,93.63
625.4,14.0,93.63
625.5,14.2,93.63
625.6,14.0,93.63
625.7,0.0,93.63
625.8,0.0,93.63
625.9,0.0,93.63
626.0,0.0,93.63
626.1,0.0,93.63
626.2,13.9,93.63
626.3,14.1,93.63
626.4,14.1,93.63
626.5,14.2,93.63
626.6,14.0,93.63
626.7,14.2,93.63
626.8,14.2,93.63
626.9,14.3,93.63
627.0,14.0,93.63
627.1,0.0,93.63
627.2,0.0,93.63
627.3,14.0,93.63
627.4,0.0,93.63
627.5,14.1,93.63
627.6,14.2,93.63
627.7,14.2,93.63
627.8,14.2,93.63
627.9,14.0,93.63
628.0,14.3,93.63
628.1,14.2,93.63
628.2,14.2,93.63
628.3,14.2,93.63
628.4,14.1,93.63
628.5,0.0,93.64
628.6,0.0,93.64
628.7,14.2,93.64
628.8,0.0,93.64
628.9,0.0,93.64
629.0,0.0,93.64
629.1,0.0,93.64
629.2,0.0,93.64
629.3,14.0,93.64
629.4,0.0,93.64
629.5,0.0,93.64
629.6,0.0,93.64
629.7,0.0,93.64
629.8,0.0,93.64
629.9,0.0,93.64
630.0,0.0,93.64
630.1,0.0,93.64
630.2,14.2,93.64
630.3,14.2,93.64
630.4,14.2,93.64
630.5,14.2,93.64
630.6,14.1,93.64
630.7,14.0,93.64
630.8,14.0,93.64
630.9,14.0,93.64
631.0,0.0,93.64
631.1,0.0,93.64
631.2,0.0,93.64
631.3,0.0,93.64
631.4,0.0,93.64
631.5,0.0,93.64
631.6,0.0,93.64
631.7,0.0,93.64
631.8,0.0,93.64
631.9,0.0,93.64
632.0,0.0,93.64
632.1,0.0,93.64
632.2,14.0,93.64
632.3,0.0,93.64
632.4,14.1,93.64
632.5,14.1,93.64
632.6,14.2,93.64
632.7,14.2,93.64
632.8,14.1,93.64
632.9,14.2,93.64
633.0,14.0,93.64
633.1,14.2,93.64
633.2,14.5,93.64
633.3,14.0,93.64
633.4,0.0,93.64
633.5,0.0,93.64
633.6,0.0,93.64
633.7,0.0,93.64
633.8,0.0,93.64
633.9,0.0,93.64
634.0,0.0,93.64
634.1,0.0,93.64
634.2,14.2,93.64
634.3,14.2,93.64
634.4,14.2,93.64
634.5,14.1,93.64
634.6,0.0,93.64
634.7,14.2,93.64
634.8,14.2,93.64
634.9,14.3,93.64
635.0,14.1,93.64
635.1,14.2,93.64
635.2,14.2,93.64
635.3,14.2,93.64
635.4,0.0,93.64
635.5,0.0,93.64
635.6,0.0,93.64
635.7,0.0,93.64
635.8,0.0,93.64
635.9,0.0,93.64
636.0,0.0,93.64
636.1,0.0,93.64
636.2,14.1,93.64
636.3,0.0,93.64
636.4,0.0,93.64
636.5,0.0,93.64
636.6,0.0,93.64
636.7,14.1,93.64
636.8,14.0,93.64
636.9,14.2,93.64
637.0,14.1,93.64
637.1,14.1,93.64
637.2,14.1,93.64
637.3,13.9,93.64
637.4,0.0,93.64
637.5,0.0,93.64
637.6,0.0,93.64
637.7,0.0,93.64
637.8,0.0,93.64
637.9,0.0,93.64
638.0,14.2,93.64
638.1,14.2,93.64
638.2,14.2,93.64
638.3,14.2,93.64
638.4,14.0,93.64
638.5,14.2,93.64
638.6,14.1,93.64
638.7,14.0,93.64
638.8,14.1,93.64
638.9,0.0,93.64
639.0,0.0,93.64
639.1,0.0,93.64
639.2,0.0,93.64
639.3,0.0,93.64
639.4,0.0,93.64
639.5,0.0,93.64
639.6,0.0,93.64
639.7,14.1,93.64
639.8,14.2,93.64
639.9,14.1,93.64
640.0,14.2,93.64
640.1,14.2,93.64
640.2,14.0,93.64
640.3,14.1,93.64
640.4,14.2,93.64
640.5,14.1,93.64
640.6,14.9,93.64
640.7,14.2,93.64
640.8,14.5,93.64
640.9,0.0,93.64
641.0,0.0,93.64
641.1,0.0,93.64
641.2,14.1,93.64
641.3,14.3,93.64
641.4,0.0,93.64
641.5,14.5,93.64
641.6,14.2,93.64
641.7,14.5,93.64
641.8,0.0,93.64
641.9,0.0,93.64
642.0,0.0,93.64
642.1,0.0,93.64
642.2,0.0,93.64
642.3,0.0,93.64
642.4,14.4,93.64
642.5,14.5,93.64
642.6,14.1,93.64
642.7,14.9,93.64
642.8,0.0,93.64
642.9,0.0,93.64
643.0,0.0,93.64
643.1,14.2,93.64
643.2,14.1,93.64
643.3,14.2,93.64
643.4,14.3,93.64
643.5,14.2,93.64
643.6,14.2,93.64
643.7,0.0,93.64
643.8,0.0,93.64
643.9,0.0,93.64
644.0,0.0,93.64
644.1,0.0,93.64
644.2,14.2,93.64
644.3,14.1,93.64
644.4,0.0,93.64
644.5,0.0,93.64
644.6,0.0,93.64
644.7,0.0,93.64
644.8,0.0,93.64
644.9,0.0,93.64
645.0,0.0,93.64
645.1,0.0,93.64
645.2,0.0,93.64
645.3,0.0,93.64
645.4,0.0,93.64
645.5,0.0,93.64
645.6,0.0,93.64
645.7,0.0,93.57
645.8,0.0,93.59
645.9,0.0,93.59
646.0,14.1,93.59
646.1,0.0,93.59
