time_offset_sec,cpu_percent,memory_rss_mb
0.0,77.6,41.1
0.1,102.9,47.33
0.2,58.8,50.67
0.3,88.6,54.4
0.4,58.2,60.28
0.5,103.9,62.7
0.6,58.6,62.98
0.7,0.0,62.99
0.8,13.8,62.99
0.9,0.0,62.99
1.0,12.2,63.86
1.1,102.6,68.63
1.2,87.7,73.81
1.3,59.1,83.42
1.4,29.6,83.81
1.5,14.7,83.91
1.6,14.4,84.44
1.7,14.1,84.44
1.8,14.5,84.44
1.9,13.7,84.44
2.0,14.2,84.44
2.1,14.0,84.44
2.2,14.4,84.44
2.3,13.9,84.44
2.4,0.0,84.44
2.5,0.0,84.44
2.6,0.0,84.44
2.7,0.0,84.44
2.8,0.0,84.44
2.9,13.2,84.49
3.0,0.0,84.49
3.1,24.7,84.49
3.2,13.6,84.49
3.3,13.7,84.49
3.4,12.5,84.49
3.5,0.0,84.49
3.6,13.0,84.49
3.7,0.0,84.49
3.8,13.1,84.49
3.9,24.7,84.49
4.0,26.4,84.49
4.1,13.4,84.49
4.2,13.3,84.49
4.3,0.0,84.49
4.4,12.6,84.49
4.5,26.4,84.49
4.6,14.3,84.49
4.7,12.7,84.49
4.8,13.2,84.49
4.9,13.3,84.49
5.0,13.5,84.49
5.1,26.2,84.49
5.2,12.9,84.49
5.3,12.9,84.49
5.4,12.8,84.49
5.5,13.5,84.49
5.6,13.5,84.49
5.7,14.2,84.49
5.8,25.7,84.49
5.9,13.5,84.49
6.0,13.4,84.49
6.1,13.4,84.49
6.2,25.9,84.49
6.3,26.2,84.66
6.4,13.5,84.67
6.5,13.4,84.67
6.6,12.4,84.67
6.7,0.0,84.7
6.8,94.9,84.77
6.9,97.4,84.82
7.0,107.9,84.93
7.1,116.6,85.2
7.2,41.6,85.24
7.3,14.0,85.25
7.4,13.4,85.25
7.5,0.0,85.25
7.6,36.4,85.64
7.7,37.4,86.23
7.8,13.3,86.24
7.9,13.4,86.24
8.0,25.4,86.24
8.1,13.4,86.24
8.2,12.7,86.24
8.3,13.3,86.24
8.4,12.9,86.24
8.5,12.8,86.24
8.6,13.9,86.24
8.7,12.7,86.28
8.8,28.4,86.35
8.9,0.0,86.35
9.0,24.2,86.36
9.1,13.6,86.36
9.2,26.6,86.36
9.3,13.1,86.36
9.4,0.0,86.36
9.5,13.4,86.36
9.6,13.4,86.36
9.7,13.6,86.36
9.8,26.2,86.36
9.9,13.3,86.38
10.0,13.1,86.39
10.1,13.6,86.39
10.2,12.4,86.39
10.3,13.8,86.39
10.4,13.6,86.39
10.5,22.9,86.39
10.6,13.8,86.39
10.7,13.5,86.39
10.8,13.0,86.39
10.9,13.4,86.39
11.0,14.1,86.39
11.1,0.0,86.39
11.2,13.4,86.39
11.3,0.0,86.39
11.4,0.0,86.39
11.5,24.7,86.39
11.6,13.7,86.39
11.7,25.6,86.39
11.8,13.1,86.39
11.9,13.2,86.39
12.0,26.2,86.39
12.1,13.2,86.39
12.2,12.7,86.39
12.3,27.5,86.39
12.4,0.0,86.39
12.5,14.2,86.39
12.6,13.4,86.39
12.7,26.7,86.4
12.8,13.4,86.4
12.9,26.9,86.4
13.0,13.8,86.4
13.1,0.0,86.4
13.2,12.9,86.4
13.3,13.5,86.4
13.4,12.9,86.4
13.5,23.9,86.4
13.6,13.3,86.4
13.7,13.5,86.4
13.8,13.7,86.4
13.9,12.3,86.4
14.0,11.8,86.4
14.1,0.0,86.4
14.2,13.7,86.4
14.3,13.5,86.4
14.4,13.0,86.4
14.5,13.6,86.4
14.6,0.0,86.4
14.7,12.5,86.4
14.8,13.7,86.4
14.9,13.6,86.4
15.0,0.0,86.4
15.1,0.0,86.4
15.2,13.4,86.4
15.3,40.1,86.49
15.4,34.1,86.57
15.5,12.8,86.58
15.6,27.0,86.63
15.7,27.9,86.63
15.8,13.0,86.63
15.9,12.9,86.63
16.0,24.7,86.63
16.1,0.0,86.65
16.2,0.0,86.65
16.3,0.0,86.65
16.4,0.0,86.65
16.5,13.3,86.65
16.6,14.0,86.65
16.7,25.5,86.65
16.8,25.6,86.65
16.9,12.8,86.66
17.0,0.0,86.67
17.1,14.2,86.67
17.2,13.2,86.67
17.3,12.5,86.67
17.4,12.6,86.67
17.5,0.0,86.67
17.6,0.0,86.67
17.7,13.8,86.67
17.8,14.2,86.67
17.9,14.2,86.68
18.0,13.5,86.68
18.1,13.5,86.68
18.2,0.0,86.68
18.3,13.4,86.68
18.4,26.0,86.68
18.5,13.5,86.68
18.6,0.0,86.68
18.7,0.0,86.68
18.8,0.0,86.68
18.9,13.5,86.68
19.0,13.4,86.68
19.1,13.3,86.68
19.2,13.3,86.68
19.3,25.4,86.68
19.4,12.4,86.68
19.5,13.3,86.68
19.6,0.0,86.68
19.7,13.3,86.68
19.8,13.3,86.68
19.9,13.5,86.68
20.0,12.8,86.68
20.1,13.2,86.68
20.2,13.2,86.68
20.3,13.2,86.68
20.4,26.9,86.68
20.5,26.9,86.74
20.6,23.6,86.75
20.7,13.3,86.75
20.8,13.1,86.75
20.9,13.6,86.75
21.0,13.0,86.75
21.1,12.9,86.75
21.2,12.5,86.75
21.3,13.9,86.75
21.4,13.7,86.75
21.5,13.7,86.75
21.6,0.0,86.75
21.7,13.4,86.75
21.8,25.0,86.75
21.9,26.2,86.75
22.0,13.5,86.76
22.1,25.3,86.76
22.2,12.7,86.76
22.3,13.4,86.76
22.4,0.0,86.76
22.5,14.3,86.76
22.6,28.4,86.76
22.7,13.0,86.76
22.8,13.3,86.76
22.9,14.3,86.76
23.0,14.3,86.76
23.1,27.2,86.71
23.2,0.0,86.71
23.3,0.0,86.71
23.4,13.8,86.71
23.5,13.1,86.71
23.6,0.0,86.71
23.7,12.8,86.71
23.8,13.4,86.71
23.9,0.0,86.71
24.0,0.0,86.71
24.1,0.0,86.71
24.2,13.1,86.71
24.3,25.4,86.64
24.4,36.8,86.64
24.5,26.0,86.64
24.6,14.4,86.64
24.7,14.2,86.64
24.8,13.9,86.64
24.9,13.5,86.64
25.0,0.0,86.64
25.1,12.7,86.64
25.2,13.0,86.64
25.3,25.9,86.64
25.4,13.0,86.64
25.5,12.8,86.64
25.6,25.1,86.56
25.7,25.9,86.56
25.8,25.4,86.56
25.9,12.1,86.56
26.0,14.1,86.56
26.1,13.8,86.56
26.2,13.8,86.56
26.3,13.8,86.56
26.4,13.1,86.56
26.5,12.9,86.56
26.6,13.3,86.56
26.7,13.7,86.56
26.8,25.8,86.56
26.9,0.0,86.56
27.0,12.8,86.56
27.1,12.5,86.56
27.2,0.0,86.56
27.3,12.5,86.56
27.4,0.0,86.57
27.5,13.0,86.57
27.6,14.3,86.57
27.7,13.5,86.57
27.8,0.0,86.57
27.9,13.9,86.57
28.0,13.1,86.57
28.1,13.6,86.57
28.2,13.1,86.57
28.3,13.5,86.57
28.4,25.5,86.57
28.5,13.7,86.57
28.6,24.7,86.57
28.7,26.1,86.57
28.8,13.4,86.57
28.9,13.4,86.57
29.0,13.4,86.57
29.1,25.7,86.57
29.2,0.0,86.57
29.3,13.8,86.57
29.4,24.3,86.57
29.5,13.7,86.57
29.6,13.4,86.57
29.7,12.4,86.57
29.8,25.4,86.57
29.9,13.3,86.57
30.0,12.6,86.57
30.1,14.3,86.57
30.2,26.6,86.57
30.3,13.5,86.57
30.4,13.3,86.57
30.5,12.6,86.57
30.6,13.0,86.57
30.7,0.0,86.57
30.8,12.5,86.57
30.9,12.6,86.57
31.0,13.0,86.57
31.1,13.7,86.57
31.2,13.8,86.57
31.3,13.0,86.57
31.4,13.7,86.57
31.5,0.0,86.57
31.6,0.0,86.57
31.7,0.0,86.49
31.8,12.9,86.49
31.9,0.0,86.49
32.0,12.5,86.49
32.1,12.8,86.49
32.2,72.1,86.62
32.3,83.9,86.67
32.4,57.1,86.79
32.5,0.0,86.81
32.6,12.7,86.81
32.7,13.2,86.81
32.8,22.7,86.91
32.9,137.4,88.2
33.0,394.8,89.04
33.1,398.3,89.88
33.2,437.1,90.63
33.3,84.7,91.34
33.4,0.0,91.43
33.5,12.9,91.43
33.6,13.6,91.43
33.7,13.7,91.43
33.8,13.2,91.43
33.9,12.3,91.43
34.0,0.0,91.43
34.1,12.4,91.43
34.2,24.6,91.43
34.3,13.7,91.43
34.4,25.9,91.43
34.5,12.9,91.43
34.6,13.3,91.46
34.7,25.6,91.46
34.8,13.1,91.46
34.9,12.8,91.46
35.0,12.1,91.46
35.1,13.7,91.46
35.2,13.3,91.5
35.3,0.0,91.51
35.4,14.4,91.54
35.5,25.0,91.54
35.6,13.6,91.54
35.7,12.8,91.54
35.8,25.1,91.54
35.9,25.6,91.54
36.0,25.4,91.54
36.1,13.4,91.54
36.2,0.0,91.54
36.3,24.6,91.54
36.4,24.1,91.54
36.5,13.4,91.54
36.6,12.9,91.54
36.7,13.4,91.54
36.8,13.6,91.54
36.9,13.7,91.54
37.0,13.6,91.54
37.1,25.4,91.54
37.2,14.3,91.54
37.3,13.5,91.54
37.4,13.6,91.54
37.5,0.0,91.54
37.6,0.0,91.54
37.7,26.4,91.54
37.8,13.6,91.54
37.9,13.7,91.54
38.0,0.0,91.54
38.1,24.3,91.54
38.2,12.9,91.54
38.3,13.5,91.54
38.4,13.4,91.54
38.5,12.8,91.54
38.6,0.0,91.54
38.7,13.5,91.54
38.8,13.2,91.54
38.9,13.7,91.54
39.0,24.8,91.54
39.1,13.4,91.54
39.2,13.2,91.54
39.3,25.8,91.54
39.4,13.4,91.54
39.5,26.7,91.54
39.6,12.8,91.54
39.7,13.7,91.54
39.8,13.4,91.54
39.9,12.9,91.54
40.0,13.6,91.54
40.1,0.0,91.54
40.2,0.0,91.54
40.3,24.7,91.54
40.4,0.0,91.54
40.5,13.3,91.54
40.6,13.7,91.54
40.7,13.2,91.54
40.8,26.9,91.54
40.9,0.0,91.54
41.0,13.4,91.54
41.1,13.4,91.54
41.2,14.2,91.54
41.3,0.0,91.54
41.4,13.3,91.54
41.5,13.4,91.54
41.6,13.0,91.54
41.7,12.2,91.54
41.8,12.7,91.54
41.9,13.4,91.54
42.0,13.8,91.54
42.1,25.6,91.54
42.2,13.2,91.54
42.3,13.1,91.54
42.4,13.4,91.54
42.5,12.8,91.54
42.6,0.0,91.54
42.7,0.0,91.55
42.8,13.8,91.55
42.9,13.7,91.55
43.0,13.7,91.55
43.1,0.0,91.55
43.2,13.8,91.55
43.3,14.3,91.55
43.4,13.7,91.55
43.5,25.6,91.55
43.6,14.3,91.55
43.7,13.9,91.55
43.8,13.3,91.55
43.9,13.5,91.55
44.0,25.3,91.55
44.1,13.5,91.55
44.2,12.8,91.55
44.3,13.6,91.55
44.4,12.7,91.55
44.5,13.1,91.55
44.6,13.5,91.55
44.7,13.4,91.55
44.8,13.6,91.55
44.9,13.7,91.55
45.0,12.4,91.55
45.1,12.8,91.55
45.2,13.3,91.55
45.3,13.2,91.55
45.4,13.1,91.55
45.5,13.3,91.55
45.6,13.5,91.55
45.7,13.2,91.55
45.8,12.4,91.55
45.9,0.0,91.55
46.0,12.8,91.55
46.1,14.1,91.55
46.2,13.5,91.55
46.3,13.2,91.55
46.4,13.5,91.55
46.5,12.6,91.55
46.6,13.2,91.55
46.7,12.7,91.55
46.8,26.4,91.55
46.9,0.0,91.55
47.0,13.1,91.55
47.1,13.6,91.55
47.2,12.4,91.55
47.3,25.0,91.55
47.4,13.8,91.55
47.5,13.8,91.55
47.6,13.4,91.55
47.7,13.2,91.55
47.8,25.1,91.55
47.9,12.3,91.55
48.0,0.0,91.55
48.1,13.0,91.55
48.2,13.4,91.55
48.3,13.3,91.55
48.4,25.0,91.55
48.5,28.4,91.55
48.6,13.4,91.55
48.7,25.0,91.55
48.8,26.4,91.55
48.9,13.4,91.55
49.0,13.9,91.55
49.1,14.0,91.55
49.2,13.6,91.55
49.3,12.2,91.55
49.4,13.2,91.55
49.5,26.9,91.55
49.6,13.1,91.55
49.7,13.4,91.55
49.8,13.9,91.55
49.9,24.9,91.55
50.0,24.5,91.55
50.1,25.7,91.55
50.2,13.6,91.55
50.3,0.0,91.55
50.4,12.9,91.55
50.5,0.0,91.55
50.6,12.7,91.55
50.7,0.0,91.55
50.8,24.6,91.55
50.9,13.3,91.55
51.0,26.1,91.55
51.1,13.4,91.5
51.2,12.8,91.5
51.3,26.2,91.5
51.4,13.8,91.5
51.5,13.8,91.5
51.6,13.3,91.5
51.7,13.3,91.5
51.8,12.5,91.5
51.9,0.0,91.5
52.0,0.0,91.5
52.1,0.0,91.5
52.2,0.0,91.5
52.3,0.0,91.5
52.4,12.8,91.5
52.5,12.1,91.5
52.6,11.8,91.5
52.7,13.3,91.5
52.8,13.2,91.5
52.9,13.3,91.5
53.0,13.3,91.5
53.1,13.3,91.5
53.2,12.9,91.5
53.3,13.5,91.5
53.4,13.5,91.5
53.5,13.5,91.5
53.6,25.4,91.5
53.7,13.3,91.5
53.8,13.0,91.5
53.9,24.7,91.5
54.0,24.6,91.5
54.1,13.3,91.5
54.2,13.4,91.5
54.3,12.5,91.5
54.4,24.8,91.5
54.5,13.3,91.5
54.6,24.4,91.5
54.7,13.4,91.5
54.8,0.0,91.5
54.9,24.9,91.5
55.0,12.6,91.5
55.1,13.3,91.5
55.2,26.4,91.5
55.3,13.1,91.5
55.4,13.2,91.5
55.5,25.0,91.5
55.6,25.1,91.5
55.7,0.0,91.5
55.8,13.0,91.5
55.9,13.8,91.5
56.0,12.7,91.5
56.1,0.0,91.5
56.2,13.6,91.5
56.3,0.0,91.5
56.4,12.3,91.5
56.5,13.4,91.5
56.6,13.2,91.5
56.7,12.8,91.5
56.8,13.1,91.5
56.9,13.7,91.5
57.0,13.7,91.5
57.1,12.5,91.5
57.2,0.0,91.5
57.3,22.8,91.5
57.4,13.4,91.5
57.5,13.8,91.5
57.6,13.6,91.5
57.7,13.5,91.5
57.8,27.4,91.5
57.9,0.0,91.5
58.0,12.6,91.5
58.1,0.0,91.5
58.2,0.0,91.5
58.3,0.0,91.5
58.4,38.7,91.5
58.5,13.0,91.5
58.6,12.9,91.5
58.7,25.5,91.5
58.8,14.1,91.5
58.9,26.3,91.5
59.0,13.6,91.5
59.1,13.8,91.5
59.2,0.0,91.5
59.3,12.8,91.5
59.4,12.3,91.5
59.5,13.0,91.5
59.6,26.7,91.5
59.7,13.2,91.5
59.8,26.7,91.5
59.9,13.4,91.5
60.0,13.5,91.5
60.1,13.7,91.5
60.2,13.3,91.5
60.3,13.3,91.5
60.4,13.6,91.5
60.5,24.7,91.5
60.6,12.9,91.5
60.7,13.3,91.5
60.8,13.5,91.5
60.9,13.4,91.5
61.0,13.6,91.5
61.1,13.4,91.5
61.2,0.0,91.5
61.3,13.2,91.5
61.4,26.4,91.5
61.5,12.8,91.5
61.6,13.3,91.5
61.7,12.6,91.51
61.8,26.0,91.51
61.9,14.1,91.51
62.0,13.7,91.51
62.1,11.5,91.51
62.2,13.7,91.51
62.3,13.3,91.51
62.4,24.6,91.51
62.5,24.3,91.51
62.6,13.7,91.51
62.7,13.4,91.51
62.8,13.6,91.51
62.9,13.5,91.51
63.0,12.7,91.51
63.1,13.1,91.51
63.2,13.4,91.51
63.3,13.5,91.51
63.4,12.8,91.51
63.5,13.5,91.51
63.6,13.6,91.51
63.7,13.0,91.51
63.8,26.1,91.51
63.9,13.4,91.51
64.0,14.3,91.51
64.1,25.5,91.51
64.2,13.4,91.51
64.3,13.2,91.51
64.4,13.3,91.51
64.5,13.1,91.51
64.6,12.3,91.51
64.7,13.6,91.57
64.8,113.5,91.62
64.9,99.3,91.96
65.0,70.9,92.14
65.1,24.9,92.22
65.2,13.2,92.22
65.3,13.3,92.22
65.4,0.0,92.22
65.5,13.9,92.22
65.6,0.0,92.22
65.7,13.8,92.22
65.8,25.2,92.22
65.9,13.4,92.23
66.0,13.2,92.23
66.1,13.2,92.23
66.2,13.3,92.27
66.3,13.3,92.28
66.4,13.3,92.28
66.5,0.0,92.28
66.6,13.2,92.28
66.7,25.4,92.28
66.8,13.4,92.28
66.9,13.4,92.28
67.0,13.4,92.28
67.1,13.7,92.28
67.2,13.3,92.28
67.3,24.9,92.31
67.4,14.2,92.33
67.5,0.0,92.33
67.6,92.6,92.43
67.7,112.9,92.7
67.8,67.1,92.84
67.9,13.7,92.89
68.0,13.4,92.89
68.1,12.7,92.89
68.2,12.7,92.89
68.3,64.0,93.02
68.4,108.6,93.07
68.5,124.0,93.28
68.6,94.4,93.63
68.7,27.7,93.69
68.8,13.8,93.69
68.9,13.5,93.69
69.0,13.8,93.69
69.1,14.4,93.69
69.2,13.9,93.69
69.3,25.7,93.69
69.4,12.9,93.69
69.5,13.2,93.69
69.6,13.2,93.69
69.7,26.5,93.72
69.8,13.3,93.72
69.9,0.0,93.72
70.0,0.0,93.72
70.1,13.1,93.74
70.2,13.3,93.75
70.3,13.5,93.75
70.4,12.8,93.75
70.5,13.2,93.75
70.6,13.3,93.75
70.7,26.0,93.75
70.8,13.2,93.75
70.9,26.3,93.75
71.0,142.1,94.71
71.1,210.6,94.83
71.2,225.4,95.03
71.3,99.7,95.32
71.4,12.8,95.42
71.5,26.2,95.43
71.6,0.0,95.43
71.7,12.5,95.43
71.8,12.5,95.43
71.9,0.0,95.43
72.0,13.0,95.43
72.1,13.2,95.43
72.2,23.9,95.43
72.3,25.1,95.43
72.4,13.5,95.43
72.5,0.0,95.48
72.6,13.0,95.48
72.7,13.5,95.48
72.8,13.6,95.48
72.9,25.7,95.48
73.0,13.2,95.48
73.1,12.8,95.48
73.2,12.1,95.48
73.3,12.7,95.48
73.4,13.5,95.48
73.5,13.4,95.48
73.6,12.6,95.48
73.7,13.6,95.48
73.8,13.5,95.48
73.9,24.7,95.48
74.0,13.2,95.48
74.1,13.5,95.48
74.2,26.3,95.48
74.3,14.3,95.48
74.4,13.4,95.48
74.5,26.2,95.48
74.6,12.9,95.48
74.7,0.0,95.48
74.8,13.6,95.48
74.9,0.0,95.48
75.0,13.3,95.48
75.1,13.5,95.48
75.2,13.4,95.48
75.3,13.2,95.48
75.4,12.6,95.48
75.5,13.4,95.48
75.6,13.5,95.48
75.7,0.0,95.48
75.8,13.4,95.48
75.9,13.3,95.48
76.0,13.5,95.48
76.1,26.0,95.48
76.2,13.3,95.48
76.3,13.0,95.5
76.4,13.2,95.5
76.5,0.0,95.5
76.6,13.6,95.5
76.7,14.2,95.5
76.8,13.9,95.5
76.9,13.8,95.5
77.0,13.0,95.5
77.1,13.7,95.5
77.2,0.0,95.5
77.3,26.5,95.5
77.4,13.1,95.5
77.5,12.9,95.5
77.6,25.0,95.5
77.7,25.9,95.5
77.8,14.3,95.5
77.9,13.5,95.5
78.0,26.5,95.5
78.1,13.6,95.5
78.2,26.9,96.38
78.3,22.7,96.38
78.4,0.0,96.38
78.5,12.6,96.38
78.6,12.4,96.38
78.7,0.0,96.38
78.8,12.9,96.38
78.9,13.8,121.36
79.0,27.5,129.55
79.1,101.2,146.21
79.2,73.3,166.71
79.3,14.6,96.89
79.4,26.1,96.9
79.5,13.8,96.9
79.6,13.3,96.91
79.7,12.9,96.91
79.8,14.5,96.91
79.9,13.6,96.91
80.0,0.0,96.91
80.1,13.1,96.91
80.2,26.7,96.91
80.3,12.8,96.91
80.4,12.6,96.91
80.5,0.0,96.91
80.6,0.0,96.91
80.7,14.4,96.91
80.8,14.0,96.91
80.9,23.1,96.91
81.0,12.9,96.91
81.1,13.5,96.91
81.2,24.5,96.91
81.3,13.2,96.91
81.4,13.2,96.91
81.5,13.4,96.91
81.6,13.5,96.91
81.7,0.0,96.91
81.8,26.2,96.91
81.9,13.6,96.91
82.0,13.9,96.91
82.1,12.0,96.91
82.2,13.5,96.91
82.3,24.6,96.91
82.4,24.9,96.91
82.5,13.4,96.91
82.6,13.9,96.91
82.7,13.0,96.91
82.8,23.8,96.91
82.9,0.0,96.91
83.0,36.9,96.91
83.1,13.7,96.91
83.2,13.3,96.91
83.3,13.0,96.91
83.4,26.0,96.91
83.5,24.4,96.91
83.6,0.0,96.91
83.7,13.2,96.91
83.8,13.4,96.91
83.9,12.7,96.91
84.0,13.9,96.91
84.1,13.3,96.91
84.2,13.4,96.91
84.3,13.7,96.91
84.4,26.0,96.91
84.5,13.6,96.91
84.6,26.4,96.91
84.7,13.6,96.91
84.8,11.9,96.91
84.9,12.9,96.91
85.0,25.2,96.91
85.1,38.2,122.76
85.2,122.1,145.83
85.3,101.9,166.96
85.4,0.0,97.0
85.5,27.0,97.07
85.6,106.8,97.07
85.7,106.8,97.1
85.8,84.3,97.11
85.9,12.5,97.11
86.0,0.0,97.11
86.1,13.1,97.11
86.2,12.6,97.11
86.3,14.3,97.11
86.4,0.0,97.11
86.5,0.0,97.11
86.6,12.3,97.11
86.7,12.3,97.11
86.8,24.3,97.11
86.9,14.2,97.11
87.0,14.2,97.11
87.1,14.2,97.11
87.2,25.0,97.11
87.3,13.9,110.16
87.4,42.6,97.58
87.5,0.0,97.58
87.6,24.1,97.58
87.7,13.3,97.58
87.8,13.5,97.58
87.9,24.0,97.58
88.0,25.5,97.58
88.1,12.9,97.58
88.2,13.5,97.58
88.3,26.2,97.58
88.4,13.5,97.58
88.5,23.8,97.58
88.6,13.1,97.58
88.7,26.4,97.58
88.8,0.0,97.58
88.9,13.0,97.58
89.0,13.4,97.58
89.1,27.3,97.58
89.2,0.0,97.58
89.3,23.9,97.58
89.4,13.0,97.58
89.5,13.1,97.58
89.6,0.0,97.58
89.7,13.6,97.58
89.8,12.8,97.58
89.9,13.4,97.58
90.0,13.5,97.58
90.1,24.8,97.58
90.2,13.4,97.58
90.3,13.0,97.58
90.4,26.5,97.58
90.5,13.2,97.58
90.6,13.2,97.58
90.7,13.6,97.58
90.8,13.3,97.58
90.9,13.0,97.58
91.0,12.6,97.58
91.1,12.9,97.58
91.2,25.5,97.58
91.3,13.5,97.58
91.4,13.5,97.58
91.5,36.2,97.58
91.6,13.2,97.58
91.7,13.3,97.58
91.8,26.4,97.58
91.9,24.7,97.58
92.0,13.2,97.58
92.1,12.8,97.58
92.2,13.3,97.58
92.3,13.4,97.58
92.4,13.1,97.58
92.5,24.9,97.58
92.6,25.7,97.58
92.7,13.4,97.58
92.8,13.5,97.58
92.9,24.5,97.58
93.0,14.2,97.58
93.1,13.6,97.58
93.2,25.2,97.58
93.3,13.2,97.58
93.4,13.0,97.58
93.5,26.4,97.58
93.6,13.4,97.58
93.7,0.0,97.58
93.8,25.2,97.58
93.9,13.7,97.58
94.0,13.5,97.58
94.1,13.0,97.58
94.2,13.5,97.58
94.3,12.4,97.58
94.4,12.3,97.58
94.5,12.7,97.58
94.6,13.2,97.58
94.7,26.3,97.58
94.8,13.6,97.58
94.9,24.8,97.58
95.0,25.1,97.58
95.1,40.3,97.61
95.2,109.3,97.65
95.3,108.8,97.68
95.4,27.6,97.69
95.5,0.0,97.69
95.6,12.5,97.69
95.7,0.0,97.69
95.8,26.3,97.69
95.9,13.4,97.69
96.0,12.1,97.69
96.1,12.2,97.69
96.2,13.5,97.69
96.3,24.7,97.69
96.4,13.5,97.71
96.5,13.4,97.71
96.6,81.2,109.81
96.7,24.9,98.73
96.8,101.9,98.68
96.9,70.0,98.7
97.0,40.6,98.7
97.1,12.3,98.7
97.2,12.9,98.7
97.3,13.5,98.72
97.4,13.9,98.72
97.5,0.0,98.72
97.6,0.0,98.72
97.7,26.2,98.72
97.8,12.4,98.72
97.9,23.9,98.73
98.0,13.1,98.73
98.1,14.1,98.73
98.2,25.0,98.73
98.3,25.4,98.73
98.4,25.0,98.73
98.5,13.1,98.73
98.6,13.9,98.73
98.7,12.8,98.73
98.8,12.7,98.73
98.9,12.5,98.73
99.0,0.0,98.73
99.1,13.3,98.73
99.2,0.0,98.73
99.3,25.3,98.73
99.4,13.6,98.73
99.5,12.7,98.73
99.6,12.9,98.73
99.7,13.6,98.73
99.8,13.2,98.73
99.9,13.8,98.73
100.0,13.0,98.73
100.1,24.7,98.73
100.2,25.9,98.73
100.3,13.3,98.73
100.4,13.4,98.73
100.5,23.9,98.73
100.6,24.8,98.73
100.7,13.5,98.73
100.8,93.1,98.8
100.9,111.3,99.05
101.0,0.0,99.19
101.1,12.6,99.19
101.2,13.7,99.19
101.3,23.4,99.19
101.4,12.7,99.19
101.5,25.6,99.19
101.6,13.0,99.19
101.7,12.2,99.19
101.8,13.1,99.19
101.9,13.2,99.19
102.0,25.0,99.19
102.1,14.1,99.19
102.2,13.4,99.19
102.3,12.4,99.19
102.4,13.2,99.19
102.5,13.2,99.19
102.6,12.8,99.19
102.7,13.0,99.19
102.8,24.4,99.19
102.9,13.2,99.19
103.0,24.8,99.19
103.1,13.4,99.19
103.2,13.5,99.19
103.3,25.3,99.19
103.4,25.0,99.19
103.5,25.2,99.19
103.6,12.9,99.19
103.7,12.7,99.19
103.8,13.0,99.19
103.9,13.5,99.19
104.0,23.9,99.19
104.1,13.1,99.19
104.2,13.1,99.19
104.3,13.2,99.19
104.4,24.2,99.19
104.5,23.9,99.19
104.6,12.9,99.19
104.7,13.6,99.19
104.8,13.1,99.19
104.9,13.1,99.19
105.0,12.8,99.19
105.1,13.7,99.19
105.2,13.2,99.23
105.3,0.0,99.23
105.4,13.8,99.21
105.5,13.3,99.22
105.6,13.7,99.22
105.7,23.5,99.22
105.8,14.2,99.22
105.9,0.0,99.22
106.0,13.0,99.22
106.1,12.5,99.22
106.2,13.3,99.22
106.3,38.3,99.24
106.4,0.0,99.24
106.5,12.0,99.25
106.6,24.5,99.25
106.7,0.0,99.25
106.8,13.0,99.26
106.9,13.2,99.26
107.0,13.2,99.26
107.1,12.9,99.26
107.2,13.5,99.26
107.3,13.3,99.26
107.4,25.9,99.26
107.5,12.1,99.26
107.6,13.7,99.26
107.7,13.2,99.26
107.8,13.1,99.26
107.9,13.6,99.26
108.0,25.8,99.26
108.1,13.1,99.26
108.2,12.4,99.26
108.3,13.5,99.26
108.4,13.6,99.26
108.5,13.5,99.26
108.6,13.6,99.26
108.7,13.1,99.26
108.8,23.8,99.26
108.9,25.0,99.26
109.0,13.0,99.26
109.1,12.9,99.26
109.2,12.1,99.26
109.3,13.3,99.26
109.4,25.4,99.26
109.5,24.9,99.26
109.6,25.5,99.26
109.7,24.3,99.26
109.8,14.1,99.26
109.9,24.7,99.26
110.0,0.0,99.26
110.1,12.8,99.26
110.2,12.1,99.26
110.3,25.7,99.26
110.4,13.5,99.26
110.5,13.4,99.26
110.6,13.3,99.26
110.7,25.4,99.26
110.8,24.3,99.26
110.9,14.2,99.26
111.0,25.5,99.26
111.1,25.3,99.26
111.2,24.9,99.26
111.3,12.8,99.26
111.4,25.5,99.26
111.5,13.2,99.26
111.6,25.1,99.26
111.7,13.5,99.26
111.8,12.3,99.26
111.9,13.1,99.26
112.0,26.3,99.26
112.1,13.3,99.26
112.2,13.7,99.26
112.3,12.6,99.26
112.4,13.1,99.26
112.5,24.9,99.26
112.6,13.2,99.26
112.7,25.1,99.26
112.8,23.7,99.26
112.9,25.9,99.26
113.0,26.4,99.26
113.1,13.3,99.26
113.2,13.6,99.26
113.3,13.5,99.26
113.4,12.9,99.25
113.5,12.4,99.25
113.6,12.4,99.25
113.7,13.1,99.25
113.8,24.5,99.25
113.9,13.4,99.25
114.0,13.3,99.25
114.1,12.9,99.25
114.2,14.0,99.25
114.3,25.8,99.25
114.4,13.5,99.25
114.5,12.8,99.25
114.6,24.0,99.25
114.7,13.2,99.25
114.8,14.1,99.25
114.9,39.5,99.26
115.0,117.5,99.4
115.1,104.7,99.39
115.2,95.3,99.61
115.3,13.6,99.74
115.4,13.4,99.74
115.5,13.6,99.74
115.6,13.5,99.74
115.7,13.2,99.74
115.8,24.5,99.74
115.9,12.8,99.74
116.0,13.8,99.74
116.1,13.2,99.74
116.2,13.5,99.74
116.3,13.0,99.77
116.4,13.0,99.77
116.5,79.1,99.91
116.6,95.1,99.92
116.7,113.4,100.1
116.8,107.7,100.24
116.9,28.3,100.36
117.0,13.5,100.37
117.1,13.2,100.37
117.2,24.6,100.37
117.3,24.6,100.37
117.4,14.1,100.37
117.5,25.2,100.37
117.6,13.4,100.37
117.7,13.3,100.37
117.8,25.6,100.37
117.9,13.7,100.37
118.0,13.8,100.42
118.1,13.1,100.43
118.2,13.2,100.43
118.3,13.6,100.43
118.4,35.5,100.45
118.5,123.3,100.71
118.6,99.6,100.99
118.7,79.9,101.05
118.8,27.3,101.12
118.9,12.4,101.12
119.0,24.3,102.16
119.1,113.7,102.22
119.2,109.7,102.22
119.3,95.7,102.29
119.4,41.8,102.3
119.5,12.8,102.3
119.6,13.8,102.3
119.7,12.7,102.3
119.8,12.0,102.3
119.9,26.4,102.3
120.0,0.0,102.3
120.1,13.1,102.3
120.2,13.0,102.3
120.3,12.9,102.3
120.4,0.0,102.3
120.5,13.5,102.3
120.6,13.1,102.3
120.7,14.0,102.3
120.8,25.7,102.3
120.9,14.0,102.3
121.0,24.7,102.3
121.1,25.9,102.3
121.2,14.6,102.3
121.3,13.6,102.3
121.4,13.5,102.3
121.5,13.3,102.3
121.6,25.9,102.3
121.7,24.7,102.3
121.8,25.2,102.3
121.9,12.4,102.3
122.0,24.6,102.3
122.1,25.2,102.31
122.2,13.2,102.31
122.3,24.4,102.31
122.4,25.1,102.31
122.5,13.0,102.33
122.6,13.0,102.33
122.7,26.0,102.33
122.8,24.8,102.33
122.9,12.9,102.33
123.0,24.6,102.33
123.1,12.6,102.33
123.2,0.0,102.33
123.3,62.8,103.44
123.4,26.6,103.44
123.5,26.0,103.44
123.6,12.6,103.44
123.7,13.2,103.44
123.8,26.5,103.44
123.9,13.1,103.44
124.0,13.4,103.44
124.1,13.0,103.44
124.2,0.0,103.44
124.3,13.2,103.44
124.4,25.4,103.44
124.5,13.4,103.45
124.6,13.3,103.45
124.7,13.2,103.45
124.8,12.8,103.45
124.9,13.3,103.45
125.0,13.5,103.45
125.1,0.0,103.45
125.2,13.0,103.45
125.3,14.2,103.45
125.4,13.2,103.45
125.5,13.8,103.45
125.6,25.3,103.45
125.7,13.6,103.45
125.8,0.0,103.45
125.9,13.6,103.45
126.0,13.9,103.45
126.1,14.0,103.45
126.2,13.2,103.45
126.3,14.1,103.45
126.4,0.0,103.45
126.5,13.6,103.45
126.6,13.0,103.45
126.7,0.0,103.45
126.8,12.7,103.45
126.9,13.5,103.45
127.0,13.9,103.45
127.1,25.8,103.45
127.2,13.3,103.45
127.3,0.0,103.45
127.4,13.7,103.45
127.5,13.7,103.45
127.6,13.6,103.45
127.7,13.0,103.45
127.8,13.4,103.45
127.9,12.5,103.45
128.0,14.0,103.45
128.1,23.6,103.45
128.2,25.5,103.45
128.3,14.1,103.45
128.4,0.0,103.45
128.5,25.6,103.45
128.6,12.9,103.45
128.7,24.0,103.45
128.8,13.2,103.45
128.9,0.0,103.45
129.0,13.1,103.45
129.1,0.0,103.45
129.2,13.2,103.45
129.3,13.1,103.45
129.4,0.0,103.45
129.5,13.3,103.45
129.6,13.4,103.45
129.7,13.1,103.45
129.8,26.5,103.45
129.9,13.0,103.45
130.0,13.2,103.45
130.1,13.4,103.45
130.2,23.9,103.45
130.3,14.2,103.45
130.4,13.3,129.85
130.5,83.9,148.74
130.6,102.9,170.07
130.7,114.1,177.27
130.8,28.5,103.78
130.9,25.2,103.78
131.0,13.2,103.78
131.1,13.3,103.78
131.2,13.6,112.09
131.3,93.7,136.7
131.4,82.3,163.54
131.5,99.6,179.62
131.6,14.3,103.92
131.7,12.6,115.82
131.8,71.1,138.24
131.9,100.1,163.21
132.0,118.0,178.05
132.1,29.6,104.01
132.2,23.7,104.01
132.3,26.1,104.01
132.4,13.1,104.02
132.5,12.4,104.02
132.6,13.2,104.02
132.7,26.4,104.02
132.8,13.4,104.02
132.9,24.1,104.02
133.0,13.8,104.02
133.1,13.5,104.02
133.2,14.3,104.02
133.3,26.5,104.02
133.4,0.0,104.02
133.5,13.2,104.02
133.6,26.4,104.02
133.7,13.4,104.02
133.8,13.4,104.02
133.9,12.4,104.02
134.0,13.4,104.02
134.1,26.6,104.02
134.2,0.0,104.02
134.3,12.7,104.02
134.4,25.5,104.02
134.5,13.5,104.02
134.6,13.5,104.02
134.7,13.7,104.02
134.8,13.2,104.02
134.9,13.1,104.02
135.0,24.6,104.02
135.1,13.1,104.02
135.2,24.8,104.02
135.3,13.6,104.02
135.4,13.3,104.02
135.5,14.1,104.02
135.6,13.3,104.02
135.7,24.1,104.02
135.8,13.1,104.02
135.9,13.5,104.02
136.0,12.9,104.02
136.1,13.6,104.02
136.2,13.5,104.02
136.3,13.5,104.02
136.4,13.2,104.02
136.5,12.8,104.02
136.6,24.6,104.02
136.7,12.0,104.02
136.8,12.7,104.02
136.9,0.0,104.02
137.0,12.5,104.02
137.1,27.3,104.02
137.2,13.6,104.02
137.3,0.0,104.02
137.4,13.5,104.02
137.5,25.3,104.02
137.6,13.5,104.02
137.7,13.9,104.02
137.8,0.0,104.02
137.9,12.6,104.02
138.0,13.8,104.02
138.1,13.4,104.02
138.2,0.0,104.02
138.3,13.6,104.02
138.4,53.0,111.18
138.5,39.4,104.25
138.6,113.1,104.25
138.7,109.3,104.25
138.8,90.6,104.3
138.9,36.8,104.3
139.0,0.0,104.3
139.1,0.0,104.3
139.2,13.9,104.3
139.3,13.7,104.3
139.4,13.2,104.3
139.5,0.0,104.3
139.6,12.4,104.3
139.7,23.8,104.3
139.8,13.6,104.3
139.9,14.2,104.3
140.0,13.4,104.3
140.1,26.7,104.3
140.2,12.8,104.3
140.3,12.9,104.3
140.4,12.6,104.3
140.5,26.8,104.3
140.6,12.9,104.3
140.7,0.0,104.3
140.8,13.8,104.3
140.9,14.1,104.3
141.0,14.2,104.3
141.1,14.7,104.3
141.2,13.5,104.3
141.3,14.7,104.3
141.4,13.4,104.3
141.5,0.0,104.3
141.6,13.2,104.3
141.7,25.6,104.3
141.8,14.0,104.3
141.9,13.2,104.3
142.0,26.2,104.3
142.1,0.0,104.3
142.2,12.9,104.3
142.3,13.2,104.3
142.4,13.8,104.3
142.5,26.3,104.3
142.6,13.2,104.3
142.7,26.7,113.8
142.8,66.0,135.82
142.9,87.0,152.99
143.0,71.4,174.3
143.1,14.2,104.3
143.2,73.0,104.45
143.3,102.3,104.45
143.4,90.6,104.45
143.5,100.3,104.53
143.6,24.9,104.53
143.7,0.0,104.53
143.8,14.0,104.53
143.9,12.7,104.53
144.0,14.3,104.53
144.1,52.9,105.32
144.2,12.3,105.32
144.3,0.0,105.32
144.4,14.0,105.32
144.5,13.8,105.32
144.6,24.9,105.32
144.7,26.0,105.32
144.8,13.9,105.32
144.9,13.9,105.32
145.0,13.7,105.32
145.1,12.8,105.32
145.2,13.3,105.32
145.3,24.5,105.32
145.4,13.7,105.32
145.5,13.1,105.32
145.6,13.8,105.32
145.7,13.2,105.32
145.8,25.0,105.32
145.9,14.1,105.32
146.0,14.0,105.32
146.1,14.3,105.32
146.2,14.1,105.32
146.3,13.6,105.32
146.4,13.2,105.32
146.5,13.3,105.32
146.6,13.3,105.32
146.7,13.4,105.32
146.8,13.6,105.32
146.9,13.2,105.32
147.0,23.9,105.32
147.1,13.5,105.32
147.2,13.9,105.32
147.3,0.0,105.32
147.4,25.6,105.32
147.5,12.6,105.32
147.6,13.8,105.32
147.7,13.1,105.32
147.8,13.1,105.32
147.9,14.2,105.32
148.0,24.4,105.32
148.1,13.2,105.32
148.2,25.4,105.32
148.3,13.3,105.32
148.4,12.7,105.32
148.5,0.0,105.32
148.6,12.6,105.32
148.7,25.1,105.32
148.8,24.7,105.32
148.9,12.5,105.32
149.0,0.0,105.32
149.1,13.4,105.32
149.2,12.8,105.32
149.3,13.5,105.32
149.4,12.5,105.32
149.5,13.2,105.32
149.6,13.2,105.32
149.7,24.4,105.32
149.8,13.7,105.32
149.9,12.2,105.32
150.0,12.9,105.32
150.1,13.1,105.32
150.2,24.2,105.32
150.3,12.4,105.32
150.4,13.1,105.32
150.5,13.2,105.32
150.6,12.4,105.32
150.7,13.8,105.32
150.8,24.1,105.32
150.9,13.5,105.32
151.0,24.3,105.32
151.1,12.8,105.32
151.2,24.2,105.32
151.3,24.0,105.32
151.4,12.9,105.32
151.5,13.3,105.32
151.6,12.7,105.32
151.7,13.3,105.32
151.8,24.1,105.32
151.9,26.5,105.32
152.0,13.4,105.32
152.1,13.8,105.32
152.2,13.7,105.32
152.3,13.8,105.32
152.4,13.2,105.32
152.5,13.5,105.32
152.6,25.8,105.32
152.7,24.0,105.32
152.8,13.1,105.32
152.9,13.3,105.32
153.0,13.6,105.32
153.1,12.8,105.32
153.2,23.9,105.32
153.3,12.9,105.32
153.4,13.6,105.32
153.5,24.6,105.32
153.6,13.3,105.32
153.7,13.3,105.32
153.8,13.2,105.32
153.9,13.4,105.32
154.0,26.4,105.32
154.1,13.2,105.32
154.2,0.0,105.32
154.3,13.8,105.32
154.4,13.2,105.32
154.5,23.0,105.32
154.6,12.6,105.32
154.7,38.8,105.32
154.8,13.2,105.32
154.9,12.3,105.32
155.0,13.2,105.32
155.1,26.3,105.32
155.2,14.3,105.32
155.3,13.4,105.32
155.4,24.1,105.32
155.5,13.2,105.32
155.6,14.0,105.32
155.7,24.2,105.32
155.8,12.6,105.32
155.9,13.4,105.32
156.0,13.0,105.32
156.1,52.1,105.32
156.2,107.1,105.32
156.3,99.9,105.35
156.4,94.6,105.34
156.5,25.2,105.35
156.6,13.3,105.35
156.7,24.1,105.35
156.8,13.4,105.35
156.9,13.7,105.35
157.0,13.2,105.35
157.1,13.2,105.35
157.2,27.0,105.35
157.3,13.5,105.35
157.4,24.5,105.35
157.5,12.3,105.36
157.6,13.3,105.36
157.7,0.0,105.36
157.8,26.2,105.36
157.9,13.5,105.36
158.0,35.5,105.36
158.1,13.5,105.36
158.2,25.5,105.36
158.3,13.0,105.36
158.4,12.4,105.36
158.5,11.7,105.36
158.6,93.7,105.39
158.7,109.4,105.42
158.8,112.0,105.53
158.9,26.9,105.74
159.0,12.7,105.77
159.1,13.4,105.77
159.2,25.4,105.77
159.3,13.5,105.77
159.4,13.6,105.77
159.5,12.7,105.77
159.6,12.9,105.77
159.7,13.6,105.77
159.8,13.1,105.77
159.9,25.9,105.77
160.0,13.5,105.77
160.1,12.2,105.77
160.2,12.3,105.77
160.3,24.5,105.77
160.4,13.4,105.77
160.5,24.9,105.77
160.6,13.2,105.77
160.7,0.0,105.77
160.8,0.0,105.77
160.9,13.9,105.77
161.0,13.5,105.77
161.1,13.4,105.77
161.2,12.6,105.77
161.3,13.7,105.77
161.4,13.1,105.77
161.5,13.7,105.77
161.6,13.6,105.77
161.7,13.6,105.77
161.8,13.6,105.77
161.9,25.1,105.77
162.0,12.1,105.77
162.1,13.2,105.77
162.2,13.6,105.77
162.3,13.4,105.77
162.4,12.3,105.77
162.5,24.6,105.77
162.6,13.2,105.77
162.7,13.0,105.77
162.8,25.8,105.77
162.9,0.0,105.77
163.0,13.6,105.77
163.1,12.4,105.77
163.2,24.8,105.77
163.3,13.1,105.77
163.4,13.3,105.77
163.5,13.8,105.77
163.6,0.0,105.77
163.7,23.9,105.77
163.8,12.5,105.79
163.9,12.7,105.79
164.0,0.0,105.79
164.1,13.0,105.79
164.2,24.6,105.79
164.3,13.0,105.79
164.4,13.5,105.79
164.5,13.2,105.79
164.6,24.7,105.79
164.7,25.7,105.79
164.8,13.4,105.79
164.9,13.3,105.79
165.0,23.9,105.79
165.1,12.9,105.79
165.2,25.1,105.79
165.3,24.9,105.79
165.4,22.7,105.79
165.5,24.2,105.79
165.6,13.6,105.79
165.7,13.4,105.79
165.8,13.2,105.79
165.9,12.4,105.79
166.0,13.5,105.79
166.1,13.2,105.79
166.2,24.8,105.79
166.3,13.7,105.79
166.4,13.6,105.79
166.5,13.1,105.79
166.6,27.5,105.79
166.7,12.6,105.79
166.8,12.9,105.79
166.9,24.6,105.79
167.0,26.3,105.79
167.1,12.9,105.79
167.2,13.6,105.79
167.3,12.9,105.79
167.4,12.6,105.79
167.5,13.2,105.79
167.6,25.8,105.79
167.7,13.2,105.79
167.8,13.1,105.79
167.9,13.3,105.79
168.0,24.4,105.79
168.1,13.2,105.79
168.2,12.4,105.79
168.3,0.0,105.79
168.4,13.3,105.79
168.5,25.7,105.79
168.6,25.0,105.79
168.7,22.5,105.79
168.8,13.7,105.79
168.9,13.5,105.79
169.0,13.7,105.79
169.1,13.3,105.79
169.2,12.9,105.79
169.3,13.5,105.79
169.4,13.0,105.79
169.5,25.3,105.79
169.6,13.2,105.79
169.7,13.7,105.79
169.8,13.1,105.77
169.9,14.0,105.77
170.0,25.1,105.77
170.1,25.3,105.77
170.2,12.8,105.77
170.3,13.3,105.77
170.4,13.5,105.77
170.5,12.3,105.77
170.6,40.0,106.76
170.7,27.0,106.77
170.8,13.0,106.77
170.9,25.1,106.77
171.0,26.4,106.77
171.1,25.0,106.77
171.2,13.0,106.77
171.3,13.2,106.77
171.4,24.7,106.77
171.5,24.9,106.77
171.6,25.2,106.79
171.7,13.3,106.79
171.8,13.2,106.79
171.9,25.2,106.79
172.0,13.3,106.79
172.1,13.1,106.79
172.2,12.7,106.79
172.3,13.4,106.79
172.4,12.5,106.79
172.5,24.8,106.79
172.6,13.2,106.79
172.7,13.3,106.79
172.8,25.1,106.79
172.9,12.7,106.79
173.0,13.2,106.79
173.1,24.2,106.79
173.2,13.4,106.79
173.3,12.9,106.79
173.4,24.7,106.79
173.5,13.2,106.79
173.6,13.1,106.79
173.7,13.0,106.79
173.8,13.5,106.79
173.9,13.5,106.79
174.0,13.2,106.79
174.1,24.5,106.79
174.2,26.0,106.79
174.3,13.2,106.79
174.4,13.8,106.79
174.5,13.7,106.79
174.6,25.7,106.79
174.7,13.4,106.79
174.8,13.2,106.79
174.9,13.5,106.79
175.0,24.0,106.79
175.1,13.3,106.79
175.2,14.2,106.79
175.3,38.8,106.79
175.4,0.0,106.79
175.5,13.1,106.79
175.6,23.4,106.79
175.7,13.0,106.79
175.8,25.9,106.79
175.9,14.0,106.79
176.0,13.4,106.79
176.1,12.9,106.79
176.2,25.0,106.79
176.3,14.2,106.79
176.4,13.7,106.79
176.5,0.0,106.79
176.6,13.4,106.79
176.7,14.6,106.79
176.8,13.7,106.79
176.9,0.0,106.79
177.0,24.0,106.79
177.1,13.7,106.79
177.2,13.5,106.79
177.3,13.7,106.79
177.4,14.4,106.79
177.5,13.4,106.79
177.6,0.0,106.79
177.7,0.0,106.79
177.8,13.2,106.79
177.9,14.1,106.79
178.0,13.5,106.79
178.1,0.0,106.79
178.2,13.4,106.79
178.3,13.3,106.79
178.4,13.0,106.79
178.5,13.0,106.79
178.6,24.9,106.79
178.7,13.6,106.79
178.8,12.9,106.79
178.9,26.4,106.79
179.0,14.1,106.79
179.1,25.3,106.79
179.2,24.2,106.79
179.3,25.7,106.79
179.4,13.1,106.79
179.5,23.9,106.79
179.6,24.1,106.79
179.7,13.2,106.79
179.8,13.2,106.79
179.9,26.3,106.79
180.0,12.9,106.79
180.1,0.0,106.79
180.2,13.7,106.79
180.3,13.2,106.79
180.4,13.3,106.79
180.5,13.3,106.79
180.6,13.6,106.79
180.7,13.4,106.79
180.8,26.7,120.93
180.9,65.5,139.96
181.0,95.6,156.14
181.1,84.7,177.18
181.2,113.1,178.98
181.3,14.1,107.02
181.4,13.3,107.02
181.5,13.1,107.02
181.6,13.7,107.02
181.7,0.0,107.02
181.8,0.0,107.02
181.9,13.3,107.02
182.0,14.2,107.02
182.1,13.1,107.02
182.2,12.7,107.02
182.3,13.3,107.02
182.4,13.7,107.02
182.5,13.5,107.02
182.6,13.9,107.02
182.7,13.1,107.02
182.8,14.0,107.02
182.9,13.7,107.02
183.0,13.1,107.02
183.1,13.3,107.02
183.2,25.8,107.02
183.3,13.3,107.02
183.4,12.2,107.02
183.5,13.8,107.02
183.6,13.0,107.02
183.7,24.3,107.02
183.8,23.8,107.02
183.9,13.5,107.02
184.0,13.3,107.02
184.1,13.6,107.02
184.2,12.8,107.02
184.3,13.3,107.02
184.4,12.5,107.02
184.5,13.6,107.02
184.6,14.1,107.02
184.7,0.0,107.02
184.8,12.4,107.02
184.9,12.9,107.02
185.0,26.0,107.02
185.1,25.6,107.02
185.2,13.6,107.02
185.3,13.8,107.02
185.4,0.0,107.02
185.5,23.8,107.02
185.6,0.0,107.02
185.7,12.4,107.02
185.8,0.0,107.02
185.9,26.3,107.02
186.0,14.0,107.02
186.1,12.9,107.02
186.2,24.1,107.02
186.3,14.4,107.02
186.4,13.3,107.02
186.5,12.5,107.02
186.6,13.2,107.02
186.7,13.9,107.02
186.8,13.5,107.02
186.9,13.6,107.02
187.0,13.7,107.02
187.1,12.6,107.02
187.2,0.0,107.02
187.3,13.7,107.02
187.4,12.9,107.02
187.5,13.1,107.02
187.6,14.1,107.02
187.7,25.4,107.02
187.8,24.9,107.02
187.9,13.3,107.02
188.0,12.8,107.02
188.1,0.0,107.02
188.2,24.5,107.02
188.3,13.2,107.02
188.4,26.0,107.02
188.5,0.0,107.02
188.6,13.3,107.02
188.7,14.1,107.02
188.8,25.7,107.02
188.9,13.6,107.02
189.0,13.3,107.02
189.1,24.9,107.02
189.2,13.3,107.02
189.3,13.4,107.02
189.4,13.6,107.02
189.5,26.7,107.02
189.6,14.3,107.02
189.7,12.6,107.02
189.8,0.0,107.02
189.9,24.4,107.02
190.0,12.6,107.02
190.1,24.0,107.02
190.2,0.0,107.02
190.3,12.8,107.02
190.4,13.2,107.02
190.5,27.9,107.02
190.6,13.3,139.95
190.7,96.4,160.05
190.8,96.5,181.32
190.9,13.7,107.02
191.0,14.7,107.17
191.1,0.0,107.17
191.2,0.0,107.17
191.3,13.5,107.17
191.4,12.9,107.17
191.5,13.6,107.17
191.6,14.1,107.17
191.7,14.1,107.17
191.8,0.0,107.17
191.9,14.0,107.17
192.0,12.8,107.17
192.1,12.7,107.17
192.2,12.8,107.17
192.3,12.6,107.17
192.4,0.0,107.17
192.5,13.2,107.17
192.6,13.9,107.17
192.7,14.1,107.17
192.8,0.0,107.17
192.9,14.0,107.17
193.0,0.0,107.17
193.1,0.0,107.17
193.2,0.0,107.17
193.3,14.1,107.17
193.4,25.7,107.17
193.5,24.9,107.17
193.6,13.3,107.17
193.7,13.2,107.17
193.8,25.0,107.17
193.9,24.5,107.17
194.0,25.3,107.17
194.1,14.2,107.17
194.2,25.7,107.17
194.3,24.4,107.17
194.4,13.3,107.17
194.5,12.6,107.17
194.6,13.4,107.17
194.7,0.0,107.17
194.8,12.6,107.17
194.9,12.8,107.17
195.0,0.0,107.17
195.1,13.3,107.17
195.2,26.6,107.17
195.3,24.7,107.17
195.4,0.0,107.17
195.5,12.8,107.17
195.6,12.8,107.17
195.7,13.4,107.17
195.8,12.9,107.17
195.9,13.1,107.17
196.0,27.1,107.17
196.1,12.3,107.17
196.2,13.4,107.17
196.3,13.2,107.17
196.4,13.0,107.17
196.5,12.5,107.17
196.6,13.2,107.17
196.7,24.4,107.17
196.8,0.0,107.17
196.9,12.7,107.17
197.0,13.2,107.17
197.1,13.2,107.17
197.2,13.1,107.17
197.3,24.3,107.17
197.4,13.1,107.17
197.5,13.1,107.17
197.6,12.6,107.17
197.7,12.4,107.17
197.8,13.8,107.17
197.9,13.2,107.17
198.0,13.5,107.17
198.1,26.6,107.17
198.2,13.3,107.17
198.3,13.4,107.17
198.4,12.2,107.17
198.5,12.5,107.17
198.6,13.0,107.17
198.7,12.1,107.17
198.8,12.8,107.17
198.9,12.6,107.17
199.0,12.7,107.17
199.1,12.1,107.17
199.2,13.3,107.17
199.3,13.2,107.17
199.4,24.0,107.17
199.5,13.1,107.17
199.6,13.6,107.17
199.7,13.3,107.17
199.8,13.5,107.17
199.9,13.3,107.17
200.0,13.4,107.17
200.1,13.5,107.17
200.2,13.2,107.17
200.3,13.6,107.17
200.4,25.7,107.17
200.5,13.2,107.17
200.6,12.7,107.17
200.7,13.1,107.17
200.8,24.9,107.17
200.9,12.0,107.17
201.0,13.8,107.17
201.1,14.1,107.17
201.2,14.3,107.17
201.3,14.3,107.17
201.4,13.0,107.17
201.5,12.7,107.17
201.6,0.0,107.17
201.7,12.6,107.17
201.8,12.3,107.17
201.9,0.0,107.17
202.0,12.9,107.17
202.1,13.1,107.17
202.2,13.5,107.17
202.3,0.0,107.17
202.4,23.9,107.17
202.5,12.9,107.17
202.6,13.7,107.17
202.7,13.7,107.17
202.8,12.9,107.17
202.9,12.6,107.17
203.0,12.7,107.17
203.1,13.5,107.17
203.2,12.6,107.17
203.3,13.1,107.17
203.4,25.6,107.17
203.5,25.3,107.17
203.6,13.7,107.17
203.7,25.0,107.17
203.8,13.4,107.17
203.9,12.9,107.17
204.0,12.3,107.17
204.1,0.0,107.17
204.2,13.7,107.17
204.3,12.5,107.17
204.4,13.3,107.17
204.5,13.7,107.17
204.6,14.3,107.17
204.7,13.4,107.17
204.8,13.7,107.17
204.9,13.2,107.17
205.0,13.6,107.17
205.1,12.3,107.17
205.2,13.2,107.17
205.3,25.8,107.17
205.4,14.5,107.17
205.5,14.2,107.17
205.6,13.0,107.17
205.7,12.6,107.17
205.8,0.0,107.17
205.9,13.7,107.17
206.0,13.3,107.17
206.1,13.1,107.17
206.2,13.2,107.17
206.3,13.5,107.17
206.4,25.7,107.17
206.5,24.6,107.17
206.6,13.7,107.17
206.7,23.4,107.17
206.8,14.2,107.17
206.9,25.8,107.17
207.0,23.6,107.17
207.1,0.0,107.17
207.2,13.6,107.17
207.3,13.4,107.17
207.4,13.6,107.17
207.5,14.0,107.17
207.6,12.9,107.17
207.7,13.2,107.17
207.8,13.2,107.17
207.9,12.8,107.17
208.0,23.4,107.17
208.1,12.8,107.17
208.2,13.2,107.17
208.3,13.2,107.17
208.4,26.5,107.17
208.5,12.8,107.17
208.6,0.0,107.17
208.7,12.8,107.17
208.8,13.3,107.17
208.9,12.4,107.17
209.0,13.7,107.17
209.1,12.4,107.17
209.2,13.2,107.17
209.3,14.1,107.17
209.4,27.2,107.17
209.5,24.3,107.17
209.6,24.8,107.17
209.7,24.8,107.17
209.8,13.1,107.17
209.9,13.2,107.17
210.0,13.1,107.17
210.1,12.9,107.17
210.2,13.2,107.17
210.3,13.3,107.17
210.4,26.5,107.17
210.5,13.1,107.17
210.6,0.0,107.17
210.7,25.5,107.17
210.8,12.9,107.17
210.9,13.6,107.17
211.0,13.5,107.17
211.1,13.3,107.17
211.2,13.2,107.17
211.3,12.9,107.17
211.4,25.2,107.17
211.5,13.5,107.17
211.6,13.3,107.17
211.7,13.7,107.17
211.8,0.0,107.17
211.9,26.1,107.17
212.0,13.3,107.17
212.1,13.6,107.17
212.2,14.3,107.17
212.3,25.2,107.17
212.4,13.5,107.17
212.5,13.4,107.17
212.6,25.3,107.17
212.7,13.2,107.17
212.8,13.5,107.17
212.9,13.5,107.17
213.0,25.8,107.17
213.1,13.3,107.17
213.2,13.4,107.17
213.3,25.3,107.17
213.4,14.5,107.17
213.5,13.3,107.17
213.6,12.6,107.17
213.7,28.3,107.17
213.8,0.0,107.17
213.9,12.9,107.17
214.0,25.6,107.17
214.1,13.3,107.17
214.2,0.0,107.17
214.3,12.5,107.17
214.4,24.4,107.17
214.5,13.0,107.17
214.6,0.0,107.17
214.7,0.0,107.17
214.8,12.9,107.17
214.9,0.0,107.17
215.0,12.9,107.17
215.1,13.1,107.17
215.2,25.8,107.17
215.3,13.3,107.17
215.4,13.2,107.17
215.5,13.2,107.17
215.6,13.5,107.17
215.7,25.4,107.17
215.8,14.3,107.17
215.9,14.3,107.17
216.0,13.5,107.17
216.1,0.0,107.17
216.2,12.9,107.17
216.3,26.3,107.17
216.4,13.4,107.17
216.5,25.0,107.17
216.6,0.0,107.17
216.7,12.9,107.17
216.8,13.3,107.17
216.9,0.0,107.17
217.0,24.9,107.17
217.1,25.7,107.17
217.2,0.0,107.17
217.3,13.4,107.17
217.4,0.0,107.17
217.5,13.2,107.17
217.6,14.2,107.17
217.7,26.5,107.17
217.8,25.1,107.17
217.9,13.0,107.17
218.0,12.1,107.17
218.1,13.5,107.17
218.2,13.3,107.17
218.3,13.4,107.17
218.4,13.5,107.17
218.5,13.4,107.17
218.6,13.4,107.17
218.7,12.5,107.17
218.8,13.1,107.17
218.9,13.6,107.17
219.0,13.3,107.17
219.1,13.6,107.17
219.2,13.1,107.17
219.3,13.4,107.17
219.4,13.7,107.17
219.5,13.3,107.17
219.6,14.2,107.17
219.7,13.0,107.17
219.8,13.8,107.17
219.9,13.5,107.17
220.0,13.8,107.17
220.1,14.5,107.17
220.2,13.3,107.17
220.3,13.1,107.17
220.4,0.0,107.17
220.5,13.1,107.17
220.6,13.6,107.17
220.7,0.0,107.17
220.8,25.4,107.17
220.9,12.0,107.17
221.0,13.0,107.17
221.1,12.6,107.17
221.2,0.0,107.17
221.3,12.6,107.17
221.4,13.4,107.17
221.5,12.4,107.17
221.6,13.5,107.17
221.7,12.9,107.17
221.8,13.6,107.17
221.9,24.5,107.17
222.0,13.5,107.17
222.1,25.1,107.17
222.2,26.6,107.17
222.3,12.9,107.17
222.4,12.8,107.17
222.5,13.5,107.17
222.6,13.1,107.17
222.7,27.2,107.17
222.8,12.8,107.17
222.9,13.5,107.17
223.0,13.0,107.17
223.1,13.7,107.17
223.2,25.1,107.17
223.3,25.4,107.17
223.4,13.1,107.17
223.5,13.1,107.17
223.6,24.7,107.17
223.7,13.6,107.17
223.8,13.0,107.17
223.9,0.0,107.17
224.0,13.1,107.17
224.1,26.5,107.17
224.2,24.6,107.17
224.3,13.9,107.17
224.4,13.2,107.17
224.5,14.0,107.17
224.6,13.2,107.17
224.7,12.8,107.17
224.8,26.5,107.17
224.9,13.4,107.17
225.0,13.6,107.17
225.1,12.8,107.17
225.2,13.0,107.17
225.3,13.5,107.17
225.4,0.0,107.17
225.5,13.5,107.17
225.6,13.8,107.17
225.7,25.8,107.17
225.8,13.2,107.17
225.9,12.6,107.17
226.0,13.1,107.17
226.1,0.0,107.17
226.2,0.0,107.17
226.3,12.9,107.17
226.4,0.0,107.17
226.5,0.0,107.17
226.6,12.4,107.17
226.7,13.1,107.17
226.8,13.3,107.17
226.9,13.9,107.17
227.0,14.3,107.17
227.1,14.1,107.17
227.2,13.2,107.17
227.3,13.1,107.17
227.4,13.5,107.17
227.5,13.7,107.17
227.6,13.8,107.17
227.7,26.3,107.17
227.8,13.3,107.17
227.9,13.3,107.17
228.0,12.9,107.17
228.1,13.3,107.17
228.2,26.3,107.17
228.3,13.3,107.17
228.4,13.8,107.17
228.5,13.3,107.17
228.6,13.0,107.17
228.7,13.7,107.17
228.8,25.9,107.17
228.9,0.0,107.17
229.0,13.7,107.17
229.1,13.2,107.17
229.2,12.8,107.17
229.3,0.0,107.17
229.4,0.0,107.17
229.5,13.1,107.17
229.6,14.1,107.17
229.7,25.8,107.17
229.8,12.9,107.17
229.9,12.8,107.17
230.0,13.5,107.17
230.1,14.1,107.17
230.2,25.3,107.17
230.3,25.6,107.17
230.4,26.2,107.17
230.5,12.6,107.17
230.6,26.3,107.17
230.7,12.9,107.17
230.8,12.8,107.17
230.9,0.0,107.17
231.0,12.8,107.17
231.1,12.4,107.17
231.2,12.8,107.17
231.3,25.0,107.17
231.4,13.6,107.17
231.5,13.0,107.17
231.6,26.6,107.17
231.7,12.7,107.17
231.8,13.1,107.17
231.9,13.6,107.17
232.0,12.8,107.17
232.1,13.4,107.17
232.2,25.4,107.17
232.3,12.7,107.17
232.4,12.9,107.17
232.5,12.9,107.17
232.6,14.1,107.17
232.7,26.4,107.17
232.8,24.8,107.17
232.9,13.4,107.17
233.0,12.9,107.17
233.1,14.7,107.17
233.2,13.6,107.17
233.3,0.0,107.17
233.4,13.8,107.17
233.5,13.7,107.17
233.6,0.0,107.17
233.7,13.8,107.17
233.8,13.8,107.17
233.9,13.6,107.17
234.0,13.6,107.17
234.1,13.3,107.17
234.2,13.6,107.17
234.3,13.4,107.17
234.4,13.6,107.17
234.5,13.6,107.17
234.6,13.6,107.17
234.7,13.7,107.17
234.8,13.5,107.17
234.9,13.5,107.17
235.0,13.8,107.17
235.1,0.0,107.17
235.2,14.2,107.17
235.3,13.6,107.17
235.4,13.2,107.17
235.5,13.3,107.17
235.6,13.7,107.17
235.7,0.0,107.17
235.8,0.0,107.17
235.9,13.7,107.17
236.0,26.5,107.17
236.1,13.0,107.17
236.2,13.3,107.17
236.3,13.4,107.17
236.4,13.3,107.17
236.5,13.2,107.17
236.6,13.3,107.17
236.7,13.5,107.17
236.8,0.0,107.17
236.9,13.5,107.17
237.0,13.2,107.17
237.1,13.4,107.17
237.2,26.0,107.17
237.3,12.7,107.17
237.4,13.0,107.17
237.5,0.0,107.17
237.6,14.1,107.17
237.7,14.3,107.17
237.8,14.3,107.17
237.9,0.0,107.17
238.0,0.0,107.17
238.1,0.0,107.17
238.2,0.0,107.17
238.3,14.7,107.17
238.4,13.8,107.17
238.5,14.3,107.17
238.6,14.3,107.17
238.7,14.7,107.17
238.8,14.7,107.17
238.9,13.5,107.17
239.0,13.1,107.17
239.1,13.8,107.17
239.2,13.5,107.17
239.3,12.8,107.17
239.4,12.6,107.17
239.5,26.6,107.17
239.6,25.3,107.17
239.7,13.5,107.17
239.8,25.4,107.17
239.9,13.5,107.17
240.0,13.2,107.17
240.1,13.8,107.17
240.2,37.5,107.17
240.3,14.0,107.17
240.4,12.9,107.17
240.5,13.5,107.17
240.6,12.5,107.17
240.7,13.4,107.17
240.8,12.3,107.17
240.9,24.6,107.17
241.0,13.5,107.17
241.1,13.9,107.17
241.2,13.4,107.17
241.3,0.0,107.17
241.4,13.2,107.17
241.5,25.3,107.17
241.6,39.5,107.17
241.7,12.7,107.17
241.8,13.4,107.17
241.9,12.5,107.17
242.0,28.3,107.17
242.1,63.0,107.17
242.2,114.4,107.17
242.3,111.9,107.17
242.4,42.6,107.37
242.5,24.5,107.37
242.6,0.0,107.37
242.7,13.7,107.37
242.8,25.5,107.37
242.9,14.3,107.37
243.0,12.8,107.37
243.1,13.8,107.37
243.2,24.6,107.37
243.3,13.6,107.37
243.4,12.6,107.37
243.5,12.6,107.37
243.6,25.0,107.37
243.7,26.0,107.38
243.8,13.5,107.38
243.9,13.3,107.38
244.0,24.6,107.38
244.1,13.4,107.38
244.2,0.0,107.38
244.3,13.1,107.38
244.4,36.9,107.38
244.5,0.0,107.38
244.6,24.8,107.38
244.7,13.3,107.38
244.8,24.4,107.38
244.9,13.6,107.38
245.0,13.0,107.38
245.1,12.6,107.38
245.2,13.4,107.38
245.3,53.6,107.4
245.4,106.9,107.45
245.5,99.2,107.45
245.6,117.4,107.45
245.7,63.3,107.45
245.8,13.6,107.45
245.9,25.1,107.45
246.0,12.8,107.45
246.1,13.0,107.45
246.2,0.0,107.45
246.3,13.5,107.45
246.4,14.0,107.45
246.5,14.5,107.45
246.6,13.8,107.45
246.7,0.0,107.45
246.8,13.6,107.45
246.9,13.4,107.45
247.0,0.0,107.45
247.1,13.5,107.45
247.2,13.5,107.45
247.3,13.5,107.45
247.4,13.7,107.45
247.5,13.5,107.45
247.6,13.7,107.45
247.7,13.6,107.45
247.8,13.8,107.45
247.9,13.7,107.45
248.0,13.5,107.45
248.1,13.4,107.45
248.2,13.5,107.45
248.3,13.5,107.45
248.4,13.6,107.45
248.5,13.5,107.45
248.6,13.6,107.45
248.7,13.5,107.45
248.8,13.5,107.45
248.9,0.0,107.45
249.0,13.6,107.45
249.1,14.0,107.45
249.2,13.8,107.45
249.3,13.6,107.45
249.4,13.7,107.45
249.5,13.6,107.45
249.6,0.0,107.45
249.7,13.6,107.45
249.8,14.5,107.45
249.9,13.2,107.45
250.0,12.9,107.45
250.1,25.7,107.45
250.2,24.7,107.45
250.3,13.0,107.45
250.4,0.0,107.45
250.5,12.5,107.45
250.6,12.7,107.45
250.7,12.6,107.45
250.8,13.6,107.45
250.9,25.4,107.45
251.0,12.8,107.45
251.1,13.0,107.45
251.2,26.5,107.45
251.3,13.6,107.45
251.4,25.5,107.45
251.5,13.1,107.45
251.6,13.6,107.45
251.7,13.2,107.45
251.8,12.9,107.45
251.9,13.1,107.45
252.0,25.6,107.45
252.1,12.9,107.45
252.2,13.2,107.45
252.3,13.5,107.45
252.4,13.3,107.45
252.5,13.3,107.45
252.6,0.0,107.45
252.7,13.1,107.45
252.8,13.8,107.45
252.9,12.5,107.45
253.0,12.6,107.45
253.1,0.0,107.45
253.2,13.1,107.45
253.3,13.2,107.45
253.4,13.2,107.45
253.5,24.6,107.45
253.6,13.5,107.45
253.7,25.6,107.57
253.8,25.2,107.57
253.9,13.4,107.57
254.0,13.6,107.57
254.1,13.4,107.57
254.2,13.0,107.57
254.3,13.4,107.57
254.4,13.2,107.57
254.5,25.3,107.57
254.6,12.6,107.57
254.7,0.0,107.57
254.8,13.2,107.57
254.9,25.4,107.57
255.0,0.0,107.57
255.1,12.6,107.57
255.2,12.8,107.57
255.3,13.3,107.57
255.4,25.6,107.57
255.5,13.2,107.57
255.6,0.0,107.57
255.7,0.0,107.57
255.8,0.0,107.57
255.9,13.3,107.57
256.0,25.4,107.57
256.1,25.5,107.57
256.2,13.6,107.57
256.3,13.2,107.57
256.4,13.6,107.57
256.5,25.0,107.57
256.6,24.8,107.57
256.7,12.8,107.57
256.8,37.6,108.52
256.9,24.1,108.52
257.0,13.4,108.52
257.1,13.2,108.52
257.2,13.1,108.52
257.3,13.4,108.52
257.4,12.3,108.52
257.5,13.4,108.52
257.6,25.7,108.52
257.7,13.4,108.52
257.8,12.8,108.52
257.9,27.2,108.52
258.0,0.0,108.52
258.1,13.1,108.52
258.2,12.8,108.52
258.3,12.9,108.52
258.4,0.0,108.52
258.5,13.4,108.52
258.6,25.2,108.52
258.7,13.7,108.52
258.8,12.9,108.52
258.9,12.8,108.52
259.0,13.1,108.52
259.1,13.4,108.52
259.2,13.3,108.52
259.3,26.0,108.52
259.4,12.9,108.52
259.5,12.5,108.52
259.6,12.8,108.52
259.7,13.4,108.52
259.8,13.6,108.52
259.9,13.6,108.52
260.0,0.0,108.52
260.1,12.4,108.52
260.2,13.6,108.52
260.3,13.0,108.52
260.4,13.5,108.52
260.5,13.5,108.52
260.6,12.3,108.52
260.7,13.6,108.52
260.8,13.7,108.52
260.9,0.0,108.52
261.0,13.4,108.52
261.1,25.5,108.52
261.2,13.2,108.52
261.3,13.1,108.52
261.4,14.0,108.52
261.5,13.3,108.52
261.6,13.6,108.52
261.7,13.5,108.52
261.8,13.0,108.52
261.9,25.3,108.52
262.0,13.7,108.52
262.1,25.5,108.52
262.2,13.5,108.52
262.3,13.5,108.52
262.4,12.9,108.52
262.5,13.5,108.52
262.6,25.8,108.52
262.7,13.2,108.52
262.8,0.0,108.52
262.9,0.0,108.52
263.0,12.6,108.52
263.1,13.2,108.52
263.2,13.3,108.52
263.3,0.0,108.52
263.4,13.6,108.52
263.5,13.1,108.52
263.6,13.3,108.52
263.7,13.3,108.52
263.8,13.9,108.52
263.9,13.7,108.52
264.0,24.8,108.52
264.1,13.0,108.52
264.2,12.9,108.52
264.3,13.3,108.52
264.4,13.8,108.52
264.5,12.7,108.52
264.6,25.5,108.52
264.7,12.4,108.52
264.8,13.5,108.52
264.9,13.6,108.52
265.0,24.7,108.52
265.1,25.0,108.52
265.2,12.9,108.52
265.3,13.2,108.52
265.4,13.7,108.52
265.5,12.6,108.52
265.6,13.4,108.52
265.7,13.5,108.52
265.8,12.8,108.52
265.9,13.2,108.52
266.0,12.9,108.52
266.1,26.6,108.52
266.2,0.0,108.52
266.3,13.3,108.52
266.4,13.5,108.52
266.5,13.5,108.52
266.6,13.4,108.52
266.7,13.1,108.52
266.8,25.1,108.52
266.9,25.7,108.52
267.0,13.3,108.52
267.1,12.7,108.52
267.2,25.9,108.52
267.3,13.2,108.52
267.4,12.9,108.52
267.5,13.1,124.03
267.6,27.8,109.12
267.7,13.4,109.12
267.8,12.4,109.12
267.9,12.7,109.12
268.0,13.0,109.12
268.1,14.2,109.12
268.2,23.6,109.12
268.3,13.2,109.12
268.4,0.0,109.12
268.5,13.5,109.12
268.6,13.0,109.12
268.7,12.5,109.12
268.8,13.0,109.12
268.9,24.7,109.12
269.0,12.8,109.12
269.1,13.5,109.12
269.2,12.8,109.12
269.3,13.3,109.12
269.4,0.0,109.12
269.5,12.8,109.12
269.6,25.6,109.12
269.7,25.0,109.12
269.8,13.6,109.12
269.9,12.6,109.12
270.0,24.9,109.12
270.1,12.9,109.12
270.2,25.3,109.12
270.3,12.0,109.12
270.4,12.9,109.12
270.5,25.9,109.12
270.6,24.2,109.12
270.7,13.3,109.12
270.8,12.7,109.12
270.9,13.4,109.12
271.0,13.5,109.12
271.1,12.7,109.12
271.2,13.5,109.12
271.3,13.9,109.12
271.4,24.6,109.12
271.5,13.2,109.12
271.6,12.7,109.12
271.7,0.0,109.12
271.8,12.7,109.12
271.9,12.8,109.12
272.0,25.0,109.12
272.1,25.0,109.12
272.2,13.4,109.12
272.3,24.0,109.12
272.4,25.4,109.12
272.5,12.7,109.12
272.6,13.3,109.12
272.7,26.2,109.12
272.8,14.2,109.12
272.9,12.8,109.12
273.0,13.1,109.12
273.1,13.1,109.12
273.2,13.8,109.12
273.3,27.7,109.12
273.4,0.0,109.12
273.5,13.2,109.12
273.6,13.5,109.12
273.7,0.0,109.12
273.8,13.4,109.12
273.9,13.6,109.12
274.0,12.8,109.12
274.1,13.3,109.12
274.2,13.3,109.12
274.3,13.1,109.12
274.4,25.0,109.12
274.5,0.0,109.12
274.6,13.8,109.12
274.7,13.3,109.12
274.8,13.1,109.12
274.9,13.2,109.12
275.0,12.7,109.12
275.1,12.5,109.12
275.2,13.3,109.12
275.3,13.2,109.12
275.4,13.5,109.12
275.5,0.0,109.12
275.6,12.9,109.12
275.7,12.4,109.12
275.8,13.4,109.12
275.9,13.3,109.12
276.0,13.5,109.12
276.1,12.8,109.12
276.2,13.1,109.12
276.3,14.3,109.12
276.4,26.6,109.12
276.5,13.5,109.12
276.6,13.6,109.12
276.7,12.4,109.12
276.8,12.7,109.12
276.9,13.0,109.12
277.0,25.2,109.12
277.1,25.6,109.12
277.2,0.0,109.12
277.3,13.5,109.12
277.4,12.4,109.12
277.5,13.6,109.12
277.6,14.1,109.12
277.7,14.1,109.12
277.8,25.6,109.12
277.9,13.1,109.12
278.0,12.8,109.12
278.1,26.4,109.12
278.2,13.8,109.12
278.3,26.5,109.28
278.4,13.5,109.28
278.5,13.3,109.28
278.6,13.0,109.28
278.7,25.4,109.28
278.8,24.5,109.28
278.9,12.0,109.28
279.0,12.3,109.28
279.1,12.6,109.28
279.2,13.8,109.28
279.3,13.8,109.28
279.4,13.9,109.28
279.5,12.3,109.28
279.6,12.4,109.28
279.7,0.0,109.28
279.8,11.9,109.28
279.9,14.0,109.28
280.0,26.0,109.28
280.1,0.0,109.28
280.2,24.9,109.28
280.3,13.2,109.28
280.4,14.0,109.28
280.5,14.1,109.28
280.6,14.2,109.28
280.7,24.3,109.28
280.8,24.7,109.28
280.9,12.3,109.28
281.0,13.2,109.28
281.1,24.3,109.28
281.2,24.4,109.28
281.3,12.5,109.28
281.4,13.2,109.28
281.5,25.0,109.28
281.6,24.8,109.28
281.7,0.0,109.28
281.8,12.5,109.28
281.9,12.8,109.28
282.0,14.1,109.28
282.1,0.0,109.28
282.2,13.5,109.28
282.3,14.2,109.28
282.4,24.3,109.28
282.5,24.7,109.28
282.6,13.1,109.28
282.7,24.4,109.28
282.8,13.4,109.28
282.9,13.4,109.28
283.0,25.7,109.28
283.1,12.9,109.28
283.2,12.8,109.28
283.3,12.4,109.28
283.4,12.7,109.28
283.5,13.2,109.28
283.6,25.1,109.28
283.7,13.5,109.28
283.8,0.0,109.28
283.9,12.6,109.28
284.0,14.0,109.28
284.1,0.0,109.28
284.2,13.4,109.28
284.3,25.3,109.28
284.4,12.7,109.28
284.5,13.1,109.28
284.6,12.8,109.28
284.7,0.0,109.28
284.8,13.5,109.28
284.9,13.5,109.28
285.0,13.3,109.28
285.1,13.5,109.28
285.2,25.1,109.28
285.3,25.7,109.28
285.4,13.0,109.28
285.5,12.8,109.28
285.6,13.5,109.28
285.7,12.7,109.28
285.8,13.5,109.28
285.9,25.1,109.28
286.0,25.2,109.28
286.1,25.5,109.28
286.2,13.1,109.28
286.3,13.3,109.28
286.4,13.2,109.28
286.5,0.0,109.28
286.6,12.9,109.28
286.7,25.7,109.28
286.8,12.4,109.28
286.9,25.3,109.28
287.0,25.4,109.28
287.1,13.7,109.28
287.2,13.5,109.28
287.3,13.5,109.28
287.4,13.3,109.28
287.5,13.5,109.28
287.6,25.3,109.28
287.7,13.4,109.28
287.8,13.5,109.28
287.9,13.6,109.28
288.0,13.1,109.28
288.1,12.4,109.28
288.2,12.4,109.28
288.3,13.3,109.28
288.4,25.3,109.28
288.5,13.4,109.28
288.6,12.5,109.28
288.7,12.5,109.28
288.8,11.8,109.28
288.9,13.3,109.28
289.0,13.5,109.28
289.1,25.6,109.28
289.2,13.2,109.28
289.3,12.5,109.28
289.4,13.1,109.28
289.5,13.2,109.28
289.6,13.2,109.28
289.7,13.5,109.28
289.8,0.0,109.28
289.9,12.8,109.28
290.0,13.4,109.28
290.1,13.5,109.28
290.2,13.2,109.28
290.3,13.0,109.28
290.4,13.2,109.28
290.5,13.5,109.28
290.6,25.2,109.28
290.7,24.7,109.28
290.8,25.0,109.28
290.9,12.8,109.28
291.0,13.1,109.28
291.1,12.7,109.28
291.2,12.7,109.28
291.3,0.0,109.28
291.4,0.0,109.28
291.5,12.7,109.28
291.6,25.3,109.28
291.7,24.5,109.28
291.8,12.7,109.28
291.9,13.4,109.28
292.0,13.6,109.28
292.1,13.7,109.28
292.2,13.5,109.28
292.3,13.1,109.28
292.4,12.7,109.28
292.5,13.5,109.28
292.6,13.5,109.28
292.7,13.3,109.28
292.8,13.9,109.28
292.9,13.6,109.28
293.0,25.2,109.28
293.1,25.1,109.28
293.2,13.2,109.28
293.3,13.5,109.28
293.4,13.3,109.28
293.5,13.6,109.28
293.6,13.4,109.28
293.7,13.3,109.28
293.8,13.0,109.28
293.9,13.4,109.28
294.0,13.5,109.28
294.1,13.5,109.28
294.2,13.3,109.28
294.3,26.5,109.28
294.4,13.1,109.28
294.5,12.2,109.28
294.6,24.8,109.28
294.7,13.5,109.28
294.8,13.7,109.28
294.9,0.0,109.28
295.0,13.4,109.28
295.1,13.2,109.28
295.2,13.5,109.28
295.3,13.2,109.28
295.4,13.7,109.28
295.5,12.5,109.28
295.6,13.7,109.28
295.7,13.3,109.28
295.8,24.0,109.28
295.9,12.6,109.28
296.0,13.0,109.28
296.1,13.4,109.28
296.2,13.5,109.28
296.3,13.3,109.28
296.4,13.1,109.28
296.5,12.6,109.28
296.6,12.5,109.28
296.7,13.1,109.28
296.8,25.1,109.28
296.9,25.1,109.28
297.0,13.9,109.28
297.1,25.1,109.28
297.2,13.4,109.28
297.3,12.4,109.28
297.4,13.5,109.28
297.5,25.4,109.28
297.6,13.7,109.28
297.7,13.5,109.28
297.8,13.3,109.28
297.9,13.6,109.28
298.0,13.6,109.28
298.1,13.5,109.28
298.2,12.5,109.28
298.3,0.0,109.28
298.4,13.4,109.28
298.5,26.3,109.28
298.6,25.2,109.28
298.7,25.1,109.28
298.8,12.7,109.28
298.9,13.2,109.28
299.0,26.4,109.28
299.1,0.0,109.28
299.2,12.3,109.28
299.3,12.1,109.28
299.4,12.7,109.28
299.5,13.0,109.28
299.6,14.6,109.28
299.7,14.2,109.28
299.8,14.3,109.28
299.9,13.4,109.28
300.0,12.4,109.28
300.1,12.9,109.28
300.2,13.2,109.28
300.3,13.0,109.28
300.4,0.0,109.28
300.5,12.9,109.28
300.6,26.0,109.28
300.7,13.3,109.28
300.8,13.3,109.28
300.9,24.9,109.28
301.0,13.4,109.28
301.1,0.0,109.28
301.2,13.4,109.28
301.3,13.7,109.28
301.4,13.5,109.28
301.5,13.5,109.28
301.6,13.5,109.28
301.7,13.5,109.28
301.8,13.4,109.28
301.9,12.9,109.28
302.0,12.5,109.28
302.1,12.4,109.28
302.2,13.0,109.28
302.3,0.0,109.28
302.4,13.0,109.28
302.5,13.7,109.28
302.6,13.5,109.28
302.7,14.2,109.28
302.8,12.9,109.28
302.9,24.6,109.28
303.0,13.4,109.28
303.1,25.3,109.28
303.2,13.2,109.28
303.3,12.5,109.28
303.4,13.2,109.28
303.5,13.5,109.28
303.6,13.2,109.28
303.7,26.8,109.28
303.8,12.6,109.28
303.9,12.5,109.28
304.0,12.7,109.28
304.1,12.9,109.28
304.2,13.5,109.28
304.3,0.0,109.28
304.4,13.7,109.28
304.5,13.6,109.28
304.6,0.0,109.28
304.7,0.0,109.28
304.8,13.5,109.28
304.9,13.9,109.28
305.0,13.1,109.28
305.1,12.9,109.28
305.2,25.1,109.28
305.3,24.1,109.28
305.4,12.9,109.28
305.5,13.9,109.28
305.6,0.0,109.28
305.7,12.3,109.28
305.8,13.6,109.28
305.9,13.4,109.28
306.0,13.2,109.28
306.1,25.5,109.28
306.2,25.1,109.28
306.3,13.5,109.28
306.4,0.0,109.28
306.5,13.3,109.28
306.6,25.7,109.28
306.7,13.0,109.28
306.8,12.9,109.28
306.9,13.5,109.28
307.0,13.5,109.28
307.1,13.8,109.28
307.2,0.0,109.28
307.3,13.3,109.28
307.4,25.8,109.28
307.5,13.5,109.28
307.6,12.6,109.28
307.7,13.1,109.28
307.8,13.3,109.28
307.9,0.0,109.28
308.0,12.9,109.28
308.1,13.5,109.28
308.2,13.8,109.28
308.3,25.2,109.28
308.4,13.9,109.28
308.5,14.1,109.28
308.6,26.3,109.28
308.7,13.5,109.28
308.8,24.8,109.28
308.9,0.0,109.28
309.0,13.5,109.28
309.1,13.2,109.28
309.2,13.6,109.28
309.3,13.4,109.28
309.4,12.7,109.28
309.5,13.3,109.28
309.6,13.6,109.28
309.7,11.6,109.28
309.8,13.1,109.28
309.9,13.5,109.28
310.0,13.2,109.28
310.1,26.3,109.28
310.2,13.9,109.28
310.3,12.3,109.28
310.4,13.4,109.28
310.5,13.4,109.28
310.6,13.2,109.28
310.7,13.8,109.28
310.8,13.3,109.28
310.9,0.0,109.28
311.0,0.0,109.28
311.1,12.9,109.28
311.2,26.4,109.28
311.3,12.8,109.28
311.4,23.9,109.28
311.5,25.0,109.28
311.6,13.2,109.28
311.7,12.7,109.28
311.8,12.5,109.28
311.9,13.1,109.28
312.0,25.2,109.28
312.1,13.1,109.28
312.2,13.4,109.28
312.3,13.3,109.28
312.4,12.7,109.28
312.5,12.9,109.28
312.6,26.3,109.28
312.7,14.6,109.28
312.8,12.0,109.28
312.9,13.7,109.28
313.0,13.3,109.28
313.1,13.3,109.28
313.2,0.0,109.28
313.3,25.9,109.28
313.4,25.0,109.28
313.5,13.4,109.28
313.6,12.3,109.28
313.7,24.7,109.28
313.8,13.6,109.28
313.9,13.5,109.28
314.0,13.0,109.28
314.1,14.2,109.28
314.2,24.3,109.28
314.3,13.6,109.28
314.4,24.8,109.28
314.5,12.9,109.28
314.6,12.6,109.28
314.7,13.8,109.28
314.8,13.1,109.28
314.9,0.0,109.28
315.0,12.7,109.28
315.1,13.6,109.28
315.2,12.8,109.28
315.3,14.0,109.28
315.4,12.7,109.28
315.5,12.6,109.28
315.6,13.5,109.28
315.7,14.2,109.28
315.8,13.6,109.28
315.9,13.1,109.28
316.0,24.0,109.28
316.1,13.0,109.28
316.2,25.5,109.28
316.3,13.1,109.28
316.4,13.2,109.28
316.5,24.4,109.28
316.6,26.7,109.28
316.7,23.9,109.28
316.8,34.7,109.28
316.9,13.1,109.28
317.0,22.9,109.28
317.1,23.3,109.28
317.2,12.3,109.28
317.3,12.9,109.28
317.4,11.6,109.28
317.5,14.2,109.28
317.6,26.7,109.28
317.7,12.8,109.28
317.8,24.2,109.28
317.9,13.1,109.28
318.0,13.4,109.28
318.1,24.4,109.28
318.2,12.2,109.28
318.3,12.5,109.28
318.4,12.6,109.28
318.5,12.4,109.28
318.6,0.0,109.28
318.7,13.1,109.28
318.8,13.8,109.28
318.9,13.4,109.28
319.0,24.4,109.28
319.1,13.1,109.28
319.2,12.8,109.28
319.3,12.9,109.28
319.4,13.9,109.28
319.5,13.2,109.28
319.6,24.9,109.28
319.7,25.1,109.28
319.8,13.3,109.28
319.9,13.0,109.28
320.0,13.8,109.28
320.1,12.4,109.28
320.2,12.6,109.28
320.3,12.4,109.28
320.4,13.5,109.28
320.5,24.9,109.28
320.6,0.0,109.28
320.7,24.3,109.28
320.8,13.5,109.28
320.9,25.4,109.28
321.0,25.3,109.28
321.1,24.7,109.28
321.2,13.4,109.28
321.3,12.3,109.28
321.4,13.2,109.28
321.5,25.2,109.28
321.6,25.3,109.28
321.7,13.5,109.28
321.8,12.4,109.28
321.9,0.0,109.28
322.0,12.9,109.28
322.1,13.4,109.28
322.2,13.2,109.28
322.3,0.0,109.28
322.4,24.2,109.28
322.5,12.9,109.28
322.6,12.4,109.28
322.7,13.3,109.28
322.8,13.0,109.28
322.9,0.0,109.28
323.0,12.4,109.28
323.1,12.6,109.28
323.2,12.3,109.28
323.3,13.4,109.28
323.4,24.6,109.28
323.5,12.8,109.28
323.6,23.4,109.28
323.7,24.7,109.28
323.8,12.0,109.28
323.9,13.5,109.28
324.0,13.3,109.28
324.1,24.8,109.28
324.2,25.7,109.28
324.3,12.9,109.28
324.4,12.8,109.28
324.5,12.6,109.28
324.6,0.0,109.28
324.7,12.8,109.28
324.8,25.9,109.28
324.9,12.3,109.28
325.0,22.5,109.28
325.1,24.8,109.28
325.2,25.5,109.28
325.3,24.4,109.28
325.4,13.9,109.28
325.5,25.0,109.28
325.6,26.2,109.28
325.7,24.3,109.28
325.8,24.9,109.28
325.9,12.1,109.28
326.0,12.3,109.28
326.1,12.9,109.28
326.2,13.5,109.28
326.3,12.4,109.28
326.4,24.4,109.28
326.5,13.8,109.28
326.6,25.8,109.28
326.7,25.0,109.28
326.8,25.1,109.28
326.9,13.0,109.28
327.0,12.5,109.28
327.1,12.9,109.28
327.2,24.8,109.28
327.3,13.5,109.28
327.4,12.4,109.28
327.5,0.0,109.28
327.6,25.3,109.28
327.7,13.3,109.28
327.8,12.5,109.28
327.9,0.0,109.28
328.0,25.3,109.28
328.1,13.0,109.28
328.2,12.3,109.28
328.3,13.1,109.28
328.4,12.5,109.28
328.5,13.0,109.28
328.6,13.8,109.28
328.7,12.6,109.28
328.8,13.3,109.28
328.9,12.7,109.28
329.0,14.2,109.28
329.1,12.3,109.28
329.2,24.7,109.28
329.3,14.0,109.28
329.4,14.1,109.28
329.5,25.4,109.28
329.6,14.1,109.28
329.7,24.9,109.28
329.8,26.2,109.28
329.9,12.4,109.28
330.0,0.0,109.28
330.1,0.0,109.28
330.2,13.1,109.28
330.3,13.5,109.28
330.4,12.5,109.28
330.5,12.9,109.28
330.6,24.9,109.28
330.7,26.6,109.28
330.8,24.7,109.28
330.9,24.8,109.28
331.0,24.8,109.28
331.1,25.8,109.28
331.2,25.1,109.28
331.3,13.4,109.28
331.4,25.0,109.28
331.5,13.5,109.28
331.6,12.5,109.28
331.7,13.2,109.28
331.8,25.6,109.28
331.9,13.0,109.28
332.0,24.4,109.28
332.1,14.2,109.28
332.2,13.8,109.28
332.3,25.4,109.28
332.4,13.5,109.28
332.5,12.5,109.28
332.6,13.6,109.28
332.7,24.6,109.28
332.8,13.4,109.28
332.9,12.5,109.28
333.0,0.0,109.28
333.1,24.9,109.28
333.2,13.0,109.28
333.3,12.5,109.28
333.4,12.7,109.28
333.5,13.5,109.28
333.6,25.0,109.28
333.7,24.5,109.28
333.8,12.9,109.28
333.9,24.7,109.28
334.0,13.2,109.28
334.1,12.6,109.28
334.2,13.2,109.28
334.3,14.2,109.28
334.4,24.9,109.28
334.5,25.5,109.28
334.6,24.8,109.28
334.7,24.8,109.28
334.8,24.7,109.28
334.9,26.7,109.28
335.0,25.1,109.28
335.1,13.2,109.28
335.2,12.3,109.28
335.3,12.5,109.28
335.4,13.1,109.28
335.5,13.3,109.28
335.6,12.5,109.28
335.7,13.4,109.28
335.8,25.1,109.28
335.9,13.3,109.28
336.0,12.8,109.28
336.1,13.3,109.28
336.2,12.8,109.28
336.3,13.5,109.28
336.4,13.0,109.28
336.5,24.7,109.28
336.6,0.0,109.28
336.7,12.4,109.28
336.8,13.1,109.28
336.9,25.4,109.28
337.0,12.9,109.28
337.1,12.5,109.28
337.2,24.5,109.28
337.3,25.0,109.28
337.4,12.9,109.28
337.5,12.6,109.28
337.6,13.2,109.28
337.7,24.9,109.28
337.8,13.5,109.28
337.9,12.4,109.28
338.0,13.5,109.28
338.1,25.6,109.28
338.2,13.6,109.28
338.3,12.5,109.28
338.4,13.5,109.28
338.5,12.9,109.28
338.6,13.4,109.28
338.7,13.3,109.28
338.8,12.9,109.24
338.9,13.4,109.24
339.0,12.5,109.24
339.1,13.4,109.24
339.2,12.3,109.24
339.3,25.2,109.24
339.4,25.5,109.24
339.5,12.8,109.24
339.6,12.6,109.24
339.7,13.3,109.24
339.8,24.9,109.24
339.9,12.9,109.24
340.0,25.0,109.24
340.1,13.3,109.24
340.2,12.0,109.24
340.3,13.0,109.24
340.4,12.1,109.24
340.5,13.6,109.24
340.6,25.0,109.24
340.7,12.9,109.24
340.8,13.6,109.24
340.9,26.0,109.24
341.0,0.0,109.24
341.1,12.9,109.24
341.2,12.5,109.24
341.3,12.4,109.24
341.4,24.9,109.24
341.5,12.6,109.24
341.6,13.8,109.24
341.7,25.1,109.24
341.8,13.0,109.24
341.9,12.1,109.24
342.0,24.4,109.24
342.1,12.8,109.24
342.2,13.8,109.24
342.3,24.9,109.24
342.4,12.9,109.24
342.5,24.5,109.24
342.6,13.5,109.24
342.7,24.4,109.24
342.8,13.3,109.24
342.9,0.0,109.24
343.0,13.0,109.24
343.1,13.1,109.24
343.2,25.6,109.24
343.3,12.9,109.24
343.4,24.2,109.24
343.5,12.9,109.24
343.6,12.5,109.24
343.7,24.3,109.24
343.8,25.0,109.24
343.9,25.1,109.24
344.0,13.4,109.24
344.1,13.4,109.24
344.2,12.6,109.24
344.3,13.2,109.24
344.4,24.6,109.24
344.5,12.6,109.24
344.6,25.5,109.24
344.7,26.1,109.24
344.8,12.6,109.24
344.9,0.0,109.24
345.0,24.9,109.24
345.1,25.8,109.24
345.2,24.4,109.24
345.3,13.2,109.24
345.4,23.8,109.24
345.5,12.3,109.24
345.6,24.7,109.24
345.7,26.3,109.24
345.8,24.7,109.24
345.9,25.4,109.24
346.0,25.3,109.24
346.1,0.0,109.24
346.2,12.9,109.24
346.3,24.9,109.24
346.4,26.7,109.24
346.5,12.9,109.24
346.6,12.8,109.24
346.7,12.4,109.24
346.8,12.9,109.24
346.9,24.9,109.24
347.0,25.8,109.24
347.1,12.9,109.24
347.2,13.8,109.24
347.3,12.8,109.24
347.4,24.9,109.24
347.5,25.0,109.24
347.6,12.6,109.24
347.7,12.9,109.24
347.8,13.2,109.24
347.9,25.1,109.24
348.0,25.3,109.24
348.1,25.3,109.24
348.2,13.2,109.24
348.3,12.3,109.24
348.4,12.5,109.24
348.5,13.0,109.24
348.6,25.0,109.24
348.7,12.4,109.24
348.8,13.1,109.24
348.9,13.3,109.24
349.0,13.5,109.24
349.1,13.4,109.24
349.2,12.5,109.24
349.3,13.2,109.24
349.4,24.6,109.24
349.5,25.1,109.24
349.6,24.9,109.24
349.7,13.4,109.24
349.8,12.3,109.24
349.9,24.6,109.24
350.0,14.3,109.24
350.1,0.0,109.24
350.2,24.7,109.24
350.3,13.5,109.24
350.4,24.6,109.24
350.5,13.2,109.24
350.6,25.5,109.24
350.7,13.1,109.24
350.8,12.9,109.24
350.9,26.0,109.24
351.0,13.8,109.24
351.1,13.7,109.24
351.2,0.0,109.24
351.3,12.9,109.24
351.4,26.5,109.24
351.5,24.8,109.24
351.6,13.7,109.24
351.7,12.4,109.24
351.8,25.6,109.24
351.9,13.4,109.24
352.0,12.4,109.24
352.1,11.9,109.24
352.2,11.5,109.24
352.3,24.5,109.24
352.4,13.3,109.24
352.5,23.8,109.24
352.6,12.6,109.24
352.7,12.8,109.24
352.8,12.5,109.24
352.9,0.0,109.24
353.0,13.1,109.24
353.1,25.5,109.24
353.2,25.1,109.24
353.3,25.9,109.24
353.4,12.3,109.24
353.5,13.7,109.24
353.6,24.8,109.24
353.7,13.1,109.24
353.8,24.9,109.24
353.9,25.0,109.24
354.0,24.9,109.24
354.1,13.6,109.24
354.2,25.3,109.24
354.3,13.2,109.24
354.4,13.5,109.24
354.5,25.1,109.24
354.6,24.7,109.24
354.7,25.2,109.24
354.8,24.6,109.24
354.9,13.4,109.24
355.0,12.4,109.24
355.1,13.5,109.24
355.2,25.2,109.24
355.3,26.0,109.24
355.4,24.9,109.24
355.5,13.4,109.24
355.6,24.4,109.24
355.7,0.0,109.24
355.8,13.5,109.24
355.9,13.4,109.24
356.0,13.4,109.24
356.1,25.8,109.24
356.2,24.2,109.24
356.3,14.3,109.24
356.4,14.7,109.24
356.5,14.3,109.24
356.6,14.2,109.24
356.7,0.0,109.24
356.8,0.0,109.24
356.9,0.0,109.24
357.0,14.1,109.24
357.1,0.0,109.24
357.2,0.0,109.24
357.3,14.2,109.24
357.4,0.0,109.24
357.5,14.6,109.24
357.6,14.6,109.24
357.7,14.3,109.24
357.8,24.5,109.24
357.9,25.6,109.24
358.0,13.8,109.24
358.1,26.1,109.24
358.2,13.3,109.24
358.3,12.4,109.24
358.4,13.5,109.24
358.5,25.1,109.24
358.6,13.3,109.24
358.7,24.6,109.24
358.8,12.6,109.24
358.9,12.5,109.24
359.0,12.8,109.24
359.1,13.7,109.24
359.2,12.9,109.24
359.3,25.9,109.24
359.4,13.3,109.24
359.5,13.5,109.24
359.6,24.9,109.24
359.7,24.6,109.24
359.8,13.6,109.24
359.9,0.0,109.24
360.0,25.7,109.24
360.1,14.1,109.24
360.2,24.8,109.24
360.3,13.8,109.24
360.4,25.0,109.24
360.5,25.9,109.24
360.6,25.7,109.24
360.7,13.2,109.24
360.8,12.5,109.24
360.9,13.0,109.24
361.0,24.9,109.24
361.1,12.7,109.24
361.2,25.0,109.24
361.3,13.3,109.24
361.4,12.5,109.24
361.5,12.6,109.24
361.6,0.0,109.24
361.7,13.5,109.24
361.8,24.7,109.24
361.9,26.1,109.24
362.0,13.0,109.24
362.1,12.3,109.24
362.2,12.5,109.24
362.3,12.6,109.24
362.4,12.8,109.24
362.5,12.3,109.24
362.6,13.7,109.24
362.7,12.9,109.24
362.8,13.7,109.24
362.9,13.1,109.24
363.0,13.4,109.24
363.1,12.8,109.24
363.2,13.0,109.24
363.3,0.0,109.24
363.4,13.7,109.24
363.5,13.3,109.24
363.6,13.7,109.24
363.7,12.6,109.24
363.8,12.9,109.24
363.9,12.8,109.24
364.0,0.0,109.24
364.1,12.7,109.24
364.2,13.3,109.24
364.3,24.3,109.24
364.4,26.0,109.24
364.5,24.7,109.24
364.6,13.1,109.24
364.7,12.4,109.24
364.8,13.1,109.24
364.9,24.1,109.24
365.0,0.0,109.24
365.1,12.5,109.24
365.2,13.6,109.24
365.3,13.2,109.24
365.4,12.6,109.24
365.5,13.6,109.24
365.6,25.3,109.24
365.7,13.4,109.24
365.8,13.7,109.24
365.9,0.0,109.24
366.0,0.0,109.24
366.1,13.4,109.24
366.2,24.6,109.24
366.3,13.0,109.24
366.4,13.6,109.24
366.5,13.2,109.24
366.6,13.4,109.24
366.7,0.0,109.24
366.8,13.3,109.24
366.9,26.3,109.24
367.0,13.1,109.24
367.1,12.6,109.24
367.2,13.4,109.24
367.3,13.9,109.24
367.4,13.4,109.24
367.5,12.0,109.24
367.6,13.7,109.24
367.7,24.9,109.24
367.8,13.2,109.24
367.9,12.5,109.24
368.0,13.6,109.24
368.1,0.0,109.24
368.2,0.0,109.24
368.3,13.3,109.24
368.4,24.9,109.24
368.5,13.8,109.24
368.6,12.4,109.24
368.7,13.1,109.24
368.8,25.0,109.24
368.9,26.1,109.24
369.0,13.8,109.24
369.1,13.3,109.24
369.2,12.5,109.24
369.3,12.9,109.24
369.4,25.0,109.24
369.5,0.0,109.24
369.6,24.8,109.24
369.7,13.8,109.24
369.8,13.7,109.24
369.9,0.0,109.24
370.0,24.1,109.24
370.1,13.8,109.24
370.2,24.3,109.24
370.3,13.4,109.24
370.4,24.3,109.24
370.5,13.5,109.24
370.6,13.2,109.24
370.7,25.2,109.24
370.8,13.4,109.24
370.9,12.7,109.24
371.0,13.3,109.24
371.1,25.3,109.24
371.2,12.8,109.24
371.3,12.6,109.24
371.4,0.0,109.24
371.5,12.6,109.24
371.6,13.2,109.24
371.7,25.2,109.24
371.8,13.4,109.24
371.9,12.5,109.24
372.0,13.2,109.24
372.1,25.2,109.25
372.2,13.5,109.25
372.3,25.0,109.25
372.4,26.0,109.25
372.5,24.8,109.25
372.6,13.5,109.25
372.7,12.5,109.25
372.8,12.9,109.25
372.9,24.6,109.25
373.0,26.7,109.25
373.1,24.6,109.25
373.2,13.3,109.25
373.3,12.3,109.25
373.4,12.7,109.25
373.5,12.4,109.25
373.6,12.8,109.25
373.7,11.9,109.25
373.8,13.2,109.25
373.9,0.0,109.25
374.0,13.5,109.25
374.1,13.6,109.25
374.2,12.9,109.25
374.3,13.6,109.25
374.4,12.6,109.25
374.5,13.1,109.25
374.6,24.9,109.25
374.7,13.5,109.25
374.8,12.2,109.25
374.9,12.1,109.25
375.0,13.1,109.25
375.1,0.0,109.25
375.2,25.0,109.25
375.3,14.1,109.25
375.4,24.7,109.25
375.5,13.5,109.25
375.6,12.4,109.25
375.7,13.4,109.25
375.8,13.6,109.25
375.9,13.5,109.25
376.0,25.3,109.25
376.1,13.5,109.25
376.2,26.8,109.25
376.3,13.1,109.25
376.4,13.4,109.25
376.5,13.7,109.25
376.6,13.5,109.25
376.7,12.4,109.25
376.8,13.4,109.25
376.9,25.4,109.25
377.0,0.0,109.25
377.1,12.8,109.25
377.2,25.6,109.25
377.3,13.5,109.25
377.4,0.0,109.25
377.5,0.0,109.25
377.6,13.4,109.25
377.7,13.5,109.25
377.8,13.5,109.25
377.9,0.0,109.25
378.0,12.6,109.25
378.1,0.0,109.25
378.2,12.5,109.25
378.3,13.3,109.25
378.4,26.0,109.25
378.5,14.0,109.25
378.6,25.5,109.25
378.7,0.0,109.25
378.8,13.0,109.25
378.9,0.0,109.25
379.0,13.6,109.25
379.1,13.1,109.25
379.2,13.5,109.25
379.3,25.5,109.25
379.4,25.2,109.25
379.5,13.0,109.25
379.6,13.4,109.25
379.7,25.4,109.25
379.8,12.8,109.25
379.9,24.7,109.25
380.0,37.2,109.25
380.1,14.2,109.25
380.2,25.2,109.25
380.3,13.9,109.25
380.4,25.7,109.25
380.5,25.0,109.25
380.6,13.5,109.25
380.7,25.0,109.25
380.8,13.4,109.25
380.9,12.8,109.25
381.0,13.2,109.25
381.1,12.6,109.25
381.2,25.4,109.25
381.3,24.9,109.25
381.4,13.6,109.25
381.5,0.0,109.25
381.6,0.0,109.25
381.7,13.5,109.25
381.8,13.2,109.25
381.9,26.3,109.25
382.0,12.9,109.25
382.1,12.8,109.25
382.2,13.8,109.25
382.3,13.7,109.25
382.4,25.1,109.25
382.5,24.8,109.25
382.6,25.0,109.25
382.7,25.5,109.25
382.8,24.9,109.25
382.9,13.5,109.25
383.0,24.8,109.25
383.1,13.8,109.25
383.2,12.6,109.25
383.3,13.4,109.25
383.4,25.1,109.25
383.5,13.5,109.25
383.6,14.2,109.25
383.7,25.3,109.25
383.8,13.5,109.25
383.9,12.9,109.25
384.0,0.0,109.25
384.1,0.0,109.25
384.2,0.0,109.25
384.3,13.3,109.25
384.4,13.5,109.25
384.5,12.3,109.25
384.6,0.0,109.25
384.7,13.3,109.25
384.8,13.7,109.25
384.9,12.7,109.25
385.0,13.5,109.25
385.1,13.5,109.25
385.2,13.3,109.25
385.3,13.5,109.25
385.4,25.0,109.25
385.5,13.6,109.25
385.6,12.6,109.25
385.7,26.0,109.25
385.8,25.2,109.25
385.9,13.3,109.25
386.0,12.4,109.25
386.1,13.1,109.25
386.2,24.9,109.25
386.3,13.4,109.25
386.4,25.0,109.25
386.5,13.5,109.25
386.6,13.5,109.25
386.7,12.3,109.25
386.8,14.0,109.25
386.9,12.9,109.25
387.0,12.7,109.25
387.1,12.4,109.25
387.2,13.4,109.25
387.3,25.1,109.25
387.4,13.5,109.25
387.5,0.0,109.25
387.6,13.1,109.25
387.7,25.2,109.25
387.8,13.4,109.25
387.9,12.6,109.25
388.0,13.3,109.25
388.1,25.6,109.25
388.2,25.1,109.25
388.3,24.5,109.25
388.4,12.6,109.25
388.5,24.6,109.25
388.6,13.5,109.25
388.7,12.9,109.25
388.8,13.8,109.25
388.9,13.0,109.25
389.0,13.5,109.25
389.1,12.9,109.25
389.2,0.0,109.25
389.3,13.5,109.25
389.4,25.1,109.25
389.5,0.0,109.25
389.6,12.6,109.25
389.7,12.8,109.25
389.8,25.0,109.25
389.9,26.4,109.25
390.0,25.0,109.25
390.1,13.4,109.25
390.2,25.1,109.25
390.3,26.0,109.25
390.4,24.9,109.25
390.5,13.9,109.25
390.6,25.5,109.25
390.7,13.4,109.25
390.8,12.4,109.25
390.9,0.0,109.25
391.0,24.0,109.25
391.1,25.4,109.25
391.2,24.6,109.26
391.3,13.4,109.26
391.4,12.1,109.26
391.5,13.4,109.26
391.6,23.9,109.26
391.7,13.8,109.26
391.8,12.7,109.26
391.9,13.7,109.26
392.0,13.4,109.26
392.1,12.5,109.26
392.2,13.4,109.26
392.3,12.8,109.26
392.4,13.8,109.26
392.5,25.1,109.26
392.6,14.2,109.26
392.7,25.5,109.26
392.8,13.4,109.26
392.9,24.9,109.26
393.0,13.4,109.26
393.1,12.6,109.26
393.2,13.3,109.26
393.3,13.8,109.26
393.4,0.0,109.26
393.5,22.6,109.26
393.6,0.0,109.26
393.7,24.4,109.26
393.8,13.6,109.26
393.9,12.4,109.26
394.0,13.7,109.26
394.1,25.5,109.26
394.2,13.3,109.26
394.3,13.1,109.26
394.4,24.9,109.26
394.5,13.2,109.26
394.6,12.4,109.26
394.7,13.4,109.26
394.8,25.1,109.26
394.9,13.6,109.26
395.0,12.4,109.26
395.1,13.1,109.26
395.2,24.1,109.26
395.3,12.4,109.26
395.4,12.5,109.26
395.5,13.4,109.26
395.6,24.8,109.26
395.7,12.8,109.26
395.8,24.7,109.26
395.9,13.1,109.26
396.0,12.4,109.26
396.1,13.5,109.26
396.2,25.5,109.26
396.3,13.3,109.26
396.4,13.2,109.26
396.5,13.2,109.26
396.6,13.2,109.26
396.7,25.0,109.26
396.8,13.3,109.26
396.9,12.6,109.26
397.0,13.1,109.26
397.1,25.7,109.26
397.2,13.4,109.26
397.3,12.6,109.26
397.4,13.3,109.26
397.5,13.4,109.26
397.6,26.7,109.26
397.7,12.7,109.26
397.8,13.5,109.26
397.9,25.1,109.26
398.0,13.7,109.26
398.1,0.0,109.26
398.2,27.4,109.26
398.3,24.2,109.26
398.4,13.4,109.26
398.5,24.6,109.26
398.6,13.3,109.26
398.7,25.8,109.26
398.8,13.5,109.26
398.9,13.2,109.26
399.0,13.3,109.26
399.1,12.7,109.26
399.2,12.6,109.26
399.3,12.6,109.26
399.4,12.5,109.26
399.5,13.5,109.26
399.6,24.7,109.26
399.7,24.5,109.26
399.8,14.2,109.26
399.9,25.5,109.26
400.0,12.9,109.26
400.1,13.4,109.26
400.2,24.7,109.26
400.3,26.6,109.26
400.4,13.2,109.26
400.5,0.0,109.26
400.6,14.1,109.26
400.7,13.2,109.26
400.8,14.6,109.26
400.9,13.1,109.26
401.0,12.9,109.26
401.1,13.3,109.26
401.2,13.4,109.26
401.3,13.3,109.26
401.4,12.8,109.26
401.5,0.0,109.26
401.6,13.0,109.26
401.7,25.0,109.26
401.8,13.5,109.26
401.9,13.4,109.26
402.0,13.1,109.26
402.1,0.0,109.26
402.2,13.3,109.26
402.3,13.5,109.26
402.4,13.1,109.26
402.5,24.9,109.26
402.6,14.3,109.26
402.7,13.4,109.26
402.8,12.7,109.26
402.9,13.6,109.26
403.0,12.6,109.26
403.1,0.0,109.26
403.2,24.9,109.26
403.3,13.2,109.26
403.4,24.7,109.26
403.5,13.0,109.26
403.6,12.7,109.26
403.7,12.9,109.26
403.8,25.1,109.26
403.9,24.8,109.26
404.0,24.7,109.32
404.1,26.4,109.32
404.2,24.9,109.32
404.3,0.0,109.32
404.4,24.9,109.32
404.5,13.8,109.32
404.6,13.4,109.32
404.7,13.2,109.32
404.8,0.0,109.32
404.9,12.9,109.32
405.0,13.5,109.32
405.1,12.6,109.32
405.2,0.0,109.32
405.3,12.7,109.32
405.4,0.0,109.32
405.5,12.4,109.32
405.6,13.8,109.32
405.7,12.6,109.32
405.8,0.0,109.32
405.9,12.4,109.32
406.0,13.6,109.32
406.1,25.4,109.32
406.2,13.6,109.32
406.3,25.6,109.32
406.4,24.9,109.32
406.5,0.0,109.32
406.6,12.6,109.32
406.7,0.0,109.32
406.8,26.6,109.32
406.9,13.0,109.32
407.0,12.8,109.32
407.1,26.4,109.32
407.2,25.1,109.32
407.3,13.4,109.32
407.4,25.3,109.32
407.5,25.8,109.32
407.6,25.3,109.32
407.7,13.5,109.32
407.8,24.7,109.32
407.9,12.9,109.32
408.0,25.5,109.32
408.1,25.0,109.32
408.2,13.8,109.32
408.3,13.3,109.32
408.4,24.9,109.32
408.5,12.7,109.32
408.6,12.9,109.32
408.7,13.3,109.32
408.8,25.3,109.32
408.9,12.8,109.32
409.0,23.3,109.32
409.1,25.4,109.32
409.2,25.5,109.32
409.3,13.5,109.32
409.4,25.8,109.32
409.5,25.1,109.32
409.6,13.3,109.32
409.7,12.4,109.32
409.8,13.0,109.32
409.9,25.1,109.32
410.0,13.4,109.32
410.1,12.5,109.32
410.2,13.4,109.32
410.3,24.8,109.32
410.4,13.4,109.32
410.5,14.1,109.32
410.6,13.0,109.32
410.7,12.5,109.32
410.8,12.4,109.32
410.9,12.8,109.32
411.0,13.0,109.32
411.1,24.9,109.32
411.2,14.1,109.32
411.3,24.8,109.32
411.4,13.8,109.32
411.5,12.2,109.32
411.6,13.4,109.32
411.7,13.2,109.32
411.8,13.6,109.32
411.9,13.2,109.32
412.0,13.1,109.32
412.1,13.7,109.32
412.2,12.6,109.32
412.3,13.5,109.32
412.4,24.8,109.32
412.5,25.1,109.32
412.6,25.5,109.32
412.7,13.2,109.32
412.8,12.5,109.32
412.9,13.3,109.32
413.0,12.9,109.32
413.1,12.8,109.32
413.2,12.5,109.32
413.3,13.3,109.32
413.4,12.8,109.32
413.5,24.0,109.32
413.6,13.4,109.32
413.7,13.3,109.32
413.8,24.3,109.32
413.9,25.0,109.32
414.0,13.5,109.32
414.1,12.3,109.32
414.2,0.0,109.32
414.3,13.5,109.32
414.4,13.3,109.32
414.5,13.3,109.32
414.6,13.1,109.32
414.7,13.2,109.32
414.8,13.5,109.32
414.9,12.5,109.32
415.0,13.3,109.32
415.1,24.7,109.32
415.2,13.4,109.32
415.3,12.6,109.32
415.4,13.3,109.32
415.5,25.4,109.32
415.6,13.4,109.32
415.7,12.5,109.32
415.8,13.6,109.32
415.9,12.3,109.32
416.0,11.9,109.32
416.1,0.0,109.32
416.2,13.0,109.32
416.3,25.9,109.32
416.4,13.5,109.32
416.5,13.4,109.32
416.6,24.8,109.32
416.7,12.7,109.32
416.8,13.1,109.32
416.9,13.3,109.32
417.0,13.9,109.32
417.1,26.4,109.32
417.2,25.0,109.32
417.3,14.2,109.32
417.4,13.7,109.32
417.5,24.9,109.32
417.6,25.3,109.32
417.7,25.2,109.32
417.8,25.5,109.32
417.9,13.3,109.32
418.0,24.7,109.32
418.1,13.4,109.32
418.2,24.6,109.32
418.3,13.5,109.32
418.4,12.4,109.32
418.5,0.0,109.32
418.6,13.4,109.32
418.7,25.2,109.32
418.8,23.8,109.32
418.9,12.7,109.32
419.0,25.8,109.32
419.1,13.2,109.32
419.2,13.4,109.32
419.3,12.9,109.32
419.4,13.1,109.32
419.5,25.1,109.32
419.6,13.7,109.32
419.7,12.5,109.32
419.8,13.4,109.32
419.9,25.0,109.32
420.0,13.4,109.32
420.1,12.8,109.32
420.2,13.5,109.32
420.3,13.2,109.32
420.4,13.6,109.32
420.5,12.7,109.32
420.6,13.4,109.32
420.7,12.9,109.32
420.8,12.8,109.32
420.9,12.6,109.32
421.0,13.6,109.32
421.1,0.0,109.32
421.2,0.0,109.32
421.3,13.4,109.32
421.4,24.9,109.32
421.5,13.6,109.32
421.6,25.3,109.32
421.7,14.1,109.32
421.8,12.8,109.32
421.9,13.4,109.32
422.0,13.0,109.32
422.1,13.3,109.32
422.2,24.7,109.32
422.3,13.2,109.32
422.4,12.8,109.32
422.5,24.9,109.32
422.6,25.5,109.32
422.7,13.3,109.32
422.8,12.1,109.32
422.9,12.1,109.32
423.0,25.0,109.32
423.1,26.3,109.32
423.2,12.7,109.32
423.3,13.3,109.32
423.4,25.0,109.32
423.5,26.1,109.32
423.6,24.5,109.32
423.7,13.5,109.32
423.8,12.2,109.32
423.9,13.7,109.32
424.0,24.6,109.32
424.1,24.8,109.32
424.2,25.9,109.32
424.3,24.6,109.32
424.4,14.0,109.32
424.5,25.4,109.32
424.6,12.5,109.32
424.7,24.8,109.32
424.8,13.1,109.32
424.9,12.4,109.32
425.0,13.0,109.32
425.1,12.5,109.32
425.2,13.5,109.32
425.3,25.1,109.32
425.4,13.4,109.32
425.5,25.8,109.32
425.6,25.0,109.32
425.7,13.0,109.32
425.8,13.4,109.32
425.9,24.9,109.32
426.0,25.4,109.32
426.1,24.9,109.32
426.2,13.3,109.32
426.3,12.9,109.32
426.4,12.9,109.32
426.5,12.3,109.32
426.6,24.8,109.32
426.7,26.5,109.32
426.8,13.3,109.32
426.9,13.4,109.32
427.0,12.8,109.32
427.1,13.1,109.32
427.2,25.9,109.32
427.3,13.6,109.32
427.4,13.6,109.32
427.5,0.0,109.32
427.6,0.0,109.32
427.7,13.8,109.32
427.8,12.8,109.32
427.9,13.5,109.32
428.0,13.8,109.32
428.1,0.0,109.32
428.2,13.3,109.32
428.3,14.2,109.32
428.4,14.4,109.32
428.5,13.2,109.32
428.6,0.0,109.32
428.7,12.9,109.32
428.8,0.0,109.32
428.9,0.0,109.32
429.0,13.5,109.32
429.1,13.1,109.32
429.2,13.7,109.32
429.3,13.6,109.32
429.4,13.4,109.32
429.5,12.6,109.32
429.6,13.0,109.32
429.7,0.0,109.32
429.8,12.7,109.32
429.9,12.8,109.32
430.0,12.4,109.32
430.1,13.1,109.32
430.2,24.9,109.32
430.3,13.2,109.32
430.4,13.5,109.32
430.5,13.1,109.32
430.6,12.4,109.32
430.7,13.5,109.32
430.8,25.5,109.32
430.9,13.0,109.32
431.0,13.6,109.32
431.1,13.9,109.32
431.2,24.2,109.32
431.3,12.5,109.32
431.4,12.2,109.32
431.5,13.8,109.32
431.6,25.0,109.32
431.7,25.6,109.32
431.8,13.9,109.32
431.9,13.4,109.32
432.0,13.5,109.32
432.1,25.0,109.32
432.2,13.4,109.32
432.3,25.4,109.32
432.4,13.5,109.32
432.5,12.6,109.32
432.6,13.5,109.32
432.7,24.8,109.32
432.8,25.8,109.32
432.9,12.9,109.32
433.0,12.5,109.32
433.1,12.4,109.32
433.2,12.4,109.32
433.3,12.7,109.32
433.4,0.0,109.32
433.5,13.4,109.32
433.6,26.0,109.32
433.7,24.3,109.32
433.8,13.3,109.32
433.9,13.5,109.32
434.0,25.5,109.32
434.1,13.3,109.32
434.2,13.6,109.32
434.3,12.6,109.32
434.4,13.8,109.32
434.5,25.2,109.32
434.6,12.7,109.32
434.7,13.7,109.32
434.8,25.1,109.32
434.9,13.0,109.32
435.0,12.4,109.32
435.1,12.6,109.32
435.2,13.8,109.32
435.3,13.4,109.32
435.4,12.4,109.32
435.5,13.2,109.32
435.6,24.9,109.32
435.7,25.0,109.32
435.8,24.2,109.32
435.9,26.4,109.32
436.0,25.3,109.32
436.1,14.1,109.32
436.2,24.8,109.32
436.3,13.0,109.32
436.4,12.4,109.32
436.5,13.8,109.32
436.6,24.8,109.32
436.7,14.4,109.32
436.8,25.2,109.32
436.9,0.0,109.32
437.0,0.0,109.32
437.1,12.5,109.32
437.2,13.5,109.32
437.3,12.6,109.32
437.4,13.0,109.32
437.5,13.9,109.32
437.6,13.3,109.32
437.7,25.3,109.32
437.8,14.1,109.32
437.9,14.1,109.32
438.0,13.4,109.32
438.1,25.0,109.32
438.2,12.8,109.32
438.3,12.4,109.32
438.4,0.0,109.32
438.5,24.6,109.32
438.6,13.4,109.32
438.7,25.5,109.32
438.8,13.2,109.32
438.9,13.9,109.32
439.0,13.4,109.32
439.1,13.1,109.32
439.2,12.5,109.32
439.3,13.9,109.32
439.4,25.1,109.32
439.5,25.8,109.32
439.6,25.1,109.32
439.7,13.4,109.32
439.8,12.2,109.32
439.9,12.5,109.32
440.0,12.4,109.32
440.1,12.8,109.32
440.2,12.6,109.32
440.3,13.5,109.32
440.4,24.8,109.32
440.5,14.3,109.32
440.6,12.8,109.32
440.7,13.5,109.32
440.8,25.8,109.32
440.9,13.4,109.32
441.0,25.5,109.32
441.1,12.9,109.32
441.2,0.0,109.32
441.3,13.2,109.32
441.4,24.6,109.32
441.5,26.1,109.32
441.6,13.8,109.32
441.7,22.5,109.32
441.8,12.4,109.32
441.9,24.9,109.32
442.0,13.4,109.32
442.1,13.0,109.32
442.2,26.1,109.32
442.3,25.3,109.32
442.4,12.7,109.32
442.5,12.7,109.32
442.6,12.9,109.32
442.7,25.5,109.32
442.8,13.7,109.32
442.9,0.0,109.32
443.0,13.4,109.32
443.1,24.9,109.32
443.2,13.3,109.32
443.3,13.6,109.32
443.4,13.5,109.32
443.5,13.4,109.32
443.6,13.1,109.32
443.7,13.4,109.32
443.8,0.0,109.32
443.9,26.1,109.32
444.0,25.0,109.32
444.1,13.0,109.32
444.2,12.5,109.32
444.3,13.4,109.32
444.4,25.0,109.32
444.5,13.5,109.32
444.6,0.0,109.32
444.7,12.6,109.32
444.8,12.6,109.32
444.9,0.0,109.32
445.0,12.5,109.32
445.1,13.7,109.32
445.2,25.0,109.32
445.3,13.6,109.32
445.4,25.8,109.32
445.5,13.4,109.32
445.6,12.4,109.32
445.7,0.0,109.32
445.8,24.6,109.32
445.9,13.6,109.32
446.0,25.3,109.32
446.1,13.5,109.32
446.2,12.7,109.32
446.3,12.5,109.32
446.4,0.0,109.32
446.5,13.1,109.32
446.6,25.6,109.32
446.7,25.7,109.32
446.8,14.0,109.32
446.9,25.1,109.32
447.0,13.0,109.32
447.1,24.8,109.32
447.2,0.0,109.32
447.3,13.1,109.32
447.4,13.3,109.32
447.5,13.8,109.32
447.6,13.4,109.32
447.7,12.6,109.32
447.8,13.1,109.32
447.9,24.7,109.32
448.0,25.0,109.32
448.1,25.8,109.32
448.2,13.7,109.32
448.3,0.0,109.32
448.4,13.9,109.32
448.5,12.8,109.32
448.6,12.0,109.32
448.7,22.5,109.32
448.8,13.4,109.32
448.9,13.7,109.32
449.0,12.3,109.32
449.1,13.3,109.32
449.2,13.4,109.32
449.3,13.0,109.32
449.4,14.3,109.32
449.5,13.6,109.32
449.6,12.6,109.32
449.7,13.0,109.32
449.8,25.3,109.32
449.9,13.4,109.32
450.0,13.5,109.32
450.1,14.0,109.32
450.2,25.3,109.32
450.3,25.4,109.32
450.4,12.6,109.32
450.5,14.0,109.32
450.6,13.7,109.32
450.7,38.3,109.32
450.8,13.5,109.32
450.9,13.1,109.32
451.0,12.3,109.32
451.1,25.0,109.32
451.2,25.6,109.32
451.3,24.9,109.32
451.4,13.5,109.32
451.5,12.3,109.32
451.6,0.0,109.32
451.7,12.4,109.32
451.8,12.9,109.32
451.9,12.6,109.32
452.0,13.6,109.32
452.1,24.6,109.32
452.2,14.3,109.32
452.3,25.0,109.32
452.4,12.9,109.32
452.5,12.8,109.32
452.6,13.1,109.32
452.7,25.8,109.32
452.8,24.4,109.32
452.9,25.4,109.32
453.0,25.4,109.32
453.1,12.6,109.32
453.2,12.9,109.32
453.3,13.0,109.32
453.4,13.2,109.32
453.5,13.9,109.32
453.6,13.9,109.32
453.7,13.5,109.32
453.8,12.5,109.32
453.9,13.5,109.32
454.0,25.0,109.32
454.1,13.4,109.32
454.2,13.1,109.32
454.3,13.3,109.32
454.4,12.5,109.32
454.5,13.4,109.32
454.6,24.7,109.32
454.7,14.2,109.32
454.8,25.1,109.32
454.9,0.0,109.32
455.0,13.6,109.32
455.1,12.9,109.32
455.2,13.3,109.32
455.3,25.0,109.32
455.4,13.8,109.32
455.5,12.7,109.32
455.6,12.5,109.32
455.7,13.4,109.32
455.8,13.1,109.32
455.9,12.4,109.32
456.0,12.8,109.32
456.1,13.2,109.32
456.2,13.5,109.32
456.3,12.6,109.32
456.4,13.4,109.32
456.5,12.7,109.32
456.6,13.5,109.32
456.7,13.4,109.32
456.8,0.0,109.32
456.9,24.4,109.32
457.0,12.8,109.32
457.1,13.4,109.32
457.2,12.5,109.32
457.3,0.0,109.32
457.4,12.3,109.32
457.5,13.3,109.32
457.6,25.0,109.32
457.7,13.6,109.32
457.8,12.7,109.32
457.9,13.8,109.32
458.0,12.7,109.32
458.1,0.0,109.32
458.2,12.8,109.32
458.3,0.0,109.32
458.4,13.8,109.32
458.5,13.4,109.32
458.6,0.0,109.32
458.7,0.0,109.32
458.8,13.1,109.32
458.9,13.4,109.32
459.0,25.0,109.32
459.1,25.6,109.32
459.2,13.4,109.32
459.3,24.7,109.32
459.4,27.0,109.32
459.5,25.0,109.32
459.6,13.4,109.32
459.7,25.2,109.32
459.8,13.4,109.32
459.9,12.5,109.32
460.0,13.6,109.32
460.1,25.2,109.32
460.2,13.0,109.32
460.3,12.4,109.32
460.4,13.3,109.32
460.5,25.0,109.32
460.6,13.6,109.32
460.7,13.6,109.32
460.8,13.2,109.32
460.9,13.0,109.32
461.0,25.5,109.32
461.1,25.2,109.32
461.2,25.5,109.32
461.3,13.1,109.32
461.4,0.0,109.32
461.5,0.0,109.32
461.6,12.6,109.32
461.7,13.6,109.32
461.8,24.9,109.32
461.9,13.3,109.32
462.0,12.4,109.32
462.1,13.1,109.32
462.2,25.0,109.32
462.3,25.8,109.32
462.4,25.1,109.32
462.5,24.9,109.32
462.6,13.9,109.32
462.7,12.9,109.32
462.8,25.4,109.32
462.9,25.3,109.32
463.0,25.0,109.32
463.1,12.7,109.32
463.2,13.2,109.32
463.3,24.9,109.32
463.4,13.6,109.32
463.5,12.6,109.32
463.6,12.3,109.32
463.7,0.0,109.32
463.8,13.1,109.32
463.9,25.0,109.32
464.0,0.0,109.32
464.1,12.8,109.32
464.2,12.7,109.32
464.3,13.1,109.32
464.4,13.0,109.32
464.5,13.4,109.32
464.6,13.9,109.32
464.7,12.4,109.32
464.8,12.9,109.32
464.9,13.3,109.32
465.0,13.5,109.32
465.1,25.1,109.32
465.2,14.3,109.32
465.3,14.2,109.32
465.4,13.2,109.32
465.5,13.7,109.32
465.6,13.7,109.32
465.7,13.4,109.32
465.8,13.4,109.32
465.9,13.4,109.32
466.0,12.4,109.32
466.1,13.6,109.32
466.2,24.7,109.32
466.3,24.6,109.32
466.4,26.0,109.32
466.5,13.6,109.32
466.6,25.1,109.32
466.7,13.7,109.32
466.8,13.8,109.32
466.9,13.9,109.32
467.0,24.8,109.32
467.1,13.6,109.32
467.2,12.4,109.32
467.3,13.2,109.32
467.4,25.2,109.32
467.5,13.6,109.32
467.6,13.2,109.32
467.7,13.1,109.32
467.8,13.5,109.32
467.9,24.9,109.32
468.0,13.1,109.32
468.1,12.8,109.32
468.2,13.7,109.32
468.3,12.8,109.32
468.4,13.0,109.32
468.5,13.0,109.32
468.6,13.2,109.32
468.7,12.5,109.32
468.8,13.4,109.32
468.9,24.1,109.32
469.0,12.5,109.32
469.1,12.5,109.32
469.2,13.4,109.32
469.3,24.1,109.32
469.4,26.4,109.32
469.5,24.6,109.32
469.6,24.8,109.32
469.7,13.4,109.32
469.8,13.2,109.32
469.9,13.3,109.32
470.0,13.8,109.32
470.1,12.7,109.32
470.2,13.1,109.32
470.3,26.8,109.32
470.4,12.7,109.32
470.5,13.4,109.32
470.6,12.2,109.32
470.7,26.3,109.32
470.8,13.0,109.32
470.9,13.0,109.32
471.0,12.5,109.32
471.1,26.6,109.32
471.2,12.6,109.32
471.3,13.2,109.32
471.4,26.0,109.32
471.5,13.6,109.32
471.6,12.4,109.32
471.7,13.4,109.32
471.8,14.4,109.32
471.9,12.9,109.32
472.0,13.5,109.32
472.1,13.1,109.32
472.2,12.7,109.32
472.3,12.7,109.32
472.4,26.2,109.32
472.5,25.5,109.32
472.6,14.3,109.32
472.7,24.9,109.32
472.8,24.7,109.32
472.9,25.2,109.32
473.0,13.5,109.32
473.1,12.5,109.32
473.2,25.6,109.32
473.3,24.8,109.32
473.4,26.0,109.32
473.5,12.9,109.32
473.6,13.4,109.32
473.7,13.3,109.32
473.8,12.3,109.32
473.9,24.9,109.32
474.0,13.7,109.32
474.1,13.5,109.32
474.2,0.0,109.32
474.3,13.3,109.32
474.4,13.1,109.32
474.5,13.5,109.32
474.6,25.4,109.32
474.7,24.1,109.32
474.8,25.1,109.32
474.9,13.6,109.32
475.0,13.8,109.32
475.1,13.4,109.32
475.2,12.6,109.32
475.3,13.4,109.32
475.4,12.8,109.32
475.5,13.5,109.32
475.6,25.0,109.32
475.7,25.1,109.32
475.8,24.8,109.32
475.9,13.5,109.32
476.0,12.4,109.32
476.1,13.5,109.32
476.2,23.8,109.32
476.3,0.0,109.32
476.4,13.3,109.32
476.5,13.8,109.32
476.6,0.0,109.32
476.7,13.1,109.32
476.8,26.6,109.32
476.9,25.2,109.32
477.0,14.0,109.32
477.1,25.0,109.32
477.2,14.5,109.32
477.3,13.1,109.32
477.4,13.1,109.32
477.5,26.1,109.32
477.6,0.0,109.32
477.7,0.0,109.32
477.8,13.7,109.32
477.9,13.1,109.32
478.0,0.0,109.32
478.1,12.8,109.32
478.2,25.1,109.32
478.3,14.4,109.32
478.4,13.1,109.32
478.5,0.0,109.32
478.6,13.1,109.32
478.7,14.4,109.32
478.8,26.3,109.32
478.9,13.6,109.32
479.0,13.7,109.32
479.1,12.3,109.32
479.2,12.8,109.32
479.3,0.0,109.32
479.4,13.4,109.32
479.5,12.4,109.32
479.6,13.4,109.32
479.7,24.8,109.32
479.8,13.7,109.32
479.9,12.7,109.32
480.0,12.8,109.32
480.1,13.4,109.32
480.2,12.6,109.32
480.3,24.7,109.32
480.4,12.7,109.32
480.5,12.6,109.33
480.6,13.6,109.33
480.7,25.3,109.33
480.8,13.8,109.33
480.9,25.0,109.33
481.0,13.6,109.33
481.1,12.4,109.33
481.2,13.4,109.33
481.3,14.7,109.33
481.4,0.0,109.33
481.5,13.6,109.33
481.6,14.3,109.33
481.7,13.7,109.33
481.8,12.5,109.33
481.9,0.0,109.33
482.0,12.5,109.33
482.1,24.7,109.33
482.2,24.7,109.33
482.3,13.8,109.33
482.4,13.6,109.33
482.5,13.2,109.33
482.6,14.3,109.33
482.7,14.2,109.33
482.8,13.2,109.33
482.9,13.2,109.33
483.0,13.5,109.33
483.1,0.0,109.33
483.2,12.5,109.33
483.3,12.4,109.33
483.4,0.0,109.33
483.5,12.4,109.33
483.6,13.4,109.33
483.7,24.9,109.33
483.8,26.2,109.33
483.9,14.2,109.33
484.0,14.1,109.33
484.1,14.2,109.33
484.2,14.3,109.33
484.3,13.9,109.33
484.4,13.4,109.33
484.5,14.1,109.33
484.6,13.5,109.33
484.7,13.6,109.33
484.8,0.0,109.33
484.9,13.4,109.33
485.0,13.2,109.33
485.1,0.0,109.33
485.2,24.4,109.33
485.3,13.3,109.33
485.4,13.1,109.33
485.5,13.9,109.33
485.6,13.7,109.33
485.7,12.8,109.33
485.8,0.0,109.33
485.9,12.6,109.33
486.0,24.5,109.33
486.1,12.6,109.33
486.2,13.4,109.33
486.3,25.0,109.33
486.4,26.3,109.33
486.5,25.0,109.33
486.6,13.6,109.33
486.7,14.2,109.33
486.8,13.2,109.34
486.9,14.0,109.34
487.0,13.2,109.34
487.1,0.0,109.34
487.2,0.0,109.34
487.3,14.1,109.34
487.4,14.2,109.34
487.5,14.1,109.34
487.6,14.1,109.34
487.7,13.6,109.34
487.8,13.2,109.34
487.9,13.8,109.34
488.0,13.8,109.34
488.1,13.3,109.34
488.2,12.4,109.34
488.3,13.8,109.34
488.4,14.2,109.34
488.5,12.4,109.34
488.6,24.8,109.34
488.7,13.0,109.34
488.8,13.0,109.34
488.9,12.5,109.34
489.0,13.1,109.34
489.1,25.1,109.34
489.2,13.3,109.34
489.3,13.5,109.34
489.4,13.4,109.34
489.5,24.7,109.34
489.6,13.6,109.34
489.7,25.2,109.34
489.8,26.1,109.34
489.9,13.0,109.34
490.0,13.2,109.34
490.1,25.3,109.34
490.2,13.3,109.34
490.3,13.2,109.34
490.4,13.9,109.34
490.5,25.1,109.34
490.6,25.5,109.34
490.7,24.9,109.34
490.8,13.2,109.34
490.9,13.2,109.34
491.0,14.2,109.34
491.1,13.4,109.34
491.2,24.7,109.34
491.3,0.0,109.34
491.4,25.3,109.34
491.5,12.3,109.34
491.6,0.0,109.34
491.7,13.1,109.34
491.8,25.0,109.34
491.9,13.2,109.34
492.0,12.6,109.34
492.1,13.5,109.34
492.2,24.8,109.34
492.3,13.0,109.34
492.4,12.7,109.34
492.5,13.0,109.34
492.6,25.0,109.34
492.7,13.5,109.34
492.8,13.7,109.34
492.9,24.8,109.34
493.0,13.1,109.34
493.1,13.5,109.34
493.2,13.4,109.34
493.3,13.4,109.34
493.4,13.3,109.34
493.5,13.1,109.34
493.6,13.7,109.34
493.7,12.7,109.34
493.8,26.1,109.34
493.9,12.7,109.34
494.0,13.3,109.34
494.1,25.1,109.34
494.2,13.3,109.34
494.3,24.8,109.34
494.4,13.6,109.34
494.5,24.9,109.34
494.6,13.5,109.34
494.7,0.0,109.34
494.8,13.9,109.34
494.9,14.4,109.34
495.0,12.9,109.34
495.1,13.3,109.34
495.2,25.5,109.34
495.3,14.4,109.34
495.4,25.1,109.34
495.5,13.8,109.34
495.6,25.1,109.34
495.7,13.4,109.34
495.8,12.2,109.34
495.9,13.4,109.34
496.0,24.7,109.34
496.1,12.9,109.34
496.2,25.8,109.34
496.3,13.8,109.34
496.4,13.1,109.34
496.5,13.1,109.34
496.6,0.0,109.34
496.7,13.5,109.34
496.8,13.9,109.34
496.9,13.8,109.34
497.0,26.5,109.34
497.1,12.6,109.34
497.2,13.1,109.34
497.3,12.5,109.34
497.4,13.4,109.34
497.5,13.2,109.34
497.6,0.0,109.34
497.7,13.7,109.34
497.8,0.0,109.34
497.9,13.7,109.34
498.0,13.4,109.34
498.1,24.6,109.34
498.2,13.2,109.34
498.3,13.4,109.34
498.4,13.2,109.34
498.5,13.6,109.34
498.6,13.1,109.34
498.7,13.4,109.34
498.8,12.6,109.34
498.9,0.0,109.34
499.0,0.0,109.34
499.1,13.4,109.34
499.2,25.9,109.34
499.3,13.1,109.34
499.4,13.2,109.34
499.5,13.7,109.34
499.6,26.7,109.34
499.7,12.6,109.34
499.8,13.8,109.34
499.9,13.0,109.34
500.0,13.4,109.34
500.1,25.3,109.34
500.2,13.5,109.34
500.3,12.6,109.34
500.4,0.0,109.34
500.5,12.5,109.34
500.6,13.4,109.34
500.7,13.8,109.34
500.8,26.3,109.34
500.9,12.9,109.34
501.0,13.0,109.34
501.1,12.3,109.34
501.2,13.1,109.34
501.3,13.4,109.34
501.4,0.0,109.34
501.5,13.0,109.34
501.6,13.1,109.34
501.7,13.5,109.34
501.8,12.5,109.34
501.9,12.6,109.34
502.0,12.6,109.34
502.1,13.4,109.34
502.2,13.1,109.34
502.3,13.4,109.34
502.4,25.1,109.34
502.5,13.7,109.34
502.6,25.1,109.34
502.7,13.8,109.34
502.8,13.1,109.34
502.9,24.7,109.34
503.0,26.2,109.34
503.1,13.0,109.34
503.2,0.0,109.34
503.3,12.5,109.34
503.4,12.5,109.34
503.5,12.5,109.34
503.6,12.6,109.34
503.7,13.5,109.34
503.8,12.7,109.34
503.9,0.0,109.34
504.0,0.0,109.38
504.1,12.6,109.38
504.2,12.6,109.38
504.3,12.7,109.38
504.4,13.1,109.38
504.5,13.8,109.38
504.6,0.0,109.38
504.7,12.5,109.38
504.8,12.7,109.38
504.9,24.3,109.38
505.0,0.0,109.38
505.1,26.5,109.38
505.2,14.1,109.38
505.3,25.0,109.38
505.4,13.5,109.38
505.5,12.5,109.38
505.6,13.2,109.38
505.7,13.3,109.38
505.8,13.2,109.38
505.9,14.4,109.38
506.0,13.8,109.38
506.1,25.5,109.38
506.2,24.8,109.38
506.3,13.4,109.38
506.4,12.5,109.38
506.5,13.2,109.38
506.6,24.5,109.38
506.7,0.0,109.38
506.8,13.0,109.38
506.9,0.0,109.38
507.0,12.6,109.38
507.1,13.3,109.38
507.2,13.0,109.36
507.3,13.0,109.36
507.4,23.6,109.36
507.5,13.3,109.36
507.6,0.0,109.36
507.7,13.1,109.36
507.8,26.7,109.36
507.9,12.7,109.36
508.0,0.0,109.36
508.1,25.0,109.36
508.2,13.0,109.36
508.3,13.1,109.36
508.4,13.6,109.36
508.5,12.5,109.36
508.6,12.7,109.36
508.7,0.0,109.36
508.8,12.5,109.36
508.9,12.4,109.36
509.0,13.4,109.36
509.1,25.1,109.36
509.2,0.0,109.36
509.3,12.6,109.36
509.4,13.6,109.36
509.5,24.8,109.36
509.6,13.2,109.36
509.7,12.2,109.36
509.8,13.4,109.36
509.9,24.5,109.36
510.0,26.7,109.36
510.1,12.9,109.36
510.2,13.6,109.36
510.3,25.4,109.36
510.4,13.4,109.36
510.5,25.1,109.36
510.6,25.8,109.36
510.7,13.4,109.36
510.8,12.6,109.36
510.9,13.6,109.36
511.0,25.1,109.36
511.1,13.0,109.36
511.2,12.6,109.36
511.3,13.4,109.36
511.4,24.9,109.36
511.5,13.8,109.36
511.6,24.7,109.36
511.7,13.4,109.36
511.8,12.5,109.36
511.9,23.0,109.36
512.0,13.5,109.36
512.1,12.9,109.36
512.2,12.6,109.36
512.3,0.0,109.37
512.4,13.1,109.37
512.5,25.7,109.37
512.6,24.4,109.37
512.7,25.2,109.37
512.8,12.9,109.37
512.9,25.0,109.37
513.0,13.3,109.37
513.1,13.0,109.37
513.2,13.3,109.37
513.3,12.6,109.37
513.4,13.4,109.37
513.5,25.4,109.37
513.6,13.5,109.37
513.7,12.4,109.37
513.8,0.0,109.37
513.9,12.6,109.37
514.0,13.6,109.37
514.1,25.0,109.37
514.2,13.1,109.37
514.3,12.5,109.37
514.4,13.3,109.37
514.5,25.2,109.37
514.6,25.1,109.37
514.7,25.9,109.37
514.8,13.5,109.37
514.9,25.6,109.37
515.0,13.2,109.37
515.1,12.6,109.37
515.2,0.0,109.37
515.3,13.2,109.37
515.4,13.3,109.37
515.5,14.3,109.37
515.6,13.1,109.37
515.7,12.7,109.37
515.8,12.6,109.37
515.9,13.2,109.37
516.0,25.0,109.37
516.1,24.8,109.37
516.2,25.4,109.37
516.3,13.4,109.37
516.4,12.6,109.37
516.5,13.5,109.37
516.6,13.0,109.37
516.7,13.4,109.37
516.8,24.6,109.37
516.9,25.4,109.37
517.0,24.9,109.37
517.1,24.8,109.37
517.2,25.1,109.37
517.3,13.5,109.37
517.4,0.0,109.37
517.5,13.4,109.37
517.6,24.6,109.37
517.7,26.4,109.37
517.8,12.6,109.37
517.9,12.7,109.37
518.0,12.3,109.37
518.1,0.0,109.37
518.2,12.6,109.37
518.3,12.8,109.37
518.4,12.5,109.37
518.5,12.4,109.37
518.6,13.7,109.37
518.7,0.0,109.37
518.8,14.0,109.37
518.9,13.5,109.37
519.0,26.3,109.37
519.1,12.5,109.37
519.2,13.8,109.37
519.3,25.0,109.37
519.4,13.5,109.37
519.5,12.5,109.37
519.6,12.9,109.37
519.7,25.8,109.37
519.8,13.0,109.37
519.9,12.4,109.37
520.0,12.6,109.37
520.1,13.3,109.37
520.2,13.6,109.37
520.3,13.2,109.37
520.4,13.8,109.37
520.5,13.4,109.37
520.6,13.2,109.37
520.7,13.1,109.37
520.8,25.6,109.37
520.9,12.9,109.37
521.0,12.6,109.37
521.1,13.0,109.37
521.2,25.3,109.37
521.3,14.2,109.37
521.4,25.3,109.37
521.5,13.9,109.37
521.6,0.0,109.37
521.7,0.0,109.37
521.8,14.0,109.37
521.9,24.5,109.37
522.0,25.8,109.37
522.1,14.3,109.37
522.2,13.1,109.37
522.3,13.2,109.37
522.4,13.0,109.37
522.5,12.6,109.37
522.6,13.3,109.37
522.7,25.0,109.37
522.8,25.9,109.37
522.9,24.8,109.37
523.0,13.6,109.37
523.1,26.2,109.37
523.2,13.5,109.37
523.3,12.5,109.37
523.4,13.0,109.37
523.5,24.9,109.37
523.6,13.2,109.37
523.7,12.6,109.37
523.8,13.4,109.37
523.9,25.6,109.37
524.0,12.8,109.37
524.1,12.8,109.37
524.2,13.1,109.37
524.3,13.3,109.37
524.4,12.8,109.37
524.5,0.0,109.37
524.6,0.0,109.37
524.7,0.0,109.37
524.8,0.0,109.37
524.9,13.4,109.37
525.0,13.2,109.37
525.1,13.4,109.38
525.2,26.1,109.38
525.3,12.8,109.38
525.4,13.5,109.38
525.5,14.0,109.38
525.6,23.8,109.38
525.7,12.8,109.38
525.8,13.2,109.38
525.9,25.2,109.38
526.0,12.9,109.38
526.1,12.6,109.38
526.2,12.9,109.38
526.3,13.1,109.38
526.4,25.9,109.38
526.5,13.4,109.38
526.6,14.2,109.38
526.7,25.0,109.38
526.8,13.4,109.38
526.9,13.4,109.38
527.0,13.9,109.38
527.1,12.6,109.38
527.2,0.0,109.38
527.3,12.4,109.38
527.4,13.5,109.38
527.5,25.0,109.38
527.6,24.7,109.38
527.7,0.0,109.38
527.8,0.0,109.38
527.9,13.1,109.38
528.0,12.4,109.38
528.1,14.1,109.38
528.2,13.9,109.38
528.3,13.5,109.38
528.4,12.8,109.38
528.5,12.9,109.38
528.6,13.1,109.38
528.7,12.2,109.38
528.8,13.7,109.38
528.9,12.4,109.38
529.0,13.8,109.38
529.1,13.5,109.38
529.2,14.4,109.38
529.3,0.0,109.38
529.4,13.3,109.38
529.5,0.0,109.38
529.6,24.7,109.38
529.7,0.0,109.38
529.8,14.0,109.38
529.9,13.7,109.38
530.0,13.5,109.38
530.1,12.5,109.38
530.2,13.4,109.38
530.3,13.2,109.38
530.4,13.6,109.38
530.5,13.9,109.38
530.6,13.4,109.38
530.7,13.2,109.38
530.8,13.4,109.38
530.9,13.7,109.38
531.0,13.5,109.38
531.1,25.1,109.38
531.2,25.4,109.38
531.3,13.2,109.38
531.4,12.5,109.38
531.5,13.5,109.38
531.6,13.1,109.38
531.7,24.3,109.38
531.8,25.5,109.38
531.9,13.5,109.38
532.0,25.5,109.38
532.1,14.1,109.38
532.2,25.2,109.38
532.3,25.4,109.38
532.4,25.4,109.38
532.5,13.5,109.38
532.6,25.2,109.38
532.7,13.3,109.38
532.8,12.6,109.38
532.9,13.1,109.38
533.0,24.5,109.38
533.1,13.4,109.38
533.2,0.0,109.38
533.3,13.1,109.38
533.4,0.0,109.38
533.5,13.0,109.38
533.6,13.1,109.38
533.7,13.4,109.38
533.8,13.5,109.38
533.9,13.0,109.38
534.0,25.3,109.38
534.1,25.0,109.38
534.2,13.1,109.38
534.3,12.6,109.38
534.4,13.4,109.38
534.5,25.1,109.38
534.6,13.4,109.38
534.7,12.6,109.38
534.8,13.1,109.38
534.9,13.3,109.38
535.0,13.6,109.38
535.1,24.9,109.38
535.2,13.3,109.38
535.3,0.0,109.38
535.4,13.3,109.38
535.5,26.2,109.38
535.6,12.9,109.38
535.7,12.3,109.38
535.8,25.0,109.38
535.9,14.0,109.38
536.0,12.9,109.38
536.1,13.4,109.38
536.2,24.9,109.38
536.3,14.0,109.38
536.4,25.4,109.38
536.5,13.5,109.38
536.6,12.8,109.38
536.7,13.4,109.38
536.8,12.5,109.38
536.9,0.0,109.38
537.0,12.6,109.38
537.1,13.9,109.38
537.2,0.0,109.38
537.3,24.9,109.38
537.4,25.3,109.38
537.5,26.0,109.38
537.6,24.5,109.38
537.7,13.4,109.38
537.8,24.0,109.38
537.9,13.7,109.38
538.0,25.6,109.38
538.1,14.3,109.38
538.2,13.9,109.38
538.3,13.9,109.38
538.4,26.6,109.38
538.5,25.1,109.38
538.6,12.9,109.38
538.7,12.7,109.38
538.8,13.3,109.38
538.9,13.7,109.38
539.0,13.8,109.38
539.1,12.5,109.38
539.2,13.1,109.38
539.3,24.7,109.38
539.4,25.1,109.38
539.5,13.1,109.38
539.6,13.5,109.38
539.7,26.4,109.38
539.8,13.8,109.38
539.9,13.6,109.38
540.0,0.0,109.38
540.1,0.0,109.38
540.2,12.7,109.38
540.3,13.5,109.38
540.4,25.0,109.38
540.5,13.1,109.38
540.6,13.6,109.38
540.7,25.4,109.38
540.8,13.8,109.38
540.9,13.8,109.38
541.0,25.2,109.38
541.1,14.1,109.38
541.2,0.0,109.38
541.3,13.7,109.38
541.4,13.4,109.38
541.5,12.7,109.38
541.6,13.5,109.38
541.7,12.7,109.38
541.8,0.0,109.38
541.9,13.0,109.38
542.0,12.6,109.38
542.1,13.2,109.38
542.2,13.5,109.38
542.3,13.5,109.38
542.4,25.8,109.38
542.5,13.1,109.38
542.6,13.1,109.38
542.7,25.7,109.38
542.8,0.0,109.38
542.9,24.3,109.38
543.0,12.8,109.38
543.1,13.5,109.38
543.2,14.2,109.38
543.3,13.3,109.38
543.4,13.4,109.38
543.5,13.5,109.38
543.6,12.9,109.38
543.7,14.0,109.38
543.8,12.6,109.38
543.9,13.2,109.38
544.0,25.0,109.38
544.1,13.3,109.38
544.2,12.7,109.39
544.3,0.0,109.39
544.4,13.0,109.39
544.5,26.0,109.39
544.6,24.4,109.39
544.7,14.3,109.39
544.8,13.6,109.39
544.9,0.0,109.39
545.0,13.3,109.39
545.1,25.0,109.39
545.2,13.6,109.39
545.3,12.6,109.39
545.4,13.4,109.39
545.5,24.1,109.39
545.6,24.4,109.39
545.7,12.6,109.39
545.8,0.0,109.39
545.9,13.0,109.39
546.0,26.4,109.39
546.1,12.7,109.39
546.2,12.6,109.39
546.3,12.6,109.39
546.4,13.1,109.39
546.5,25.1,109.39
546.6,24.8,109.39
546.7,13.9,109.39
546.8,0.0,109.39
546.9,12.7,109.39
547.0,25.1,109.39
547.1,25.3,109.39
547.2,13.3,109.39
547.3,13.0,109.39
547.4,12.6,109.39
547.5,13.3,109.39
547.6,25.2,109.39
547.7,13.3,109.39
547.8,25.0,109.39
547.9,13.5,109.39
548.0,12.5,109.39
548.1,0.0,109.39
548.2,25.1,109.39
548.3,26.1,109.39
548.4,24.8,109.39
548.5,12.9,109.39
548.6,12.7,109.39
548.7,13.3,109.39
548.8,26.0,109.39
548.9,13.6,109.39
549.0,13.8,109.39
549.1,0.0,109.39
549.2,23.8,109.39
549.3,13.3,109.39
549.4,12.4,109.39
549.5,12.6,109.39
549.6,13.5,109.39
549.7,25.1,109.39
549.8,13.4,109.39
549.9,12.8,109.39
550.0,12.9,109.39
550.1,24.6,109.39
550.2,13.5,109.39
550.3,12.5,109.39
550.4,13.5,109.39
550.5,24.9,109.39
550.6,24.2,109.39
550.7,26.0,109.39
550.8,12.9,109.39
550.9,25.0,109.39
551.0,13.0,109.39
551.1,23.9,109.39
551.2,24.8,109.39
551.3,12.7,109.39
551.4,13.3,109.39
551.5,25.8,109.39
551.6,0.0,109.39
551.7,13.1,109.39
551.8,24.9,109.39
551.9,0.0,109.39
552.0,12.7,109.39
552.1,13.2,109.39
552.2,25.5,109.39
552.3,25.1,109.39
552.4,25.5,109.39
552.5,13.4,109.39
552.6,25.1,109.39
552.7,25.1,109.39
552.8,24.5,109.39
552.9,13.5,109.39
553.0,24.7,109.39
553.1,13.8,109.39
553.2,24.3,109.39
553.3,26.5,109.39
553.4,24.5,109.39
553.5,24.9,109.39
553.6,13.1,109.39
553.7,12.5,109.39
553.8,24.5,109.39
553.9,12.7,109.39
554.0,13.3,109.39
554.1,12.0,109.39
554.2,12.5,109.39
554.3,12.6,109.39
554.4,12.4,109.39
554.5,12.6,109.39
554.6,13.3,109.39
554.7,25.8,109.39
554.8,13.3,109.39
554.9,12.8,109.39
555.0,24.4,109.39
555.1,13.0,109.39
555.2,13.9,109.39
555.3,25.1,109.39
555.4,25.0,109.39
555.5,25.1,109.39
555.6,26.0,109.39
555.7,12.7,109.39
555.8,12.4,109.39
555.9,14.2,109.39
556.0,13.6,109.39
556.1,25.8,109.39
556.2,14.1,109.39
556.3,25.0,109.39
556.4,14.0,109.39
556.5,25.9,109.39
556.6,25.6,109.39
556.7,25.2,109.39
556.8,12.7,109.39
556.9,13.2,109.39
557.0,25.3,109.39
557.1,25.5,109.39
557.2,25.3,109.39
557.3,13.5,109.39
557.4,24.9,109.39
557.5,12.5,109.39
557.6,24.6,109.39
557.7,13.5,109.39
557.8,24.0,109.39
557.9,26.3,109.39
558.0,11.9,109.39
558.1,13.5,109.39
558.2,12.8,109.39
558.3,0.0,109.39
558.4,13.8,109.39
558.5,12.8,109.39
558.6,25.0,109.39
558.7,12.8,109.39
558.8,13.1,109.39
558.9,13.8,109.39
559.0,13.4,109.39
559.1,25.2,109.39
559.2,13.3,109.39
559.3,12.8,109.39
559.4,13.3,109.39
559.5,24.6,109.39
559.6,25.0,109.39
559.7,12.7,109.39
559.8,0.0,109.39
559.9,23.8,109.39
560.0,25.8,109.39
560.1,0.0,109.39
560.2,12.8,109.39
560.3,25.5,109.39
560.4,25.6,109.39
560.5,12.9,109.39
560.6,12.9,109.39
560.7,12.9,109.39
560.8,25.1,109.39
560.9,13.8,109.39
561.0,12.7,109.39
561.1,12.5,109.39
561.2,12.5,109.39
561.3,13.5,109.39
561.4,23.9,109.39
561.5,14.0,109.39
561.6,25.1,109.39
561.7,0.0,109.39
561.8,24.4,109.39
561.9,13.2,109.39
562.0,12.4,109.39
562.1,12.6,109.39
562.2,12.9,109.39
562.3,26.3,109.36
562.4,12.8,109.36
562.5,12.7,109.36
562.6,0.0,109.36
562.7,26.0,109.36
562.8,13.3,109.36
562.9,12.9,109.36
563.0,26.2,109.36
563.1,25.0,109.36
563.2,14.2,109.36
563.3,25.0,109.36
563.4,25.9,109.37
563.5,12.5,109.37
563.6,12.7,109.37
563.7,0.0,109.37
563.8,0.0,109.37
563.9,13.3,109.37
564.0,25.3,109.37
564.1,13.1,109.37
564.2,13.1,109.37
564.3,12.2,109.37
564.4,12.4,109.37
564.5,13.3,109.37
564.6,13.8,109.37
564.7,14.6,109.37
564.8,25.4,109.37
564.9,13.8,109.37
565.0,26.0,109.37
565.1,13.1,109.37
565.2,13.2,109.37
565.3,13.5,109.37
565.4,12.8,109.37
565.5,13.3,109.37
565.6,12.0,109.37
565.7,14.1,109.37
565.8,13.3,109.37
565.9,25.0,109.37
566.0,13.1,109.37
566.1,12.5,109.37
566.2,13.5,109.37
566.3,25.2,109.37
566.4,13.9,109.37
566.5,25.1,109.37
566.6,12.6,109.37
566.7,13.4,109.37
566.8,13.5,109.37
566.9,25.4,109.37
567.0,13.9,109.37
567.1,12.6,109.37
567.2,13.3,109.37
567.3,0.0,109.37
567.4,13.4,109.37
567.5,13.0,109.37
567.6,13.6,109.37
567.7,13.9,109.37
567.8,13.0,109.37
567.9,13.0,109.37
568.0,12.9,109.37
568.1,13.3,109.37
568.2,12.8,109.37
568.3,12.9,109.37
568.4,24.9,109.37
568.5,13.3,109.37
568.6,13.0,109.37
568.7,13.1,109.37
568.8,12.4,109.37
568.9,13.1,109.37
569.0,13.6,109.37
569.1,25.6,109.37
569.2,13.0,109.37
569.3,12.4,109.37
569.4,13.2,109.37
569.5,25.2,109.37
569.6,25.6,109.37
569.7,25.1,109.37
569.8,25.2,109.37
569.9,25.1,109.37
570.0,13.1,109.37
570.1,12.8,109.37
570.2,13.3,109.37
570.3,13.1,109.37
570.4,12.4,109.37
570.5,12.4,109.37
570.6,0.0,109.37
570.7,12.9,109.37
570.8,13.3,109.37
570.9,24.7,109.37
571.0,13.3,109.37
571.1,24.6,109.37
571.2,0.0,109.37
571.3,13.5,109.37
571.4,25.1,109.37
571.5,12.7,109.37
571.6,25.2,109.37
571.7,13.3,109.37
571.8,13.1,109.37
571.9,13.5,109.37
572.0,12.3,109.37
572.1,13.3,109.37
572.2,24.8,109.37
572.3,25.4,109.37
572.4,13.2,109.37
572.5,13.7,109.37
572.6,25.1,109.37
572.7,24.7,109.37
572.8,23.5,109.37
572.9,12.3,109.37
573.0,13.2,109.37
573.1,25.7,109.37
573.2,12.8,109.37
573.3,0.0,109.37
573.4,26.6,109.37
573.5,12.8,109.37
573.6,13.9,109.37
573.7,12.8,109.37
573.8,12.6,109.37
573.9,12.6,109.37
574.0,0.0,109.37
574.1,12.9,109.37
574.2,13.2,109.37
574.3,12.6,109.37
574.4,13.5,109.37
574.5,0.0,109.37
574.6,12.9,109.37
574.7,24.1,109.37
574.8,0.0,109.37
574.9,12.5,109.37
575.0,13.0,109.37
575.1,26.0,109.37
575.2,13.0,109.37
575.3,0.0,109.37
575.4,12.6,109.37
575.5,0.0,109.37
575.6,12.6,109.37
575.7,13.4,109.37
575.8,25.1,109.37
575.9,13.3,109.37
576.0,12.6,109.37
576.1,13.2,109.37
576.2,24.2,109.38
576.3,26.0,109.38
576.4,25.5,109.38
576.5,13.6,109.38
576.6,13.3,109.38
576.7,12.5,109.38
576.8,12.5,109.38
576.9,12.6,109.38
577.0,13.4,109.38
577.1,26.2,109.38
577.2,13.4,109.38
577.3,26.4,109.38
577.4,13.3,109.38
577.5,26.2,109.38
577.6,13.7,109.38
577.7,25.8,109.38
577.8,14.2,109.38
577.9,13.1,109.38
578.0,12.7,109.38
578.1,13.7,109.38
578.2,13.4,109.38
578.3,13.4,109.38
578.4,12.7,109.38
578.5,13.7,109.38
578.6,12.7,109.38
578.7,13.8,109.38
578.8,13.2,109.38
578.9,13.2,109.38
579.0,25.5,109.38
579.1,12.6,109.38
579.2,25.2,109.38
579.3,13.4,109.38
579.4,13.0,109.38
579.5,25.9,109.38
579.6,22.9,109.38
579.7,12.5,109.38
579.8,12.8,109.38
579.9,26.1,109.38
580.0,13.8,109.38
580.1,13.6,109.38
580.2,26.0,109.38
580.3,13.2,109.38
580.4,24.9,109.38
580.5,24.9,109.38
580.6,12.9,109.38
580.7,12.6,109.38
580.8,13.8,109.38
580.9,24.8,109.38
581.0,25.2,109.38
581.1,25.0,109.38
581.2,13.8,109.38
581.3,25.0,109.38
581.4,13.4,109.38
581.5,12.5,109.38
581.6,13.4,109.38
581.7,24.3,109.38
581.8,13.4,109.38
581.9,12.3,109.38
582.0,14.3,109.38
582.1,13.8,109.38
582.2,25.8,109.38
582.3,25.1,109.38
582.4,12.8,109.38
582.5,0.0,109.38
582.6,12.4,109.38
582.7,13.3,109.38
582.8,25.1,109.38
582.9,25.5,109.38
583.0,24.7,109.38
583.1,13.3,109.38
583.2,12.6,109.38
583.3,13.1,109.38
583.4,26.2,109.38
583.5,14.4,109.38
583.6,24.4,109.38
583.7,24.9,109.38
583.8,13.5,109.38
583.9,11.8,109.38
584.0,12.7,109.38
584.1,12.6,109.38
584.2,13.7,109.38
584.3,25.2,109.38
584.4,13.4,109.38
584.5,12.9,109.38
584.6,13.8,109.38
584.7,13.0,109.38
584.8,13.5,109.38
584.9,0.0,109.38
585.0,14.4,109.38
585.1,13.2,109.38
585.2,12.8,109.38
585.3,13.2,109.38
585.4,13.2,109.38
585.5,25.8,109.38
585.6,24.9,109.38
585.7,13.3,109.38
585.8,0.0,109.38
585.9,13.5,109.38
586.0,13.0,109.38
586.1,24.7,109.38
586.2,24.8,109.38
586.3,25.2,109.38
586.4,24.8,109.38
586.5,13.4,109.38
586.6,24.8,109.38
586.7,0.0,109.38
586.8,25.3,109.38
586.9,12.8,109.38
587.0,24.5,109.38
587.1,13.4,109.38
587.2,0.0,109.38
587.3,13.7,109.38
587.4,14.3,109.38
587.5,25.7,109.38
587.6,13.6,109.38
587.7,25.7,109.38
587.8,24.8,109.38
587.9,24.5,109.38
588.0,26.2,109.38
588.1,12.8,109.38
588.2,0.0,109.38
588.3,24.7,109.38
588.4,12.8,109.38
588.5,24.3,109.38
588.6,13.8,109.38
588.7,25.7,109.38
588.8,12.9,109.38
588.9,13.7,109.41
589.0,24.4,109.41
589.1,13.9,109.41
589.2,25.2,109.41
589.3,25.6,109.41
589.4,25.1,109.41
589.5,13.4,109.41
589.6,12.5,109.41
589.7,13.5,109.41
589.8,12.9,109.41
589.9,12.6,109.41
590.0,12.6,109.41
590.1,13.4,109.41
590.2,12.2,109.41
590.3,24.9,109.41
590.4,23.7,109.41
590.5,12.2,109.41
590.6,12.8,109.41
590.7,12.3,109.41
590.8,24.3,109.41
590.9,14.2,109.41
591.0,13.4,109.41
591.1,12.9,109.41
591.2,13.4,109.41
591.3,12.5,109.41
591.4,13.0,109.41
591.5,12.3,109.41
591.6,12.5,109.41
591.7,12.6,109.41
591.8,13.0,109.41
591.9,25.0,109.41
592.0,13.5,109.41
592.1,12.6,109.41
592.2,13.4,109.41
592.3,24.9,109.41
592.4,14.2,109.41
592.5,25.6,109.41
592.6,0.0,109.41
592.7,13.3,109.41
592.8,13.8,109.41
592.9,13.4,109.41
593.0,12.4,109.41
593.1,0.0,109.41
593.2,13.2,109.42
593.3,24.5,109.42
593.4,24.1,109.42
593.5,13.4,109.42
593.6,13.4,109.42
593.7,13.8,109.42
593.8,0.0,109.42
593.9,12.6,109.42
594.0,12.1,109.42
594.1,11.5,109.42
594.2,24.0,109.42
594.3,23.5,109.42
594.4,24.3,109.42
594.5,12.8,109.42
594.6,12.4,109.42
594.7,0.0,109.42
594.8,13.9,109.42
594.9,0.0,109.42
595.0,13.1,109.42
595.1,24.5,109.42
595.2,12.2,109.42
595.3,24.4,109.42
595.4,13.5,109.42
595.5,13.1,109.42
595.6,12.5,109.42
595.7,12.5,109.42
595.8,12.6,109.42
595.9,24.8,109.42
596.0,12.3,109.42
596.1,0.0,109.42
596.2,0.0,109.42
596.3,13.1,109.42
596.4,24.2,109.42
596.5,13.7,109.42
596.6,13.0,109.42
596.7,12.4,109.42
596.8,13.4,109.42
596.9,13.7,109.42
597.0,26.8,109.42
597.1,12.2,109.42
597.2,13.4,109.42
597.3,12.1,109.42
597.4,0.0,109.42
597.5,13.3,109.42
597.6,13.9,109.42
597.7,13.5,109.42
597.8,13.7,109.42
597.9,13.9,109.42
598.0,13.2,109.42
598.1,24.3,109.42
598.2,12.8,109.42
598.3,13.3,109.42
598.4,13.4,109.42
598.5,14.2,109.42
598.6,13.5,109.42
598.7,25.8,109.42
598.8,13.9,109.42
598.9,14.5,109.42
599.0,24.8,109.42
599.1,25.4,109.42
599.2,13.0,109.42
599.3,13.0,109.42
599.4,13.1,109.42
599.5,25.4,109.42
599.6,13.4,109.42
599.7,0.0,109.42
599.8,12.6,109.42
599.9,13.2,109.42
600.0,23.3,109.42
600.1,13.1,109.42
600.2,24.8,109.42
600.3,12.7,109.42
600.4,35.2,109.42
600.5,12.6,109.42
600.6,24.7,109.42
600.7,13.4,109.42
600.8,26.1,109.42
600.9,25.0,109.42
601.0,13.3,109.42
601.1,12.3,109.42
601.2,12.3,109.42
601.3,13.3,109.42
601.4,26.5,109.42
601.5,12.4,109.42
601.6,12.9,109.42
601.7,13.3,109.43
601.8,13.4,109.43
601.9,12.2,109.43
602.0,23.1,109.43
602.1,13.4,109.43
602.2,13.6,109.43
602.3,24.8,109.43
602.4,25.8,109.43
602.5,24.7,109.43
602.6,13.2,109.43
602.7,24.8,109.43
602.8,13.3,109.43
602.9,25.3,109.43
603.0,26.4,109.43
603.1,13.1,109.43
603.2,12.9,109.43
603.3,24.6,109.43
603.4,25.6,109.43
603.5,13.1,109.43
603.6,12.8,109.43
603.7,13.5,109.43
603.8,24.9,109.43
603.9,13.1,109.43
604.0,12.6,109.43
604.1,0.0,109.43
604.2,12.8,109.43
604.3,13.8,109.43
604.4,24.6,109.43
604.5,0.0,109.43
604.6,13.3,109.43
604.7,12.8,109.43
604.8,24.2,109.43
604.9,25.4,109.43
605.0,13.5,109.43
605.1,14.0,109.43
605.2,0.0,109.43
605.3,12.3,109.43
605.4,12.6,109.43
605.5,0.0,109.43
605.6,13.1,109.43
605.7,12.5,109.43
605.8,13.5,109.43
605.9,12.4,109.43
606.0,13.2,109.43
606.1,12.9,109.43
606.2,13.6,109.43
606.3,12.2,109.43
606.4,13.4,109.43
606.5,13.1,109.43
606.6,13.4,109.43
606.7,25.3,109.43
606.8,24.6,109.43
606.9,14.4,109.43
607.0,25.6,109.43
607.1,13.1,109.43
607.2,12.7,109.43
607.3,13.4,109.43
607.4,25.1,109.43
607.5,13.0,109.43
607.6,13.2,109.43
607.7,24.8,109.43
607.8,14.0,109.43
607.9,23.8,109.43
608.0,25.0,109.43
608.1,13.0,109.43
608.2,12.5,109.43
608.3,12.2,109.43
608.4,23.6,109.43
608.5,24.0,109.43
608.6,13.1,109.43
608.7,14.3,109.43
608.8,12.7,109.43
608.9,24.2,109.43
609.0,26.1,109.43
609.1,0.0,109.43
609.2,24.1,109.43
609.3,13.5,109.43
609.4,24.7,109.43
609.5,25.4,109.43
609.6,13.5,109.43
609.7,25.2,109.43
609.8,12.9,109.43
609.9,24.9,109.43
610.0,13.1,109.43
610.1,13.0,109.43
610.2,25.6,109.43
610.3,24.8,109.43
610.4,27.2,109.43
610.5,13.1,109.43
610.6,13.2,109.43
610.7,12.4,109.43
610.8,13.3,109.43
610.9,25.0,109.43
611.0,13.4,109.43
611.1,24.2,109.43
611.2,13.0,109.43
611.3,12.7,109.43
611.4,13.7,109.43
611.5,13.1,109.43
611.6,13.4,109.43
611.7,14.1,109.43
611.8,14.1,109.43
611.9,13.5,109.43
612.0,12.4,109.43
612.1,13.2,109.43
612.2,13.3,109.43
612.3,13.4,109.43
612.4,25.2,109.43
612.5,25.8,109.43
612.6,23.9,109.43
612.7,24.8,109.43
612.8,13.1,109.43
612.9,13.3,109.43
613.0,13.5,109.43
613.1,13.1,109.43
613.2,12.4,109.43
613.3,13.4,109.43
613.4,13.5,109.43
613.5,12.4,109.43
613.6,13.6,109.43
613.7,13.2,109.43
613.8,13.6,109.43
613.9,25.1,109.43
614.0,14.3,109.43
614.1,13.5,109.43
614.2,25.2,109.43
614.3,12.8,109.44
614.4,13.7,109.44
614.5,0.0,109.44
614.6,12.5,109.44
614.7,0.0,109.44
614.8,12.8,109.44
614.9,13.0,109.44
615.0,13.2,109.44
615.1,13.3,109.44
615.2,13.2,109.44
615.3,24.8,109.44
615.4,26.5,109.44
615.5,24.9,109.44
615.6,12.8,109.44
615.7,12.6,109.44
615.8,0.0,109.44
615.9,13.0,109.44
616.0,13.8,109.44
616.1,12.8,109.44
616.2,13.5,109.44
616.3,0.0,109.44
616.4,13.4,109.44
616.5,13.3,109.44
616.6,12.4,109.44
616.7,13.5,109.44
616.8,24.8,109.44
616.9,13.5,109.44
617.0,12.4,109.44
617.1,13.6,109.44
617.2,12.8,109.44
617.3,12.8,109.44
617.4,12.8,109.44
617.5,13.4,109.44
617.6,0.0,109.44
617.7,13.0,109.44
617.8,0.0,109.44
617.9,13.6,109.44
618.0,13.7,109.44
618.1,25.0,109.44
618.2,26.2,109.44
618.3,13.0,109.44
618.4,13.7,109.44
618.5,13.6,109.44
618.6,13.9,109.44
618.7,13.3,109.44
618.8,13.6,109.44
618.9,0.0,109.44
619.0,12.5,109.44
619.1,13.2,109.44
619.2,24.9,109.44
619.3,13.4,109.44
619.4,0.0,109.44
619.5,13.0,109.44
619.6,13.4,109.44
619.7,13.5,109.44
619.8,13.3,109.44
619.9,12.3,109.44
620.0,24.3,109.44
620.1,24.8,109.44
620.2,13.1,109.44
620.3,13.4,109.44
620.4,13.3,109.44
620.5,12.6,109.44
620.6,13.3,109.44
620.7,24.9,109.44
620.8,13.4,109.44
620.9,13.1,109.44
621.0,24.7,109.44
621.1,0.0,109.44
621.2,13.2,109.44
621.3,37.5,109.44
621.4,24.3,109.44
621.5,13.3,109.44
621.6,13.8,109.44
621.7,12.5,109.44
621.8,24.6,109.44
621.9,12.6,109.44
622.0,24.5,109.44
622.1,12.3,109.44
622.2,12.5,109.44
622.3,12.7,109.44
622.4,12.3,109.44
622.5,24.3,109.44
622.6,12.2,109.44
622.7,13.2,109.44
622.8,24.5,109.44
622.9,24.1,109.44
623.0,24.0,109.44
623.1,12.4,109.44
623.2,13.3,109.44
623.3,13.5,109.44
623.4,13.3,109.44
623.5,13.1,109.44
623.6,12.4,109.44
623.7,23.7,109.44
623.8,25.1,109.44
623.9,24.4,109.44
624.0,24.7,109.44
624.1,12.8,109.44
624.2,0.0,109.44
624.3,25.0,109.44
624.4,24.6,109.44
624.5,24.0,109.44
624.6,13.4,109.44
624.7,24.2,109.44
624.8,13.2,109.44
624.9,12.8,109.44
625.0,12.2,109.44
625.1,23.9,109.44
625.2,13.6,109.44
625.3,25.7,109.44
625.4,12.2,109.44
625.5,26.0,109.44
625.6,13.0,109.44
625.7,24.4,109.44
625.8,0.0,109.44
625.9,24.3,109.44
626.0,12.7,109.44
626.1,14.1,109.44
626.2,24.8,109.44
626.3,26.0,109.44
626.4,25.1,109.44
626.5,13.1,109.44
626.6,12.8,109.44
626.7,12.1,109.44
626.8,12.6,109.44
626.9,12.4,109.44
627.0,12.8,109.44
627.1,13.1,109.45
627.2,25.5,109.45
627.3,25.7,109.45
627.4,24.9,109.45
627.5,23.9,109.45
627.6,24.9,109.45
627.7,25.4,109.45
627.8,13.6,109.45
627.9,12.4,109.45
628.0,11.7,109.45
628.1,24.4,109.45
628.2,24.0,109.45
628.3,12.6,109.45
628.4,13.6,109.45
628.5,25.1,109.45
628.6,12.9,109.45
628.7,0.0,109.45
628.8,12.7,109.45
628.9,12.4,109.45
629.0,13.0,109.45
629.1,13.8,109.45
629.2,13.3,109.45
629.3,24.9,109.45
629.4,24.6,109.45
629.5,13.3,109.45
629.6,12.3,109.45
629.7,12.9,109.45
629.8,23.2,109.45
629.9,12.3,109.45
630.0,24.4,109.45
630.1,12.0,109.45
630.2,0.0,109.45
630.3,24.7,109.45
630.4,13.4,109.45
630.5,24.1,109.45
630.6,13.3,109.45
630.7,13.1,109.45
630.8,24.6,109.45
630.9,13.1,109.45
631.0,13.0,109.45
631.1,24.4,109.45
631.2,12.2,109.45
631.3,12.3,109.45
631.4,24.7,109.45
631.5,13.0,109.45
631.6,12.9,109.45
631.7,25.7,109.45
631.8,24.2,109.45
631.9,24.5,109.45
632.0,12.1,109.45
632.1,13.4,109.45
632.2,13.2,109.45
632.3,24.7,109.45
632.4,24.9,109.45
632.5,12.9,109.45
632.6,24.1,109.45
632.7,12.8,109.45
632.8,12.1,109.45
632.9,23.5,109.45
633.0,12.7,109.45
633.1,23.6,109.45
633.2,13.5,109.45
633.3,24.2,109.45
633.4,12.7,109.45
633.5,23.1,109.45
633.6,24.0,109.45
633.7,12.4,109.45
633.8,12.7,109.45
633.9,12.0,109.45
634.0,24.6,109.45
634.1,24.1,109.45
634.2,11.9,109.45
634.3,24.5,109.45
634.4,12.5,109.45
634.5,24.2,109.45
634.6,24.1,109.45
634.7,12.5,109.45
634.8,12.7,109.45
634.9,25.2,109.45
635.0,25.0,109.45
635.1,13.9,109.45
635.2,12.6,109.45
635.3,24.4,109.45
635.4,12.2,109.45
635.5,12.4,109.45
635.6,12.0,109.45
635.7,26.0,109.45
635.8,12.6,109.45
635.9,24.8,109.45
636.0,12.8,109.45
636.1,24.3,109.45
636.2,12.2,109.45
636.3,25.1,109.45
636.4,12.0,109.45
636.5,12.2,109.45
636.6,12.6,109.45
636.7,0.0,109.45
636.8,12.0,109.45
636.9,24.6,109.45
637.0,24.5,109.45
637.1,26.8,109.45
637.2,0.0,109.45
637.3,12.4,109.45
637.4,12.8,109.45
637.5,12.4,109.45
637.6,0.0,109.45
637.7,12.4,109.45
637.8,0.0,109.45
637.9,12.3,109.45
638.0,11.9,109.45
638.1,13.0,109.45
638.2,12.8,109.45
638.3,23.4,109.45
638.4,12.3,109.45
638.5,25.1,109.45
638.6,23.9,109.45
638.7,24.3,109.45
638.8,13.1,109.45
638.9,12.2,109.45
639.0,13.0,109.45
639.1,24.2,109.45
639.2,13.1,109.45
639.3,25.2,109.45
639.4,24.6,109.45
639.5,26.3,109.45
639.6,25.4,109.45
639.7,23.2,109.45
639.8,12.2,109.45
639.9,13.5,109.45
640.0,24.3,109.45
640.1,24.3,109.45
640.2,12.6,109.45
640.3,13.0,109.45
640.4,24.5,109.45
640.5,24.7,109.45
640.6,12.2,109.45
640.7,24.0,109.45
640.8,12.4,109.45
640.9,24.7,109.45
641.0,0.0,109.45
641.1,24.4,109.45
641.2,13.0,109.45
641.3,23.9,109.45
641.4,0.0,109.45
641.5,25.1,109.45
641.6,13.3,109.45
641.7,23.9,109.45
641.8,13.3,109.45
641.9,24.4,109.45
642.0,14.2,109.45
642.1,24.3,109.45
642.2,11.9,109.45
642.3,12.1,109.45
642.4,13.1,109.45
642.5,12.0,109.45
642.6,12.5,109.45
642.7,24.0,109.45
642.8,12.1,109.45
642.9,25.1,109.45
643.0,23.2,109.45
643.1,13.4,109.45
643.2,0.0,109.45
643.3,12.1,109.45
643.4,12.5,109.45
643.5,24.7,109.45
643.6,12.9,109.45
643.7,12.2,109.45
643.8,12.9,109.45
643.9,12.3,109.45
644.0,23.8,109.45
644.1,25.7,109.45
644.2,12.1,109.45
644.3,24.8,109.45
644.4,24.5,109.45
644.5,12.9,109.45
644.6,24.8,109.45
644.7,25.2,109.45
644.8,24.4,109.45
644.9,26.4,109.45
645.0,12.9,109.45
645.1,24.1,109.45
645.2,12.9,109.45
645.3,24.1,109.45
645.4,25.0,109.45
645.5,24.5,109.45
645.6,12.4,109.45
645.7,25.6,109.45
645.8,12.1,109.45
645.9,24.9,109.45
646.0,0.0,109.45
646.1,24.1,109.45
646.2,13.0,109.46
646.3,12.2,109.46
646.4,23.3,109.46
646.5,26.0,109.46
646.6,12.7,109.46
646.7,25.0,109.46
646.8,13.1,109.46
646.9,12.7,109.46
647.0,12.2,109.46
647.1,24.2,109.46
647.2,12.9,109.46
647.3,13.3,109.46
647.4,12.1,109.46
647.5,12.9,109.46
647.6,13.3,109.46
647.7,13.5,109.46
647.8,11.9,109.46
647.9,12.3,109.46
648.0,0.0,109.46
648.1,24.6,109.46
648.2,24.6,109.46
648.3,24.7,109.46
648.4,23.8,109.46
648.5,24.5,109.46
648.6,12.8,109.46
648.7,0.0,109.46
648.8,12.2,109.46
648.9,11.9,109.46
649.0,13.1,109.46
649.1,12.7,109.46
649.2,12.7,109.46
649.3,23.5,109.46
649.4,12.7,109.46
649.5,24.3,109.46
649.6,24.9,109.46
649.7,24.7,109.46
649.8,25.0,109.46
649.9,13.6,109.46
650.0,12.2,109.46
650.1,12.4,109.46
650.2,12.8,109.46
650.3,13.0,109.46
650.4,12.9,109.46
650.5,24.3,109.46
650.6,25.8,109.46
650.7,24.5,109.46
650.8,11.8,109.46
650.9,23.8,109.46
651.0,24.3,109.46
651.1,12.9,109.46
651.2,12.0,109.46
651.3,25.4,109.46
651.4,13.4,109.46
651.5,0.0,109.46
651.6,12.5,109.46
651.7,24.6,109.46
651.8,24.5,109.46
651.9,24.8,109.46
652.0,24.8,109.46
652.1,25.9,109.46
652.2,13.3,109.46
652.3,13.5,109.46
652.4,12.8,109.46
652.5,24.2,109.46
652.6,24.7,109.46
652.7,24.5,109.46
652.8,13.3,109.46
652.9,23.7,109.46
653.0,24.1,109.46
653.1,13.9,109.46
653.2,12.5,109.46
653.3,12.3,109.46
653.4,12.6,109.46
653.5,24.2,109.46
653.6,24.4,109.46
653.7,25.4,109.46
653.8,24.3,109.46
653.9,24.3,109.46
654.0,12.4,109.46
654.1,12.3,109.46
654.2,12.5,109.46
654.3,12.5,109.46
654.4,13.1,109.46
654.5,26.3,109.46
654.6,24.6,109.46
654.7,24.9,109.46
654.8,13.3,109.46
654.9,12.4,109.46
655.0,12.8,109.46
655.1,12.9,109.46
655.2,24.9,109.46
655.3,25.7,109.46
655.4,24.6,109.46
655.5,13.0,109.46
655.6,24.2,109.46
655.7,24.8,109.46
655.8,24.4,109.46
655.9,23.4,109.46
656.0,12.9,109.46
656.1,12.5,109.46
656.2,13.7,109.46
656.3,24.5,109.46
656.4,0.0,109.46
656.5,13.0,109.46
656.6,13.4,109.46
656.7,13.0,109.46
656.8,11.9,109.46
656.9,24.6,109.46
657.0,11.6,109.46
657.1,24.3,109.46
657.2,12.2,109.46
657.3,26.2,109.46
657.4,12.7,109.46
657.5,24.1,109.46
657.6,25.4,109.46
657.7,12.7,109.46
657.8,0.0,109.46
657.9,24.1,109.46
658.0,23.8,109.46
658.1,23.9,109.46
658.2,12.8,109.46
658.3,12.5,109.46
658.4,12.5,109.46
658.5,24.1,109.46
658.6,13.1,109.46
658.7,12.7,109.46
658.8,24.9,109.46
658.9,24.8,109.46
659.0,24.4,109.47
659.1,12.4,109.47
659.2,13.2,109.47
659.3,14.2,109.47
659.4,24.7,109.47
659.5,26.5,109.47
659.6,13.2,109.47
659.7,12.4,109.47
659.8,0.0,109.47
659.9,25.0,109.47
660.0,12.5,109.47
660.1,25.5,109.47
660.2,13.7,109.47
660.3,12.5,109.47
660.4,13.1,109.47
660.5,13.1,109.47
660.6,13.2,109.47
660.7,13.7,109.47
660.8,13.0,109.47
660.9,24.9,109.47
661.0,25.1,109.47
661.1,24.7,109.47
661.2,12.9,109.47
661.3,24.9,109.47
661.4,13.3,109.47
661.5,24.8,109.47
661.6,12.6,109.47
661.7,12.8,109.47
661.8,0.0,109.47
661.9,24.9,109.47
662.0,12.5,109.47
662.1,12.6,109.47
662.2,26.4,109.47
662.3,12.9,109.47
662.4,24.4,109.47
662.5,0.0,109.47
662.6,24.5,109.47
662.7,24.9,109.47
662.8,24.7,109.47
662.9,25.5,109.47
663.0,24.3,109.47
663.1,12.6,109.47
663.2,12.6,109.47
663.3,13.0,109.47
663.4,12.7,109.47
663.5,0.0,109.47
663.6,12.5,109.47
663.7,12.8,109.47
663.8,13.4,109.47
663.9,24.6,109.47
664.0,25.7,109.47
664.1,0.0,109.47
664.2,12.4,109.47
664.3,12.6,109.47
664.4,12.7,109.47
664.5,12.7,109.47
664.6,12.7,109.47
664.7,25.0,109.47
664.8,39.4,109.47
664.9,25.0,109.47
665.0,25.2,109.47
665.1,13.5,109.47
665.2,25.3,109.47
665.3,12.4,109.48
665.4,26.2,109.48
665.5,13.7,109.48
665.6,26.1,109.48
665.7,24.8,109.48
665.8,25.1,109.48
665.9,12.8,109.48
666.0,14.0,109.48
666.1,13.8,109.48
666.2,25.5,109.48
666.3,25.5,109.48
666.4,24.5,109.48
666.5,13.3,109.48
666.6,12.4,109.48
666.7,12.6,109.48
666.8,0.0,109.48
666.9,13.4,109.48
667.0,13.6,109.48
667.1,26.0,109.48
667.2,25.3,109.48
667.3,13.3,109.48
667.4,13.6,109.48
667.5,12.3,109.48
667.6,24.0,109.48
667.7,25.5,109.48
667.8,12.4,109.48
667.9,25.1,109.48
668.0,24.4,109.48
668.1,25.9,109.48
668.2,13.3,109.48
668.3,12.6,109.48
668.4,0.0,109.48
668.5,25.9,109.48
668.6,24.8,109.48
668.7,25.2,109.48
668.8,12.5,109.48
668.9,25.0,109.48
669.0,24.1,109.48
669.1,25.1,109.48
669.2,13.8,109.48
669.3,12.3,109.48
669.4,13.3,109.48
669.5,24.7,109.48
669.6,24.9,109.48
669.7,25.8,109.48
669.8,24.8,109.48
669.9,25.1,109.48
670.0,24.3,109.48
670.1,25.4,109.48
670.2,12.4,109.48
670.3,25.2,109.48
670.4,24.4,109.48
670.5,24.7,109.48
670.6,0.0,109.48
670.7,12.4,109.48
670.8,12.7,109.48
670.9,12.5,109.48
671.0,13.2,109.48
671.1,25.2,109.48
671.2,12.4,109.48
671.3,13.4,109.48
671.4,12.5,109.48
671.5,12.3,109.48
671.6,12.8,109.48
671.7,13.6,109.48
671.8,25.1,109.48
671.9,24.9,109.48
672.0,25.3,109.48
672.1,13.0,109.48
672.2,12.9,109.48
672.3,25.0,109.48
672.4,13.6,109.48
672.5,12.9,109.48
672.6,13.4,109.48
672.7,13.1,109.48
672.8,12.8,109.48
672.9,25.8,109.48
673.0,25.3,109.48
673.1,13.2,109.48
673.2,12.7,109.48
673.3,0.0,109.48
673.4,0.0,109.48
673.5,25.0,109.48
673.6,25.2,109.48
673.7,25.3,109.48
673.8,25.1,109.48
673.9,13.9,109.48
674.0,25.2,109.48
674.1,0.0,109.48
674.2,12.4,109.48
674.3,0.0,109.48
674.4,12.5,109.48
674.5,12.8,109.48
674.6,12.3,109.48
674.7,13.8,109.48
674.8,25.1,109.48
674.9,13.3,109.48
675.0,12.3,109.48
675.1,13.3,109.48
675.2,0.0,109.48
675.3,0.0,109.48
675.4,13.6,109.48
675.5,25.6,109.48
675.6,13.7,109.48
675.7,14.3,109.48
675.8,25.9,109.48
675.9,12.9,109.48
676.0,0.0,109.48
676.1,13.0,109.48
676.2,25.0,109.48
676.3,25.4,109.48
676.4,25.8,109.48
676.5,13.1,109.48
676.6,13.6,109.48
676.7,12.8,109.48
676.8,0.0,109.48
676.9,14.0,109.48
677.0,14.0,109.48
677.1,13.3,109.48
677.2,13.0,109.48
677.3,24.9,109.48
677.4,26.1,109.48
677.5,13.4,109.48
677.6,13.2,109.48
677.7,13.0,109.48
677.8,12.5,109.48
677.9,12.6,109.48
678.0,24.2,109.48
678.1,12.9,109.48
678.2,12.4,109.48
678.3,12.9,109.48
678.4,13.4,109.48
678.5,25.0,109.48
678.6,13.9,109.48
678.7,24.9,109.48
678.8,13.0,109.48
678.9,13.1,109.48
679.0,12.6,109.48
679.1,0.0,109.48
679.2,12.4,109.48
679.3,13.2,109.49
679.4,25.6,109.49
679.5,25.5,109.49
679.6,12.9,109.49
679.7,13.0,109.49
679.8,26.1,109.49
679.9,14.1,109.49
680.0,13.0,109.49
680.1,13.1,109.49
680.2,12.8,109.49
680.3,25.9,109.49
680.4,13.3,109.49
680.5,13.1,109.49
680.6,25.6,109.49
680.7,12.8,109.49
680.8,13.9,109.49
680.9,12.7,109.49
681.0,24.2,109.49
681.1,24.7,109.49
681.2,13.1,109.49
681.3,13.2,109.49
681.4,12.2,109.49
681.5,12.5,109.49
681.6,12.3,109.49
681.7,24.4,109.49
681.8,12.9,109.49
681.9,24.5,109.49
682.0,0.0,109.49
682.1,13.2,109.49
682.2,24.7,109.49
682.3,13.5,109.49
682.4,12.8,109.49
682.5,12.3,109.49
682.6,13.4,109.49
682.7,13.1,109.49
682.8,12.8,109.49
682.9,13.5,109.49
683.0,24.4,109.49
683.1,25.5,109.49
683.2,25.2,109.49
683.3,13.2,109.49
683.4,13.0,109.49
683.5,25.4,109.49
683.6,25.0,109.49
683.7,13.1,109.49
683.8,12.8,109.49
683.9,12.4,109.49
684.0,13.3,109.49
684.1,0.0,109.49
684.2,13.3,109.49
684.3,12.5,109.49
684.4,26.1,109.49
684.5,13.1,109.49
684.6,12.8,109.49
684.7,26.2,109.49
684.8,24.9,109.49
684.9,12.9,109.49
685.0,12.7,109.49
685.1,12.7,109.49
685.2,13.2,109.49
685.3,13.2,109.5
685.4,12.7,109.5
685.5,12.7,109.5
685.6,12.2,109.5
685.7,13.1,109.5
685.8,13.7,109.5
685.9,12.9,109.5
686.0,25.9,109.5
686.1,24.5,109.5
686.2,13.5,109.5
686.3,12.7,109.5
686.4,12.8,109.5
686.5,13.1,109.5
686.6,12.7,109.5
686.7,25.2,109.5
686.8,14.2,109.5
686.9,12.5,109.5
687.0,12.9,109.5
687.1,12.9,109.5
687.2,25.3,109.5
687.3,26.3,109.5
687.4,12.6,109.5
687.5,12.5,109.5
687.6,12.7,109.5
687.7,13.3,109.5
687.8,12.7,109.5
687.9,25.1,109.5
688.0,12.9,109.5
688.1,12.5,109.5
688.2,12.8,109.5
688.3,12.7,109.5
688.4,12.7,109.5
688.5,14.6,109.5
688.6,25.1,109.5
688.7,11.9,109.5
688.8,13.5,109.5
688.9,12.9,109.5
689.0,13.6,109.5
689.1,14.0,109.5
689.2,13.4,109.5
689.3,12.7,109.5
689.4,12.4,109.5
689.5,13.1,109.5
689.6,25.0,109.5
689.7,14.2,109.5
689.8,25.4,109.5
689.9,25.6,109.5
690.0,24.7,109.5
690.1,14.7,109.5
690.2,24.7,109.5
690.3,12.7,109.5
690.4,13.7,109.5
690.5,13.5,109.5
690.6,13.4,109.5
690.7,25.4,109.5
690.8,25.1,109.5
690.9,12.9,109.5
691.0,12.7,109.5
691.1,12.6,109.5
691.2,25.4,109.5
691.3,12.3,109.5
691.4,12.1,109.5
691.5,12.7,109.5
691.6,24.1,109.5
691.7,25.2,109.5
691.8,13.5,109.5
691.9,26.2,109.5
692.0,13.2,109.5
692.1,0.0,109.5
692.2,0.0,109.5
692.3,13.3,109.5
692.4,26.2,109.5
692.5,13.9,109.5
692.6,13.8,109.5
692.7,25.6,109.5
692.8,13.1,109.5
692.9,13.5,109.5
693.0,13.9,109.5
693.1,26.5,109.5
693.2,13.9,109.5
693.3,13.2,109.5
693.4,14.0,109.5
693.5,13.7,109.5
693.6,13.5,109.5
693.7,13.2,109.5
693.8,13.3,109.5
693.9,13.3,109.5
694.0,13.6,109.5
694.1,0.0,109.5
694.2,13.3,109.5
694.3,13.7,109.5
694.4,0.0,109.5
694.5,13.4,109.5
694.6,14.4,109.5
694.7,14.3,109.5
694.8,13.3,109.5
694.9,13.3,109.5
695.0,14.3,109.5
695.1,0.0,109.5
695.2,13.8,109.5
695.3,13.3,109.5
695.4,13.3,109.5
695.5,13.1,109.5
695.6,13.4,109.5
695.7,0.0,109.5
695.8,0.0,109.5
695.9,25.9,109.5
696.0,24.8,109.5
696.1,13.5,109.5
696.2,0.0,109.5
696.3,12.6,109.5
696.4,13.1,109.5
696.5,13.3,109.5
696.6,12.5,109.5
696.7,13.2,109.5
696.8,25.7,109.5
696.9,24.4,109.5
697.0,13.5,109.5
697.1,13.3,109.5
697.2,14.7,109.5
697.3,14.2,109.5
697.4,0.0,109.5
697.5,13.3,109.5
697.6,0.0,109.5
697.7,0.0,109.5
697.8,13.9,109.5
697.9,13.7,109.5
698.0,25.7,109.5
698.1,13.5,109.5
698.2,24.6,109.5
698.3,13.0,109.5
698.4,14.2,109.5
698.5,14.3,109.5
698.6,13.7,109.5
698.7,24.4,109.5
698.8,13.2,109.5
698.9,26.3,109.5
699.0,12.6,109.5
699.1,13.1,109.5
699.2,0.0,109.5
699.3,12.6,109.5
699.4,13.1,109.5
699.5,13.3,109.5
699.6,0.0,109.5
699.7,12.6,109.5
699.8,0.0,109.5
699.9,13.0,109.5
700.0,14.6,109.5
700.1,14.3,109.5
700.2,13.1,109.5
700.3,0.0,109.5
700.4,0.0,109.5
700.5,12.7,109.5
700.6,14.0,109.5
700.7,12.9,109.5
700.8,25.5,109.5
700.9,12.9,109.5
701.0,13.2,109.5
701.1,14.2,109.5
701.2,25.6,109.5
701.3,13.3,109.5
701.4,0.0,109.5
701.5,13.0,109.5
701.6,0.0,109.5
701.7,13.4,109.5
701.8,13.3,109.5
701.9,12.8,109.5
702.0,12.9,109.5
702.1,13.9,109.5
702.2,0.0,109.5
702.3,12.5,109.5
702.4,13.5,109.5
702.5,12.7,109.5
702.6,13.0,109.5
702.7,12.5,109.5
702.8,13.2,109.5
702.9,13.2,109.5
703.0,13.5,109.5
703.1,25.3,109.5
703.2,13.8,109.5
703.3,25.8,109.51
703.4,12.7,109.51
703.5,12.9,109.51
703.6,13.8,109.51
703.7,13.1,109.51
703.8,13.3,109.51
703.9,13.6,109.51
704.0,14.2,109.51
704.1,26.5,109.51
704.2,12.8,109.51
704.3,0.0,109.51
704.4,25.7,109.51
704.5,24.6,109.51
704.6,13.4,109.51
704.7,13.2,109.51
704.8,25.0,109.51
704.9,25.9,109.51
705.0,12.8,109.51
705.1,13.1,109.51
705.2,25.6,109.51
705.3,24.9,109.51
705.4,13.3,109.51
705.5,12.7,109.51
705.6,12.2,109.51
705.7,12.8,109.51
705.8,12.8,109.51
705.9,26.4,109.51
706.0,25.0,109.51
706.1,25.0,109.51
706.2,13.1,109.51
706.3,13.2,109.51
706.4,24.3,109.51
706.5,25.4,109.51
706.6,13.4,109.51
706.7,12.5,109.51
706.8,12.8,109.51
706.9,13.0,109.51
707.0,25.0,109.51
707.1,13.9,109.51
707.2,12.6,109.51
707.3,24.4,109.51
707.4,12.7,109.51
707.5,0.0,109.51
707.6,12.6,109.51
707.7,25.2,109.51
707.8,24.8,109.51
707.9,25.5,109.51
708.0,13.4,109.51
708.1,12.3,109.51
708.2,0.0,109.51
708.3,25.6,109.51
708.4,25.0,109.51
708.5,25.5,109.51
708.6,12.6,109.51
708.7,12.7,109.51
708.8,0.0,109.51
708.9,12.3,109.51
709.0,13.0,109.51
709.1,25.5,109.51
709.2,12.3,109.51
709.3,25.9,109.51
709.4,12.4,109.51
709.5,13.3,109.51
709.6,0.0,109.51
709.7,25.1,109.51
709.8,24.6,109.51
709.9,13.9,109.51
710.0,12.7,109.51
710.1,25.1,109.51
710.2,25.0,109.51
710.3,25.1,109.52
710.4,25.6,109.52
710.5,24.8,109.52
710.6,25.3,109.52
710.7,14.0,109.52
710.8,26.1,109.52
710.9,12.9,109.52
711.0,13.0,109.52
711.1,13.5,109.52
711.2,13.0,109.52
711.3,13.0,109.52
711.4,13.2,109.52
711.5,13.2,109.52
711.6,25.5,109.52
711.7,13.5,109.52
711.8,12.6,109.52
711.9,12.8,109.52
712.0,14.0,109.52
712.1,0.0,109.52
712.2,12.7,109.52
712.3,0.0,109.52
712.4,12.7,109.52
712.5,12.9,109.52
712.6,24.9,109.52
712.7,25.5,109.52
712.8,13.7,109.52
712.9,13.2,109.52
713.0,14.0,109.52
713.1,25.4,109.52
713.2,12.9,109.52
713.3,12.6,109.52
713.4,12.8,109.52
713.5,12.6,109.52
713.6,0.0,109.52
713.7,12.5,109.52
713.8,12.7,109.52
713.9,25.2,109.52
714.0,12.2,109.52
714.1,12.6,109.52
714.2,11.8,109.52
714.3,33.2,109.52
714.4,25.1,109.52
714.5,13.5,109.52
714.6,24.6,109.52
714.7,25.4,109.52
714.8,25.3,109.52
714.9,25.5,109.52
715.0,13.3,109.52
715.1,12.2,109.52
715.2,12.9,109.52
715.3,12.6,109.52
715.4,0.0,109.52
715.5,12.8,109.52
715.6,13.3,109.52
715.7,25.6,109.52
715.8,13.2,109.52
715.9,13.0,109.52
716.0,24.8,109.52
716.1,24.6,109.52
716.2,25.0,109.52
716.3,26.0,109.52
716.4,0.0,109.52
716.5,14.7,109.52
716.6,14.3,109.52
716.7,0.0,109.52
716.8,0.0,109.52
716.9,0.0,109.52
717.0,14.7,109.52
717.1,14.3,109.52
717.2,14.4,109.52
717.3,14.0,109.52
717.4,14.6,109.52
717.5,0.0,109.52
717.6,0.0,109.52
717.7,0.0,109.52
717.8,0.0,109.52
717.9,0.0,109.52
718.0,0.0,109.52
718.1,13.0,109.52
718.2,25.0,109.52
718.3,13.2,109.52
718.4,0.0,109.52
718.5,12.6,109.52
718.6,13.5,109.52
718.7,24.7,109.52
718.8,24.8,109.52
718.9,12.5,109.52
719.0,25.2,109.52
719.1,26.0,109.52
719.2,13.7,109.52
719.3,12.6,109.52
719.4,24.9,109.52
719.5,13.0,109.52
719.6,12.7,109.52
719.7,13.2,109.52
719.8,26.2,109.52
719.9,13.1,109.52
720.0,12.9,109.52
720.1,25.1,109.52
720.2,26.3,109.52
720.3,12.7,109.52
720.4,12.4,109.52
720.5,13.2,109.52
720.6,25.4,109.52
720.7,12.3,109.52
720.8,14.0,109.52
720.9,12.8,109.52
721.0,25.4,109.52
721.1,25.2,109.52
721.2,25.8,109.52
721.3,12.4,109.52
721.4,25.1,109.52
721.5,12.7,109.52
721.6,13.5,109.52
721.7,25.2,109.52
721.8,26.1,109.52
721.9,12.8,109.52
722.0,12.5,109.52
722.1,12.6,109.52
722.2,12.5,109.52
722.3,13.0,109.52
722.4,25.2,109.52
722.5,13.4,109.52
722.6,13.3,109.52
722.7,24.9,109.52
722.8,26.1,109.52
722.9,12.8,109.52
723.0,12.4,109.52
723.1,13.4,109.52
723.2,26.1,109.52
723.3,12.2,109.52
723.4,14.7,109.52
723.5,13.5,109.52
723.6,24.7,109.52
723.7,25.3,109.52
723.8,12.5,109.52
723.9,12.2,109.52
724.0,0.0,109.52
724.1,26.0,109.52
724.2,24.9,109.52
724.3,25.7,109.52
724.4,12.7,109.52
724.5,13.5,109.52
724.6,25.2,109.52
724.7,13.3,109.52
724.8,12.6,109.52
724.9,12.7,109.52
725.0,12.6,109.52
725.1,26.1,109.52
725.2,24.8,109.52
725.3,13.2,109.52
725.4,13.5,109.52
725.5,13.1,109.52
725.6,13.5,109.52
725.7,14.3,109.52
725.8,13.4,109.52
725.9,13.8,109.52
726.0,24.8,109.52
726.1,12.8,109.52
726.2,14.1,109.52
726.3,0.0,109.52
726.4,0.0,109.52
726.5,0.0,109.52
726.6,0.0,109.52
726.7,14.4,109.52
726.8,14.5,109.52
726.9,14.8,109.52
727.0,0.0,109.52
727.1,0.0,109.52
727.2,0.0,109.52
727.3,13.2,109.52
727.4,13.5,109.52
727.5,12.4,109.52
727.6,13.6,109.52
727.7,13.5,109.52
727.8,13.2,109.52
727.9,12.8,109.52
728.0,12.8,109.52
728.1,0.0,109.52
728.2,25.9,109.52
728.3,25.1,109.52
728.4,14.2,109.52
728.5,13.1,109.52
728.6,12.5,109.52
728.7,12.7,109.52
728.8,13.0,109.53
728.9,24.6,109.53
729.0,26.5,109.53
729.1,12.9,109.53
729.2,13.2,109.53
729.3,24.4,109.53
729.4,25.1,109.53
729.5,24.7,109.53
729.6,13.0,109.53
729.7,24.8,109.53
729.8,24.9,109.53
729.9,24.7,109.53
730.0,12.4,109.53
730.1,25.2,109.53
730.2,26.3,109.53
730.3,12.7,109.53
730.4,24.9,109.53
730.5,0.0,109.53
730.6,12.2,109.53
730.7,0.0,109.53
730.8,12.5,109.53
730.9,26.6,109.53
731.0,13.6,109.53
731.1,12.5,109.53
731.2,12.4,109.53
731.3,12.8,109.53
731.4,12.3,109.53
731.5,12.7,109.53
731.6,12.6,109.53
731.7,13.3,109.53
731.8,0.0,109.53
731.9,12.9,109.53
732.0,0.0,109.53
732.1,12.7,109.53
732.2,12.5,109.53
732.3,12.7,109.53
732.4,13.6,109.53
732.5,25.0,109.53
732.6,12.8,109.53
732.7,13.2,109.53
732.8,13.2,109.53
732.9,12.4,109.53
733.0,12.7,109.53
733.1,24.6,109.53
733.2,24.8,109.53
733.3,25.0,109.53
733.4,24.7,109.53
733.5,24.5,109.53
733.6,24.9,109.53
733.7,13.3,109.53
733.8,0.0,109.53
733.9,13.1,109.53
734.0,14.4,109.53
734.1,14.7,109.53
734.2,14.3,109.53
734.3,14.7,109.53
734.4,0.0,109.53
734.5,0.0,109.53
734.6,0.0,109.53
734.7,14.3,109.53
734.8,14.8,109.53
734.9,0.0,109.53
735.0,0.0,109.53
735.1,0.0,109.53
735.2,14.3,109.53
735.3,14.8,109.53
735.4,14.7,109.53
735.5,0.0,109.53
735.6,0.0,109.53
735.7,14.4,109.53
735.8,26.3,109.53
735.9,13.1,109.53
736.0,0.0,109.53
736.1,13.2,109.53
736.2,26.4,109.53
736.3,24.9,109.53
736.4,25.1,109.53
736.5,12.5,109.53
736.6,24.9,109.53
736.7,25.1,109.53
736.8,25.2,109.53
736.9,25.3,109.53
737.0,24.4,109.53
737.1,13.1,109.53
737.2,12.7,109.53
737.3,0.0,109.53
737.4,13.0,109.53
737.5,24.4,109.53
737.6,13.1,109.53
737.7,13.2,109.53
737.8,12.6,109.53
737.9,13.1,109.53
738.0,13.2,109.53
738.1,12.9,109.53
738.2,13.0,109.53
738.3,12.4,109.53
738.4,13.1,109.53
738.5,12.3,109.53
738.6,0.0,109.53
738.7,12.8,109.53
738.8,12.3,109.53
738.9,13.7,109.53
739.0,13.0,109.53
739.1,12.7,109.54
739.2,13.2,109.54
739.3,24.7,109.54
739.4,25.5,109.54
739.5,13.2,109.54
739.6,12.7,109.54
739.7,13.3,109.54
739.8,13.2,109.54
739.9,12.8,109.54
740.0,13.4,109.54
740.1,12.7,109.54
740.2,14.0,109.54
740.3,24.7,109.54
740.4,25.3,109.54
740.5,12.7,109.54
740.6,13.3,109.54
740.7,13.7,109.54
740.8,13.2,109.54
740.9,13.4,109.54
741.0,13.0,109.54
741.1,25.8,109.54
741.2,12.1,109.54
741.3,25.8,109.54
741.4,12.9,109.54
741.5,13.5,109.54
741.6,13.8,109.54
741.7,12.9,109.54
741.8,13.6,109.54
741.9,0.0,109.54
742.0,13.3,109.54
742.1,13.2,109.54
742.2,12.6,109.54
742.3,0.0,109.54
742.4,26.8,109.54
742.5,13.1,109.54
742.6,13.0,109.54
742.7,24.8,109.54
742.8,13.3,109.54
742.9,12.4,109.54
743.0,12.4,109.54
743.1,13.9,109.54
743.2,13.2,109.54
743.3,12.8,109.54
743.4,13.1,109.54
743.5,24.8,109.54
743.6,24.9,109.54
743.7,25.0,109.54
743.8,26.0,109.54
743.9,24.8,109.54
744.0,13.9,109.54
744.1,14.4,109.54
744.2,25.5,109.54
744.3,12.8,109.54
744.4,12.7,109.54
744.5,13.2,109.54
744.6,14.4,109.54
744.7,25.2,109.54
744.8,13.3,109.54
744.9,12.5,109.54
745.0,12.4,109.54
745.1,13.1,109.54
745.2,13.6,109.54
745.3,12.5,109.54
745.4,12.4,109.54
745.5,13.5,109.54
745.6,13.2,109.54
745.7,12.6,109.54
745.8,13.1,109.54
745.9,25.3,109.54
746.0,25.0,109.54
746.1,25.5,109.54
746.2,0.0,109.54
746.3,12.4,109.54
746.4,12.7,109.54
746.5,13.5,109.54
746.6,25.1,109.54
746.7,13.0,109.54
746.8,13.1,109.54
746.9,24.5,109.54
747.0,0.0,109.54
747.1,12.9,109.54
747.2,25.6,109.54
747.3,12.9,109.54
747.4,0.0,109.54
747.5,24.1,109.54
747.6,13.3,109.54
747.7,25.3,109.54
747.8,25.2,109.54
747.9,24.9,109.55
748.0,25.4,109.55
748.1,13.6,109.55
748.2,0.0,109.55
748.3,12.4,109.55
748.4,25.0,109.55
748.5,12.5,109.55
748.6,24.6,109.55
748.7,24.9,109.55
748.8,25.2,109.55
748.9,12.8,109.55
749.0,12.5,109.55
749.1,13.7,109.55
749.2,24.2,109.55
749.3,26.7,109.55
749.4,13.4,109.55
749.5,24.9,109.55
749.6,26.1,109.55
749.7,13.5,109.55
749.8,26.5,109.55
749.9,12.7,109.55
750.0,12.7,109.55
750.1,13.3,109.55
750.2,13.2,109.55
750.3,13.1,109.55
750.4,13.2,109.55
750.5,13.5,109.55
750.6,26.1,109.55
750.7,13.6,109.55
750.8,12.4,109.55
750.9,0.0,109.55
751.0,12.6,109.55
751.1,13.3,109.55
751.2,0.0,109.55
751.3,13.0,109.55
751.4,24.7,109.55
751.5,12.9,109.55
751.6,13.9,109.55
751.7,13.2,109.55
751.8,13.2,109.55
751.9,13.4,109.55
752.0,13.0,109.55
752.1,12.7,109.55
752.2,13.2,109.55
752.3,24.8,109.55
752.4,13.2,109.55
752.5,24.8,109.55
752.6,25.2,109.55
752.7,24.9,109.55
752.8,12.9,109.55
752.9,12.5,109.55
753.0,12.8,109.55
753.1,12.7,109.55
753.2,12.5,109.55
753.3,0.0,109.55
753.4,13.8,109.55
753.5,24.9,109.55
753.6,13.1,109.55
753.7,13.2,109.55
753.8,13.2,109.55
753.9,12.9,109.55
754.0,13.0,109.55
754.1,13.0,109.55
754.2,13.6,109.55
754.3,12.6,109.55
754.4,25.2,109.55
754.5,25.5,109.55
754.6,13.2,109.55
754.7,13.3,109.55
754.8,14.3,109.55
754.9,12.8,109.55
755.0,13.4,109.55
755.1,13.2,109.55
755.2,13.2,109.55
755.3,25.2,109.55
755.4,13.0,109.55
755.5,24.9,109.55
755.6,13.3,109.55
755.7,12.9,109.55
755.8,13.7,109.55
755.9,13.8,109.55
756.0,0.0,109.55
756.1,0.0,109.55
756.2,0.0,109.55
756.3,14.7,109.55
756.4,14.2,109.55
756.5,14.4,109.55
756.6,14.3,109.55
756.7,0.0,109.55
756.8,14.4,109.55
756.9,14.1,109.55
757.0,14.8,109.55
757.1,14.1,109.55
757.2,14.4,109.55
757.3,0.0,109.55
757.4,0.0,109.55
757.5,0.0,109.55
757.6,0.0,109.55
757.7,13.4,109.55
757.8,13.0,109.55
757.9,12.4,109.55
758.0,24.6,109.55
758.1,25.0,109.55
758.2,13.2,109.55
758.3,0.0,109.55
758.4,12.8,109.55
758.5,12.5,109.55
758.6,0.0,109.55
758.7,0.0,109.55
758.8,12.5,109.55
758.9,12.3,109.55
759.0,12.7,109.55
759.1,25.0,109.55
759.2,12.7,109.55
759.3,12.3,109.55
759.4,12.8,109.55
759.5,12.5,109.55
759.6,12.7,109.55
759.7,12.4,109.55
759.8,13.4,109.55
759.9,13.4,109.55
760.0,12.7,109.55
760.1,0.0,109.55
760.2,13.4,109.55
760.3,12.6,109.55
760.4,37.1,109.55
760.5,25.7,109.55
760.6,24.7,109.55
760.7,26.0,109.55
760.8,13.4,109.55
760.9,13.9,109.55
761.0,12.9,109.55
761.1,24.9,109.55
761.2,26.2,109.55
761.3,25.3,109.55
761.4,13.1,109.55
761.5,12.6,109.55
761.6,12.9,109.55
761.7,25.4,109.55
761.8,25.4,109.55
761.9,12.8,109.55
762.0,13.0,109.55
762.1,12.9,109.55
762.2,24.7,109.55
762.3,25.0,109.55
762.4,26.4,109.55
762.5,13.6,109.55
762.6,25.6,109.55
762.7,24.9,109.55
762.8,13.2,109.55
762.9,13.4,109.55
763.0,14.5,109.55
763.1,12.3,109.55
763.2,13.2,109.55
763.3,12.6,109.55
763.4,12.5,109.55
763.5,12.4,109.55
763.6,13.2,109.55
763.7,26.6,109.55
763.8,12.8,109.55
763.9,12.3,109.55
764.0,12.6,109.55
764.1,12.6,109.55
764.2,12.9,109.55
764.3,13.1,109.55
764.4,25.1,109.55
764.5,25.7,109.55
764.6,13.3,109.55
764.7,25.2,109.55
764.8,25.3,109.55
764.9,26.6,109.55
765.0,12.8,109.55
765.1,12.9,109.55
765.2,25.0,109.55
765.3,13.5,109.55
765.4,13.3,109.55
765.5,13.3,109.55
765.6,12.6,109.55
765.7,12.5,109.55
765.8,12.7,109.55
765.9,12.8,109.55
766.0,24.5,109.55
766.1,12.5,109.55
766.2,12.5,109.55
766.3,0.0,109.55
766.4,12.5,109.55
766.5,24.7,109.55
766.6,12.5,109.55
766.7,24.9,109.55
766.8,12.8,109.55
766.9,24.6,109.55
767.0,24.7,109.56
767.1,25.3,109.56
767.2,12.9,109.56
767.3,12.7,109.56
767.4,12.7,109.56
767.5,13.6,109.56
767.6,0.0,109.56
767.7,25.2,109.56
767.8,13.0,109.56
767.9,13.6,109.56
768.0,13.3,109.56
768.1,13.5,109.56
768.2,13.1,109.56
768.3,12.5,109.56
768.4,12.9,109.56
768.5,0.0,109.56
768.6,13.6,109.56
768.7,13.3,109.56
768.8,13.2,109.56
768.9,13.9,109.56
769.0,25.5,109.56
769.1,25.2,109.56
769.2,13.4,109.56
769.3,13.4,109.56
769.4,25.2,109.56
769.5,13.2,109.56
769.6,12.4,109.56
769.7,0.0,109.56
769.8,25.6,109.56
769.9,24.9,109.56
770.0,13.3,109.56
770.1,12.8,109.56
770.2,13.4,109.56
770.3,24.4,109.56
770.4,13.4,109.56
770.5,13.0,109.56
770.6,25.3,109.56
770.7,13.9,109.56
770.8,0.0,109.56
770.9,24.7,109.56
771.0,24.8,109.56
771.1,25.3,109.56
771.2,12.7,109.56
771.3,12.5,109.56
771.4,13.7,109.56
771.5,12.2,109.56
771.6,25.1,109.56
771.7,13.8,109.56
771.8,12.7,109.56
771.9,26.1,109.56
772.0,13.9,109.56
772.1,14.8,109.56
772.2,14.6,109.56
772.3,0.0,109.56
772.4,0.0,109.56
772.5,14.3,109.56
772.6,14.4,109.56
772.7,14.2,109.56
772.8,14.7,109.56
772.9,14.4,109.56
773.0,14.8,109.56
773.1,0.0,109.56
773.2,0.0,109.56
773.3,0.0,109.56
773.4,0.0,109.57
773.5,14.3,109.57
773.6,13.1,109.57
773.7,25.5,109.57
773.8,13.6,109.57
773.9,25.3,109.57
774.0,24.5,109.57
774.1,25.4,109.57
774.2,12.4,109.57
774.3,25.1,109.57
774.4,26.9,109.57
774.5,12.7,109.57
774.6,13.1,109.57
774.7,24.9,109.57
774.8,25.1,109.57
774.9,25.8,109.57
775.0,12.8,109.57
775.1,12.5,109.57
775.2,12.9,109.57
775.3,0.0,109.57
775.4,0.0,109.57
775.5,0.0,109.57
775.6,0.0,109.57
775.7,0.0,109.57
775.8,14.8,109.57
775.9,14.5,109.57
776.0,14.3,109.57
776.1,14.2,109.57
776.2,14.2,109.57
776.3,14.4,109.57
776.4,14.3,109.57
776.5,14.4,109.57
776.6,14.2,109.57
776.7,14.4,109.57
776.8,14.2,109.57
776.9,14.3,109.57
777.0,14.2,109.57
777.1,13.1,109.57
777.2,13.2,109.57
777.3,25.2,109.57
777.4,13.0,109.57
777.5,13.2,109.57
777.6,26.8,109.57
777.7,14.3,109.57
777.8,13.0,109.57
777.9,0.0,109.57
778.0,13.3,109.57
778.1,12.7,109.57
778.2,12.7,109.57
778.3,13.2,109.57
778.4,25.5,109.57
778.5,24.9,109.57
778.6,13.3,109.57
778.7,12.3,109.57
778.8,12.7,109.57
778.9,13.5,109.57
779.0,13.2,109.57
779.1,13.6,109.57
779.2,13.9,109.57
779.3,25.8,109.57
779.4,24.3,109.57
779.5,13.1,109.57
779.6,13.2,109.57
779.7,26.4,109.57
779.8,13.4,109.57
779.9,12.8,109.57
780.0,13.5,109.57
780.1,0.0,109.57
780.2,12.5,109.57
780.3,12.3,109.57
780.4,12.8,109.57
780.5,12.4,109.57
780.6,12.8,109.57
780.7,12.4,109.57
780.8,0.0,109.57
780.9,13.1,109.57
781.0,13.6,109.57
781.1,0.0,109.57
781.2,0.0,109.57
781.3,13.0,109.57
781.4,13.9,109.57
781.5,26.1,109.57
781.6,13.3,109.57
781.7,13.2,109.57
781.8,14.7,109.57
781.9,24.9,109.57
782.0,13.6,109.57
782.1,12.5,109.57
782.2,25.4,109.57
782.3,24.9,109.57
782.4,25.4,109.57
782.5,25.0,109.57
782.6,25.2,109.57
782.7,13.2,109.57
782.8,13.0,109.57
782.9,13.9,109.57
783.0,0.0,109.57
783.1,0.0,109.57
783.2,13.2,109.57
783.3,14.3,109.57
783.4,13.2,109.57
783.5,13.3,109.57
783.6,13.7,109.57
783.7,13.2,109.57
783.8,13.7,109.57
783.9,12.9,109.57
784.0,25.3,109.57
784.1,12.7,109.57
784.2,13.1,109.57
784.3,13.7,109.57
784.4,13.3,109.57
784.5,13.3,109.57
784.6,13.1,109.57
784.7,12.5,109.57
784.8,0.0,109.57
784.9,25.6,109.57
785.0,13.4,109.57
785.1,13.5,109.57
785.2,12.4,109.57
785.3,13.3,109.57
785.4,25.3,109.57
785.5,25.2,109.57
785.6,13.2,109.57
785.7,13.5,109.57
785.8,25.9,109.57
785.9,0.0,109.57
786.0,12.1,109.57
786.1,13.5,109.57
786.2,13.5,109.57
786.3,13.0,109.57
786.4,13.2,109.57
786.5,0.0,109.57
786.6,12.7,109.57
786.7,24.8,109.57
786.8,25.4,109.57
786.9,13.5,109.57
787.0,12.6,109.57
787.1,13.4,109.57
787.2,13.3,109.57
787.3,13.3,109.57
787.4,13.3,109.57
787.5,0.0,109.57
787.6,26.0,109.57
787.7,24.6,109.58
787.8,12.9,109.58
787.9,12.6,109.58
788.0,13.8,109.58
788.1,12.8,109.58
788.2,13.6,109.58
788.3,13.2,109.58
788.4,13.4,109.58
788.5,13.2,109.58
788.6,13.0,109.58
788.7,12.4,109.58
788.8,12.8,109.58
788.9,25.6,109.58
789.0,24.8,109.58
789.1,25.4,109.58
789.2,13.5,109.58
789.3,12.3,109.58
789.4,12.5,109.58
789.5,12.4,109.58
789.6,0.0,109.58
789.7,25.6,109.58
789.8,25.3,109.58
789.9,25.6,109.58
790.0,14.4,109.58
790.1,0.0,109.58
790.2,0.0,109.58
790.3,0.0,109.58
790.4,0.0,109.58
790.5,14.3,109.58
790.6,14.8,109.58
790.7,14.6,109.58
790.8,0.0,109.58
790.9,0.0,109.58
791.0,14.2,109.58
791.1,14.7,109.58
791.2,14.1,109.58
791.3,14.8,109.58
791.4,14.2,109.58
791.5,14.4,109.58
791.6,0.0,109.58
791.7,0.0,109.58
791.8,0.0,109.58
791.9,14.4,109.58
792.0,14.3,109.58
792.1,14.7,109.58
792.2,14.3,109.58
792.3,14.0,109.58
792.4,14.2,109.58
792.5,26.0,109.58
792.6,12.7,109.58
792.7,12.7,109.58
792.8,12.8,109.58
792.9,13.1,109.58
793.0,13.1,109.58
793.1,12.8,109.58
793.2,12.8,109.58
793.3,13.4,109.58
793.4,13.7,109.58
793.5,13.2,109.58
793.6,0.0,109.58
793.7,26.0,109.58
793.8,13.8,109.58
793.9,13.9,109.58
794.0,12.8,109.58
794.1,26.0,109.58
794.2,24.0,109.58
794.3,23.7,109.58
794.4,12.5,109.58
794.5,12.4,109.58
794.6,12.7,109.58
794.7,24.4,109.58
794.8,12.5,109.58
794.9,0.0,109.58
795.0,13.9,109.58
795.1,12.6,109.58
795.2,13.5,109.58
795.3,13.1,109.58
795.4,12.8,109.58
795.5,13.7,109.58
795.6,13.5,109.58
795.7,0.0,109.58
795.8,12.4,109.58
795.9,12.5,109.58
796.0,12.9,109.58
796.1,12.6,109.58
796.2,13.3,109.58
796.3,13.1,109.58
796.4,12.4,109.58
796.5,13.0,109.58
796.6,26.0,109.58
796.7,25.1,109.58
796.8,13.3,109.58
796.9,12.9,109.58
797.0,25.9,109.58
797.1,25.2,109.58
797.2,13.1,109.58
797.3,13.2,109.58
797.4,13.5,109.58
797.5,12.9,109.58
797.6,25.7,109.58
797.7,25.2,109.58
797.8,13.3,109.58
797.9,13.1,109.58
798.0,26.0,109.58
798.1,24.9,109.58
798.2,12.8,109.58
798.3,12.7,109.58
798.4,12.8,109.58
798.5,25.5,109.58
798.6,25.0,109.58
798.7,25.0,109.58
798.8,26.0,109.58
798.9,12.9,109.59
799.0,12.8,109.59
799.1,12.4,109.59
799.2,12.4,109.59
799.3,12.5,109.59
799.4,13.0,109.59
799.5,26.0,109.59
799.6,25.5,109.59
799.7,24.7,109.59
799.8,13.3,109.59
799.9,0.0,109.59
800.0,25.9,109.59
800.1,25.5,109.59
800.2,13.2,109.59
800.3,12.6,109.59
800.4,12.7,109.59
800.5,26.0,109.59
800.6,24.5,109.59
800.7,13.2,109.59
800.8,12.8,109.59
800.9,12.4,109.59
801.0,13.4,109.59
801.1,25.9,109.59
801.2,24.9,109.59
801.3,13.4,109.59
801.4,26.3,109.59
801.5,13.1,109.59
801.6,13.3,109.59
801.7,25.9,109.59
801.8,24.7,109.59
801.9,13.3,109.59
802.0,13.3,109.59
802.1,13.2,109.59
802.2,13.0,109.59
802.3,25.2,109.59
802.4,14.5,109.59
802.5,13.1,109.59
802.6,12.8,109.59
802.7,0.0,109.59
802.8,25.9,109.59
802.9,13.2,109.59
803.0,12.7,109.59
803.1,13.0,109.59
803.2,25.8,109.59
803.3,12.8,109.59
803.4,13.7,109.59
803.5,12.5,109.59
803.6,13.2,109.59
803.7,12.7,109.59
803.8,13.4,109.59
803.9,12.9,109.59
804.0,12.7,109.59
804.1,12.6,109.59
804.2,12.7,109.59
804.3,25.3,109.59
804.4,25.1,109.59
804.5,24.9,109.59
804.6,24.8,109.59
804.7,24.8,109.59
804.8,12.3,109.59
804.9,12.8,109.59
805.0,25.3,109.59
805.1,13.5,109.59
805.2,12.5,109.59
805.3,12.8,109.59
805.4,12.5,109.59
805.5,13.5,109.59
805.6,13.0,109.59
805.7,13.3,109.59
805.8,13.0,109.59
805.9,12.6,109.59
806.0,12.7,109.59
806.1,12.8,109.59
806.2,13.3,109.59
806.3,24.8,109.59
806.4,13.1,109.59
806.5,0.0,109.59
806.6,0.0,109.59
806.7,12.7,109.59
806.8,13.4,109.59
806.9,13.2,109.59
807.0,0.0,109.59
807.1,13.4,109.59
807.2,26.3,109.59
807.3,13.2,109.59
807.4,13.6,109.59
807.5,12.2,109.59
807.6,25.1,109.59
807.7,25.8,109.59
807.8,12.6,109.59
807.9,12.9,109.59
808.0,12.3,109.59
808.1,12.9,109.59
808.2,13.0,109.59
808.3,25.1,109.59
808.4,25.5,109.59
808.5,13.2,109.59
808.6,12.9,109.59
808.7,12.4,109.59
808.8,26.5,109.59
808.9,13.6,109.59
809.0,26.6,109.59
809.1,26.3,109.59
809.2,12.7,109.59
809.3,25.7,109.59
809.4,25.5,109.59
809.5,13.2,109.59
809.6,11.6,109.59
809.7,24.7,109.59
809.8,24.8,109.59
809.9,24.9,109.59
810.0,12.4,109.59
810.1,13.2,109.59
810.2,25.5,109.59
810.3,13.5,109.59
810.4,38.4,109.59
810.5,25.4,109.59
810.6,12.9,109.59
810.7,12.8,109.59
810.8,12.6,109.59
810.9,13.3,109.59
811.0,13.3,109.59
811.1,12.7,109.59
811.2,13.4,109.59
811.3,13.7,109.59
811.4,25.7,109.59
811.5,12.9,109.59
811.6,12.5,109.59
811.7,12.8,109.6
811.8,12.7,109.6
811.9,26.2,109.6
812.0,25.6,109.6
812.1,12.6,109.6
812.2,13.6,109.6
812.3,13.7,109.6
812.4,13.4,109.6
812.5,13.2,109.6
812.6,13.4,109.6
812.7,13.1,109.6
812.8,0.0,109.6
812.9,13.3,109.6
813.0,13.7,109.6
813.1,26.6,109.6
813.2,12.7,109.6
813.3,0.0,109.6
813.4,11.8,109.6
813.5,25.7,109.6
813.6,24.5,109.6
813.7,25.5,109.6
813.8,25.4,109.6
813.9,13.0,109.6
814.0,13.6,109.6
814.1,13.1,109.6
814.2,12.8,109.6
814.3,12.6,109.6
814.4,13.5,109.6
814.5,13.3,109.6
814.6,13.1,109.6
814.7,25.5,109.6
814.8,13.2,109.6
814.9,12.7,109.6
815.0,26.3,109.6
815.1,25.1,109.6
815.2,24.7,109.6
815.3,12.7,109.6
815.4,25.1,109.6
815.5,13.2,109.6
815.6,12.7,109.6
815.7,25.2,109.6
815.8,25.6,109.6
815.9,25.0,109.6
816.0,13.3,109.6
816.1,13.3,109.6
816.2,13.3,109.6
816.3,0.0,109.6
816.4,12.9,109.6
816.5,25.5,109.6
816.6,13.1,109.6
816.7,13.6,109.6
816.8,13.1,109.6
816.9,13.5,109.6
817.0,13.1,109.6
817.1,13.5,109.6
817.2,25.1,109.6
817.3,24.9,109.6
817.4,24.7,109.6
817.5,24.8,109.6
817.6,24.2,109.6
817.7,13.1,109.6
817.8,25.0,109.6
817.9,25.6,109.6
818.0,13.0,109.6
818.1,24.7,109.6
818.2,12.8,109.6
818.3,12.4,109.6
818.4,12.8,109.6
818.5,12.2,109.6
818.6,13.4,109.6
818.7,12.9,109.6
818.8,0.0,109.6
818.9,12.4,109.6
819.0,14.1,109.6
819.1,24.9,109.6
819.2,13.0,109.6
819.3,0.0,109.6
819.4,12.6,109.6
819.5,13.8,109.6
819.6,25.1,109.6
819.7,24.9,109.6
819.8,12.8,109.6
819.9,12.6,109.6
820.0,13.6,109.6
820.1,13.2,109.6
820.2,12.7,109.6
820.3,12.5,109.6
820.4,12.5,109.6
820.5,12.6,109.6
820.6,12.6,109.6
820.7,12.7,109.6
820.8,13.6,109.6
820.9,24.4,109.6
821.0,24.5,109.6
821.1,13.0,109.6
821.2,12.7,109.6
821.3,12.6,109.6
821.4,0.0,109.6
821.5,12.5,109.6
821.6,12.6,109.6
821.7,13.2,109.6
821.8,13.3,109.6
821.9,13.4,109.6
822.0,25.3,109.6
822.1,12.9,109.6
822.2,13.0,109.6
822.3,25.5,109.6
822.4,13.1,109.6
822.5,12.9,109.6
822.6,12.7,109.6
822.7,13.4,109.6
822.8,13.7,109.6
822.9,12.5,109.6
823.0,25.8,109.6
823.1,12.8,109.6
823.2,12.5,109.6
823.3,0.0,109.6
823.4,13.0,109.6
823.5,12.8,109.6
823.6,26.5,109.6
823.7,13.9,109.6
823.8,14.2,109.6
823.9,14.0,109.6
824.0,25.5,109.6
824.1,13.3,109.61
824.2,12.5,109.61
824.3,13.1,109.61
824.4,25.0,109.61
824.5,13.2,109.61
824.6,0.0,109.61
824.7,13.2,109.61
824.8,25.1,109.61
824.9,13.2,109.61
825.0,12.4,109.61
825.1,12.6,109.61
825.2,12.5,109.61
825.3,12.6,109.61
825.4,13.3,109.61
825.5,25.8,109.61
825.6,12.8,109.61
825.7,12.4,109.61
825.8,13.6,109.61
825.9,25.6,109.61
826.0,13.3,109.61
826.1,12.2,109.61
826.2,13.8,109.61
826.3,13.6,109.61
826.4,25.9,109.61
826.5,13.1,109.61
826.6,13.2,109.61
826.7,13.1,109.61
826.8,12.9,109.61
826.9,12.8,109.61
827.0,26.5,109.61
827.1,13.2,109.61
827.2,13.1,109.61
827.3,13.4,109.61
827.4,0.0,109.61
827.5,13.0,109.61
827.6,14.5,109.61
827.7,13.6,109.61
827.8,13.7,109.61
827.9,12.3,109.61
828.0,12.9,109.61
828.1,0.0,109.61
828.2,12.7,109.61
828.3,13.1,109.61
828.4,25.0,109.61
828.5,26.3,109.61
828.6,13.9,109.61
828.7,14.1,109.61
828.8,25.5,109.61
828.9,12.5,109.61
829.0,13.2,109.61
829.1,13.5,109.61
829.2,13.1,109.61
829.3,13.1,109.61
829.4,13.8,109.61
829.5,12.6,109.61
829.6,13.3,109.61
829.7,24.9,109.61
829.8,13.2,109.61
829.9,12.5,109.61
830.0,13.2,109.61
830.1,25.0,109.61
830.2,13.7,109.61
830.3,12.6,109.61
830.4,13.3,109.61
830.5,12.8,109.61
830.6,13.0,109.61
830.7,25.0,109.61
830.8,13.6,109.61
830.9,13.5,109.61
831.0,13.5,109.61
831.1,12.7,109.61
831.2,12.7,109.61
831.3,13.4,109.61
831.4,12.5,109.61
831.5,24.6,109.61
831.6,24.6,109.61
831.7,13.6,109.61
831.8,26.5,109.61
831.9,13.6,109.61
832.0,25.0,109.61
832.1,25.6,109.61
832.2,25.6,109.61
832.3,13.8,109.61
832.4,13.5,109.61
832.5,13.4,109.61
832.6,25.5,109.61
832.7,25.2,109.61
832.8,24.9,109.61
832.9,13.1,109.61
833.0,13.6,109.61
833.1,13.3,109.61
833.2,25.2,109.61
833.3,25.7,109.61
833.4,12.9,109.61
833.5,12.7,109.61
833.6,0.0,109.61
833.7,13.2,109.61
833.8,13.5,109.61
833.9,13.0,109.61
834.0,25.0,109.61
834.1,12.2,109.61
834.2,24.1,109.61
834.3,24.7,109.61
834.4,24.6,109.61
834.5,25.1,109.61
834.6,25.5,109.61
834.7,12.7,109.61
834.8,12.3,109.61
834.9,13.6,109.61
835.0,12.3,109.61
835.1,13.2,109.61
835.2,12.8,109.61
835.3,24.7,109.61
835.4,13.1,109.61
835.5,12.7,109.61
835.6,24.7,109.61
835.7,13.0,109.61
835.8,13.5,109.61
835.9,12.2,109.61
836.0,12.8,109.61
836.1,13.5,109.61
836.2,26.6,109.61
836.3,12.6,109.61
836.4,0.0,109.61
836.5,12.7,109.61
836.6,13.3,109.61
836.7,12.8,109.61
836.8,13.0,109.61
836.9,13.1,109.61
837.0,24.8,109.62
837.1,13.1,109.62
837.2,13.2,109.62
837.3,24.5,109.62
837.4,13.2,109.62
837.5,25.0,109.62
837.6,24.5,109.62
837.7,0.0,109.62
837.8,12.6,109.62
837.9,25.9,109.62
838.0,0.0,109.62
838.1,0.0,109.62
838.2,13.0,109.62
838.3,24.9,109.62
838.4,13.4,109.62
838.5,13.4,109.62
838.6,25.4,109.62
838.7,13.1,109.62
838.8,12.2,109.62
838.9,23.9,109.62
839.0,13.0,109.62
839.1,13.2,109.62
839.2,12.6,109.62
839.3,12.2,109.62
839.4,12.4,109.62
839.5,23.8,109.62
839.6,25.5,109.62
839.7,12.7,109.62
839.8,13.0,109.62
839.9,0.0,109.62
840.0,12.7,109.62
840.1,0.0,109.62
840.2,26.7,109.62
840.3,12.7,109.62
840.4,24.3,109.62
840.5,24.8,109.62
840.6,13.8,109.62
840.7,13.6,109.62
840.8,12.5,109.62
840.9,13.0,109.62
841.0,25.8,109.62
841.1,25.7,109.62
841.2,13.3,109.62
841.3,12.8,109.62
841.4,25.5,109.62
841.5,25.6,109.62
841.6,13.3,109.62
841.7,13.3,109.62
841.8,12.7,109.62
841.9,24.8,109.62
842.0,0.0,109.62
842.1,12.5,109.62
842.2,13.2,109.62
842.3,12.8,109.62
842.4,25.6,109.62
842.5,25.0,109.62
842.6,13.1,109.62
842.7,13.1,109.62
842.8,24.9,109.62
842.9,13.2,109.62
843.0,13.6,109.62
843.1,25.3,109.62
843.2,25.0,109.62
843.3,13.0,109.62
843.4,12.8,109.62
843.5,12.4,109.62
843.6,0.0,109.62
843.7,12.7,109.62
843.8,25.6,109.62
843.9,14.0,109.62
844.0,26.0,109.62
844.1,13.4,109.62
844.2,12.5,109.62
844.3,12.9,109.62
844.4,25.5,109.62
844.5,13.3,109.62
844.6,12.7,109.62
844.7,12.4,109.62
844.8,12.8,109.62
844.9,25.5,109.62
845.0,25.7,109.62
845.1,13.0,109.62
845.2,12.6,109.62
845.3,13.3,109.62
845.4,12.8,109.62
845.5,13.3,109.62
845.6,13.4,109.62
845.7,13.3,109.62
845.8,25.6,109.62
845.9,12.2,109.62
846.0,25.6,109.62
846.1,25.0,109.62
846.2,13.4,109.62
846.3,12.6,109.62
846.4,12.4,109.62
846.5,12.7,109.62
846.6,26.3,109.62
846.7,12.7,109.62
846.8,13.5,109.62
846.9,25.4,109.62
847.0,13.1,109.62
847.1,13.3,109.62
847.2,25.6,109.62
847.3,25.4,109.62
847.4,25.2,109.62
847.5,24.8,109.62
847.6,13.3,109.62
847.7,12.6,109.62
847.8,25.1,109.62
847.9,25.6,109.62
848.0,25.7,109.62
848.1,12.8,109.62
848.2,13.3,109.62
848.3,26.2,109.62
848.4,13.4,109.62
848.5,0.0,109.62
848.6,13.1,109.62
848.7,26.6,109.62
848.8,0.0,109.62
848.9,25.8,109.62
849.0,0.0,109.62
849.1,12.5,109.62
849.2,12.9,109.62
849.3,13.1,109.62
849.4,25.0,109.62
849.5,13.3,109.62
849.6,12.5,109.62
849.7,12.8,109.62
849.8,12.6,109.62
849.9,25.8,109.62
850.0,25.0,109.62
850.1,0.0,109.62
850.2,13.4,109.62
850.3,26.2,109.62
850.4,24.7,109.62
850.5,13.4,109.62
850.6,12.7,109.62
850.7,25.1,109.62
850.8,24.1,109.62
850.9,13.6,109.62
851.0,13.6,109.62
851.1,25.0,109.62
851.2,26.3,109.62
851.3,12.9,109.62
851.4,12.4,109.62
851.5,12.7,109.62
851.6,12.8,109.62
851.7,12.6,109.62
851.8,13.2,109.62
851.9,13.3,109.62
852.0,13.7,109.62
852.1,12.7,109.62
852.2,12.4,109.62
852.3,12.6,109.62
852.4,12.5,109.62
852.5,12.8,109.62
852.6,12.5,109.62
852.7,12.4,109.62
852.8,0.0,109.62
852.9,13.7,109.62
853.0,13.1,109.62
853.1,12.6,109.62
853.2,12.5,109.62
853.3,13.7,109.62
853.4,12.7,109.62
853.5,12.4,109.62
853.6,12.6,109.62
853.7,12.9,109.62
853.8,12.5,109.62
853.9,13.0,109.62
854.0,26.0,109.62
854.1,13.5,109.62
854.2,25.3,109.62
854.3,25.7,109.62
854.4,25.3,109.62
854.5,12.8,109.62
854.6,12.7,109.62
854.7,13.7,109.62
854.8,13.2,109.62
854.9,13.5,109.62
855.0,13.1,109.62
855.1,13.2,109.62
855.2,12.6,109.62
855.3,14.0,109.62
855.4,24.8,109.62
855.5,25.2,109.62
855.6,12.1,109.62
855.7,0.0,109.62
855.8,0.0,109.62
855.9,0.0,109.62
856.0,0.0,109.62
856.1,14.3,109.63
856.2,14.4,109.63
856.3,14.4,109.63
856.4,14.7,109.63
856.5,14.2,109.63
856.6,14.4,109.63
856.7,14.3,109.63
856.8,0.0,109.63
856.9,14.0,109.63
857.0,0.0,109.63
857.1,0.0,109.63
857.2,13.1,109.63
857.3,13.2,109.63
857.4,12.8,109.63
857.5,12.4,109.63
857.6,13.6,109.63
857.7,13.3,109.63
857.8,12.7,109.63
857.9,12.2,109.63
858.0,0.0,109.63
858.1,14.4,109.63
858.2,14.8,109.63
858.3,0.0,109.63
858.4,0.0,109.63
858.5,0.0,109.63
858.6,0.0,109.63
858.7,14.3,109.63
858.8,14.8,109.63
858.9,14.3,109.63
859.0,0.0,109.63
859.1,0.0,109.63
859.2,0.0,109.63
859.3,0.0,109.63
859.4,0.0,109.63
859.5,14.8,109.63
859.6,14.3,109.63
859.7,0.0,109.63
859.8,14.7,109.63
859.9,13.6,109.63
860.0,25.3,109.63
860.1,25.0,109.63
860.2,13.5,109.63
860.3,12.6,109.63
860.4,12.9,109.63
860.5,24.6,109.63
860.6,13.0,109.63
860.7,13.4,109.63
860.8,0.0,109.63
860.9,25.8,109.63
861.0,25.6,109.63
861.1,0.0,109.63
861.2,13.2,109.63
861.3,24.8,109.63
861.4,24.7,109.63
861.5,25.5,109.63
861.6,12.9,109.63
861.7,12.7,109.63
861.8,13.3,109.63
861.9,24.4,109.63
862.0,25.1,109.63
862.1,12.7,109.63
862.2,38.1,109.63
862.3,24.6,109.63
862.4,14.1,109.63
862.5,25.7,109.63
862.6,13.6,109.64
862.7,12.9,109.64
862.8,24.7,109.64
862.9,26.8,109.64
863.0,13.2,109.64
863.1,12.9,109.64
863.2,13.1,109.64
863.3,13.8,109.64
863.4,13.2,109.64
863.5,12.6,109.64
863.6,12.5,109.64
863.7,12.6,109.64
863.8,12.9,109.64
863.9,13.5,109.64
864.0,13.9,109.64
864.1,12.9,109.64
864.2,12.9,109.64
864.3,12.6,109.64
864.4,14.8,109.64
864.5,14.3,109.64
864.6,14.8,109.64
864.7,0.0,109.64
864.8,0.0,109.64
864.9,0.0,109.64
865.0,14.8,109.64
865.1,14.4,109.64
865.2,0.0,109.64
865.3,0.0,109.64
865.4,0.0,109.64
865.5,14.8,109.64
865.6,14.8,109.64
865.7,0.0,109.64
865.8,0.0,109.64
865.9,12.3,109.64
866.0,13.0,109.64
866.1,25.1,109.64
866.2,26.4,109.64
866.3,12.8,109.64
866.4,12.6,109.64
866.5,12.3,109.64
866.6,13.8,109.64
866.7,13.5,109.64
866.8,25.7,109.64
866.9,26.1,109.64
867.0,12.5,109.64
867.1,0.0,109.64
867.2,12.4,109.64
867.3,12.4,109.64
867.4,12.5,109.64
867.5,13.1,109.64
867.6,26.2,109.64
867.7,13.0,109.64
867.8,12.9,109.64
867.9,24.4,109.64
868.0,12.9,109.64
868.1,24.9,109.64
868.2,13.5,109.64
868.3,12.7,109.64
868.4,12.5,109.64
868.5,13.2,109.64
868.6,25.5,109.64
868.7,25.4,109.64
868.8,12.7,109.64
868.9,13.1,109.64
869.0,12.4,109.64
869.1,13.0,109.64
869.2,13.4,109.64
869.3,12.9,109.64
869.4,13.5,109.64
869.5,12.7,109.64
869.6,12.6,109.64
869.7,12.8,109.64
869.8,12.1,109.64
869.9,12.5,109.64
870.0,12.7,109.64
870.1,13.0,109.64
870.2,12.3,109.64
870.3,12.9,109.64
870.4,25.3,109.64
870.5,25.6,109.64
870.6,13.2,109.64
870.7,12.7,109.64
870.8,25.8,109.64
870.9,25.2,109.64
871.0,25.3,109.64
871.1,12.7,109.64
871.2,13.0,109.64
871.3,0.0,109.64
871.4,0.0,109.64
871.5,13.8,109.64
871.6,13.0,109.64
871.7,12.4,109.64
871.8,13.1,109.64
871.9,26.3,109.64
872.0,13.1,109.64
872.1,12.4,109.64
872.2,13.1,109.64
872.3,25.0,109.64
872.4,13.6,109.64
872.5,0.0,109.64
872.6,13.3,109.64
872.7,24.7,109.64
872.8,25.7,109.64
872.9,25.9,109.64
873.0,13.5,109.64
873.1,12.6,109.64
873.2,25.4,109.64
873.3,25.8,109.64
873.4,12.8,109.64
873.5,13.3,109.64
873.6,25.7,109.64
873.7,25.7,109.64
873.8,13.4,109.64
873.9,25.4,109.64
874.0,12.3,109.64
874.1,12.6,109.64
874.2,25.4,109.64
874.3,24.9,109.64
874.4,14.2,109.64
874.5,25.5,109.64
874.6,13.2,109.64
874.7,0.0,109.64
874.8,14.4,109.64
874.9,12.5,109.64
875.0,14.3,109.64
875.1,13.6,109.64
875.2,26.1,109.64
875.3,13.1,109.64
875.4,0.0,109.65
875.5,13.0,109.65
875.6,26.2,109.65
875.7,13.3,109.65
875.8,26.5,109.65
875.9,14.3,109.65
876.0,0.0,109.65
876.1,26.5,109.65
876.2,13.3,109.65
876.3,13.2,109.65
876.4,13.2,109.65
876.5,12.7,109.65
876.6,13.2,109.65
876.7,13.2,109.65
876.8,13.2,109.65
876.9,13.5,109.65
877.0,12.7,109.65
877.1,0.0,109.65
877.2,25.9,109.65
877.3,12.8,109.65
877.4,13.2,109.65
877.5,13.2,109.65
877.6,14.2,109.65
877.7,13.7,109.65
877.8,14.6,109.65
877.9,13.7,109.65
878.0,13.6,109.65
878.1,14.2,109.65
878.2,14.3,109.65
878.3,13.2,109.65
878.4,12.9,109.65
878.5,13.3,109.65
878.6,12.8,109.65
878.7,12.8,109.65
878.8,25.4,109.65
878.9,13.9,109.65
879.0,0.0,109.65
879.1,24.7,109.65
879.2,13.2,109.65
879.3,13.0,109.65
879.4,26.0,109.65
879.5,12.9,109.65
879.6,12.8,109.65
879.7,0.0,109.65
879.8,13.3,109.65
879.9,37.2,109.65
880.0,14.4,109.65
880.1,13.4,109.65
880.2,12.7,109.65
880.3,13.1,109.65
880.4,25.1,109.65
880.5,12.8,109.65
880.6,25.3,109.65
880.7,13.3,109.65
880.8,26.6,109.65
880.9,13.0,109.65
881.0,12.6,109.65
881.1,0.0,109.65
881.2,13.1,109.65
881.3,12.3,109.65
881.4,12.6,109.65
881.5,12.3,109.65
881.6,12.5,109.65
881.7,0.0,109.65
881.8,25.2,109.65
881.9,13.1,109.65
882.0,14.4,109.65
882.1,12.9,109.65
882.2,12.6,109.65
882.3,12.9,109.65
882.4,12.7,109.65
882.5,25.2,109.65
882.6,26.4,109.65
882.7,12.7,109.65
882.8,12.4,109.65
882.9,12.6,109.65
883.0,24.9,109.65
883.1,12.6,109.65
883.2,13.3,109.65
883.3,25.4,109.65
883.4,12.9,109.65
883.5,12.5,109.65
883.6,12.5,109.65
883.7,12.6,109.65
883.8,12.7,109.65
883.9,13.2,109.65
884.0,25.0,109.65
884.1,24.3,109.65
884.2,13.4,109.65
884.3,24.7,109.65
884.4,14.2,109.67
884.5,12.8,109.67
884.6,13.6,109.67
884.7,13.3,109.67
884.8,0.0,109.67
884.9,13.1,109.67
885.0,25.6,109.67
885.1,12.8,109.67
885.2,12.4,109.67
885.3,13.6,109.67
885.4,25.3,109.67
885.5,12.9,109.67
885.6,12.7,109.67
885.7,12.6,109.67
885.8,12.7,109.67
885.9,12.7,109.67
886.0,13.5,109.67
886.1,12.5,109.67
886.2,13.4,109.67
886.3,13.3,109.67
886.4,23.9,109.67
886.5,13.3,109.67
886.6,12.5,109.67
886.7,12.2,109.67
886.8,24.7,109.67
886.9,13.3,109.67
887.0,12.8,109.67
887.1,25.8,109.67
887.2,24.3,109.67
887.3,25.5,109.67
887.4,24.8,109.67
887.5,13.2,109.67
887.6,13.1,109.67
887.7,25.1,109.67
887.8,13.4,109.67
887.9,13.6,109.67
888.0,13.2,109.67
888.1,12.7,109.67
888.2,13.0,109.68
888.3,25.4,109.68
888.4,25.0,109.68
888.5,25.3,109.68
888.6,12.8,109.68
888.7,12.7,109.68
888.8,12.8,109.68
888.9,0.0,109.68
889.0,26.1,109.68
889.1,25.6,109.68
889.2,24.9,109.68
889.3,13.6,109.68
889.4,13.3,109.68
889.5,12.6,109.68
889.6,12.8,109.68
889.7,13.1,109.68
889.8,13.1,109.68
889.9,12.6,109.68
890.0,13.0,109.68
890.1,13.4,109.68
890.2,12.8,109.68
890.3,13.0,109.68
890.4,12.3,109.68
890.5,13.0,109.68
890.6,25.2,109.68
890.7,25.0,109.68
890.8,25.6,109.68
890.9,0.0,109.68
891.0,12.8,109.68
891.1,13.1,109.68
891.2,25.5,109.68
891.3,24.9,109.68
891.4,25.6,109.68
891.5,13.5,109.68
891.6,12.7,109.68
891.7,13.6,109.68
891.8,12.4,109.68
891.9,12.4,109.68
892.0,12.9,109.68
892.1,13.1,109.68
892.2,12.7,109.68
892.3,12.7,109.68
892.4,12.9,109.68
892.5,12.5,109.68
892.6,23.7,109.68
892.7,25.5,109.68
892.8,13.0,109.68
892.9,12.8,109.68
893.0,12.3,109.68
893.1,13.0,109.68
893.2,12.2,109.68
893.3,26.3,109.68
893.4,24.5,109.68
893.5,0.0,109.68
893.6,12.8,109.68
893.7,24.7,109.68
893.8,12.7,109.68
893.9,12.5,109.68
894.0,0.0,109.68
894.1,13.4,109.68
894.2,13.2,109.68
894.3,13.1,109.68
894.4,13.1,109.68
894.5,0.0,109.68
894.6,12.7,109.68
894.7,12.8,109.68
894.8,13.3,109.68
894.9,13.2,109.68
895.0,13.4,109.68
895.1,13.2,109.68
895.2,13.2,109.68
895.3,24.9,109.68
895.4,13.2,109.68
895.5,0.0,109.68
895.6,12.8,109.68
895.7,26.4,109.68
895.8,13.4,109.68
895.9,25.3,109.68
896.0,13.3,109.68
896.1,13.0,109.68
896.2,12.6,109.68
896.3,0.0,109.68
896.4,12.6,109.68
896.5,13.8,109.68
896.6,24.4,109.68
896.7,12.7,109.68
896.8,24.7,109.68
896.9,13.4,109.68
897.0,26.3,109.68
897.1,13.6,109.68
897.2,13.7,109.68
897.3,0.0,109.68
897.4,13.1,109.68
897.5,13.6,109.68
897.6,14.0,109.68
897.7,12.6,109.68
897.8,0.0,109.68
897.9,13.4,109.68
898.0,13.1,109.68
898.1,25.8,109.68
898.2,0.0,109.68
898.3,13.0,109.68
898.4,26.8,109.68
898.5,12.7,109.68
898.6,13.1,109.68
898.7,13.9,109.68
898.8,12.7,109.68
898.9,12.3,109.68
899.0,12.7,109.68
899.1,12.5,109.68
899.2,13.1,109.68
899.3,25.5,109.68
899.4,24.9,109.68
899.5,25.2,109.68
899.6,13.5,109.68
899.7,26.1,109.68
899.8,12.8,109.68
899.9,12.8,109.68
900.0,13.2,109.68
900.1,24.8,109.68
900.2,13.8,109.68
900.3,25.0,109.68
900.4,26.6,109.68
900.5,12.6,109.68
900.6,12.6,109.68
900.7,12.7,109.68
900.8,12.6,109.68
900.9,12.6,109.68
901.0,25.6,109.68
901.1,0.0,109.68
901.2,12.4,109.68
901.3,0.0,109.68
901.4,25.8,109.68
901.5,12.4,109.68
901.6,25.8,109.68
901.7,13.0,109.68
901.8,12.8,109.68
901.9,12.6,109.68
902.0,25.7,109.68
902.1,24.9,109.68
902.2,25.4,109.68
902.3,12.7,109.68
902.4,25.3,109.68
902.5,13.0,109.68
902.6,12.7,109.68
902.7,12.7,109.68
902.8,26.0,109.68
902.9,25.1,109.68
903.0,13.3,109.68
903.1,13.4,109.68
903.2,25.5,109.68
903.3,12.7,109.68
903.4,12.6,109.68
903.5,12.2,109.68
903.6,12.7,109.68
903.7,13.7,109.68
903.8,24.9,109.68
903.9,25.2,109.68
904.0,13.1,109.68
904.1,13.1,109.68
904.2,24.8,109.68
904.3,24.9,109.68
904.4,24.6,109.68
904.5,13.1,109.68
904.6,24.1,109.68
904.7,0.0,109.68
904.8,12.4,109.68
904.9,13.0,109.68
905.0,12.3,109.68
905.1,13.0,109.68
905.2,25.0,109.68
905.3,25.2,109.68
905.4,13.1,109.68
905.5,12.8,109.68
905.6,12.8,109.68
905.7,26.3,109.68
905.8,0.0,109.68
905.9,12.4,109.68
906.0,0.0,109.68
906.1,25.6,109.68
906.2,13.0,109.68
906.3,13.2,109.68
906.4,12.4,109.68
906.5,25.7,109.68
906.6,24.7,109.68
906.7,13.3,109.68
906.8,0.0,109.68
906.9,13.1,109.68
907.0,13.6,109.68
907.1,25.7,109.68
907.2,24.9,109.68
907.3,25.3,109.68
907.4,13.2,109.69
907.5,0.0,109.69
907.6,12.7,109.69
907.7,12.3,109.69
907.8,13.1,109.69
907.9,12.6,109.69
908.0,25.4,109.69
908.1,13.3,109.69
908.2,12.8,109.69
908.3,25.3,109.69
908.4,25.9,109.69
908.5,12.8,109.69
908.6,12.5,109.69
908.7,13.5,109.69
908.8,13.3,109.69
908.9,13.3,109.69
909.0,25.9,109.69
909.1,13.0,109.69
909.2,12.3,109.69
909.3,12.9,109.69
909.4,12.6,109.69
909.5,0.0,109.69
909.6,12.5,109.69
909.7,12.9,109.69
909.8,12.5,109.69
909.9,26.5,109.69
910.0,25.1,109.69
910.1,0.0,109.69
910.2,12.6,109.69
910.3,13.5,109.69
910.4,12.9,109.69
910.5,13.2,109.69
910.6,25.1,109.69
910.7,12.6,109.69
910.8,25.6,109.69
910.9,24.6,109.69
911.0,24.6,109.69
911.1,26.0,109.69
911.2,24.7,109.69
911.3,24.9,109.69
911.4,25.6,109.69
911.5,24.7,109.69
911.6,12.9,109.69
911.7,12.8,109.69
911.8,12.7,109.69
911.9,12.9,109.69
912.0,12.8,109.69
912.1,24.5,109.69
912.2,25.2,109.69
912.3,24.9,109.69
912.4,13.1,109.69
912.5,24.9,109.69
912.6,12.6,109.69
912.7,12.5,109.69
912.8,13.5,109.69
912.9,25.5,109.69
913.0,13.2,109.69
913.1,12.8,109.69
913.2,12.4,109.69
913.3,12.8,109.69
913.4,26.4,109.69
913.5,13.4,109.69
913.6,25.3,109.69
913.7,25.3,109.69
913.8,25.5,109.69
913.9,25.4,109.69
914.0,0.0,109.69
914.1,12.7,109.69
914.2,0.0,109.69
914.3,25.0,109.69
914.4,24.6,109.69
914.5,12.8,109.69
914.6,12.6,109.69
914.7,25.6,109.69
914.8,12.4,109.69
914.9,13.0,109.69
915.0,13.3,109.69
915.1,25.3,109.69
915.2,25.2,109.69
915.3,25.3,109.69
915.4,13.0,109.69
915.5,24.7,109.69
915.6,25.0,109.69
915.7,25.3,109.69
915.8,13.1,109.69
915.9,12.2,109.69
916.0,0.0,109.69
916.1,13.4,109.69
916.2,25.0,109.69
916.3,13.2,109.69
916.4,12.8,109.69
916.5,12.5,109.69
916.6,12.7,109.69
916.7,25.4,109.69
916.8,25.7,109.69
916.9,14.0,109.69
917.0,13.7,109.69
917.1,12.9,109.69
917.2,24.9,109.69
917.3,25.3,109.69
917.4,12.6,109.69
917.5,12.9,109.7
917.6,12.5,109.7
917.7,13.5,109.7
917.8,25.0,109.7
917.9,13.1,109.7
918.0,12.7,109.7
918.1,13.4,109.7
918.2,0.0,109.7
918.3,13.4,109.7
918.4,12.5,109.7
918.5,12.4,109.7
918.6,25.2,109.7
918.7,13.1,109.7
918.8,24.2,109.7
918.9,12.9,109.7
919.0,24.7,109.7
919.1,0.0,109.7
919.2,12.6,109.7
919.3,25.4,109.7
919.4,13.3,109.7
919.5,12.9,109.7
919.6,12.5,109.7
919.7,13.2,109.7
919.8,13.3,109.7
919.9,12.7,109.7
920.0,12.7,109.7
920.1,25.4,109.7
920.2,26.2,109.7
920.3,12.4,109.7
920.4,13.4,109.7
920.5,12.9,109.7
920.6,26.0,109.7
920.7,25.1,109.7
920.8,12.7,109.7
920.9,12.7,109.7
921.0,12.6,109.7
921.1,12.9,109.7
921.2,25.2,109.7
921.3,13.5,109.7
921.4,12.7,109.7
921.5,12.7,109.7
921.6,25.5,109.7
921.7,25.0,109.7
921.8,26.1,109.7
921.9,24.8,109.7
922.0,13.0,109.7
922.1,12.6,109.7
922.2,12.4,109.7
922.3,12.6,109.7
922.4,12.4,109.7
922.5,12.7,109.7
922.6,12.4,109.7
922.7,13.0,109.7
922.8,13.1,109.7
922.9,12.2,109.7
923.0,12.8,109.7
923.1,12.3,109.7
923.2,0.0,109.7
923.3,12.2,109.7
923.4,13.0,109.7
923.5,0.0,109.7
923.6,0.0,109.7
923.7,12.7,109.7
923.8,25.2,109.7
923.9,12.8,109.7
924.0,12.3,109.7
924.1,13.3,109.7
924.2,13.2,109.7
924.3,25.7,109.7
924.4,12.5,109.7
924.5,25.7,109.7
924.6,12.8,109.7
924.7,26.2,109.7
924.8,12.4,109.7
924.9,26.0,109.7
925.0,24.9,109.7
925.1,13.4,109.7
925.2,13.6,109.7
925.3,14.2,109.7
925.4,13.9,109.7
925.5,25.4,109.7
925.6,13.4,109.7
925.7,13.1,109.7
925.8,13.3,109.7
925.9,13.6,109.7
926.0,24.8,109.7
926.1,13.5,109.7
926.2,0.0,109.7
926.3,24.9,109.7
926.4,12.7,109.7
926.5,25.0,109.7
926.6,13.4,109.7
926.7,13.0,109.7
926.8,13.2,109.7
926.9,0.0,109.7
927.0,12.8,109.7
927.1,13.0,109.7
927.2,13.3,109.7
927.3,13.7,109.7
927.4,13.5,109.7
927.5,26.2,109.7
927.6,13.9,109.7
927.7,25.4,109.7
927.8,13.1,109.7
927.9,0.0,109.7
928.0,13.4,109.7
928.1,25.0,109.7
928.2,25.2,109.7
928.3,25.9,109.7
928.4,12.8,109.7
928.5,24.4,109.7
928.6,13.2,109.7
928.7,13.3,109.7
928.8,13.0,109.7
928.9,12.4,109.7
929.0,12.7,109.7
929.1,12.5,109.7
929.2,0.0,109.7
929.3,12.5,109.7
929.4,12.7,109.7
929.5,12.7,109.7
929.6,0.0,109.7
929.7,12.9,109.7
929.8,12.5,109.7
929.9,13.2,109.7
930.0,13.1,109.7
930.1,12.5,109.7
930.2,0.0,109.7
930.3,12.6,109.7
930.4,13.2,109.7
930.5,25.7,109.7
930.6,12.4,109.7
930.7,25.0,109.7
930.8,12.5,109.7
930.9,13.3,109.7
931.0,12.7,109.7
931.1,12.6,109.7
931.2,13.2,109.7
931.3,25.3,109.7
931.4,25.3,109.7
931.5,13.4,109.7
931.6,13.0,109.7
931.7,25.5,109.7
931.8,24.6,109.7
931.9,25.7,109.7
932.0,13.5,109.7
932.1,25.0,109.7
932.2,24.5,109.7
932.3,12.2,109.7
932.4,12.4,109.7
932.5,0.0,109.7
932.6,12.8,109.7
932.7,12.6,109.7
932.8,13.2,109.7
932.9,12.9,109.71
933.0,13.5,109.71
933.1,13.5,109.71
933.2,12.6,109.71
933.3,13.2,109.71
933.4,26.0,109.71
933.5,12.7,109.71
933.6,12.5,109.71
933.7,13.5,109.71
933.8,13.2,109.71
933.9,13.1,109.71
934.0,26.5,109.71
934.1,13.4,109.71
934.2,26.3,109.71
934.3,12.6,109.71
934.4,12.6,109.71
934.5,24.6,109.71
934.6,13.4,109.71
934.7,25.1,109.71
934.8,24.7,109.71
934.9,25.1,109.71
935.0,24.9,109.71
935.1,24.8,109.71
935.2,12.3,109.71
935.3,12.2,109.71
935.4,12.5,109.71
935.5,12.0,109.71
935.6,13.3,109.71
935.7,12.5,109.71
935.8,12.4,109.71
935.9,24.8,109.71
936.0,13.5,109.71
936.1,24.9,109.71
936.2,25.3,109.71
936.3,24.4,109.71
936.4,14.3,109.71
936.5,24.9,109.71
936.6,14.2,109.71
936.7,24.9,109.71
936.8,25.0,109.71
936.9,26.6,109.71
937.0,13.2,109.71
937.1,13.3,109.71
937.2,12.7,109.71
937.3,24.8,109.71
937.4,0.0,109.71
937.5,12.6,109.71
937.6,12.8,109.71
937.7,13.2,109.71
937.8,13.3,109.71
937.9,12.4,109.71
938.0,12.5,109.71
938.1,12.6,109.71
938.2,12.5,109.71
938.3,12.7,109.71
938.4,12.5,109.71
938.5,26.2,109.71
938.6,12.4,109.71
938.7,11.7,109.71
938.8,13.6,109.71
938.9,12.7,109.71
939.0,25.0,109.71
939.1,12.6,109.71
939.2,13.9,109.71
939.3,13.3,109.71
939.4,12.8,109.71
939.5,25.3,109.71
939.6,12.6,109.71
939.7,26.1,109.71
939.8,12.7,109.71
939.9,13.4,109.71
940.0,25.1,109.71
940.1,13.2,109.71
940.2,13.0,109.71
940.3,12.4,109.71
940.4,13.3,109.71
940.5,25.4,109.71
940.6,12.7,109.71
940.7,12.7,109.71
940.8,13.1,109.71
940.9,24.4,109.71
941.0,12.8,109.71
941.1,24.6,109.71
941.2,26.2,109.71
941.3,12.8,109.71
941.4,24.9,109.71
941.5,13.4,109.71
941.6,13.5,109.71
941.7,12.7,109.71
941.8,0.0,109.71
941.9,13.0,109.71
942.0,26.5,109.71
942.1,0.0,109.71
942.2,12.5,109.71
942.3,13.4,109.71
942.4,24.9,109.71
942.5,12.7,109.71
942.6,13.9,109.71
942.7,13.6,109.71
942.8,13.5,109.71
942.9,12.9,109.71
943.0,13.2,109.71
943.1,25.1,109.71
943.2,25.2,109.71
943.3,25.3,109.71
943.4,13.3,109.71
943.5,0.0,109.71
943.6,26.3,109.71
943.7,25.0,109.71
943.8,24.8,109.71
943.9,13.5,109.71
944.0,12.4,109.71
944.1,12.6,109.71
944.2,12.4,109.71
944.3,25.4,109.71
944.4,25.3,109.71
944.5,26.0,109.71
944.6,12.9,109.71
944.7,12.9,109.71
944.8,12.6,109.71
944.9,25.2,109.71
945.0,24.6,109.71
945.1,25.7,109.71
945.2,25.0,109.71
945.3,25.5,109.71
945.4,13.1,109.71
945.5,12.7,109.71
945.6,0.0,109.71
945.7,12.5,109.71
945.8,12.8,109.71
945.9,25.9,109.71
946.0,13.4,109.71
946.1,12.9,109.71
946.2,26.5,109.71
946.3,24.8,109.71
946.4,13.1,109.71
946.5,24.0,109.71
946.6,25.2,109.71
946.7,0.0,109.71
946.8,13.8,109.71
946.9,37.4,109.71
947.0,25.0,109.71
947.1,25.2,109.71
947.2,25.3,109.71
947.3,13.2,109.71
947.4,12.7,109.71
947.5,0.0,109.71
947.6,12.6,109.71
947.7,12.5,109.72
947.8,12.5,109.72
947.9,12.9,109.72
948.0,12.6,109.72
948.1,0.0,109.72
948.2,12.6,109.72
948.3,0.0,109.72
948.4,12.4,109.72
948.5,0.0,109.72
948.6,12.8,109.72
948.7,12.4,109.72
948.8,12.9,109.72
948.9,12.7,109.72
949.0,13.3,109.72
949.1,12.8,109.72
949.2,13.3,109.72
949.3,14.1,109.72
949.4,13.0,109.72
949.5,13.0,109.72
949.6,25.4,109.72
949.7,13.5,109.72
949.8,24.4,109.72
949.9,12.8,109.72
950.0,12.6,109.72
950.1,12.9,109.72
950.2,25.1,109.72
950.3,14.3,109.72
950.4,24.6,109.72
950.5,12.6,109.72
950.6,12.5,109.72
950.7,12.7,109.72
950.8,24.6,109.72
950.9,0.0,109.71
951.0,12.8,109.71
951.1,12.6,109.71
951.2,12.2,109.71
951.3,12.6,109.71
951.4,13.7,109.71
951.5,24.9,109.71
951.6,13.3,109.71
951.7,13.1,109.71
951.8,25.6,109.71
951.9,12.6,109.71
952.0,13.2,109.71
952.1,12.6,109.71
952.2,24.7,109.71
952.3,12.6,109.71
952.4,12.4,109.71
952.5,13.1,109.71
952.6,25.7,109.71
952.7,24.5,109.71
952.8,14.3,109.71
952.9,25.7,109.71
953.0,13.0,109.71
953.1,13.5,109.71
953.2,13.3,109.71
953.3,12.6,109.71
953.4,13.0,109.71
953.5,14.2,109.71
953.6,25.1,109.71
953.7,25.5,109.71
953.8,25.5,109.71
953.9,12.7,109.71
954.0,12.8,109.71
954.1,24.0,109.71
954.2,24.9,109.71
954.3,12.8,109.71
954.4,12.7,109.71
954.5,12.5,109.71
954.6,12.8,109.71
954.7,24.9,109.71
954.8,13.4,109.71
954.9,13.3,109.71
955.0,26.3,109.71
955.1,12.9,109.71
955.2,12.9,109.71
955.3,12.8,109.71
955.4,25.4,109.71
955.5,26.1,109.71
955.6,24.7,109.71
955.7,12.4,109.71
955.8,24.6,109.71
955.9,26.0,109.71
956.0,24.8,109.71
956.1,0.0,109.71
956.2,24.3,109.71
956.3,13.0,109.71
956.4,12.5,109.71
956.5,12.3,109.71
956.6,24.4,109.71
956.7,13.0,109.71
956.8,12.3,109.71
956.9,0.0,109.71
957.0,12.6,109.71
957.1,0.0,109.71
957.2,0.0,109.71
957.3,13.5,109.71
957.4,12.5,109.71
957.5,12.6,109.71
957.6,12.3,109.71
957.7,13.1,109.71
957.8,12.7,109.71
957.9,0.0,109.71
958.0,12.3,109.71
958.1,13.0,109.71
958.2,0.0,109.71
958.3,13.2,109.71
958.4,24.7,109.71
958.5,13.7,109.71
958.6,12.5,109.71
958.7,12.3,109.71
958.8,13.3,109.71
958.9,25.5,109.71
959.0,13.3,109.71
959.1,12.9,109.71
959.2,25.2,109.71
959.3,13.3,109.71
959.4,12.5,109.71
959.5,24.6,109.71
959.6,13.1,109.71
959.7,12.9,109.71
959.8,24.5,109.71
959.9,13.7,109.71
960.0,12.5,109.71
960.1,12.7,109.71
960.2,12.6,109.71
960.3,12.5,109.71
960.4,13.5,109.71
960.5,25.7,109.71
960.6,13.1,109.71
960.7,13.0,109.71
960.8,25.1,109.71
960.9,25.5,109.71
961.0,25.3,109.71
961.1,12.8,109.71
961.2,12.7,109.71
961.3,13.6,109.71
961.4,12.5,109.71
961.5,13.2,109.71
961.6,12.7,109.71
961.7,12.6,109.71
961.8,0.0,109.71
961.9,13.4,109.71
962.0,12.7,109.71
962.1,12.1,109.71
962.2,24.5,109.71
962.3,26.3,109.71
962.4,13.2,109.71
962.5,12.8,109.71
962.6,24.5,109.71
962.7,13.3,109.71
962.8,13.2,109.71
962.9,12.5,109.71
963.0,13.2,109.71
963.1,13.1,109.71
963.2,13.7,109.71
963.3,25.0,109.71
963.4,11.8,109.71
963.5,0.0,109.71
963.6,13.2,109.71
963.7,24.7,109.71
963.8,13.3,109.71
963.9,13.2,109.71
964.0,24.5,109.71
964.1,12.5,109.71
964.2,12.7,109.71
964.3,12.2,109.71
964.4,13.1,109.71
964.5,24.2,109.71
964.6,12.8,109.71
964.7,21.5,109.72
964.8,13.4,109.72
964.9,25.7,109.72
965.0,12.9,109.72
965.1,12.6,109.72
965.2,12.9,109.72
965.3,24.8,109.72
965.4,25.7,109.72
965.5,25.4,109.72
965.6,13.1,109.72
965.7,13.1,109.72
965.8,26.5,109.72
965.9,12.9,109.72
966.0,13.1,109.72
966.1,24.7,109.72
966.2,26.4,109.72
966.3,24.9,109.72
966.4,13.2,109.72
966.5,0.0,109.72
966.6,12.5,109.72
966.7,13.3,109.72
966.8,25.1,109.72
966.9,13.4,109.72
967.0,0.0,109.72
967.1,13.1,109.72
967.2,12.1,109.72
967.3,13.5,109.72
967.4,25.4,109.72
967.5,24.7,109.72
967.6,12.7,109.72
967.7,25.0,109.72
967.8,24.9,109.72
967.9,25.4,109.72
968.0,0.0,109.72
968.1,13.6,109.72
968.2,26.0,109.72
968.3,13.4,109.72
968.4,25.9,109.72
968.5,24.8,109.72
968.6,13.8,109.72
968.7,0.0,109.72
968.8,12.8,109.72
968.9,12.7,109.72
969.0,13.0,109.72
969.1,25.2,109.72
969.2,24.7,109.72
969.3,25.0,109.72
969.4,23.9,109.72
969.5,12.8,109.72
969.6,12.6,109.72
969.7,26.6,109.72
969.8,0.0,109.72
969.9,0.0,109.72
970.0,13.3,109.72
970.1,12.7,109.72
970.2,24.9,109.72
970.3,24.9,109.72
970.4,35.2,109.72
970.5,12.7,109.72
970.6,13.3,109.72
970.7,14.0,109.72
970.8,26.6,109.72
970.9,13.0,109.72
971.0,13.2,109.72
971.1,14.1,109.72
971.2,24.4,109.72
971.3,12.5,109.72
971.4,13.3,109.72
971.5,13.0,109.72
971.6,12.4,109.72
971.7,12.7,109.72
971.8,13.0,109.72
971.9,11.9,109.72
972.0,12.8,109.72
972.1,12.3,109.72
972.2,12.9,109.72
972.3,26.1,109.72
972.4,24.9,109.72
972.5,12.6,109.72
972.6,25.1,109.72
972.7,13.2,109.72
972.8,13.0,109.72
972.9,12.4,109.72
973.0,25.6,109.72
973.1,13.1,109.72
973.2,12.2,109.72
973.3,12.3,109.72
973.4,25.2,109.72
973.5,12.6,109.72
973.6,25.1,109.72
973.7,24.6,109.72
973.8,13.7,109.72
973.9,26.0,109.72
974.0,13.7,109.72
974.1,25.7,109.72
974.2,12.9,109.72
974.3,12.3,109.72
974.4,13.0,109.72
974.5,23.1,109.72
974.6,13.6,109.72
974.7,0.0,109.72
974.8,12.8,109.72
974.9,0.0,109.72
975.0,12.4,109.72
975.1,0.0,109.72
975.2,13.8,109.72
975.3,13.8,109.72
975.4,13.0,109.72
975.5,12.2,109.72
975.6,13.1,109.72
975.7,13.0,109.72
975.8,12.8,109.72
975.9,13.4,109.72
976.0,13.5,109.72
976.1,14.4,109.72
976.2,0.0,109.72
976.3,0.0,109.72
976.4,0.0,109.72
976.5,14.4,109.72
976.6,14.7,109.72
976.7,14.7,109.72
976.8,0.0,109.72
976.9,0.0,109.72
977.0,25.2,109.72
977.1,12.3,109.72
977.2,24.8,109.72
977.3,12.2,109.72
977.4,0.0,109.72
977.5,12.7,109.73
977.6,0.0,109.73
977.7,12.6,109.73
977.8,12.5,109.73
977.9,12.5,109.73
978.0,13.1,109.73
978.1,13.1,109.73
978.2,13.1,109.73
978.3,25.6,109.73
978.4,13.5,109.73
978.5,12.9,109.73
978.6,25.7,109.73
978.7,25.2,109.73
978.8,13.3,109.73
978.9,12.8,109.73
979.0,12.4,109.73
979.1,12.9,109.73
979.2,25.2,109.73
979.3,25.4,109.73
979.4,12.5,109.73
979.5,25.3,109.73
979.6,13.4,109.73
979.7,13.6,109.73
979.8,12.9,109.73
979.9,12.4,109.73
980.0,13.2,109.73
980.1,25.3,109.73
980.2,25.4,109.73
980.3,24.9,109.73
980.4,12.8,109.73
980.5,24.7,109.73
980.6,0.0,109.73
980.7,12.5,109.73
980.8,13.3,109.73
980.9,25.0,109.73
981.0,12.4,109.73
981.1,24.3,109.73
981.2,25.0,109.73
981.3,25.3,109.73
981.4,25.1,109.73
981.5,26.0,109.73
981.6,13.0,109.73
981.7,12.4,109.73
981.8,13.1,109.73
981.9,13.2,109.73
982.0,12.8,109.73
982.1,12.5,109.73
982.2,12.8,109.73
982.3,13.5,109.73
982.4,24.5,109.73
982.5,13.4,109.73
982.6,12.8,109.73
982.7,25.2,109.73
982.8,13.5,109.73
982.9,13.5,109.73
983.0,12.9,109.73
983.1,12.5,109.73
983.2,24.8,109.73
983.3,12.7,109.73
983.4,12.4,109.73
983.5,13.4,109.73
983.6,12.5,109.73
983.7,12.4,109.73
983.8,24.5,109.73
983.9,12.4,109.73
984.0,12.5,109.73
984.1,12.5,109.73
984.2,12.4,109.73
984.3,13.4,109.73
984.4,14.3,109.73
984.5,0.0,109.73
984.6,13.2,109.73
984.7,12.9,109.73
984.8,13.1,109.73
984.9,25.5,109.73
985.0,13.5,109.73
985.1,25.7,109.73
985.2,25.5,109.73
985.3,25.2,109.73
985.4,13.4,109.73
985.5,12.7,109.73
985.6,26.5,109.73
985.7,12.4,109.73
985.8,12.7,109.73
985.9,24.9,109.73
986.0,13.4,109.73
986.1,13.8,109.73
986.2,12.6,109.73
986.3,13.3,109.73
986.4,25.5,109.73
986.5,12.7,109.73
986.6,13.1,109.73
986.7,24.8,109.73
986.8,12.4,109.73
986.9,13.1,109.73
987.0,25.1,109.73
987.1,25.1,109.73
987.2,24.7,109.73
987.3,12.6,109.73
987.4,13.6,109.73
987.5,13.4,109.73
987.6,12.8,109.73
987.7,13.7,109.73
987.8,25.2,109.73
987.9,14.1,109.73
988.0,25.2,109.73
988.1,13.4,109.73
988.2,12.8,109.73
988.3,25.9,109.73
988.4,24.4,109.73
988.5,13.3,109.73
988.6,0.0,109.73
988.7,13.6,109.73
988.8,12.2,109.73
988.9,13.2,109.73
989.0,24.7,109.73
989.1,13.9,109.73
989.2,13.7,109.73
989.3,13.3,109.73
989.4,25.4,109.73
989.5,12.8,109.73
989.6,13.1,109.73
989.7,25.1,109.73
989.8,26.3,109.73
989.9,13.5,109.73
990.0,26.3,109.73
990.1,12.7,109.73
990.2,12.5,109.73
990.3,13.5,109.73
990.4,13.1,109.73
990.5,12.8,109.73
990.6,13.5,109.73
990.7,12.8,109.73
990.8,12.7,109.73
990.9,13.2,109.73
991.0,25.8,109.73
991.1,25.1,109.73
991.2,25.5,109.73
991.3,12.7,109.73
991.4,13.2,109.73
991.5,25.2,109.73
991.6,25.0,109.73
991.7,25.4,109.73
991.8,13.1,109.73
991.9,13.0,109.73
992.0,13.5,109.73
992.1,12.8,109.73
992.2,12.5,109.73
992.3,13.2,109.73
992.4,25.8,109.73
992.5,24.8,109.73
992.6,25.1,109.73
992.7,13.5,109.73
992.8,12.4,109.73
992.9,13.1,109.73
993.0,13.2,109.73
993.1,0.0,109.73
993.2,0.0,109.73
993.3,26.1,109.73
993.4,13.1,109.73
993.5,12.8,109.73
993.6,12.4,109.73
993.7,13.0,109.73
993.8,13.4,109.73
993.9,12.8,109.73
994.0,14.8,109.73
994.1,26.0,109.73
994.2,12.6,109.73
994.3,13.6,109.73
994.4,25.7,109.73
994.5,12.7,109.73
994.6,12.5,109.73
994.7,12.8,109.73
994.8,12.6,109.73
994.9,0.0,109.73
995.0,12.9,109.73
995.1,12.7,109.73
995.2,12.6,109.73
995.3,24.9,109.73
995.4,25.5,109.73
995.5,24.7,109.73
995.6,25.0,109.73
995.7,24.7,109.73
995.8,12.4,109.73
995.9,12.3,109.73
996.0,12.3,109.73
996.1,12.4,109.73
996.2,13.4,109.73
996.3,25.6,109.73
996.4,24.7,109.73
996.5,13.3,109.73
996.6,12.4,109.74
996.7,27.0,109.74
996.8,25.4,109.74
996.9,25.7,109.74
997.0,12.9,109.74
997.1,13.4,109.74
997.2,13.5,109.74
997.3,13.5,109.74
997.4,25.3,109.74
997.5,0.0,109.74
997.6,26.2,109.74
997.7,12.8,109.74
997.8,12.6,109.74
997.9,12.9,109.74
998.0,13.2,109.74
998.1,27.0,109.74
998.2,12.4,109.74
998.3,13.2,109.74
998.4,23.9,109.74
998.5,13.6,109.74
998.6,14.2,109.74
998.7,13.4,109.74
998.8,14.1,109.74
998.9,12.7,109.74
999.0,24.9,109.74
999.1,25.4,109.74
999.2,25.0,109.74
999.3,24.7,109.74
999.4,13.6,109.74
999.5,12.4,109.74
999.6,13.0,109.74
999.7,12.7,109.74
999.8,12.5,109.74
999.9,26.2,109.74
1000.0,12.8,109.74
1000.1,24.0,109.74
1000.2,12.2,109.74
1000.3,25.4,109.74
1000.4,12.3,109.74
1000.5,25.3,109.74
1000.6,25.1,109.74
1000.7,13.1,109.74
1000.8,13.1,109.74
1000.9,12.0,109.74
1001.0,13.1,109.74
1001.1,25.2,109.74
1001.2,12.6,109.74
1001.3,25.1,109.74
1001.4,24.9,109.74
1001.5,25.0,109.74
1001.6,12.5,109.74
1001.7,25.5,109.74
1001.8,24.7,109.74
1001.9,26.3,109.74
1002.0,13.4,109.74
1002.1,26.2,109.74
1002.2,13.4,109.74
1002.3,26.7,109.74
1002.4,12.8,109.74
1002.5,12.7,109.74
1002.6,12.8,109.74
1002.7,12.4,109.74
1002.8,12.8,109.74
1002.9,25.9,109.74
1003.0,25.1,109.74
1003.1,13.9,109.74
1003.2,13.9,109.74
1003.3,24.9,109.74
1003.4,26.2,109.74
1003.5,13.2,109.74
1003.6,13.2,109.74
1003.7,25.2,109.74
1003.8,25.2,109.74
1003.9,13.0,109.74
1004.0,12.5,109.74
1004.1,0.0,109.74
1004.2,12.3,109.74
1004.3,0.0,109.74
1004.4,12.6,109.74
1004.5,12.8,109.74
1004.6,12.5,109.74
1004.7,0.0,109.74
1004.8,13.5,109.74
1004.9,12.6,109.74
1005.0,12.4,109.74
1005.1,12.9,109.74
1005.2,12.7,109.74
1005.3,26.3,109.74
1005.4,13.3,109.74
1005.5,12.6,109.74
1005.6,26.1,109.74
1005.7,25.5,109.74
1005.8,13.3,109.74
1005.9,25.6,109.75
1006.0,13.1,109.75
1006.1,12.7,109.75
1006.2,12.7,109.75
1006.3,12.7,109.75
1006.4,25.3,109.75
1006.5,25.4,109.75
1006.6,24.8,109.75
1006.7,25.0,109.75
1006.8,26.0,109.75
1006.9,25.0,109.75
1007.0,12.6,109.75
1007.1,25.0,109.75
1007.2,13.1,109.75
1007.3,12.4,109.75
1007.4,12.4,109.75
1007.5,12.6,109.75
1007.6,12.8,109.75
1007.7,25.2,109.75
1007.8,24.9,109.75
1007.9,24.5,109.75
1008.0,12.5,109.75
1008.1,12.5,109.75
1008.2,12.5,109.75
1008.3,0.0,109.75
1008.4,24.9,109.75
1008.5,13.1,109.75
1008.6,13.0,109.75
1008.7,12.4,109.75
1008.8,12.8,109.75
1008.9,12.6,109.75
1009.0,13.0,109.75
1009.1,25.5,109.75
1009.2,24.4,109.75
1009.3,13.4,109.75
1009.4,25.1,109.75
1009.5,12.7,109.75
1009.6,12.8,109.75
1009.7,12.5,109.75
1009.8,12.6,109.75
1009.9,14.5,109.75
1010.0,13.6,109.75
1010.1,13.0,109.75
1010.2,25.2,109.75
1010.3,13.2,109.75
1010.4,13.1,109.75
1010.5,12.7,109.75
1010.6,24.5,109.75
1010.7,12.6,109.75
1010.8,26.3,109.75
1010.9,13.3,109.75
1011.0,13.2,109.75
1011.1,25.6,109.75
1011.2,25.2,109.75
1011.3,12.7,109.75
1011.4,12.7,109.75
1011.5,12.7,109.75
1011.6,13.3,109.75
1011.7,13.3,109.75
1011.8,13.1,109.75
1011.9,25.4,109.75
1012.0,25.3,109.75
1012.1,13.0,109.75
1012.2,13.0,109.75
1012.3,12.6,109.75
1012.4,13.4,109.75
1012.5,13.0,109.75
1012.6,12.7,109.75
1012.7,25.5,109.75
1012.8,13.5,109.75
1012.9,12.6,109.75
1013.0,12.8,109.75
1013.1,24.3,109.75
1013.2,12.7,109.75
1013.3,25.0,109.75
1013.4,26.2,109.75
1013.5,0.0,109.75
1013.6,13.6,109.75
1013.7,24.7,109.75
1013.8,25.3,109.75
1013.9,12.2,109.75
1014.0,13.6,109.75
1014.1,13.2,109.75
1014.2,25.5,109.75
1014.3,37.9,109.75
1014.4,12.9,109.75
1014.5,12.6,109.75
1014.6,12.8,109.75
1014.7,13.3,109.75
1014.8,12.8,109.75
1014.9,12.7,109.75
1015.0,12.7,109.75
1015.1,13.2,109.75
1015.2,13.5,109.75
1015.3,12.7,109.75
1015.4,25.0,109.75
1015.5,25.2,109.75
1015.6,25.6,109.75
1015.7,24.8,109.75
1015.8,26.0,109.75
1015.9,25.0,109.75
1016.0,12.7,109.75
1016.1,12.4,109.75
1016.2,12.7,109.75
1016.3,13.1,109.75
1016.4,25.2,109.75
1016.5,26.4,109.75
1016.6,13.1,109.75
1016.7,13.4,109.75
1016.8,25.1,109.75
1016.9,0.0,109.75
1017.0,12.6,109.75
1017.1,12.5,109.75
1017.2,13.2,109.75
1017.3,12.6,109.75
1017.4,13.8,109.75
1017.5,12.8,109.75
1017.6,25.5,109.75
1017.7,38.6,109.75
1017.8,25.1,109.75
1017.9,12.9,109.75
1018.0,13.0,109.75
1018.1,12.6,109.75
1018.2,13.8,109.75
1018.3,13.7,109.75
1018.4,25.1,109.75
1018.5,12.8,109.75
1018.6,13.3,109.75
1018.7,25.3,109.75
1018.8,25.2,109.75
1018.9,24.8,109.75
1019.0,25.3,109.75
1019.1,0.0,109.75
1019.2,13.4,109.75
1019.3,13.1,109.75
1019.4,26.3,109.75
1019.5,13.0,109.75
1019.6,12.6,109.75
1019.7,13.4,109.75
1019.8,25.7,109.75
1019.9,12.8,109.75
1020.0,13.5,109.75
1020.1,12.8,109.75
1020.2,12.7,109.75
1020.3,13.3,109.75
1020.4,25.6,109.75
1020.5,13.2,109.75
1020.6,12.6,109.75
1020.7,12.5,109.75
1020.8,13.7,109.75
1020.9,12.6,109.75
1021.0,12.6,109.75
1021.1,13.0,109.75
1021.2,25.3,109.75
1021.3,13.4,109.75
1021.4,12.6,109.75
1021.5,13.2,109.75
1021.6,25.4,109.75
1021.7,24.9,109.75
1021.8,24.5,109.75
1021.9,14.3,109.75
1022.0,12.2,109.75
1022.1,13.2,109.76
1022.2,12.9,109.76
1022.3,12.5,109.76
1022.4,12.7,109.76
1022.5,12.4,109.76
1022.6,13.3,109.76
1022.7,26.1,109.76
1022.8,13.1,109.76
1022.9,12.6,109.76
1023.0,0.0,109.76
1023.1,13.7,109.76
1023.2,13.1,109.76
1023.3,12.5,109.76
1023.4,0.0,109.76
1023.5,13.8,109.76
1023.6,26.8,109.76
1023.7,25.0,109.76
1023.8,13.1,109.76
1023.9,12.4,109.76
1024.0,13.3,109.76
1024.1,24.6,109.76
1024.2,13.3,109.76
1024.3,12.5,109.76
1024.4,13.3,109.76
1024.5,12.8,109.76
1024.6,13.7,109.76
1024.7,13.8,109.76
1024.8,13.1,109.76
1024.9,0.0,109.76
1025.0,13.1,109.76
1025.1,0.0,109.76
1025.2,13.3,109.76
1025.3,13.4,109.76
1025.4,12.7,109.76
1025.5,13.3,109.76
1025.6,12.8,109.76
1025.7,0.0,109.76
1025.8,14.3,109.76
1025.9,13.3,109.76
1026.0,13.6,109.76
1026.1,13.2,109.76
1026.2,12.2,109.76
1026.3,13.6,109.76
1026.4,13.5,109.76
1026.5,12.8,109.76
1026.6,25.3,109.76
1026.7,25.1,109.76
1026.8,25.7,109.76
1026.9,25.0,109.76
1027.0,14.0,109.76
1027.1,12.8,109.76
1027.2,13.2,109.76
1027.3,25.6,109.76
1027.4,12.4,109.76
1027.5,25.6,109.76
1027.6,12.0,109.76
1027.7,25.2,109.76
1027.8,0.0,109.76
1027.9,12.6,109.76
1028.0,0.0,109.76
1028.1,0.0,109.76
1028.2,13.4,109.76
1028.3,13.8,109.76
1028.4,25.1,109.76
1028.5,25.3,109.76
1028.6,24.9,109.76
1028.7,26.2,109.76
1028.8,24.9,109.76
1028.9,12.9,109.76
1029.0,12.9,109.76
1029.1,25.7,109.76
1029.2,23.8,109.76
1029.3,13.0,109.76
1029.4,25.4,109.76
1029.5,13.4,109.76
1029.6,13.0,109.76
1029.7,25.0,109.76
1029.8,25.2,109.76
1029.9,13.5,109.76
1030.0,12.8,109.76
1030.1,25.2,109.76
1030.2,25.0,109.76
1030.3,25.2,109.76
1030.4,25.5,109.76
1030.5,25.7,109.76
1030.6,12.7,109.76
1030.7,13.5,109.76
1030.8,25.3,109.76
1030.9,13.6,109.76
1031.0,0.0,109.76
1031.1,0.0,109.76
1031.2,24.3,109.76
1031.3,0.0,109.76
1031.4,12.4,109.76
1031.5,13.3,109.76
1031.6,26.1,109.76
1031.7,12.9,109.76
1031.8,12.6,109.76
1031.9,13.0,109.76
1032.0,26.4,109.76
1032.1,12.7,109.76
1032.2,12.5,109.76
1032.3,12.8,109.76
1032.4,12.8,109.76
1032.5,25.7,109.76
1032.6,13.0,109.76
1032.7,12.9,109.76
1032.8,12.5,109.76
1032.9,12.8,109.76
1033.0,13.4,109.76
1033.1,12.8,109.76
1033.2,12.6,109.76
1033.3,13.4,109.76
1033.4,13.6,109.76
1033.5,13.6,109.76
1033.6,13.3,109.76
1033.7,12.2,109.76
1033.8,12.4,109.76
1033.9,24.5,109.76
1034.0,12.8,109.76
1034.1,0.0,109.76
1034.2,42.3,110.84
1034.3,110.0,110.84
1034.4,116.1,110.84
1034.5,101.2,110.9
1034.6,85.3,110.97
1034.7,37.6,110.99
1034.8,26.1,110.99
1034.9,13.0,110.99
1035.0,25.3,110.99
1035.1,13.5,110.99
1035.2,12.8,110.99
1035.3,25.5,110.99
1035.4,24.8,110.99
1035.5,13.2,110.99
1035.6,12.8,110.99
1035.7,12.6,110.99
1035.8,13.0,110.99
1035.9,14.2,110.99
1036.0,37.1,110.99
1036.1,24.1,110.99
1036.2,12.7,110.99
1036.3,12.5,110.99
1036.4,13.1,110.99
1036.5,13.1,110.99
1036.6,24.7,110.99
1036.7,12.7,110.99
1036.8,24.8,110.99
1036.9,13.4,110.99
1037.0,25.7,110.99
1037.1,12.4,110.99
1037.2,25.5,110.99
1037.3,13.3,110.99
1037.4,13.3,110.99
1037.5,25.6,110.99
1037.6,25.3,110.99
1037.7,12.6,110.99
1037.8,12.7,110.99
1037.9,38.0,110.99
1038.0,110.9,110.99
1038.1,113.1,110.99
1038.2,113.9,110.99
1038.3,113.9,110.99
1038.4,65.0,110.98
1038.5,27.2,110.99
1038.6,12.9,110.99
1038.7,25.6,110.99
1038.8,12.8,110.99
1038.9,12.7,110.99
1039.0,12.7,110.99
1039.1,12.7,110.99
1039.2,12.9,110.99
1039.3,25.2,110.99
1039.4,13.1,110.99
1039.5,0.0,110.99
1039.6,12.7,110.99
1039.7,12.4,110.99
1039.8,13.0,110.99
1039.9,25.5,110.99
1040.0,25.6,110.99
1040.1,12.3,110.99
1040.2,13.3,110.99
1040.3,0.0,110.99
1040.4,13.8,110.99
1040.5,12.8,110.99
1040.6,13.2,110.99
1040.7,0.0,110.99
1040.8,13.6,110.99
1040.9,12.6,110.99
1041.0,12.8,110.99
1041.1,13.2,110.99
1041.2,13.5,110.99
1041.3,13.0,110.99
1041.4,25.3,110.99
1041.5,13.5,110.99
1041.6,12.8,110.99
1041.7,26.8,110.99
1041.8,12.4,110.99
1041.9,25.1,110.99
1042.0,12.6,110.99
1042.1,12.7,110.99
1042.2,12.7,110.99
1042.3,12.6,110.99
1042.4,12.4,110.99
1042.5,12.8,110.99
1042.6,26.7,110.99
1042.7,12.8,110.99
1042.8,12.5,110.99
1042.9,13.0,110.99
1043.0,12.1,110.99
1043.1,13.2,110.99
1043.2,13.7,110.99
1043.3,12.7,110.99
1043.4,13.4,110.99
1043.5,12.9,110.99
1043.6,12.8,110.99
1043.7,12.6,110.99
1043.8,26.6,110.99
1043.9,12.8,110.99
1044.0,12.9,110.99
1044.1,12.6,110.99
1044.2,26.8,110.99
1044.3,13.3,110.99
1044.4,26.4,110.99
1044.5,12.8,110.99
1044.6,12.6,110.99
1044.7,12.6,110.99
1044.8,12.6,110.99
1044.9,12.6,110.99
1045.0,13.3,110.99
1045.1,25.5,110.99
1045.2,13.6,110.99
1045.3,12.2,110.99
1045.4,26.2,110.99
1045.5,12.3,110.99
1045.6,26.0,110.99
1045.7,12.5,110.99
1045.8,13.9,110.99
1045.9,12.4,110.99
1046.0,25.7,110.99
1046.1,12.6,110.99
1046.2,12.5,110.99
1046.3,13.2,110.99
1046.4,25.4,110.99
1046.5,25.3,110.99
1046.6,25.7,110.99
1046.7,12.6,110.99
1046.8,12.9,110.99
1046.9,13.1,110.99
1047.0,25.6,110.99
1047.1,13.7,110.99
1047.2,13.9,110.99
1047.3,0.0,110.99
1047.4,13.5,110.99
1047.5,13.2,110.99
1047.6,25.6,110.99
1047.7,12.6,110.99
1047.8,12.7,110.99
1047.9,12.6,110.99
1048.0,12.1,110.99
1048.1,24.9,110.99
1048.2,13.0,110.99
1048.3,13.1,110.99
1048.4,25.2,110.99
1048.5,13.4,110.99
1048.6,12.5,110.99
1048.7,12.4,110.99
1048.8,12.4,110.99
1048.9,12.5,110.99
1049.0,12.5,110.99
1049.1,24.7,110.99
1049.2,12.8,110.99
1049.3,12.4,110.99
1049.4,12.6,110.99
1049.5,12.4,110.99
1049.6,12.5,110.99
1049.7,13.3,110.99
1049.8,25.7,110.99
1049.9,13.4,110.99
1050.0,0.0,110.99
1050.1,12.6,110.99
1050.2,0.0,110.99
1050.3,12.7,110.99
1050.4,13.4,110.99
1050.5,25.2,110.99
1050.6,12.8,110.99
1050.7,13.5,110.99
1050.8,25.2,110.99
1050.9,25.3,110.99
1051.0,13.6,110.99
1051.1,13.8,110.99
1051.2,13.0,110.99
1051.3,24.3,110.99
1051.4,13.0,110.99
1051.5,25.5,110.99
1051.6,25.4,110.99
1051.7,0.0,110.99
1051.8,12.9,110.99
1051.9,12.6,110.99
1052.0,25.7,110.99
1052.1,13.1,110.99
1052.2,12.5,110.99
1052.3,12.9,110.99
1052.4,25.5,110.99
1052.5,24.8,110.99
1052.6,25.7,110.99
1052.7,0.0,110.99
1052.8,25.4,110.99
1052.9,25.5,110.99
1053.0,25.5,110.99
1053.1,25.0,110.99
1053.2,12.8,110.99
1053.3,13.2,110.99
1053.4,24.7,110.99
1053.5,39.3,111.39
1053.6,26.3,111.39
1053.7,12.8,111.39
1053.8,13.5,111.39
1053.9,25.2,111.39
1054.0,12.6,111.39
1054.1,13.3,111.39
1054.2,12.3,111.39
1054.3,13.3,111.39
1054.4,13.0,111.39
1054.5,12.5,111.39
1054.6,0.0,111.39
1054.7,12.8,111.39
1054.8,12.6,111.39
1054.9,12.1,111.39
1055.0,13.1,111.39
1055.1,12.6,111.39
1055.2,24.8,111.39
1055.3,0.0,111.39
1055.4,25.0,111.39
1055.5,12.9,111.39
1055.6,13.2,111.39
1055.7,13.5,111.39
1055.8,13.6,111.39
1055.9,12.9,111.39
1056.0,12.5,111.39
1056.1,26.1,111.39
1056.2,12.8,111.39
1056.3,13.5,111.39
1056.4,12.5,111.39
1056.5,12.9,111.39
1056.6,12.8,111.39
1056.7,12.3,111.39
1056.8,0.0,111.39
1056.9,12.7,111.39
1057.0,13.3,111.39
1057.1,13.1,111.39
1057.2,12.7,111.39
1057.3,12.6,111.39
1057.4,13.3,111.39
1057.5,25.5,111.39
1057.6,12.6,111.39
1057.7,24.4,111.39
1057.8,25.4,111.39
1057.9,13.0,111.39
1058.0,13.2,111.39
1058.1,25.0,111.39
1058.2,24.1,111.39
1058.3,12.0,111.39
1058.4,12.6,111.39
1058.5,24.1,111.39
1058.6,12.3,111.39
1058.7,24.9,111.39
1058.8,25.1,111.39
1058.9,25.2,111.39
1059.0,25.2,111.39
1059.1,13.0,111.39
1059.2,13.2,111.39
1059.3,25.2,111.39
1059.4,25.3,111.39
1059.5,26.2,111.39
1059.6,12.7,111.39
1059.7,12.5,111.39
1059.8,13.0,111.39
1059.9,25.1,111.39
1060.0,13.4,111.39
1060.1,12.7,111.39
1060.2,13.6,111.39
1060.3,13.9,111.39
1060.4,25.5,111.39
1060.5,25.3,111.39
1060.6,25.2,111.39
1060.7,0.0,111.39
1060.8,12.8,111.39
1060.9,0.0,111.39
1061.0,24.2,111.39
1061.1,0.0,111.39
1061.2,13.5,111.39
1061.3,25.9,111.39
1061.4,12.3,111.39
1061.5,12.9,111.39
1061.6,13.3,111.39
1061.7,13.1,111.39
1061.8,12.5,111.39
1061.9,13.0,111.39
1062.0,12.4,111.39
1062.1,12.8,111.39
1062.2,26.2,111.39
1062.3,25.4,111.39
1062.4,0.0,111.39
1062.5,12.8,111.39
1062.6,13.6,111.39
1062.7,12.6,111.39
1062.8,12.7,111.39
1062.9,12.7,111.39
1063.0,25.3,111.39
1063.1,25.1,111.39
1063.2,13.1,111.39
1063.3,24.5,111.39
1063.4,13.8,111.39
1063.5,24.6,111.39
1063.6,25.5,111.39
1063.7,25.2,111.39
1063.8,25.5,111.39
1063.9,24.9,111.39
1064.0,13.2,111.39
1064.1,12.5,111.42
1064.2,12.6,111.42
1064.3,12.2,111.42
1064.4,13.2,111.42
1064.5,24.6,111.42
1064.6,12.6,111.42
1064.7,25.4,111.42
1064.8,13.6,111.42
1064.9,12.5,111.42
1065.0,12.5,111.42
1065.1,0.0,111.42
1065.2,0.0,111.42
1065.3,12.9,111.42
1065.4,24.9,111.42
1065.5,13.2,111.42
1065.6,12.6,111.42
1065.7,12.6,111.42
1065.8,13.0,111.42
1065.9,26.4,111.42
1066.0,12.8,117.59
1066.1,145.0,143.38
1066.2,0.0,143.95
1066.3,105.5,155.95
1066.4,100.4,179.01
1066.5,14.5,111.58
1066.6,0.0,111.58
1066.7,12.8,111.58
1066.8,12.3,111.58
1066.9,0.0,111.58
1067.0,13.8,111.58
1067.1,13.1,111.58
1067.2,13.1,111.58
1067.3,12.3,111.58
1067.4,13.7,111.58
1067.5,12.8,111.58
1067.6,13.0,111.58
1067.7,13.6,111.58
1067.8,12.5,111.58
1067.9,12.7,111.58
1068.0,13.0,111.58
1068.1,25.3,111.58
1068.2,13.3,111.58
1068.3,12.5,111.58
1068.4,12.5,111.58
1068.5,0.0,111.58
1068.6,13.7,111.58
1068.7,12.7,111.58
1068.8,12.6,111.58
1068.9,12.7,111.58
1069.0,12.4,111.58
1069.1,13.2,111.58
1069.2,13.4,111.58
1069.3,12.5,111.58
1069.4,12.6,111.58
1069.5,13.6,111.58
1069.6,13.6,111.58
1069.7,13.4,111.58
1069.8,12.7,111.58
1069.9,13.2,111.58
1070.0,12.9,111.58
1070.1,12.6,111.58
1070.2,12.7,111.58
1070.3,12.4,111.58
1070.4,12.6,111.58
1070.5,12.7,111.58
1070.6,12.7,111.58
1070.7,13.3,111.58
1070.8,12.8,111.58
1070.9,24.8,111.58
1071.0,13.0,111.58
1071.1,12.8,111.58
1071.2,12.6,111.58
1071.3,26.3,111.58
1071.4,25.3,111.58
1071.5,24.9,111.58
1071.6,12.7,111.58
1071.7,12.5,111.58
1071.8,12.7,111.58
1071.9,12.3,111.58
1072.0,24.7,111.58
1072.1,12.6,111.58
1072.2,13.0,111.58
1072.3,12.6,111.58
1072.4,12.3,111.58
1072.5,12.9,111.58
1072.6,24.4,111.58
1072.7,12.9,111.58
1072.8,24.1,111.58
1072.9,12.4,111.58
1073.0,25.2,120.7
1073.1,93.5,143.81
1073.2,119.5,166.41
1073.3,91.7,181.73
1073.4,52.5,111.38
1073.5,13.4,111.38
1073.6,25.6,111.38
1073.7,24.9,111.38
1073.8,38.6,111.38
1073.9,14.0,111.38
1074.0,14.3,111.38
1074.1,13.1,111.38
1074.2,0.0,111.38
