time_offset_sec,cpu_percent,memory_rss_mb
0.0,77.8,40.57
0.1,73.2,45.93
0.2,88.4,49.97
0.3,88.5,53.2
0.4,103.4,57.91
0.5,103.0,62.21
0.6,73.3,62.71
0.7,0.0,62.74
0.8,0.0,62.74
0.9,13.7,62.74
1.0,0.0,62.74
1.1,67.6,66.49
1.2,103.3,71.3
1.3,88.8,77.28
1.4,59.0,83.21
1.5,29.6,83.52
1.6,0.0,84.46
1.7,14.1,84.46
1.8,13.7,84.46
1.9,13.9,84.46
2.0,13.6,84.46
2.1,0.0,84.46
2.2,0.0,84.46
2.3,0.0,84.46
2.4,14.8,84.46
2.5,0.0,84.46
2.6,13.7,84.46
2.7,13.8,84.46
2.8,25.5,84.46
2.9,14.7,84.46
3.0,13.6,84.46
3.1,25.1,84.52
3.2,25.1,84.52
3.3,13.3,84.52
3.4,13.5,84.52
3.5,25.9,84.52
3.6,13.6,84.52
3.7,13.2,84.52
3.8,0.0,84.52
3.9,13.0,84.52
4.0,14.0,84.52
4.1,13.1,84.52
4.2,14.0,84.52
4.3,13.7,84.52
4.4,0.0,84.52
4.5,13.3,84.52
4.6,13.6,84.52
4.7,13.8,84.52
4.8,13.2,84.52
4.9,0.0,84.52
5.0,13.0,84.52
5.1,13.8,84.52
5.2,13.4,84.52
5.3,13.5,84.52
5.4,13.2,84.52
5.5,26.2,84.52
5.6,13.8,84.52
5.7,14.3,84.52
5.8,13.5,84.52
5.9,12.9,84.52
6.0,13.4,84.52
6.1,13.8,84.52
6.2,14.0,84.52
6.3,13.5,84.52
6.4,13.0,84.52
6.5,13.5,84.52
6.6,13.1,84.52
6.7,26.0,84.52
6.8,13.5,84.52
6.9,0.0,84.52
7.0,0.0,84.52
7.1,13.1,84.52
7.2,14.0,84.52
7.3,14.0,84.52
7.4,13.5,84.52
7.5,13.1,84.52
7.6,13.3,84.52
7.7,0.0,84.52
7.8,26.3,84.52
7.9,13.8,84.52
8.0,26.0,84.52
8.1,12.8,84.52
8.2,27.0,84.72
8.3,13.8,84.74
8.4,26.1,84.74
8.5,13.7,84.74
8.6,52.0,84.9
8.7,109.8,85.04
8.8,123.2,85.16
8.9,123.6,85.29
9.0,64.0,85.5
9.1,13.3,85.51
9.2,13.7,85.51
9.3,13.1,85.51
9.4,11.9,85.62
9.5,27.2,86.54
9.6,0.0,86.55
9.7,13.2,86.55
9.8,13.4,86.55
9.9,12.7,86.55
10.0,13.8,86.55
10.1,13.1,86.55
10.2,13.7,86.55
10.3,13.0,86.55
10.4,0.0,86.55
10.5,13.4,86.55
10.6,13.8,86.55
10.7,13.7,86.55
10.8,14.2,86.56
10.9,13.5,86.56
11.0,13.5,86.57
11.1,13.8,86.57
11.2,13.4,86.57
11.3,25.7,86.62
11.4,13.6,86.62
11.5,13.5,86.63
11.6,13.5,86.63
11.7,25.0,86.63
11.8,13.5,86.63
11.9,13.3,86.63
12.0,13.4,86.63
12.1,12.9,86.63
12.2,13.2,86.63
12.3,25.0,86.63
12.4,13.5,86.63
12.5,26.1,86.63
12.6,12.7,86.63
12.7,0.0,86.63
12.8,12.9,86.63
12.9,26.6,86.63
13.0,13.7,86.63
13.1,25.6,86.63
13.2,12.9,86.63
13.3,13.8,86.63
13.4,13.1,86.69
13.5,0.0,86.69
13.6,13.0,86.69
13.7,13.4,86.69
13.8,12.9,86.69
13.9,13.4,86.69
14.0,13.8,86.69
14.1,13.0,86.69
14.2,14.2,86.69
14.3,14.4,86.69
14.4,14.3,86.69
14.5,14.7,86.69
14.6,0.0,86.69
14.7,13.6,86.69
14.8,14.8,86.69
14.9,14.3,86.69
15.0,13.2,86.69
15.1,0.0,86.69
15.2,0.0,86.69
15.3,13.7,86.69
15.4,13.2,86.69
15.5,0.0,86.69
15.6,13.3,86.69
15.7,13.4,86.69
15.8,13.1,86.69
15.9,13.5,86.69
16.0,14.3,86.69
16.1,13.1,86.69
16.2,0.0,86.69
16.3,26.6,86.69
16.4,13.9,86.79
16.5,13.4,86.79
16.6,13.3,86.79
16.7,13.2,86.79
16.8,13.8,86.79
16.9,13.3,86.79
17.0,0.0,86.79
17.1,14.3,86.79
17.2,14.3,86.79
17.3,14.0,86.79
17.4,13.4,86.79
17.5,0.0,86.79
17.6,14.2,86.79
17.7,13.8,86.79
17.8,0.0,86.79
17.9,0.0,86.87
18.0,0.0,86.88
18.1,0.0,86.88
18.2,13.9,86.88
18.3,14.2,86.88
18.4,14.3,86.88
18.5,13.9,86.88
18.6,13.8,86.88
18.7,0.0,86.88
18.8,0.0,86.88
18.9,0.0,86.88
19.0,14.2,86.88
19.1,14.0,86.89
19.2,13.9,86.89
19.3,13.8,86.89
19.4,0.0,86.89
19.5,13.0,86.91
19.6,14.1,86.91
19.7,13.9,86.91
19.8,0.0,86.91
19.9,13.4,86.91
20.0,13.7,87.01
20.1,13.1,87.04
20.2,13.8,87.04
20.3,12.9,87.04
20.4,13.5,87.04
20.5,14.2,87.04
20.6,13.6,87.04
20.7,13.1,87.04
20.8,0.0,87.04
20.9,25.6,87.05
21.0,13.3,87.05
21.1,0.0,87.05
21.2,0.0,87.05
21.3,14.1,87.05
21.4,14.1,87.05
21.5,14.0,87.05
21.6,14.2,87.05
21.7,13.9,87.05
21.8,13.4,87.05
21.9,12.6,87.05
22.0,12.7,87.05
22.1,0.0,87.05
22.2,12.6,87.05
22.3,13.4,87.05
22.4,24.4,87.05
22.5,24.7,87.05
22.6,12.4,87.05
22.7,13.1,87.05
22.8,25.2,87.05
22.9,23.6,87.05
23.0,13.4,87.05
23.1,13.0,87.05
23.2,12.8,87.05
23.3,13.2,87.05
23.4,24.5,87.05
23.5,12.6,87.05
23.6,25.0,87.05
23.7,13.5,87.05
23.8,12.7,87.06
23.9,25.3,87.06
24.0,13.5,87.06
24.1,0.0,87.06
24.2,12.7,87.06
24.3,12.9,87.06
24.4,14.5,87.06
24.5,25.3,87.13
24.6,13.8,87.13
24.7,13.1,87.13
24.8,25.2,87.13
24.9,12.9,87.14
25.0,14.0,87.14
25.1,13.2,87.14
25.2,13.6,87.14
25.3,13.9,87.14
25.4,24.9,87.14
25.5,12.6,87.14
25.6,25.3,87.14
25.7,12.7,87.15
25.8,13.2,87.15
25.9,26.9,87.15
26.0,13.0,87.15
26.1,12.3,87.15
26.2,12.9,87.15
26.3,14.2,87.15
26.4,0.0,87.15
26.5,12.9,87.15
26.6,0.0,87.15
26.7,0.0,87.15
26.8,0.0,87.15
26.9,0.0,87.15
27.0,13.2,87.15
27.1,13.4,87.16
27.2,14.0,87.16
27.3,25.0,87.16
27.4,13.5,87.16
27.5,26.6,87.16
27.6,13.0,87.16
27.7,0.0,87.16
27.8,14.1,87.18
27.9,25.7,87.18
28.0,14.2,87.21
28.1,0.0,87.21
28.2,13.9,87.21
28.3,14.3,87.21
28.4,26.0,87.21
28.5,25.3,87.21
28.6,14.0,87.21
28.7,25.5,87.21
28.8,0.0,87.21
28.9,0.0,87.21
29.0,12.9,87.21
29.1,12.4,87.22
29.2,12.8,87.23
29.3,0.0,87.23
29.4,0.0,87.23
29.5,13.8,87.23
29.6,13.1,87.23
29.7,12.6,87.23
29.8,13.8,87.23
29.9,13.4,87.23
30.0,13.0,87.23
30.1,14.1,87.23
30.2,14.2,87.24
30.3,14.1,87.25
30.4,13.5,87.25
30.5,12.5,87.25
30.6,12.5,87.25
30.7,13.6,87.25
30.8,13.2,87.25
30.9,13.1,87.25
31.0,25.6,87.25
31.1,13.5,87.25
31.2,0.0,87.25
31.3,13.4,87.25
31.4,14.1,87.25
31.5,13.9,87.25
31.6,12.8,87.25
31.7,26.6,87.25
31.8,13.5,87.25
31.9,0.0,87.25
32.0,0.0,87.25
32.1,12.6,87.25
32.2,0.0,87.25
32.3,26.2,87.25
32.4,13.7,87.25
32.5,26.1,87.25
32.6,13.6,87.25
32.7,26.8,87.25
32.8,14.2,87.25
32.9,24.5,87.25
33.0,13.3,87.25
33.1,12.9,87.25
33.2,28.9,87.16
33.3,13.4,87.17
33.4,12.6,87.17
33.5,12.5,87.17
33.6,0.0,87.17
33.7,13.0,87.17
33.8,12.8,87.17
33.9,13.5,87.09
34.0,12.7,87.09
34.1,13.0,87.09
34.2,13.7,87.09
34.3,0.0,87.09
34.4,12.9,87.09
34.5,13.2,87.09
34.6,13.7,87.09
34.7,14.1,87.09
34.8,25.5,87.09
34.9,13.7,87.09
35.0,0.0,87.09
35.1,0.0,87.09
35.2,13.0,87.09
35.3,13.4,87.09
35.4,13.8,87.09
35.5,14.2,87.09
35.6,13.7,87.09
35.7,13.6,87.09
35.8,14.2,87.09
35.9,14.2,87.09
36.0,14.1,87.09
36.1,13.3,87.09
36.2,12.8,87.09
36.3,12.4,87.09
36.4,13.0,87.09
36.5,26.2,87.0
36.6,12.6,87.0
36.7,13.2,87.0
36.8,13.7,87.01
36.9,12.9,87.01
37.0,13.6,87.01
37.1,12.6,87.01
37.2,13.7,87.01
37.3,13.7,87.01
37.4,25.8,87.01
37.5,13.8,87.01
37.6,13.8,87.01
37.7,39.3,87.01
37.8,13.2,87.01
37.9,0.0,87.01
38.0,0.0,87.01
38.1,13.3,87.01
38.2,13.5,87.01
38.3,24.8,87.01
38.4,14.1,87.01
38.5,14.1,87.01
38.6,14.3,87.01
38.7,13.3,87.01
38.8,12.7,87.01
38.9,13.1,87.01
39.0,13.3,87.01
39.1,13.5,87.01
39.2,13.8,87.01
39.3,13.5,87.01
39.4,13.0,87.01
39.5,13.4,87.01
39.6,13.4,87.01
39.7,13.3,87.01
39.8,12.9,87.01
39.9,13.2,87.01
40.0,25.4,87.01
40.1,25.7,87.01
40.2,12.7,87.01
40.3,12.5,87.01
40.4,25.3,86.94
40.5,14.0,86.95
40.6,12.9,86.95
40.7,12.7,86.95
40.8,0.0,86.95
40.9,81.2,87.04
41.0,112.7,87.12
41.1,70.3,87.16
41.2,14.0,87.18
41.3,0.0,87.18
41.4,0.0,87.18
41.5,13.8,87.23
41.6,199.9,88.66
41.7,366.9,89.43
41.8,381.1,90.21
41.9,352.5,91.2
42.0,14.1,91.64
42.1,13.6,91.65
42.2,14.1,91.65
42.3,13.7,91.65
42.4,12.1,91.65
42.5,13.2,91.65
42.6,26.5,91.65
42.7,25.3,91.65
42.8,24.7,91.65
42.9,38.5,91.7
43.0,12.6,91.72
43.1,0.0,91.73
43.2,24.8,91.73
43.3,25.8,91.76
43.4,13.8,91.77
43.5,14.2,91.77
43.6,0.0,91.77
43.7,13.7,91.77
43.8,12.5,91.77
43.9,38.0,91.78
44.0,13.8,91.78
44.1,13.8,91.78
44.2,13.5,91.78
44.3,13.6,91.78
44.4,13.8,91.78
44.5,12.5,91.78
44.6,0.0,91.78
44.7,12.7,91.78
44.8,0.0,91.78
44.9,13.9,91.78
45.0,14.2,91.78
45.1,13.3,91.78
45.2,0.0,91.78
45.3,13.8,91.78
45.4,24.6,91.78
45.5,13.9,91.78
45.6,13.2,91.78
45.7,13.4,91.81
45.8,25.0,91.81
45.9,26.3,91.81
46.0,13.0,91.81
46.1,12.4,91.81
46.2,12.4,91.81
46.3,13.3,91.81
46.4,26.1,91.81
46.5,12.9,91.81
46.6,13.3,91.81
46.7,25.0,91.81
46.8,14.2,91.81
46.9,25.5,91.81
47.0,14.4,91.81
47.1,14.2,91.81
47.2,0.0,91.81
47.3,26.4,91.81
47.4,13.5,91.81
47.5,12.5,91.81
47.6,13.0,91.81
47.7,25.6,91.81
47.8,13.3,91.81
47.9,12.8,91.81
48.0,26.0,91.81
48.1,13.1,91.81
48.2,27.3,91.81
48.3,13.4,91.81
48.4,12.4,91.81
48.5,12.8,91.81
48.6,25.1,91.81
48.7,14.1,91.81
48.8,25.0,91.81
48.9,25.8,91.81
49.0,24.9,91.81
49.1,25.4,91.81
49.2,13.3,91.81
49.3,13.7,91.81
49.4,12.9,91.81
49.5,13.0,91.81
49.6,25.8,91.81
49.7,14.2,91.81
49.8,13.4,91.81
49.9,12.5,91.81
50.0,13.0,91.81
50.1,12.6,91.81
50.2,24.8,91.81
50.3,25.7,91.81
50.4,13.4,91.81
50.5,12.8,91.81
50.6,14.3,91.81
50.7,14.3,91.81
50.8,14.3,91.81
50.9,14.3,91.81
51.0,14.7,91.81
51.1,14.2,91.81
51.2,14.2,91.81
51.3,14.7,91.81
51.4,14.7,91.75
51.5,0.0,91.75
51.6,0.0,91.75
51.7,0.0,91.75
51.8,0.0,91.75
51.9,14.7,91.75
52.0,14.7,91.75
52.1,14.3,91.75
52.2,0.0,91.75
52.3,12.5,91.75
52.4,13.4,91.75
52.5,36.3,91.75
52.6,12.4,91.75
52.7,0.0,91.75
52.8,13.4,91.75
52.9,0.0,91.75
53.0,12.4,91.75
53.1,12.1,91.75
53.2,13.0,91.75
53.3,13.2,91.75
53.4,13.0,91.75
53.5,0.0,91.75
53.6,13.6,91.75
53.7,13.5,91.75
53.8,25.1,91.75
53.9,13.3,91.75
54.0,0.0,91.75
54.1,13.5,91.75
54.2,12.9,91.75
54.3,13.6,91.75
54.4,13.5,91.75
54.5,12.9,91.75
54.6,25.1,91.75
54.7,13.2,91.75
54.8,13.6,91.75
54.9,0.0,91.75
55.0,0.0,91.75
55.1,13.4,91.75
55.2,25.2,91.75
55.3,13.4,91.75
55.4,13.3,91.75
55.5,25.7,91.75
55.6,13.2,91.75
55.7,25.6,91.75
55.8,13.5,91.75
55.9,12.7,91.75
56.0,13.3,91.75
56.1,25.4,91.75
56.2,26.4,91.75
56.3,13.5,91.75
56.4,13.5,91.75
56.5,25.2,91.75
56.6,26.0,91.75
56.7,12.9,91.75
56.8,12.7,91.75
56.9,13.4,91.75
57.0,25.5,91.75
57.1,12.6,91.75
57.2,12.6,91.75
57.3,13.2,91.75
57.4,13.5,91.75
57.5,27.7,91.75
57.6,25.3,91.75
57.7,13.5,91.75
57.8,13.2,91.75
57.9,12.3,91.75
58.0,13.3,91.75
58.1,13.5,91.75
58.2,13.5,91.75
58.3,13.8,91.75
58.4,12.6,91.75
58.5,12.7,91.75
58.6,13.4,91.75
58.7,0.0,91.75
58.8,25.4,91.75
58.9,26.1,91.76
59.0,13.4,91.76
59.1,25.8,91.76
59.2,13.0,91.76
59.3,0.0,91.76
59.4,24.4,91.76
59.5,24.4,91.76
59.6,13.4,91.76
59.7,13.4,91.76
59.8,79.6,91.8
59.9,109.8,91.9
60.0,115.7,92.06
60.1,111.9,92.36
60.2,52.3,92.43
60.3,25.9,92.46
60.4,13.2,92.46
60.5,25.0,92.46
60.6,13.4,92.46
60.7,12.4,92.46
60.8,13.3,92.46
60.9,13.2,92.46
61.0,13.4,92.46
61.1,13.4,92.46
61.2,13.1,92.46
61.3,13.4,92.46
61.4,0.0,92.46
61.5,14.0,92.49
61.6,13.5,92.49
61.7,13.3,92.49
61.8,12.6,92.49
61.9,13.0,92.5
62.0,25.4,92.5
62.1,13.3,92.5
62.2,0.0,92.5
62.3,12.7,92.5
62.4,0.0,92.5
62.5,12.8,92.5
62.6,25.1,92.5
62.7,14.2,92.5
62.8,13.5,92.5
62.9,13.6,92.5
63.0,13.6,92.5
63.1,13.1,92.5
63.2,0.0,92.5
63.3,13.2,92.5
63.4,69.0,92.51
63.5,114.7,92.57
63.6,99.4,92.74
63.7,104.4,92.84
63.8,39.7,93.11
63.9,13.4,93.12
64.0,13.7,93.12
64.1,12.9,93.12
64.2,14.2,93.12
64.3,26.8,93.12
64.4,12.8,93.12
64.5,13.3,93.12
64.6,13.6,93.12
64.7,13.0,93.13
64.8,24.1,93.13
64.9,0.0,93.13
65.0,24.9,93.14
65.1,13.4,93.15
65.2,0.0,93.15
65.3,13.5,93.15
65.4,13.5,93.15
65.5,13.3,93.15
65.6,13.0,93.15
65.7,25.0,93.15
65.8,39.5,93.15
65.9,13.4,93.15
66.0,13.6,93.15
66.1,13.5,93.15
66.2,13.4,93.15
66.3,13.3,93.15
66.4,0.0,93.15
66.5,13.5,93.15
66.6,25.2,93.15
66.7,13.5,93.15
66.8,13.5,93.15
66.9,25.2,93.15
67.0,25.0,93.15
67.1,13.5,93.15
67.2,37.9,93.15
67.3,13.7,93.15
67.4,13.5,93.15
67.5,13.5,93.15
67.6,25.7,93.15
67.7,0.0,93.15
67.8,13.2,93.16
67.9,25.3,93.16
68.0,13.4,93.16
68.1,13.5,93.16
68.2,13.4,93.16
68.3,12.6,93.16
68.4,12.7,93.16
68.5,13.5,93.16
68.6,13.3,93.16
68.7,38.0,93.16
68.8,13.2,93.16
68.9,13.5,93.16
69.0,27.0,93.16
69.1,12.2,93.16
69.2,0.0,93.16
69.3,26.4,93.16
69.4,13.7,93.16
69.5,13.8,93.16
69.6,0.0,93.16
69.7,0.0,93.16
69.8,12.9,93.16
69.9,0.0,93.16
70.0,13.6,93.16
70.1,0.0,93.16
70.2,13.2,93.16
70.3,14.0,93.16
70.4,14.1,93.16
70.5,25.0,93.16
70.6,13.6,93.16
70.7,26.0,93.16
70.8,13.3,93.16
70.9,13.0,93.16
71.0,26.4,93.16
71.1,13.4,93.16
71.2,14.1,93.16
71.3,25.8,93.16
71.4,13.4,93.16
71.5,0.0,93.16
71.6,13.2,93.16
71.7,13.5,93.16
71.8,13.6,93.16
71.9,13.6,93.16
72.0,12.8,93.16
72.1,13.8,93.16
72.2,13.3,93.16
72.3,0.0,93.16
72.4,25.8,93.16
72.5,14.0,93.16
72.6,14.3,93.16
72.7,14.1,93.16
72.8,25.1,93.16
72.9,26.5,93.16
73.0,13.8,93.16
73.1,24.9,93.16
73.2,25.1,93.17
73.3,25.1,93.17
73.4,25.7,93.17
73.5,13.3,93.17
73.6,26.7,93.17
73.7,12.8,93.17
73.8,13.9,93.17
73.9,13.5,93.17
74.0,25.2,93.17
74.1,13.4,93.17
74.2,13.5,93.17
74.3,13.5,93.17
74.4,13.4,93.17
74.5,13.0,93.17
74.6,0.0,93.17
74.7,13.2,93.17
74.8,12.8,93.17
74.9,0.0,93.17
75.0,12.7,93.17
75.1,12.6,93.17
75.2,0.0,93.17
75.3,13.7,93.17
75.4,25.5,93.17
75.5,13.4,93.17
75.6,13.6,93.17
75.7,13.7,93.17
75.8,13.2,93.17
75.9,13.2,93.17
76.0,0.0,93.17
76.1,12.8,93.2
76.2,0.0,93.2
76.3,12.7,93.2
76.4,12.6,93.2
76.5,13.6,93.2
76.6,12.9,93.2
76.7,13.0,93.2
76.8,14.3,93.2
76.9,48.7,94.59
77.0,108.7,93.3
77.1,101.1,93.3
77.2,98.1,93.49
77.3,99.7,93.71
77.4,0.0,93.8
77.5,13.3,93.8
77.6,13.9,93.8
77.7,13.3,93.8
77.8,13.6,93.8
77.9,28.5,93.8
78.0,26.4,93.8
78.1,13.5,93.8
78.2,25.6,93.8
78.3,13.4,93.8
78.4,13.3,93.8
78.5,14.2,93.8
78.6,25.9,93.8
78.7,26.1,93.8
78.8,13.4,93.8
78.9,12.8,93.83
79.0,12.6,93.84
79.1,12.7,93.84
79.2,12.6,93.84
79.3,13.4,93.84
79.4,13.6,93.84
79.5,26.2,93.84
79.6,25.8,93.84
79.7,13.5,93.84
79.8,13.6,93.84
79.9,13.5,93.84
80.0,13.1,93.84
80.1,12.5,93.84
80.2,13.6,93.84
80.3,13.4,93.84
80.4,26.7,93.84
80.5,13.6,93.84
80.6,13.6,93.84
80.7,0.0,93.84
80.8,13.6,93.84
80.9,13.5,93.84
81.0,13.5,93.84
81.1,13.2,93.84
81.2,12.5,93.84
81.3,13.3,93.84
81.4,0.0,93.84
81.5,13.6,93.84
81.6,13.5,93.84
81.7,25.3,93.84
81.8,25.4,93.84
81.9,13.2,93.84
82.0,13.1,93.84
82.1,13.9,93.84
82.2,25.1,93.84
82.3,13.6,93.84
82.4,13.4,93.84
82.5,0.0,93.84
82.6,13.3,93.84
82.7,12.9,93.84
82.8,13.2,93.84
82.9,26.8,93.84
83.0,13.9,93.84
83.1,25.3,93.84
83.2,27.1,93.84
83.3,13.6,93.84
83.4,0.0,93.84
83.5,13.5,93.84
83.6,0.0,93.84
83.7,24.9,93.84
83.8,13.4,93.84
83.9,13.5,93.84
84.0,0.0,93.84
84.1,14.1,93.84
84.2,13.4,93.84
84.3,26.8,93.84
84.4,13.8,93.84
84.5,13.3,93.84
84.6,25.3,93.84
84.7,13.6,93.84
84.8,25.3,93.84
84.9,13.5,93.84
85.0,12.8,93.84
85.1,13.5,93.84
85.2,12.7,93.84
85.3,13.7,93.84
85.4,13.3,93.84
85.5,13.6,93.84
85.6,25.0,93.84
85.7,40.4,106.98
85.8,116.8,127.28
85.9,25.9,126.84
86.0,87.5,147.13
86.1,97.6,168.49
86.2,41.4,95.54
86.3,25.5,95.57
86.4,25.1,95.57
86.5,13.4,95.57
86.6,12.6,95.57
86.7,0.0,95.57
86.8,13.2,95.57
86.9,26.1,95.57
87.0,13.7,95.57
87.1,24.9,95.57
87.2,13.7,95.57
87.3,13.5,95.57
87.4,13.5,95.57
87.5,13.2,95.57
87.6,13.1,95.57
87.7,0.0,95.57
87.8,13.4,95.57
87.9,13.0,95.57
88.0,0.0,95.57
88.1,0.0,95.57
88.2,25.0,95.57
88.3,13.7,95.57
88.4,13.5,95.57
88.5,13.6,95.57
88.6,25.0,95.57
88.7,12.8,95.57
88.8,24.9,95.57
88.9,26.2,95.57
89.0,12.8,95.57
89.1,13.3,95.57
89.2,13.5,95.57
89.3,13.3,95.57
89.4,25.6,95.57
89.5,12.9,95.57
89.6,13.0,95.57
89.7,25.2,95.57
89.8,25.7,95.57
89.9,25.8,95.57
90.0,14.3,95.57
90.1,0.0,95.57
90.2,0.0,95.57
90.3,0.0,95.57
90.4,0.0,95.57
90.5,14.1,95.57
90.6,14.2,95.57
90.7,14.1,95.57
90.8,14.2,95.57
90.9,14.0,95.57
91.0,13.4,95.57
91.1,0.0,95.57
91.2,0.0,95.57
91.3,14.1,95.57
91.4,14.3,95.57
91.5,13.1,95.57
91.6,0.0,95.57
91.7,13.2,95.57
91.8,0.0,95.57
91.9,12.9,95.57
92.0,13.5,95.57
92.1,13.6,95.57
92.2,13.6,95.57
92.3,12.6,95.57
92.4,0.0,95.57
92.5,13.6,95.57
92.6,13.5,95.57
92.7,13.3,95.57
92.8,13.3,95.57
92.9,26.5,95.57
93.0,14.0,95.57
93.1,13.4,95.57
93.2,13.5,95.57
93.3,14.3,95.57
93.4,13.8,95.57
93.5,13.5,95.57
93.6,12.7,95.57
93.7,0.0,95.57
93.8,13.5,95.57
93.9,14.3,114.46
94.0,111.0,133.32
94.1,107.5,158.85
94.2,109.5,169.48
94.3,67.9,101.2
94.4,37.8,94.5
94.5,108.5,94.54
94.6,125.7,94.82
94.7,117.9,94.89
94.8,68.6,94.97
94.9,13.2,95.08
95.0,12.8,95.09
95.1,14.1,95.09
95.2,12.5,95.09
95.3,12.8,95.09
95.4,25.6,95.09
95.5,13.6,95.09
95.6,14.1,95.09
95.7,12.9,95.09
95.8,25.7,95.12
95.9,25.1,95.12
96.0,13.5,95.12
96.1,14.2,95.12
96.2,12.4,95.12
96.3,12.8,95.12
96.4,26.1,95.12
96.5,25.0,95.12
96.6,25.1,95.12
96.7,12.7,95.12
96.8,12.6,95.12
96.9,12.7,95.12
97.0,12.6,95.12
97.1,13.5,95.12
97.2,25.2,95.12
97.3,13.3,95.12
97.4,12.6,95.12
97.5,13.1,95.12
97.6,24.3,95.12
97.7,26.5,95.12
97.8,0.0,95.12
97.9,12.7,95.12
98.0,0.0,95.12
98.1,13.3,95.12
98.2,13.3,95.12
98.3,12.7,95.12
98.4,13.8,95.12
98.5,14.2,95.12
98.6,13.9,95.12
98.7,14.0,95.12
98.8,13.3,95.12
98.9,12.8,95.12
99.0,13.4,95.12
99.1,0.0,95.12
99.2,13.4,95.12
99.3,13.1,95.12
99.4,24.3,95.12
99.5,13.4,95.12
99.6,14.2,95.12
99.7,0.0,95.12
99.8,0.0,95.12
99.9,0.0,95.12
100.0,13.9,95.12
100.1,13.6,95.12
100.2,13.9,95.12
100.3,0.0,95.12
100.4,0.0,95.12
100.5,13.9,95.12
100.6,13.5,95.12
100.7,14.2,95.12
100.8,26.5,95.12
100.9,12.8,95.12
101.0,13.8,95.12
101.1,13.2,95.12
101.2,14.2,95.12
101.3,12.6,95.12
101.4,26.5,95.12
101.5,13.5,95.12
101.6,26.8,95.12
101.7,13.2,95.12
101.8,13.1,95.12
101.9,13.9,95.12
102.0,14.3,95.12
102.1,25.8,95.12
102.2,12.9,95.12
102.3,13.1,95.12
102.4,13.1,95.12
102.5,24.8,95.12
102.6,13.3,95.12
102.7,13.4,95.12
102.8,14.2,95.12
102.9,14.1,95.12
103.0,13.3,95.12
103.1,12.5,95.12
103.2,13.8,95.12
103.3,25.2,95.12
103.4,13.8,95.12
103.5,25.3,95.12
103.6,13.9,95.12
103.7,12.7,95.12
103.8,25.8,95.12
103.9,25.0,95.12
104.0,13.4,95.12
104.1,12.6,95.12
104.2,13.0,95.12
104.3,25.2,95.12
104.4,13.7,95.12
104.5,12.3,95.12
104.6,13.3,95.12
104.7,24.8,95.12
104.8,13.2,95.12
104.9,13.6,95.12
105.0,13.1,95.12
105.1,13.3,95.12
105.2,25.4,95.12
105.3,24.9,95.12
105.4,25.7,95.12
105.5,13.5,95.12
105.6,25.3,95.12
105.7,14.5,95.12
105.8,25.6,95.12
105.9,13.0,95.12
106.0,12.8,95.12
106.1,13.5,95.11
106.2,13.2,95.11
106.3,26.6,95.11
106.4,0.0,95.11
106.5,0.0,95.11
106.6,13.5,95.11
106.7,12.7,95.11
106.8,12.7,95.11
106.9,25.5,95.11
107.0,13.5,95.11
107.1,12.7,95.11
107.2,0.0,95.11
107.3,12.6,95.11
107.4,13.2,95.11
107.5,25.2,95.11
107.6,14.4,95.11
107.7,13.9,95.12
107.8,13.0,95.12
107.9,13.0,95.12
108.0,0.0,95.12
108.1,0.0,95.12
108.2,13.3,95.12
108.3,12.6,95.12
108.4,12.8,95.12
108.5,13.9,95.12
108.6,13.1,95.12
108.7,12.5,95.12
108.8,12.6,95.12
108.9,13.4,95.12
109.0,25.4,95.12
109.1,12.4,95.12
109.2,12.7,95.12
109.3,13.0,95.12
109.4,12.9,95.12
109.5,13.2,95.12
109.6,12.5,95.12
109.7,13.4,95.12
109.8,25.0,95.12
109.9,13.4,95.12
110.0,12.5,95.12
110.1,14.0,95.12
110.2,13.5,95.12
110.3,12.4,95.12
110.4,25.4,95.12
110.5,13.5,95.12
110.6,26.5,95.12
110.7,26.1,95.12
110.8,13.7,95.12
110.9,25.7,95.12
111.0,13.9,95.12
111.1,25.5,95.12
111.2,13.8,95.12
111.3,14.0,95.12
111.4,13.5,95.12
111.5,24.4,95.12
111.6,13.5,95.12
111.7,24.9,95.12
111.8,12.6,95.12
111.9,25.1,95.12
112.0,13.9,95.12
112.1,13.4,95.12
112.2,13.2,95.12
112.3,12.5,95.12
112.4,0.0,95.12
112.5,13.5,95.12
112.6,13.1,95.12
112.7,13.1,95.12
112.8,12.6,95.12
112.9,13.4,95.12
113.0,13.3,95.12
113.1,25.8,95.12
113.2,24.8,95.12
113.3,25.0,95.12
113.4,25.1,95.12
113.5,13.2,95.12
113.6,24.1,95.12
113.7,25.1,95.12
113.8,25.1,95.12
113.9,13.5,95.12
114.0,13.5,95.12
114.1,12.8,95.11
114.2,13.5,95.11
114.3,13.2,95.11
114.4,13.4,95.11
114.5,25.3,95.11
114.6,13.5,95.11
114.7,12.9,95.11
114.8,26.0,95.11
114.9,24.8,95.11
115.0,13.1,95.11
115.1,12.5,95.11
115.2,12.2,95.11
115.3,13.3,95.11
115.4,13.7,95.11
115.5,12.6,95.11
115.6,12.6,95.11
115.7,13.6,95.11
115.8,12.9,95.11
115.9,13.9,95.11
116.0,13.9,95.11
116.1,25.0,95.11
116.2,14.2,95.11
116.3,14.1,95.11
116.4,25.9,95.11
116.5,13.2,95.11
116.6,13.4,95.11
116.7,66.3,95.22
116.8,105.4,95.4
116.9,113.5,95.63
117.0,56.5,95.87
117.1,26.0,96.0
117.2,12.2,96.0
117.3,25.6,96.0
117.4,24.9,96.0
117.5,25.0,96.0
117.6,13.2,96.0
117.7,0.0,96.0
117.8,13.0,96.0
117.9,25.0,96.0
118.0,13.4,96.0
118.1,12.5,96.0
118.2,13.1,96.0
118.3,25.3,96.0
118.4,25.8,96.02
118.5,25.5,96.02
118.6,24.6,96.02
118.7,13.8,96.02
118.8,13.2,96.02
118.9,12.7,96.02
119.0,13.3,96.02
119.1,25.3,96.02
119.2,13.5,96.02
119.3,12.8,96.02
119.4,25.1,96.02
119.5,13.4,96.02
119.6,13.1,96.02
119.7,13.2,96.02
119.8,24.8,96.02
119.9,24.6,96.02
120.0,13.4,96.02
120.1,23.8,96.02
120.2,14.5,96.02
120.3,13.8,96.02
120.4,13.1,96.02
120.5,13.2,96.02
120.6,26.4,96.02
120.7,13.9,96.02
120.8,25.3,96.02
120.9,13.0,96.02
121.0,13.1,96.02
121.1,14.0,96.02
121.2,12.7,96.02
121.3,0.0,96.02
121.4,13.4,96.02
121.5,12.6,96.02
121.6,25.2,96.02
121.7,0.0,96.02
121.8,0.0,96.02
121.9,13.9,96.02
122.0,14.0,96.02
122.1,13.1,96.02
122.2,14.3,96.02
122.3,88.8,96.05
122.4,124.4,96.29
122.5,111.8,96.57
122.6,69.3,96.69
122.7,37.8,96.72
122.8,13.4,96.88
122.9,12.6,96.88
123.0,13.3,96.93
123.1,122.6,97.01
123.2,108.5,97.27
123.3,55.6,97.41
123.4,12.8,97.43
123.5,13.1,97.43
123.6,12.5,97.43
123.7,13.1,97.43
123.8,13.8,97.43
123.9,0.0,97.43
124.0,13.1,97.43
124.1,13.5,97.43
124.2,12.6,97.43
124.3,13.2,97.43
124.4,24.9,97.43
124.5,24.8,97.43
124.6,25.2,97.45
124.7,14.2,97.45
124.8,26.6,97.45
124.9,13.5,97.45
125.0,25.6,97.45
125.1,13.3,97.46
125.2,13.3,97.46
125.3,13.5,97.49
125.4,12.7,97.49
125.5,12.6,97.5
125.6,13.6,97.5
125.7,13.8,97.5
125.8,13.5,97.5
125.9,25.2,97.5
126.0,13.3,97.5
126.1,64.4,98.7
126.2,0.0,98.7
126.3,0.0,98.7
126.4,13.3,98.7
126.5,24.7,98.7
126.6,0.0,98.7
126.7,13.4,98.7
126.8,13.6,98.7
126.9,12.4,98.7
127.0,13.4,98.7
127.1,13.0,98.7
127.2,13.2,98.7
127.3,13.6,98.7
127.4,12.6,98.7
127.5,13.5,98.7
127.6,25.1,98.7
127.7,13.8,98.7
127.8,25.2,98.7
127.9,25.0,98.7
128.0,13.5,98.7
128.1,13.2,98.7
128.2,25.1,98.7
128.3,13.3,98.7
128.4,12.9,98.7
128.5,13.9,98.7
128.6,12.2,98.7
128.7,13.2,98.7
128.8,11.8,98.7
128.9,27.6,98.7
129.0,13.1,98.7
129.1,13.2,98.7
129.2,13.8,98.7
129.3,13.1,98.7
129.4,13.0,98.7
129.5,12.6,98.7
129.6,13.7,98.7
129.7,25.2,98.7
129.8,0.0,98.7
129.9,12.6,98.7
130.0,13.8,98.7
130.1,12.6,98.7
130.2,0.0,98.7
130.3,25.8,98.7
130.4,13.4,98.7
130.5,26.6,98.7
130.6,12.7,98.7
130.7,24.7,98.7
130.8,12.8,98.7
130.9,13.4,98.7
131.0,25.0,98.7
131.1,25.2,98.7
131.2,25.4,98.7
131.3,12.9,98.7
131.4,12.5,98.7
131.5,12.5,98.7
131.6,12.5,98.7
131.7,13.9,98.7
131.8,25.0,98.7
131.9,13.2,98.7
132.0,12.7,98.7
132.1,26.3,98.7
132.2,23.8,98.7
132.3,25.5,98.71
132.4,25.2,98.71
132.5,25.9,98.71
132.6,25.0,98.71
132.7,12.9,98.71
132.8,12.6,98.71
132.9,0.0,98.71
133.0,12.7,98.71
133.1,0.0,98.71
133.2,12.3,98.71
133.3,0.0,98.71
133.4,0.0,98.71
133.5,13.5,98.71
133.6,12.6,98.71
133.7,0.0,98.71
133.8,13.6,98.71
133.9,25.6,98.71
134.0,12.5,98.71
134.1,25.6,98.71
134.2,13.2,98.71
134.3,39.4,99.04
134.4,27.4,99.04
134.5,12.6,99.04
134.6,26.4,99.04
134.7,25.2,99.04
134.8,13.4,99.04
134.9,25.0,99.04
135.0,13.4,99.04
135.1,12.6,99.04
135.2,13.3,99.04
135.3,25.3,99.04
135.4,25.3,99.04
135.5,13.3,99.04
135.6,13.4,99.04
135.7,13.9,99.04
135.8,13.1,99.04
135.9,13.7,99.04
136.0,13.2,99.04
136.1,12.6,99.04
136.2,12.7,99.04
136.3,26.5,99.04
136.4,25.2,99.04
136.5,13.4,99.04
136.6,25.3,99.04
136.7,13.5,99.04
136.8,12.6,99.04
136.9,13.4,99.04
137.0,12.8,99.04
137.1,13.8,99.04
137.2,14.0,99.04
137.3,13.5,99.04
137.4,13.6,99.04
137.5,13.3,99.04
137.6,13.2,99.04
137.7,14.4,99.04
137.8,13.7,99.04
137.9,13.5,99.04
138.0,13.7,99.04
138.1,12.8,99.04
138.2,13.7,99.04
138.3,13.0,99.04
138.4,12.9,99.04
138.5,13.2,99.04
138.6,13.6,99.05
138.7,0.0,99.05
138.8,26.2,99.05
138.9,13.1,99.05
139.0,12.8,99.05
139.1,0.0,99.05
139.2,24.3,99.05
139.3,26.0,99.05
139.4,12.4,99.05
139.5,13.5,99.05
139.6,12.7,99.05
139.7,26.1,99.05
139.8,25.2,99.05
139.9,12.7,99.05
140.0,12.6,99.05
140.1,13.5,99.05
140.2,25.2,99.05
140.3,0.0,99.05
140.4,0.0,99.05
140.5,13.2,99.05
140.6,13.5,99.05
140.7,13.3,99.05
140.8,12.6,99.05
140.9,13.0,99.05
141.0,13.4,99.05
141.1,12.6,99.05
141.2,13.5,99.05
141.3,25.2,99.05
141.4,13.5,99.05
141.5,12.6,99.05
141.6,13.2,99.05
141.7,25.3,99.05
141.8,24.8,99.05
141.9,24.9,99.05
142.0,13.3,99.05
142.1,0.0,99.05
142.2,12.4,99.05
142.3,0.0,99.05
142.4,25.4,99.05
142.5,24.9,99.05
142.6,25.2,99.05
142.7,13.7,99.05
142.8,25.3,99.05
142.9,24.3,99.05
143.0,12.5,99.05
143.1,13.3,99.05
143.2,24.9,99.05
143.3,25.1,99.05
143.4,25.1,99.05
143.5,13.5,99.05
143.6,25.3,99.05
143.7,13.8,99.05
143.8,13.1,99.05
143.9,94.2,101.1
144.0,35.0,99.38
144.1,42.2,101.89
144.2,103.1,99.51
144.3,112.7,99.52
144.4,117.5,99.53
144.5,14.2,99.55
144.6,13.6,99.55
144.7,13.3,99.55
144.8,0.0,99.55
144.9,13.7,99.55
145.0,13.3,99.55
145.1,0.0,99.55
145.2,0.0,99.55
145.3,0.0,99.55
145.4,0.0,99.55
145.5,12.7,99.55
145.6,0.0,99.55
145.7,65.7,99.61
145.8,125.3,99.62
145.9,69.9,99.62
146.0,13.4,99.83
146.1,13.4,99.83
146.2,12.4,99.83
146.3,13.4,99.83
146.4,26.0,99.83
146.5,12.6,99.83
146.6,14.3,99.83
146.7,12.6,99.83
146.8,12.5,99.83
146.9,12.7,99.86
147.0,13.1,99.86
147.1,25.6,99.86
147.2,13.5,99.87
147.3,12.9,99.87
147.4,14.2,99.87
147.5,26.3,99.87
147.6,12.7,99.87
147.7,0.0,99.87
147.8,12.5,99.87
147.9,12.7,99.87
148.0,13.1,99.87
148.1,13.0,99.87
148.2,13.0,99.87
148.3,12.5,99.87
148.4,12.6,99.87
148.5,13.4,99.87
148.6,38.0,99.87
148.7,24.6,99.87
148.8,25.2,99.87
148.9,14.3,99.87
149.0,14.1,99.87
149.1,13.3,99.87
149.2,13.4,99.87
149.3,13.5,99.87
149.4,13.0,99.87
149.5,76.6,99.87
149.6,108.5,99.87
149.7,116.1,100.0
149.8,115.9,100.11
149.9,53.2,100.28
150.0,13.1,100.36
150.1,25.1,100.37
150.2,13.5,100.37
150.3,12.5,100.37
150.4,12.7,100.37
150.5,12.4,100.37
150.6,0.0,100.37
150.7,0.0,100.37
150.8,0.0,100.37
150.9,40.2,100.51
151.0,96.6,100.59
151.1,100.0,100.68
151.2,112.1,100.87
151.3,0.0,100.95
151.4,12.3,100.95
151.5,12.8,100.95
151.6,12.5,100.95
151.7,13.4,100.95
151.8,13.0,100.95
151.9,13.4,100.96
152.0,24.1,100.96
152.1,14.1,100.96
152.2,12.8,100.96
152.3,13.2,100.96
152.4,13.4,100.96
152.5,13.8,100.96
152.6,0.0,100.96
152.7,13.1,100.96
152.8,13.8,100.96
152.9,12.7,100.96
153.0,23.4,100.96
153.1,24.7,100.96
153.2,24.1,100.96
153.3,24.8,100.96
153.4,26.5,100.96
153.5,24.1,100.96
153.6,24.0,100.96
153.7,12.2,100.96
153.8,12.6,100.96
153.9,12.4,100.96
154.0,0.0,100.96
154.1,24.2,100.96
154.2,24.9,100.96
154.3,13.0,100.96
154.4,12.7,100.96
154.5,23.9,100.96
154.6,24.7,100.96
154.7,13.0,100.96
154.8,24.5,100.96
154.9,24.1,100.96
155.0,25.3,100.96
155.1,13.1,100.99
155.2,12.4,100.99
155.3,13.8,100.99
155.4,25.4,100.99
155.5,26.7,101.0
155.6,25.4,101.0
155.7,13.4,101.0
155.8,12.7,101.0
155.9,12.3,101.0
156.0,12.4,101.0
156.1,13.3,101.0
156.2,25.4,101.0
156.3,24.6,101.0
156.4,24.7,101.0
156.5,0.0,101.0
156.6,12.5,101.0
156.7,0.0,101.0
156.8,13.0,101.0
156.9,24.5,101.0
157.0,26.1,101.0
157.1,25.1,101.0
157.2,13.1,101.0
157.3,12.6,101.0
157.4,37.5,102.37
157.5,35.5,102.43
157.6,25.1,102.43
157.7,24.9,102.43
157.8,25.0,102.43
157.9,25.2,102.43
158.0,24.4,102.43
158.1,25.8,102.43
158.2,25.1,102.43
158.3,13.2,102.43
158.4,13.5,102.43
158.5,12.5,102.45
158.6,25.0,102.45
158.7,0.0,102.45
158.8,24.7,102.45
158.9,13.4,102.45
159.0,0.0,102.45
159.1,12.7,102.45
159.2,12.6,102.45
159.3,13.1,102.45
159.4,25.0,102.45
159.5,13.3,102.45
159.6,12.6,102.45
159.7,13.1,102.45
159.8,25.4,102.45
159.9,13.5,102.45
160.0,12.8,102.45
160.1,13.6,102.45
160.2,0.0,102.45
160.3,12.5,102.45
160.4,24.7,102.45
160.5,23.7,102.45
160.6,26.6,102.45
160.7,13.0,102.45
160.8,13.2,102.45
160.9,27.4,102.45
161.0,26.7,102.45
161.1,12.7,102.45
161.2,12.7,102.45
161.3,24.2,102.45
161.4,13.4,102.45
161.5,26.2,102.45
161.6,12.8,102.45
161.7,0.0,102.45
161.8,24.8,102.45
161.9,24.8,102.45
162.0,25.1,102.45
162.1,25.1,102.45
162.2,24.7,102.45
162.3,13.2,102.45
162.4,12.7,102.45
162.5,12.8,102.45
162.6,37.3,102.45
162.7,25.9,102.45
162.8,24.9,102.45
162.9,13.2,102.45
163.0,12.6,102.45
163.1,35.5,102.89
163.2,36.3,102.89
163.3,37.5,102.89
163.4,25.3,102.89
163.5,13.3,102.89
163.6,12.7,102.89
163.7,13.6,102.89
163.8,0.0,102.89
163.9,13.6,102.89
164.0,25.1,102.89
164.1,12.7,102.89
164.2,13.0,102.89
164.3,12.6,102.9
164.4,13.4,102.9
164.5,12.7,102.9
164.6,25.9,102.9
164.7,12.8,102.9
164.8,13.6,102.9
164.9,12.6,102.9
165.0,0.0,102.9
165.1,13.6,102.9
165.2,12.5,102.9
165.3,12.7,102.9
165.4,12.7,102.9
165.5,0.0,102.9
165.6,13.9,102.9
165.7,0.0,102.9
165.8,12.6,102.9
165.9,0.0,102.9
166.0,25.2,114.69
166.1,91.3,135.75
166.2,64.3,142.45
166.3,77.5,166.24
166.4,99.2,177.29
166.5,14.4,103.15
166.6,13.6,103.15
166.7,13.4,103.15
166.8,13.2,103.15
166.9,13.6,103.15
167.0,14.5,103.15
167.1,25.0,103.15
167.2,24.8,103.15
167.3,25.2,103.15
167.4,13.3,103.15
167.5,12.9,103.15
167.6,13.5,103.15
167.7,24.8,103.15
167.8,13.3,103.15
167.9,12.7,103.15
168.0,0.0,103.15
168.1,13.2,103.15
168.2,26.5,103.15
168.3,14.3,103.15
168.4,12.8,103.15
168.5,12.6,103.15
168.6,12.8,103.15
168.7,12.5,103.15
168.8,0.0,103.15
168.9,12.6,103.15
169.0,12.9,103.15
169.1,26.5,103.15
169.2,24.7,103.15
169.3,13.3,103.15
169.4,13.1,103.15
169.5,25.3,103.15
169.6,13.2,103.15
169.7,13.0,103.15
169.8,26.2,103.15
169.9,25.7,103.14
170.0,0.0,103.14
170.1,25.9,103.14
170.2,14.3,103.14
170.3,25.8,103.14
170.4,13.6,103.14
170.5,25.0,103.14
170.6,25.5,103.14
170.7,13.8,103.14
170.8,0.0,103.14
170.9,0.0,103.14
171.0,13.7,103.14
171.1,14.2,103.14
171.2,14.2,103.14
171.3,14.3,103.14
171.4,12.6,103.14
171.5,14.3,103.14
171.6,14.0,103.14
171.7,14.0,103.14
171.8,14.1,103.14
171.9,26.1,103.14
172.0,13.4,103.14
172.1,13.1,103.14
172.2,13.3,103.14
172.3,0.0,103.14
172.4,63.1,103.16
172.5,13.2,103.16
172.6,24.5,103.16
172.7,12.5,103.16
172.8,12.7,103.16
172.9,25.0,103.16
173.0,14.1,103.16
173.1,13.2,103.16
173.2,13.8,103.16
173.3,25.6,103.16
173.4,24.9,103.16
173.5,13.6,103.16
173.6,12.6,103.16
173.7,0.0,103.16
173.8,12.6,103.16
173.9,13.3,103.16
174.0,24.8,103.16
174.1,25.0,103.16
174.2,25.6,103.16
174.3,13.5,103.16
174.4,25.1,103.16
174.5,13.4,103.16
174.6,13.5,103.16
174.7,25.3,103.16
174.8,12.8,103.16
174.9,12.6,103.16
175.0,13.2,103.16
175.1,25.1,103.16
175.2,25.4,103.16
175.3,25.3,103.16
175.4,13.3,103.16
175.5,12.7,103.16
175.6,12.4,103.16
175.7,13.2,103.16
175.8,25.8,103.16
175.9,12.6,103.16
176.0,13.0,103.16
176.1,12.8,103.16
176.2,26.9,103.16
176.3,11.9,103.16
176.4,0.0,103.16
176.5,12.5,103.16
176.6,13.2,103.16
176.7,13.5,103.16
176.8,12.8,103.16
176.9,26.5,103.16
177.0,25.2,103.16
177.1,13.3,103.16
177.2,12.9,103.16
177.3,13.4,103.16
177.4,12.6,103.16
177.5,13.7,103.16
177.6,12.6,103.16
177.7,43.6,103.16
177.8,64.5,117.32
177.9,86.6,103.21
178.0,116.9,103.2
178.1,99.6,103.2
178.2,126.5,103.2
178.3,75.8,103.21
178.4,12.8,103.21
178.5,12.8,103.21
178.6,12.9,103.21
178.7,14.3,103.21
178.8,13.9,103.21
178.9,13.8,117.67
179.0,42.5,118.79
179.1,91.0,103.59
179.2,99.0,103.62
179.3,83.4,103.68
179.4,28.5,103.68
179.5,14.2,103.68
179.6,0.0,103.68
179.7,14.1,103.68
179.8,26.4,103.68
179.9,14.1,103.68
180.0,13.5,103.68
180.1,38.8,103.68
180.2,13.5,103.68
180.3,12.5,103.68
180.4,0.0,103.68
180.5,13.9,103.68
180.6,13.2,103.68
180.7,12.7,103.68
180.8,26.3,103.68
180.9,25.1,103.68
181.0,14.1,103.68
181.1,12.1,103.68
181.2,25.4,103.68
181.3,14.3,103.68
181.4,14.1,103.68
181.5,14.1,103.68
181.6,26.1,103.68
181.7,13.2,103.68
181.8,12.5,103.68
181.9,41.2,103.69
182.0,110.5,103.71
182.1,109.5,103.73
182.2,13.5,103.73
182.3,13.6,103.73
182.4,13.4,103.73
182.5,12.7,103.73
182.6,25.2,103.73
182.7,25.4,103.73
182.8,13.6,103.73
182.9,12.7,103.73
183.0,12.5,103.73
183.1,12.6,103.73
183.2,13.5,103.73
183.3,12.5,103.73
183.4,13.4,103.73
183.5,13.6,103.73
183.6,0.0,103.73
183.7,13.3,103.73
183.8,13.4,103.73
183.9,26.8,103.73
184.0,25.0,103.73
184.1,24.8,103.73
184.2,12.7,103.73
184.3,13.6,103.73
184.4,38.2,103.73
184.5,13.9,103.73
184.6,14.5,103.73
184.7,13.8,103.73
184.8,13.5,103.73
184.9,0.0,103.73
185.0,0.0,103.73
185.1,0.0,103.73
185.2,0.0,103.73
185.3,13.8,103.73
185.4,13.6,103.73
185.5,13.7,103.73
185.6,0.0,103.73
185.7,13.7,103.73
185.8,13.8,103.73
185.9,14.2,103.73
186.0,13.6,103.73
186.1,13.2,103.73
186.2,12.7,103.73
186.3,13.6,103.73
186.4,12.6,103.73
186.5,0.0,103.73
186.6,12.5,103.73
186.7,13.2,103.73
186.8,0.0,103.73
186.9,28.3,103.73
187.0,135.0,103.73
187.1,100.7,103.8
187.2,126.4,103.98
187.3,99.5,104.1
187.4,63.7,104.17
187.5,25.5,104.27
187.6,13.5,104.27
187.7,26.5,104.27
187.8,13.2,104.27
187.9,13.1,104.27
188.0,14.6,104.27
188.1,25.2,104.27
188.2,13.5,104.27
188.3,24.4,104.27
188.4,12.8,104.27
188.5,26.0,104.27
188.6,25.0,104.27
188.7,13.8,104.27
188.8,13.6,104.27
188.9,13.9,104.27
189.0,14.0,104.27
189.1,14.0,104.27
189.2,13.6,104.27
189.3,0.0,104.27
189.4,0.0,104.27
189.5,13.7,104.27
189.6,13.8,104.27
189.7,13.7,104.27
189.8,25.8,104.27
189.9,13.7,104.27
190.0,13.3,104.27
190.1,12.4,104.27
190.2,24.9,104.27
190.3,0.0,104.27
190.4,12.5,104.27
190.5,0.0,104.27
190.6,12.4,104.27
190.7,0.0,104.27
190.8,12.8,104.27
190.9,13.4,104.27
191.0,25.3,104.27
191.1,25.3,104.27
191.2,13.4,104.27
191.3,24.4,104.27
191.4,0.0,104.27
191.5,12.4,104.27
191.6,12.4,104.27
191.7,12.8,104.27
191.8,0.0,104.27
191.9,13.3,104.27
192.0,24.9,104.27
192.1,0.0,104.27
192.2,13.5,104.27
192.3,13.4,104.27
192.4,26.0,104.27
192.5,13.5,104.27
192.6,13.9,104.3
192.7,12.6,104.3
192.8,13.9,104.3
192.9,13.5,104.3
193.0,13.4,104.3
193.1,0.0,104.3
193.2,13.4,104.3
193.3,12.6,104.3
193.4,12.4,104.3
193.5,13.1,104.3
193.6,25.2,104.3
193.7,24.8,104.3
193.8,25.0,104.3
193.9,25.7,104.3
194.0,13.5,104.3
194.1,12.6,104.3
194.2,13.3,104.3
194.3,0.0,104.3
194.4,13.4,104.3
194.5,13.1,104.3
194.6,13.2,104.3
194.7,13.6,104.3
194.8,12.7,104.3
194.9,12.8,104.3
195.0,25.3,104.3
195.1,53.6,104.31
195.2,106.3,104.45
195.3,113.0,104.45
195.4,78.7,104.65
195.5,13.4,104.74
195.6,13.6,104.74
195.7,13.0,104.74
195.8,0.0,104.74
195.9,0.0,104.74
196.0,12.8,104.74
196.1,12.4,104.74
196.2,14.0,104.74
196.3,12.8,104.74
196.4,25.6,104.74
196.5,25.3,104.74
196.6,13.2,104.74
196.7,12.5,104.76
196.8,0.0,104.76
196.9,12.6,104.76
197.0,13.5,104.76
197.1,25.5,104.76
197.2,14.0,104.76
197.3,25.5,104.76
197.4,13.1,104.76
197.5,0.0,104.76
197.6,13.7,104.76
197.7,13.0,104.76
197.8,13.5,104.76
197.9,12.2,104.76
198.0,12.5,104.76
198.1,13.1,104.76
198.2,25.5,104.76
198.3,27.7,104.78
198.4,101.1,104.94
198.5,126.7,105.02
198.6,84.7,105.51
198.7,13.3,105.59
198.8,24.8,105.64
198.9,14.0,105.64
199.0,13.1,105.65
199.1,13.7,105.65
199.2,13.3,105.65
199.3,13.5,105.66
199.4,13.5,105.66
199.5,13.1,105.66
199.6,13.0,105.66
199.7,12.8,105.66
199.8,13.4,105.66
199.9,25.0,105.66
200.0,13.1,105.66
200.1,12.6,105.66
200.2,13.3,105.66
200.3,25.2,105.66
200.4,13.6,105.66
200.5,12.3,105.66
200.6,13.6,105.66
200.7,13.2,105.66
200.8,26.9,105.66
200.9,112.2,105.68
201.0,150.9,107.43
201.1,127.9,107.42
201.2,69.1,107.42
201.3,27.2,107.43
201.4,13.8,107.43
201.5,13.3,107.43
201.6,25.4,107.43
201.7,13.6,107.43
201.8,12.6,107.43
201.9,0.0,107.43
202.0,12.6,107.43
202.1,13.5,107.43
202.2,13.0,107.43
202.3,0.0,107.43
202.4,13.7,107.43
202.5,25.3,107.43
202.6,13.3,107.43
202.7,12.7,107.43
202.8,13.5,107.43
202.9,12.6,107.43
203.0,13.4,107.43
203.1,25.2,107.43
203.2,13.7,107.43
203.3,12.6,107.43
203.4,25.8,107.43
203.5,25.3,107.43
203.6,24.7,107.44
203.7,13.8,107.44
203.8,88.3,107.45
203.9,127.3,107.46
204.0,90.8,107.53
204.1,14.2,107.54
204.2,13.6,107.54
204.3,25.3,107.54
204.4,25.9,107.54
204.5,13.1,107.54
204.6,13.5,107.54
204.7,13.0,107.54
204.8,12.8,107.54
204.9,26.7,107.54
205.0,12.0,107.54
205.1,34.2,107.54
205.2,13.4,107.54
205.3,13.4,107.54
205.4,12.7,107.54
205.5,13.5,107.54
205.6,25.2,107.54
205.7,13.4,107.54
205.8,12.6,107.54
205.9,0.0,107.54
206.0,14.7,107.54
206.1,14.8,107.54
206.2,0.0,107.54
206.3,0.0,107.54
206.4,0.0,107.54
206.5,0.0,107.54
206.6,14.3,107.54
206.7,29.5,108.88
206.8,13.8,108.88
206.9,13.7,108.88
207.0,0.0,108.88
207.1,0.0,108.88
207.2,14.4,108.88
207.3,14.4,108.88
207.4,25.2,108.88
207.5,13.0,108.88
207.6,13.6,108.88
207.7,13.9,108.88
207.8,25.2,108.88
207.9,25.5,108.88
208.0,12.9,108.88
208.1,12.6,108.88
208.2,13.0,108.88
208.3,13.3,108.88
208.4,13.6,108.88
208.5,26.4,108.88
208.6,13.3,108.88
208.7,12.6,108.88
208.8,13.4,108.88
208.9,13.9,108.88
209.0,14.5,108.88
209.1,13.1,108.88
209.2,12.9,108.88
209.3,25.2,108.88
209.4,14.1,108.88
209.5,0.0,108.88
209.6,12.5,108.88
209.7,13.1,108.88
209.8,13.5,108.88
209.9,13.6,108.88
210.0,12.8,108.88
210.1,13.5,108.88
210.2,24.5,108.88
210.3,14.1,108.88
210.4,25.0,108.88
210.5,13.8,108.88
210.6,12.6,108.88
210.7,12.9,108.88
210.8,25.3,108.88
210.9,13.3,108.88
211.0,50.5,129.51
211.1,118.5,153.21
211.2,122.4,176.05
211.3,98.5,183.61
211.4,26.9,109.16
211.5,29.5,109.66
211.6,26.1,109.66
211.7,12.8,109.66
211.8,14.0,109.66
211.9,12.8,109.66
212.0,14.4,109.66
212.1,13.2,109.66
212.2,25.2,109.66
212.3,12.6,109.66
212.4,12.9,109.66
212.5,12.7,109.66
212.6,13.4,109.66
212.7,25.2,109.66
212.8,13.4,109.66
212.9,0.0,109.66
213.0,13.1,109.66
213.1,0.0,109.66
213.2,13.5,109.66
213.3,13.3,109.66
213.4,12.6,109.66
213.5,0.0,109.66
213.6,12.6,129.02
213.7,78.5,147.73
213.8,87.4,174.91
213.9,123.3,176.04
214.0,27.8,110.1
214.1,14.5,110.1
214.2,12.6,110.1
214.3,12.7,110.1
214.4,12.4,110.1
214.5,14.0,110.1
214.6,12.6,110.1
214.7,13.4,110.1
214.8,26.3,110.1
214.9,12.9,110.1
215.0,13.6,110.1
215.1,25.3,110.1
215.2,12.8,110.1
215.3,13.0,110.1
215.4,0.0,110.1
215.5,13.4,110.1
215.6,13.4,110.1
215.7,25.3,110.1
215.8,13.8,110.1
215.9,26.7,110.1
216.0,13.3,110.1
216.1,26.8,110.1
216.2,0.0,110.1
216.3,12.1,110.1
216.4,13.5,110.1
216.5,24.9,110.1
216.6,37.6,110.1
216.7,12.6,110.1
216.8,0.0,110.1
216.9,13.1,110.1
217.0,12.8,110.1
217.1,25.1,110.1
217.2,13.5,110.1
217.3,13.5,110.1
217.4,13.3,110.1
217.5,12.4,110.1
217.6,12.6,110.1
217.7,13.3,110.1
217.8,25.1,110.1
217.9,13.3,110.1
218.0,12.5,110.1
218.1,0.0,110.1
218.2,24.6,110.1
218.3,13.5,110.1
218.4,25.3,110.1
218.5,13.6,110.1
218.6,13.5,110.1
218.7,13.4,110.1
218.8,13.1,110.1
218.9,29.3,110.1
219.0,26.1,110.1
219.1,0.0,110.1
219.2,25.1,110.1
219.3,13.1,110.1
219.4,13.0,110.1
219.5,13.9,110.1
219.6,13.5,110.1
219.7,24.8,110.1
219.8,13.4,110.1
219.9,0.0,110.1
220.0,12.7,110.1
220.1,12.7,110.1
220.2,13.3,110.1
220.3,25.1,110.1
220.4,13.6,110.1
220.5,13.5,110.1
220.6,13.8,110.1
220.7,13.4,110.1
220.8,26.2,110.14
220.9,60.2,110.23
221.0,39.1,142.42
221.1,77.2,167.99
221.2,103.5,182.86
221.3,39.1,124.45
221.4,123.5,110.32
221.5,139.0,110.34
221.6,223.2,110.34
221.7,180.7,110.34
221.8,113.7,110.36
221.9,0.0,110.36
222.0,13.3,110.36
222.1,14.2,110.36
222.2,12.9,110.36
222.3,14.1,110.36
222.4,13.9,110.36
222.5,14.2,110.36
222.6,26.4,110.36
222.7,14.3,110.36
222.8,25.7,110.37
222.9,0.0,110.37
223.0,12.8,110.37
223.1,13.0,110.37
223.2,25.1,110.37
223.3,25.8,110.37
223.4,14.2,110.37
223.5,12.8,110.37
223.6,12.6,110.37
223.7,12.6,110.37
223.8,0.0,110.37
223.9,13.2,110.37
224.0,25.0,110.37
224.1,14.0,110.37
224.2,12.7,110.37
224.3,13.5,110.37
224.4,14.1,110.37
224.5,13.5,110.37
224.6,13.3,110.37
224.7,13.5,110.37
224.8,13.4,110.37
224.9,13.1,110.37
225.0,13.4,110.37
225.1,12.7,110.37
225.2,13.5,110.37
225.3,25.5,110.37
225.4,14.0,110.37
225.5,24.8,110.37
225.6,13.5,110.37
225.7,12.6,110.37
225.8,13.5,110.37
225.9,25.0,110.37
226.0,13.5,110.37
226.1,36.2,110.37
226.2,13.3,110.37
226.3,25.2,110.37
226.4,13.6,110.37
226.5,25.2,110.37
226.6,13.5,110.37
226.7,12.3,110.37
226.8,26.2,110.37
226.9,12.6,110.37
227.0,25.4,110.37
227.1,13.4,110.37
227.2,12.5,110.37
227.3,14.0,110.37
227.4,13.5,110.37
227.5,12.6,110.37
227.6,13.1,110.37
227.7,12.7,110.37
227.8,12.5,110.37
227.9,13.6,110.37
228.0,25.0,110.37
228.1,13.4,110.37
228.2,12.7,110.37
228.3,13.8,110.37
228.4,12.8,110.37
228.5,26.7,110.37
228.6,12.6,110.37
228.7,13.3,110.37
228.8,25.5,110.37
228.9,38.8,131.43
229.0,95.4,148.5
229.1,115.3,170.25
229.2,0.0,110.43
229.3,39.3,111.38
229.4,14.4,111.38
229.5,24.8,111.38
229.6,0.0,111.38
229.7,25.0,111.38
229.8,14.2,111.38
229.9,25.1,111.38
230.0,25.5,111.38
230.1,13.8,111.38
230.2,25.6,111.38
230.3,25.5,111.38
230.4,12.7,111.38
230.5,13.5,111.38
230.6,25.3,111.38
230.7,14.1,111.38
230.8,25.4,111.38
230.9,13.5,111.38
231.0,25.0,111.38
231.1,25.4,111.38
231.2,23.9,111.38
231.3,12.6,111.38
231.4,12.6,111.38
231.5,13.3,111.38
231.6,25.3,111.38
231.7,13.5,111.38
231.8,25.1,111.38
231.9,25.1,111.38
232.0,37.5,111.38
232.1,24.7,111.38
232.2,25.3,111.38
232.3,13.0,111.38
232.4,25.2,111.38
232.5,14.0,111.38
232.6,25.6,111.38
232.7,13.4,111.38
232.8,24.9,111.38
232.9,26.4,111.38
233.0,13.1,111.38
233.1,13.2,111.38
233.2,13.4,111.38
233.3,12.5,111.38
233.4,13.0,111.38
233.5,25.9,111.38
233.6,13.4,111.38
233.7,12.6,111.38
233.8,25.0,111.38
233.9,25.2,111.38
234.0,26.5,111.38
234.1,12.7,111.38
234.2,13.5,111.38
234.3,25.1,111.38
234.4,13.2,111.38
234.5,13.2,111.38
234.6,26.4,111.38
234.7,12.8,111.38
234.8,13.5,111.38
234.9,25.3,111.38
235.0,13.1,111.38
235.1,12.5,111.38
235.2,13.8,111.38
235.3,24.8,111.38
235.4,13.4,111.38
235.5,13.1,111.38
235.6,25.3,111.38
235.7,13.4,111.38
235.8,13.4,111.38
235.9,13.7,111.38
236.0,25.2,111.38
236.1,13.4,125.42
236.2,99.2,150.24
236.3,102.2,172.82
236.4,95.5,183.5
236.5,53.7,111.46
236.6,12.5,111.46
236.7,13.4,111.46
236.8,25.2,111.46
236.9,0.0,111.46
237.0,0.0,111.46
237.1,0.0,111.46
237.2,0.0,111.46
237.3,12.6,111.46
237.4,12.4,111.46
237.5,0.0,111.46
237.6,0.0,111.46
237.7,13.5,111.46
237.8,13.8,111.46
237.9,12.5,111.46
238.0,24.7,111.46
238.1,12.7,111.46
238.2,26.5,111.46
238.3,13.4,111.46
238.4,26.0,111.46
238.5,13.3,111.46
238.6,0.0,111.46
238.7,0.0,111.46
238.8,12.7,111.46
238.9,13.3,111.46
239.0,12.6,111.46
239.1,14.0,111.46
239.2,24.9,111.46
239.3,13.6,111.46
239.4,14.2,111.46
239.5,14.1,111.46
239.6,24.6,111.46
239.7,24.0,111.46
239.8,14.2,111.46
239.9,12.9,111.46
240.0,12.5,111.46
240.1,12.6,111.46
240.2,13.2,111.46
240.3,13.6,111.46
240.4,13.1,111.46
240.5,13.4,111.46
240.6,13.2,111.46
240.7,25.6,111.46
240.8,13.6,111.46
240.9,13.9,111.46
241.0,13.3,111.46
241.1,25.2,111.46
241.2,13.6,111.46
241.3,25.3,111.46
241.4,13.8,111.46
241.5,12.6,111.46
241.6,0.0,111.46
241.7,12.5,111.46
241.8,0.0,111.46
241.9,12.6,111.46
242.0,13.6,111.46
242.1,24.4,111.46
242.2,13.2,111.46
242.3,12.4,111.46
242.4,12.6,111.46
242.5,36.7,111.46
242.6,13.3,111.46
242.7,25.6,111.46
242.8,13.3,111.46
242.9,13.8,111.46
243.0,14.0,111.46
243.1,13.5,111.46
243.2,12.6,111.46
243.3,13.4,111.46
243.4,12.7,111.46
243.5,13.2,111.46
243.6,37.7,111.46
243.7,13.5,111.46
243.8,13.5,111.46
243.9,25.3,111.46
244.0,25.0,111.46
244.1,14.1,111.46
244.2,24.9,111.46
244.3,14.1,111.46
244.4,25.8,111.46
244.5,13.8,111.46
244.6,13.3,111.46
244.7,13.5,111.46
244.8,26.1,111.46
244.9,25.0,111.46
245.0,12.6,111.46
245.1,12.7,111.46
245.2,13.6,111.46
245.3,25.2,111.46
245.4,12.8,111.46
245.5,12.6,111.46
245.6,12.5,111.46
245.7,12.5,111.46
245.8,12.8,111.46
245.9,12.8,111.46
246.0,13.8,111.46
246.1,12.6,111.46
246.2,0.0,111.46
246.3,0.0,111.46
246.4,0.0,111.46
246.5,12.5,111.46
246.6,24.6,111.46
246.7,14.2,111.46
246.8,13.2,111.46
246.9,13.4,111.46
247.0,12.8,111.46
247.1,13.0,111.46
247.2,12.7,111.46
247.3,13.7,111.46
247.4,12.7,111.46
247.5,12.8,111.46
247.6,25.2,111.46
247.7,25.3,111.46
247.8,37.8,111.46
247.9,25.6,111.46
248.0,12.7,111.46
248.1,13.6,111.46
248.2,24.8,111.46
248.3,13.5,111.46
248.4,12.6,111.46
248.5,27.0,111.46
248.6,25.4,111.46
248.7,13.8,111.46
248.8,13.3,111.46
248.9,12.8,111.46
249.0,0.0,111.46
249.1,12.8,111.46
249.2,13.7,111.46
249.3,12.6,111.46
249.4,13.1,111.46
249.5,25.4,111.46
249.6,0.0,111.46
249.7,12.6,111.46
249.8,12.6,111.46
249.9,12.5,111.46
250.0,12.8,111.46
250.1,0.0,111.46
250.2,13.6,111.46
250.3,25.0,111.46
250.4,12.5,111.46
250.5,12.6,111.46
250.6,13.5,111.46
250.7,25.5,111.46
250.8,13.4,111.46
250.9,12.5,111.46
251.0,13.6,111.46
251.1,24.2,111.46
251.2,13.7,111.46
251.3,25.8,111.46
251.4,26.3,111.46
251.5,13.3,111.46
251.6,12.7,111.46
251.7,26.8,111.46
251.8,12.5,111.46
251.9,13.2,111.46
252.0,25.2,111.46
252.1,13.9,111.46
252.2,0.0,111.46
252.3,13.5,111.46
252.4,12.6,111.46
252.5,12.6,111.46
252.6,12.4,111.46
252.7,13.4,111.46
252.8,25.2,111.46
252.9,13.4,111.46
253.0,25.2,111.46
253.1,0.0,111.46
253.2,13.3,111.46
253.3,13.8,111.46
253.4,0.0,111.61
253.5,12.5,111.61
253.6,13.4,111.61
253.7,25.2,111.61
253.8,13.1,111.61
253.9,12.7,111.61
254.0,13.3,111.61
254.1,13.9,111.61
254.2,25.4,111.61
254.3,25.2,111.61
254.4,26.1,111.61
254.5,13.8,111.61
254.6,13.0,111.61
254.7,0.0,111.61
254.8,13.5,111.61
254.9,25.0,111.61
255.0,25.8,111.61
255.1,25.0,111.61
255.2,14.1,111.61
255.3,0.0,111.61
255.4,13.3,111.61
255.5,14.3,111.61
255.6,39.7,111.61
255.7,13.6,111.61
255.8,25.3,111.61
255.9,13.7,111.61
256.0,13.2,111.61
256.1,13.5,111.61
256.2,13.5,111.61
256.3,0.0,111.61
256.4,25.3,111.61
256.5,13.5,111.61
256.6,13.2,111.61
256.7,13.6,111.61
256.8,0.0,111.61
256.9,13.2,111.61
257.0,12.5,111.61
257.1,12.5,111.61
257.2,13.4,111.61
257.3,12.7,111.61
257.4,0.0,111.61
257.5,12.7,111.61
257.6,13.4,111.61
257.7,25.2,111.61
257.8,13.5,111.61
257.9,12.6,111.61
258.0,26.6,111.61
258.1,12.6,111.61
258.2,13.5,111.61
258.3,26.3,111.61
258.4,25.0,111.61
258.5,25.1,111.61
258.6,13.8,111.61
258.7,0.0,111.61
258.8,25.5,111.61
258.9,25.8,111.61
259.0,13.3,111.61
259.1,13.1,111.61
259.2,13.0,111.61
259.3,13.2,111.61
259.4,38.8,111.61
259.5,13.7,111.61
259.6,13.9,111.61
259.7,13.2,111.61
259.8,25.1,111.61
259.9,13.5,111.61
260.0,0.0,111.61
260.1,0.0,111.61
260.2,0.0,111.61
260.3,0.0,111.61
260.4,13.9,111.61
260.5,14.2,111.61
260.6,13.5,111.61
260.7,0.0,111.61
260.8,13.7,111.61
260.9,13.8,111.61
261.0,13.4,111.61
261.1,0.0,111.61
261.2,0.0,111.61
261.3,13.5,111.61
261.4,13.4,111.61
261.5,12.9,111.61
261.6,24.8,111.61
261.7,13.4,111.61
261.8,12.8,111.61
261.9,12.7,111.61
262.0,26.2,111.61
262.1,13.5,111.61
262.2,12.8,111.61
262.3,14.1,111.61
262.4,25.0,111.61
262.5,0.0,111.61
262.6,25.1,111.61
262.7,25.3,111.61
262.8,25.2,111.61
262.9,13.4,111.61
263.0,13.1,111.61
263.1,13.3,111.61
263.2,24.7,111.61
263.3,12.7,111.61
263.4,24.0,111.61
263.5,13.5,111.61
263.6,12.5,111.61
263.7,13.2,111.61
263.8,25.9,111.61
263.9,13.4,111.61
264.0,13.2,111.61
264.1,12.6,111.61
264.2,13.6,111.61
264.3,12.9,111.61
264.4,12.6,111.61
264.5,14.0,111.61
264.6,13.4,111.61
264.7,14.6,111.61
264.8,14.1,111.61
264.9,0.0,111.61
265.0,14.0,111.61
265.1,0.0,111.61
265.2,0.0,111.61
265.3,0.0,111.61
265.4,0.0,111.61
265.5,12.8,111.61
265.6,12.5,111.61
265.7,0.0,111.61
265.8,26.6,111.61
265.9,13.1,111.61
266.0,0.0,111.61
266.1,13.4,111.61
266.2,14.6,111.61
266.3,13.8,111.61
266.4,13.2,111.61
266.5,14.0,111.61
266.6,13.7,111.61
266.7,13.3,111.61
266.8,0.0,111.61
266.9,13.7,111.61
267.0,14.6,111.61
267.1,0.0,111.61
267.2,13.5,111.61
267.3,14.0,111.61
267.4,13.2,111.61
267.5,13.7,111.61
267.6,13.8,111.61
267.7,0.0,111.61
267.8,13.3,111.61
267.9,14.3,111.61
268.0,25.5,111.61
268.1,14.0,111.61
268.2,14.2,111.61
268.3,13.7,111.61
268.4,13.8,111.61
268.5,13.2,111.61
268.6,13.2,111.61
268.7,14.2,111.61
268.8,25.6,111.61
268.9,13.8,111.61
269.0,13.3,111.61
269.1,13.6,111.61
269.2,26.5,111.61
269.3,13.2,111.61
269.4,14.5,111.61
269.5,14.3,111.61
269.6,12.8,111.61
269.7,13.7,111.61
269.8,13.1,111.61
269.9,13.3,111.61
270.0,13.6,111.61
270.1,0.0,111.61
270.2,12.6,111.61
270.3,13.3,111.61
270.4,25.2,111.61
270.5,13.5,111.61
270.6,13.5,111.61
270.7,12.9,111.61
270.8,13.9,111.61
270.9,13.7,111.61
271.0,13.2,111.61
271.1,12.8,111.61
271.2,0.0,111.61
271.3,12.9,111.61
271.4,0.0,111.61
271.5,13.0,111.61
271.6,0.0,111.61
271.7,0.0,111.61
271.8,14.1,111.61
271.9,14.3,111.61
272.0,13.5,111.61
272.1,13.8,111.61
272.2,13.7,111.61
272.3,13.0,111.61
272.4,25.6,111.61
272.5,14.1,111.61
272.6,13.2,111.61
272.7,13.9,111.61
272.8,13.6,111.61
272.9,13.7,111.61
273.0,12.6,111.61
273.1,0.0,111.61
273.2,14.7,111.61
273.3,14.0,111.61
273.4,13.7,111.61
273.5,13.1,111.61
273.6,25.7,111.61
273.7,13.2,111.61
273.8,12.6,111.61
273.9,12.7,111.61
274.0,13.5,111.61
274.1,12.6,111.61
274.2,13.1,111.61
274.3,26.3,111.61
274.4,0.0,111.61
274.5,12.9,111.61
274.6,13.4,111.61
274.7,0.0,111.61
274.8,0.0,111.61
274.9,13.7,111.61
275.0,13.2,111.61
275.1,13.6,111.61
275.2,12.8,111.61
275.3,0.0,111.61
275.4,13.5,111.61
275.5,13.4,111.61
275.6,12.8,111.61
275.7,12.7,111.61
275.8,25.2,111.61
275.9,13.4,111.61
276.0,13.5,111.61
276.1,0.0,111.61
276.2,13.6,111.61
276.3,25.2,111.61
276.4,13.3,111.61
276.5,12.8,111.61
276.6,0.0,111.61
276.7,0.0,111.61
276.8,0.0,111.61
276.9,13.6,111.61
277.0,13.2,111.61
277.1,0.0,111.61
277.2,13.3,111.61
277.3,13.0,111.61
277.4,14.0,111.61
277.5,25.4,111.61
277.6,13.6,111.61
277.7,13.5,111.61
277.8,0.0,111.61
277.9,0.0,111.61
278.0,14.2,111.61
278.1,13.7,111.61
278.2,14.5,111.61
278.3,0.0,111.61
278.4,13.4,111.61
278.5,26.2,111.61
278.6,25.1,111.61
278.7,12.7,111.61
278.8,13.4,111.61
278.9,13.4,111.61
279.0,14.2,111.61
279.1,12.7,111.61
279.2,0.0,111.61
279.3,13.1,111.61
279.4,26.4,111.61
279.5,14.4,111.61
279.6,14.3,111.61
279.7,14.2,111.61
279.8,13.1,111.61
279.9,12.7,111.61
280.0,0.0,111.61
280.1,12.9,111.61
280.2,13.8,111.61
280.3,13.5,111.61
280.4,13.7,111.61
280.5,14.3,111.61
280.6,14.2,111.61
280.7,14.3,111.61
280.8,13.8,111.61
280.9,12.7,111.61
281.0,13.6,111.61
281.1,13.7,111.61
281.2,13.9,111.61
281.3,26.9,111.61
281.4,13.5,111.61
281.5,13.4,111.61
281.6,13.6,111.61
281.7,13.6,111.61
281.8,13.2,111.61
281.9,12.9,111.61
282.0,13.6,111.61
282.1,14.3,111.61
282.2,13.3,111.61
282.3,13.7,111.61
282.4,14.3,111.61
282.5,13.6,111.61
282.6,13.6,111.61
282.7,13.4,111.61
282.8,25.5,111.61
282.9,14.2,111.61
283.0,13.2,111.61
283.1,13.6,111.61
283.2,12.9,111.61
283.3,0.0,111.61
283.4,12.9,111.61
283.5,12.5,111.61
283.6,13.1,111.61
283.7,24.9,111.61
283.8,33.8,111.61
283.9,25.2,111.61
284.0,13.0,111.61
284.1,12.8,111.61
284.2,13.3,111.61
284.3,13.2,111.61
284.4,13.4,111.61
284.5,13.2,111.61
284.6,13.3,111.61
284.7,14.1,111.61
284.8,26.1,111.61
284.9,14.2,111.61
285.0,14.0,111.61
285.1,13.0,111.61
285.2,12.6,111.61
285.3,13.7,111.61
285.4,12.9,111.61
285.5,13.0,111.61
285.6,12.9,111.61
285.7,13.5,111.61
285.8,13.2,111.61
285.9,14.5,111.61
286.0,13.8,111.61
286.1,13.5,111.61
286.2,24.9,111.61
286.3,13.7,111.61
286.4,14.0,111.61
286.5,25.6,111.61
286.6,14.3,111.61
286.7,12.9,111.61
286.8,14.3,111.61
286.9,12.6,111.61
287.0,0.0,111.61
287.1,13.5,111.61
287.2,13.9,111.61
287.3,26.1,111.61
287.4,13.1,111.61
287.5,0.0,111.61
287.6,13.4,111.61
287.7,13.5,111.61
287.8,13.2,111.61
287.9,13.6,111.61
288.0,13.2,111.61
288.1,13.2,111.61
288.2,13.4,111.61
288.3,13.5,111.61
288.4,13.4,111.61
288.5,13.7,111.61
288.6,0.0,111.61
288.7,13.6,111.61
288.8,25.1,111.61
288.9,12.9,111.61
289.0,12.7,111.61
289.1,13.1,111.61
289.2,14.1,111.61
289.3,13.1,111.61
289.4,13.8,111.61
289.5,26.6,111.61
289.6,12.7,111.61
289.7,13.8,111.61
289.8,13.4,111.61
289.9,12.6,111.61
290.0,13.3,111.61
290.1,12.9,111.61
290.2,0.0,111.61
290.3,13.4,111.61
290.4,13.5,111.61
290.5,13.2,111.61
290.6,0.0,111.61
290.7,13.6,111.61
290.8,0.0,111.61
290.9,13.6,111.61
291.0,13.2,111.61
291.1,0.0,111.61
291.2,13.3,111.61
291.3,13.3,111.61
291.4,13.9,111.61
291.5,14.2,111.61
291.6,13.6,111.61
291.7,13.6,111.61
291.8,0.0,111.61
291.9,14.0,111.61
292.0,25.1,111.61
292.1,25.1,111.61
292.2,13.4,111.61
292.3,25.5,111.61
292.4,14.3,111.61
292.5,13.3,111.61
292.6,13.9,111.61
292.7,14.3,111.61
292.8,24.6,111.61
292.9,24.6,111.61
293.0,12.9,111.61
293.1,24.6,111.61
293.2,25.1,111.61
293.3,14.0,111.61
293.4,25.9,111.61
293.5,0.0,111.61
293.6,0.0,111.61
293.7,13.0,111.61
293.8,26.6,111.61
293.9,13.5,111.61
294.0,14.0,111.61
294.1,12.8,111.61
294.2,13.3,111.61
294.3,12.6,111.61
294.4,12.6,111.61
294.5,26.5,111.61
294.6,112.4,111.62
294.7,96.9,111.62
294.8,53.9,111.62
294.9,13.4,111.63
295.0,0.0,111.63
295.1,13.5,111.63
295.2,14.3,111.63
295.3,13.5,111.63
295.4,13.2,111.63
295.5,25.0,111.63
295.6,25.1,111.63
295.7,25.1,111.63
295.8,13.4,111.63
295.9,13.4,111.63
296.0,13.2,111.63
296.1,0.0,111.63
296.2,13.1,111.63
296.3,13.4,111.63
296.4,80.3,111.63
296.5,108.0,111.63
296.6,111.5,111.62
296.7,94.0,111.62
296.8,13.4,111.63
296.9,13.5,111.63
297.0,14.4,111.63
297.1,14.3,111.63
297.2,13.8,111.63
297.3,0.0,111.63
297.4,13.8,111.63
297.5,13.1,111.63
297.6,13.1,111.63
297.7,13.5,111.63
297.8,13.8,111.63
297.9,0.0,111.63
298.0,12.7,111.63
298.1,26.7,111.63
298.2,13.5,111.63
298.3,13.5,111.63
298.4,0.0,111.63
298.5,13.4,111.63
298.6,14.5,111.63
298.7,13.5,111.63
298.8,13.4,111.63
298.9,13.5,111.63
299.0,25.7,111.63
299.1,13.3,111.63
299.2,12.8,111.63
299.3,0.0,111.63
299.4,13.4,111.63
299.5,14.1,111.63
299.6,14.0,111.63
299.7,13.6,111.63
299.8,13.1,111.63
299.9,13.4,111.63
300.0,13.7,111.63
300.1,13.4,111.63
300.2,26.3,111.63
300.3,13.5,111.63
300.4,13.4,111.63
300.5,12.7,111.63
300.6,13.5,111.63
300.7,13.4,111.63
300.8,13.4,111.63
300.9,13.1,111.63
301.0,0.0,111.63
301.1,13.3,111.63
301.2,14.1,111.63
301.3,26.7,111.63
301.4,13.1,111.63
301.5,12.8,111.63
301.6,25.5,111.63
301.7,13.4,111.63
301.8,0.0,111.63
301.9,0.0,111.63
302.0,13.4,111.63
302.1,13.2,111.63
302.2,13.3,111.63
302.3,14.0,111.63
302.4,13.6,111.63
302.5,13.5,111.63
302.6,25.9,111.63
302.7,14.2,111.63
302.8,13.3,111.63
302.9,13.4,111.63
303.0,13.6,111.63
303.1,13.5,111.63
303.2,0.0,111.63
303.3,0.0,111.63
303.4,0.0,111.63
303.5,0.0,111.63
303.6,0.0,111.63
303.7,0.0,111.63
303.8,14.0,111.63
303.9,14.0,111.63
304.0,14.1,111.63
304.1,14.1,111.63
304.2,14.2,111.63
304.3,13.7,111.63
304.4,0.0,111.63
304.5,0.0,111.63
304.6,0.0,111.63
304.7,0.0,111.63
304.8,0.0,111.63
304.9,13.2,111.63
305.0,12.5,111.63
305.1,13.3,111.63
305.2,0.0,111.63
305.3,14.2,111.63
305.4,24.8,111.63
305.5,12.7,111.63
305.6,13.5,111.63
305.7,13.9,111.63
305.8,13.3,111.63
305.9,12.7,111.63
306.0,26.5,111.63
306.1,13.1,111.63
306.2,13.7,111.63
306.3,14.3,111.63
306.4,13.0,111.63
306.5,13.1,111.63
306.6,14.1,111.63
306.7,13.5,111.63
306.8,13.0,111.63
306.9,13.7,111.63
307.0,25.6,111.63
307.1,13.0,111.63
307.2,13.3,111.63
307.3,13.4,111.63
307.4,13.3,111.63
307.5,13.6,111.63
307.6,13.5,111.63
307.7,0.0,111.63
307.8,13.2,111.63
307.9,25.9,111.63
308.0,13.5,111.63
308.1,12.4,111.63
308.2,13.3,111.63
308.3,25.4,111.63
308.4,13.1,111.63
308.5,12.7,111.63
308.6,13.2,111.63
308.7,25.3,111.63
308.8,12.8,111.63
308.9,13.4,111.63
309.0,25.3,111.63
309.1,13.5,111.63
309.2,13.1,111.63
309.3,13.3,111.63
309.4,12.6,111.63
309.5,12.6,111.63
309.6,12.5,111.63
309.7,12.2,111.63
309.8,13.2,111.63
309.9,24.5,111.63
310.0,13.4,111.63
310.1,13.4,111.63
310.2,0.0,111.63
310.3,0.0,111.63
310.4,12.8,111.63
310.5,13.1,111.63
310.6,13.5,111.63
310.7,13.4,111.63
310.8,25.5,111.64
310.9,13.4,111.64
311.0,13.6,111.64
311.1,13.6,111.64
311.2,13.4,111.64
311.3,13.6,111.64
311.4,24.8,111.64
311.5,13.3,111.64
311.6,0.0,111.64
311.7,13.4,111.64
311.8,13.3,111.64
311.9,13.7,111.64
312.0,13.1,111.64
312.1,13.6,111.64
312.2,13.3,111.64
312.3,12.6,111.64
312.4,13.4,111.64
312.5,12.6,111.64
312.6,13.3,111.64
312.7,13.8,111.64
312.8,13.0,111.64
312.9,26.1,111.64
313.0,13.4,111.64
313.1,13.9,111.64
313.2,12.7,111.64
313.3,13.5,111.64
313.4,13.2,111.64
313.5,13.4,111.64
313.6,13.5,111.64
313.7,25.3,111.64
313.8,13.1,111.64
313.9,12.5,111.64
314.0,13.9,111.64
314.1,13.9,111.64
314.2,14.3,111.64
314.3,14.2,111.64
314.4,14.3,111.64
314.5,25.7,111.64
314.6,14.8,111.64
314.7,13.0,111.64
314.8,13.0,111.64
314.9,13.5,111.64
315.0,0.0,111.64
315.1,13.5,111.64
315.2,13.2,111.64
315.3,13.6,111.64
315.4,12.8,111.64
315.5,13.5,111.64
315.6,13.9,111.64
315.7,25.7,111.64
315.8,13.5,111.64
315.9,26.9,111.64
316.0,13.5,111.64
316.1,27.1,111.64
316.2,12.6,111.64
316.3,13.5,111.64
316.4,13.5,111.64
316.5,13.4,111.64
316.6,13.4,111.64
316.7,13.3,111.64
316.8,13.4,111.64
316.9,13.4,111.64
317.0,13.0,111.64
317.1,14.1,111.64
317.2,13.6,111.64
317.3,13.6,111.64
317.4,13.5,111.64
317.5,26.5,111.64
317.6,13.5,111.64
317.7,13.4,111.64
317.8,13.5,111.64
317.9,13.8,111.64
318.0,0.0,111.64
318.1,12.5,111.64
318.2,13.5,111.64
318.3,13.6,111.64
318.4,13.6,111.64
318.5,13.2,111.64
318.6,14.2,111.64
318.7,13.2,111.64
318.8,12.8,111.64
318.9,13.4,111.64
319.0,13.5,111.64
319.1,13.7,111.64
319.2,12.8,111.64
319.3,12.7,111.64
319.4,13.4,111.64
319.5,13.3,111.64
319.6,13.1,111.64
319.7,25.5,111.64
319.8,13.0,111.64
319.9,13.3,111.64
320.0,25.6,111.64
320.1,13.5,111.64
320.2,13.3,111.64
320.3,13.5,111.64
320.4,0.0,111.64
320.5,13.5,111.64
320.6,13.8,111.64
320.7,14.0,111.64
320.8,0.0,111.64
320.9,0.0,111.64
321.0,0.0,111.64
321.1,0.0,111.64
321.2,12.6,111.64
321.3,13.1,111.64
321.4,25.4,111.64
321.5,25.3,111.64
321.6,13.4,111.64
321.7,0.0,111.64
321.8,12.5,111.64
321.9,13.8,111.64
322.0,14.2,111.64
322.1,13.7,111.64
322.2,25.3,111.64
322.3,13.5,111.64
322.4,13.6,111.64
322.5,13.0,111.64
322.6,13.0,111.64
322.7,0.0,111.64
322.8,12.4,111.64
322.9,13.3,111.64
323.0,13.6,111.64
323.1,0.0,111.64
323.2,13.9,111.64
323.3,14.1,111.64
323.4,14.3,111.64
323.5,13.2,111.64
323.6,13.2,111.64
323.7,26.2,111.64
323.8,13.4,111.64
323.9,14.6,111.64
324.0,14.6,111.64
324.1,14.4,111.64
324.2,13.8,111.64
324.3,14.0,111.64
324.4,26.4,111.64
324.5,14.1,111.64
324.6,13.4,111.64
324.7,0.0,111.64
324.8,13.8,111.64
324.9,13.7,111.64
325.0,13.6,111.64
325.1,12.7,111.64
325.2,26.7,111.64
325.3,13.7,111.64
325.4,13.5,111.64
325.5,13.5,111.64
325.6,13.6,111.64
325.7,25.0,111.64
325.8,26.6,111.64
325.9,12.6,111.64
326.0,0.0,111.64
326.1,13.5,111.64
326.2,13.8,111.64
326.3,13.0,111.64
326.4,13.2,111.64
326.5,13.6,111.64
326.6,13.5,111.64
326.7,13.6,111.64
326.8,13.9,111.64
326.9,13.6,111.64
327.0,13.5,111.64
327.1,13.6,111.64
327.2,13.6,111.64
327.3,12.2,111.64
327.4,13.0,111.64
327.5,12.8,111.64
327.6,25.7,111.64
327.7,13.2,111.64
327.8,12.9,111.64
327.9,12.8,111.64
328.0,25.0,111.64
328.1,25.7,111.64
328.2,13.4,111.64
328.3,0.0,111.64
328.4,13.5,111.64
328.5,13.7,111.64
328.6,13.4,111.64
328.7,13.9,111.64
328.8,13.4,111.64
328.9,13.9,111.64
329.0,13.4,111.64
329.1,13.2,111.64
329.2,13.2,111.64
329.3,13.8,111.64
329.4,39.8,111.64
329.5,13.5,111.64
329.6,13.5,111.64
329.7,12.7,111.64
329.8,13.8,111.64
329.9,13.5,111.64
330.0,24.9,111.64
330.1,14.5,111.64
330.2,25.0,111.64
330.3,24.7,111.64
330.4,13.5,111.64
330.5,13.5,111.64
330.6,0.0,111.64
330.7,13.2,111.64
330.8,13.4,111.64
330.9,13.4,111.64
331.0,13.5,111.64
331.1,12.7,111.64
331.2,0.0,111.64
331.3,14.1,111.64
331.4,13.5,111.64
331.5,14.3,111.64
331.6,13.3,111.64
331.7,12.7,111.64
331.8,13.3,111.64
331.9,13.3,111.64
332.0,13.3,111.64
332.1,13.1,111.64
332.2,13.6,111.64
332.3,13.5,111.64
332.4,12.7,111.64
332.5,13.2,111.64
332.6,25.5,111.64
332.7,13.5,111.64
332.8,14.7,111.64
332.9,14.7,111.64
333.0,0.0,111.64
333.1,0.0,111.64
333.2,0.0,111.64
333.3,14.7,111.64
333.4,14.3,111.64
333.5,14.7,111.64
333.6,0.0,111.64
333.7,0.0,111.64
333.8,0.0,111.64
333.9,14.8,111.64
334.0,0.0,111.64
334.1,0.0,111.64
334.2,12.8,111.64
334.3,0.0,111.64
334.4,12.9,111.64
334.5,12.9,111.64
334.6,13.6,111.64
334.7,13.4,111.64
334.8,12.1,111.64
334.9,13.4,111.64
335.0,0.0,111.64
335.1,13.4,111.64
335.2,13.2,111.64
335.3,13.7,111.64
335.4,13.3,111.64
335.5,25.0,111.64
335.6,13.0,111.64
335.7,13.5,111.64
335.8,13.4,111.64
335.9,13.4,111.64
336.0,13.6,111.64
336.1,13.8,111.64
336.2,13.3,111.64
336.3,0.0,111.64
336.4,13.2,111.65
336.5,0.0,111.65
336.6,12.6,111.65
336.7,0.0,111.65
336.8,13.0,111.65
336.9,13.6,111.65
337.0,38.0,111.65
337.1,0.0,111.65
337.2,13.7,111.65
337.3,14.5,111.65
337.4,13.6,111.65
337.5,13.5,111.65
337.6,13.2,111.65
337.7,13.3,111.65
337.8,13.1,111.65
337.9,13.2,111.65
338.0,13.2,111.65
338.1,12.5,111.65
338.2,13.5,111.65
338.3,13.2,111.65
338.4,13.4,111.65
338.5,13.5,111.65
338.6,13.5,111.65
338.7,13.4,111.65
338.8,26.2,111.65
338.9,25.2,111.65
339.0,13.3,111.65
339.1,12.8,111.65
339.2,13.4,111.65
339.3,12.7,111.65
339.4,13.5,111.65
339.5,13.6,111.65
339.6,13.5,111.65
339.7,13.4,111.65
339.8,13.5,111.65
339.9,13.5,111.65
340.0,13.5,111.65
340.1,13.5,111.65
340.2,13.5,111.65
340.3,25.7,111.65
340.4,13.5,111.65
340.5,13.6,111.65
340.6,13.5,111.65
340.7,13.4,111.65
340.8,12.4,111.6
340.9,13.5,111.6
341.0,13.2,111.6
341.1,13.3,111.6
341.2,13.6,111.6
341.3,13.5,111.6
341.4,13.3,111.6
341.5,13.7,111.6
341.6,12.6,111.6
341.7,13.7,111.6
341.8,13.6,111.6
341.9,13.5,111.6
342.0,25.1,111.6
342.1,13.5,111.6
342.2,26.3,111.6
342.3,13.8,111.6
342.4,25.2,111.6
342.5,13.1,111.6
342.6,13.8,111.6
342.7,13.4,111.6
342.8,13.4,111.6
342.9,12.8,111.6
343.0,0.0,111.6
343.1,0.0,111.6
343.2,13.0,111.6
343.3,13.4,111.6
343.4,13.5,111.6
343.5,13.5,111.6
343.6,13.5,111.6
343.7,13.8,111.6
343.8,13.8,111.6
343.9,0.0,111.6
344.0,13.5,111.6
344.1,13.3,111.6
344.2,13.3,111.6
344.3,13.5,111.6
344.4,13.1,111.6
344.5,25.2,111.6
344.6,0.0,111.6
344.7,13.3,111.6
344.8,13.4,111.6
344.9,25.8,111.6
345.0,13.5,111.6
345.1,13.5,111.6
345.2,13.5,111.6
345.3,13.5,111.6
345.4,13.3,111.6
345.5,12.7,111.6
345.6,26.1,111.6
345.7,13.4,111.6
345.8,26.6,111.6
345.9,13.8,111.6
346.0,13.9,111.6
346.1,13.5,111.6
346.2,13.5,111.6
346.3,13.7,111.6
346.4,12.8,111.6
346.5,14.0,111.6
346.6,14.0,111.6
346.7,0.0,111.6
346.8,0.0,111.6
346.9,12.5,111.6
347.0,0.0,111.6
347.1,25.4,111.6
347.2,13.3,111.6
347.3,0.0,111.6
347.4,13.8,111.6
347.5,14.1,111.6
347.6,13.1,111.6
347.7,12.7,111.6
347.8,13.3,111.6
347.9,13.4,111.6
348.0,25.0,111.6
348.1,12.6,111.6
348.2,13.3,111.6
348.3,12.8,111.6
348.4,13.2,111.6
348.5,24.8,111.6
348.6,25.2,111.6
348.7,25.4,111.6
348.8,13.4,111.6
348.9,23.7,111.6
349.0,12.2,111.6
349.1,12.9,111.6
349.2,13.6,111.61
349.3,25.5,111.61
349.4,25.9,111.61
349.5,12.9,111.61
349.6,13.4,111.61
349.7,13.4,111.61
349.8,13.1,111.61
349.9,14.3,111.61
350.0,25.6,111.61
350.1,13.8,111.61
350.2,13.4,111.61
350.3,13.7,111.61
350.4,13.1,111.61
350.5,12.7,111.61
350.6,25.0,111.61
350.7,24.4,111.61
350.8,12.5,111.61
350.9,13.7,111.61
351.0,13.1,111.61
351.1,13.4,111.61
351.2,13.6,111.61
351.3,13.4,111.61
351.4,13.2,111.61
351.5,25.7,111.61
351.6,13.1,111.61
351.7,12.9,111.61
351.8,0.0,111.61
351.9,12.7,111.61
352.0,12.8,111.61
352.1,25.2,111.61
352.2,13.8,111.61
352.3,13.5,111.61
352.4,25.2,111.61
352.5,12.4,111.61
352.6,13.5,111.61
352.7,26.1,111.61
352.8,12.9,111.61
352.9,12.5,111.61
353.0,12.7,111.61
353.1,13.2,111.61
353.2,13.5,111.61
353.3,12.8,111.61
353.4,13.3,111.61
353.5,13.4,111.61
353.6,13.6,111.61
353.7,13.5,111.61
353.8,13.3,111.61
353.9,12.7,111.61
354.0,13.3,111.61
354.1,25.0,111.61
354.2,13.4,111.61
354.3,13.5,111.61
354.4,14.0,111.61
354.5,13.1,111.61
354.6,12.5,111.61
354.7,12.9,111.61
354.8,25.5,111.61
354.9,24.9,111.61
355.0,25.1,111.61
355.1,24.9,111.61
355.2,14.3,111.61
355.3,0.0,111.61
355.4,12.6,111.61
355.5,13.5,111.61
355.6,13.5,111.61
355.7,12.7,111.61
355.8,25.3,111.61
355.9,13.5,111.61
356.0,12.7,111.61
356.1,13.5,111.61
356.2,12.7,111.61
356.3,13.3,111.61
356.4,13.8,111.61
356.5,23.5,111.61
356.6,13.1,111.61
356.7,24.6,111.61
356.8,13.4,111.61
356.9,13.4,111.61
357.0,13.4,111.61
357.1,13.2,111.61
357.2,12.6,111.61
357.3,13.5,111.61
357.4,13.4,111.61
357.5,13.4,111.61
357.6,13.4,111.61
357.7,13.6,111.61
357.8,12.6,111.61
357.9,13.5,111.61
358.0,24.9,111.61
358.1,13.5,111.61
358.2,12.6,111.61
358.3,0.0,111.61
358.4,14.1,111.61
358.5,13.2,111.61
358.6,0.0,111.61
358.7,0.0,111.61
358.8,0.0,111.61
358.9,13.3,111.61
359.0,13.4,111.61
359.1,13.2,111.61
359.2,13.5,111.61
359.3,24.9,111.61
359.4,12.6,111.61
359.5,13.6,111.61
359.6,25.7,111.61
359.7,13.9,111.61
359.8,13.5,111.61
359.9,13.5,111.61
360.0,13.1,111.61
360.1,12.5,111.61
360.2,13.2,111.61
360.3,25.2,111.61
360.4,12.9,111.61
360.5,13.5,111.61
360.6,12.7,111.61
360.7,13.6,111.61
360.8,13.6,111.61
360.9,13.0,111.61
361.0,13.8,111.61
361.1,13.4,111.61
361.2,12.8,111.61
361.3,26.5,111.61
361.4,13.3,111.61
361.5,25.5,111.61
361.6,12.3,111.61
361.7,25.2,111.61
361.8,0.0,111.61
361.9,13.6,111.61
362.0,13.4,111.61
362.1,13.4,111.61
362.2,13.8,111.61
362.3,25.4,111.61
362.4,25.4,111.61
362.5,13.4,111.61
362.6,25.7,111.61
362.7,13.4,111.61
362.8,13.9,111.61
362.9,22.9,111.61
363.0,12.2,111.61
363.1,13.1,111.61
363.2,13.6,111.61
363.3,13.4,111.61
363.4,25.1,111.61
363.5,13.3,111.61
363.6,13.3,111.61
363.7,13.2,111.61
363.8,12.7,111.61
363.9,13.3,111.61
364.0,25.7,111.61
364.1,13.1,111.61
364.2,12.7,111.61
364.3,13.5,111.61
364.4,13.6,111.61
364.5,26.3,111.61
364.6,12.5,111.61
364.7,13.0,111.61
364.8,13.4,111.61
364.9,13.4,111.61
365.0,13.5,111.61
365.1,12.8,111.61
365.2,13.3,111.61
365.3,25.2,111.61
365.4,25.1,111.61
365.5,13.4,111.61
365.6,13.6,111.61
365.7,13.5,111.61
365.8,26.1,111.61
365.9,13.3,111.61
366.0,26.0,111.61
366.1,13.8,111.61
366.2,0.0,111.61
366.3,12.5,111.61
366.4,12.6,111.61
366.5,24.6,111.61
366.6,13.1,111.61
366.7,37.1,111.61
366.8,13.6,111.61
366.9,12.5,111.61
367.0,13.3,111.61
367.1,13.4,111.61
367.2,13.6,111.61
367.3,13.1,111.61
367.4,13.3,111.61
367.5,13.1,111.61
367.6,13.3,111.61
367.7,13.0,111.61
367.8,0.0,111.61
367.9,12.7,111.61
368.0,25.9,111.61
368.1,13.5,111.61
368.2,12.8,111.62
368.3,12.8,111.62
368.4,25.5,111.62
368.5,14.1,111.62
368.6,0.0,111.62
368.7,12.9,111.62
368.8,13.5,111.62
368.9,13.4,111.62
369.0,13.1,111.62
369.1,13.5,111.62
369.2,13.4,111.62
369.3,13.6,111.62
369.4,13.3,111.62
369.5,12.6,111.62
369.6,0.0,111.62
369.7,0.0,111.62
369.8,13.0,111.62
369.9,12.7,111.62
370.0,25.5,111.62
370.1,25.1,111.62
370.2,13.9,111.62
370.3,13.8,111.62
370.4,13.6,111.62
370.5,12.7,111.62
370.6,13.6,111.62
370.7,13.3,111.62
370.8,13.5,111.62
370.9,12.4,111.62
371.0,14.1,111.62
371.1,25.6,111.62
371.2,13.6,111.62
371.3,24.5,111.62
371.4,13.2,111.62
371.5,26.1,111.62
371.6,14.0,111.62
371.7,13.5,111.62
371.8,13.4,111.62
371.9,13.3,111.62
372.0,25.2,111.62
372.1,26.7,111.62
372.2,13.3,111.62
372.3,13.7,111.62
372.4,13.5,111.62
372.5,13.5,111.62
372.6,12.8,111.62
372.7,13.7,111.62
372.8,12.6,111.62
372.9,13.5,111.62
373.0,13.1,111.62
373.1,12.7,111.62
373.2,12.9,111.62
373.3,13.2,111.62
373.4,12.3,111.62
373.5,13.5,111.62
373.6,13.3,111.62
373.7,12.6,111.62
373.8,13.1,111.62
373.9,27.6,111.62
374.0,0.0,111.62
374.1,13.3,111.62
374.2,13.9,111.62
374.3,0.0,111.62
374.4,0.0,111.62
374.5,0.0,111.62
374.6,13.4,111.62
374.7,13.1,111.62
374.8,12.4,111.62
374.9,13.6,111.62
375.0,13.0,111.62
375.1,13.0,111.62
375.2,13.6,111.62
375.3,13.5,111.62
375.4,13.6,111.62
375.5,25.7,111.62
375.6,25.5,111.62
375.7,13.7,111.62
375.8,13.6,111.62
375.9,13.7,111.62
376.0,14.0,111.62
376.1,14.6,111.62
376.2,13.0,111.62
376.3,27.3,111.62
376.4,13.6,111.62
376.5,25.3,111.62
376.6,13.5,111.62
376.7,12.9,111.62
376.8,13.6,111.62
376.9,13.5,111.62
377.0,25.6,111.62
377.1,0.0,111.62
377.2,12.8,111.62
377.3,25.2,111.62
377.4,13.1,111.62
377.5,24.7,111.62
377.6,14.3,111.62
377.7,14.2,111.62
377.8,25.0,111.62
377.9,13.5,111.62
378.0,24.7,111.62
378.1,0.0,111.62
378.2,12.6,111.62
378.3,0.0,111.62
378.4,13.4,111.62
378.5,12.6,111.62
378.6,25.1,111.62
378.7,13.6,111.62
378.8,0.0,111.62
378.9,13.5,111.62
379.0,12.6,111.62
379.1,12.9,111.62
379.2,26.4,111.62
379.3,13.5,111.62
379.4,12.7,111.62
379.5,13.5,111.62
379.6,12.8,111.62
379.7,25.4,111.62
379.8,13.9,111.62
379.9,12.7,111.62
380.0,13.5,111.62
380.1,12.7,111.62
380.2,13.4,111.62
380.3,24.6,111.62
380.4,0.0,111.62
380.5,12.7,111.62
380.6,0.0,111.62
380.7,13.5,111.62
380.8,13.2,111.62
380.9,24.9,111.62
381.0,13.1,111.62
381.1,0.0,111.63
381.2,0.0,111.63
381.3,0.0,111.63
381.4,13.7,111.63
381.5,13.5,111.63
381.6,13.0,111.63
381.7,24.5,111.63
381.8,26.7,111.63
381.9,0.0,111.63
382.0,25.5,111.63
382.1,13.1,111.63
382.2,0.0,111.63
382.3,0.0,111.63
382.4,13.6,111.63
382.5,13.4,111.63
382.6,0.0,111.63
382.7,0.0,111.63
382.8,13.2,111.63
382.9,13.2,111.63
383.0,12.9,111.63
383.1,0.0,111.63
383.2,0.0,111.63
383.3,12.6,111.63
383.4,13.5,111.63
383.5,12.7,111.63
383.6,0.0,111.63
383.7,13.3,111.63
383.8,14.0,111.63
383.9,14.0,111.63
384.0,12.8,111.63
384.1,25.2,111.63
384.2,14.0,111.63
384.3,13.6,111.63
384.4,13.1,111.63
384.5,25.4,111.63
384.6,13.8,111.63
384.7,13.5,111.63
384.8,13.4,111.63
384.9,28.2,111.63
385.0,13.5,111.63
385.1,12.8,111.63
385.2,13.5,111.63
385.3,13.8,111.63
385.4,25.6,111.63
385.5,13.3,111.63
385.6,12.6,111.63
385.7,13.6,111.63
385.8,13.8,111.63
385.9,13.3,111.63
386.0,13.5,111.63
386.1,13.5,111.63
386.2,13.4,111.63
386.3,13.5,111.63
386.4,14.5,111.63
386.5,13.3,111.63
386.6,13.5,111.63
386.7,13.7,111.63
386.8,0.0,111.63
386.9,13.5,111.63
387.0,13.3,111.63
387.1,12.5,111.63
387.2,13.5,111.63
387.3,0.0,111.63
387.4,13.1,111.64
387.5,24.9,111.64
387.6,14.2,111.64
387.7,25.2,111.64
387.8,24.8,111.64
387.9,25.6,111.64
388.0,25.3,111.64
388.1,25.1,111.64
388.2,12.7,111.64
388.3,13.4,111.64
388.4,25.4,111.64
388.5,13.2,111.64
388.6,13.5,111.64
388.7,25.7,111.64
388.8,25.1,111.64
388.9,13.9,111.64
389.0,13.2,111.64
389.1,13.4,111.64
389.2,13.5,111.64
389.3,12.9,111.64
389.4,24.8,111.64
389.5,13.5,111.64
389.6,13.1,111.64
389.7,25.6,111.64
389.8,13.5,111.64
389.9,12.6,111.64
390.0,13.6,111.64
390.1,13.5,111.64
390.2,26.5,111.64
390.3,12.7,111.64
390.4,13.4,111.64
390.5,27.8,111.64
390.6,26.3,111.64
390.7,13.4,111.64
390.8,0.0,111.64
390.9,13.4,111.64
391.0,13.4,111.64
391.1,26.1,111.64
391.2,25.5,111.64
391.3,13.4,111.64
391.4,13.3,111.64
391.5,13.0,111.64
391.6,0.0,111.64
391.7,13.4,111.64
391.8,13.6,111.64
391.9,12.7,111.64
392.0,13.5,111.64
392.1,13.6,111.64
392.2,25.6,111.64
392.3,13.3,111.64
392.4,12.3,111.64
392.5,0.0,111.64
392.6,12.7,111.64
392.7,13.6,111.64
392.8,24.3,111.64
392.9,26.0,111.64
393.0,0.0,111.64
393.1,25.9,111.64
393.2,25.5,111.64
393.3,13.8,111.64
393.4,13.1,111.64
393.5,12.6,111.64
393.6,13.6,111.64
393.7,13.4,111.64
393.8,12.6,111.64
393.9,12.6,111.64
394.0,13.6,111.64
394.1,13.5,111.64
394.2,13.1,111.64
394.3,13.3,111.64
394.4,27.9,111.64
394.5,12.4,111.64
394.6,13.5,111.64
394.7,12.6,111.64
394.8,13.5,111.64
394.9,13.5,111.64
395.0,13.5,111.64
395.1,13.9,111.64
395.2,13.5,111.64
395.3,12.8,111.64
395.4,12.8,111.64
395.5,25.2,111.64
395.6,25.3,111.64
395.7,25.5,111.64
395.8,13.6,111.64
395.9,25.5,111.64
396.0,13.9,111.64
396.1,14.1,111.64
396.2,12.9,111.64
396.3,13.2,111.64
396.4,13.8,111.64
396.5,13.3,111.64
396.6,0.0,111.64
396.7,12.7,111.64
396.8,13.6,111.64
396.9,13.5,111.64
397.0,13.6,111.64
397.1,12.7,111.64
397.2,13.4,111.64
397.3,25.0,111.64
397.4,13.7,111.64
397.5,26.1,111.64
397.6,13.6,111.64
397.7,26.5,111.64
397.8,13.3,111.64
397.9,13.6,111.64
398.0,14.1,111.64
398.1,13.5,111.64
398.2,13.5,111.64
398.3,13.7,111.64
398.4,13.4,111.64
398.5,13.5,111.64
398.6,12.6,111.64
398.7,13.4,111.64
398.8,13.5,111.64
398.9,13.5,111.64
399.0,13.5,111.64
399.1,12.9,111.64
399.2,13.6,111.64
399.3,13.6,111.64
399.4,13.0,111.64
399.5,12.6,111.64
399.6,12.8,111.64
399.7,13.6,111.64
399.8,14.0,111.64
399.9,12.6,111.64
400.0,13.4,111.64
400.1,25.6,111.64
400.2,13.5,111.65
400.3,0.0,111.65
400.4,13.4,111.65
400.5,13.1,111.65
400.6,13.3,111.65
400.7,26.3,111.65
400.8,13.4,111.65
400.9,13.6,111.65
401.0,0.0,111.65
401.1,13.5,111.65
401.2,25.4,111.65
401.3,13.5,111.65
401.4,12.8,111.65
401.5,13.3,111.65
401.6,12.7,111.65
401.7,12.6,111.65
401.8,12.5,111.65
401.9,26.5,111.65
402.0,13.8,111.65
402.1,13.5,111.65
402.2,13.2,111.65
402.3,14.1,111.65
402.4,13.5,111.65
402.5,24.9,111.65
402.6,14.3,111.65
402.7,12.8,111.65
402.8,13.3,111.65
402.9,13.4,111.65
403.0,13.6,111.65
403.1,13.8,111.65
403.2,13.7,111.65
403.3,13.2,111.65
403.4,14.2,111.65
403.5,13.8,111.65
403.6,13.8,111.65
403.7,13.2,111.65
403.8,12.5,111.65
403.9,13.5,111.65
404.0,13.5,111.65
404.1,13.5,111.65
404.2,12.7,111.65
404.3,13.5,111.65
404.4,13.4,111.65
404.5,13.4,111.65
404.6,13.2,111.65
404.7,13.3,111.65
404.8,13.2,111.65
404.9,13.2,111.65
405.0,13.1,111.65
405.1,13.1,111.65
405.2,13.4,111.65
405.3,13.5,111.65
405.4,26.7,111.65
405.5,13.5,111.65
405.6,13.3,111.65
405.7,13.3,111.65
405.8,12.5,111.65
405.9,13.5,111.65
406.0,13.7,111.65
406.1,13.0,111.65
406.2,13.8,111.65
406.3,13.9,111.65
406.4,14.2,111.65
406.5,13.5,111.65
406.6,13.5,111.65
406.7,13.0,111.65
406.8,0.0,111.65
406.9,13.6,111.65
407.0,13.6,111.65
407.1,13.6,111.65
407.2,25.0,111.65
407.3,12.8,111.65
407.4,13.4,111.65
407.5,13.2,111.65
407.6,13.4,111.65
407.7,13.5,111.65
407.8,13.4,111.65
407.9,13.5,111.65
408.0,13.1,111.65
408.1,0.0,111.65
408.2,13.6,111.65
408.3,13.3,111.65
408.4,12.7,111.65
408.5,13.5,111.65
408.6,13.6,111.65
408.7,25.6,111.65
408.8,13.6,111.65
408.9,13.5,111.65
409.0,13.3,111.65
409.1,13.2,111.65
409.2,12.9,111.65
409.3,13.6,111.65
409.4,25.6,111.65
409.5,13.6,111.65
409.6,13.6,111.65
409.7,13.1,111.65
409.8,25.3,111.65
409.9,13.5,111.65
410.0,13.5,111.65
410.1,12.7,111.65
410.2,11.2,111.65
410.3,13.5,111.65
410.4,13.4,111.65
410.5,12.9,111.65
410.6,13.5,111.65
410.7,13.9,111.65
410.8,12.9,111.65
410.9,13.4,111.65
411.0,25.5,111.65
411.1,13.5,111.65
411.2,13.7,111.65
411.3,13.5,111.65
411.4,13.6,111.65
411.5,13.5,111.65
411.6,13.6,111.65
411.7,13.5,111.65
411.8,13.5,111.65
411.9,13.2,111.65
412.0,13.3,111.65
412.1,13.5,111.65
412.2,13.5,111.65
412.3,13.4,111.65
412.4,25.3,111.65
412.5,13.6,111.65
412.6,12.7,111.65
412.7,13.5,111.65
412.8,25.2,111.65
412.9,13.6,111.66
413.0,13.4,111.66
413.1,13.6,111.66
413.2,13.5,111.66
413.3,13.1,111.66
413.4,13.5,111.66
413.5,13.4,111.66
413.6,13.3,111.66
413.7,0.0,111.66
413.8,12.8,111.66
413.9,25.5,111.66
414.0,13.5,111.66
414.1,12.7,111.66
414.2,13.5,111.66
414.3,0.0,111.66
414.4,14.2,111.66
414.5,12.7,111.66
414.6,13.6,111.66
414.7,13.5,111.66
414.8,13.5,111.66
414.9,0.0,111.66
415.0,26.3,111.66
415.1,13.6,111.66
415.2,26.0,111.66
415.3,13.5,111.66
415.4,25.6,111.66
415.5,13.3,111.66
415.6,12.6,111.66
415.7,13.5,111.66
415.8,13.5,111.66
415.9,0.0,111.66
416.0,24.6,111.66
416.1,13.3,111.66
416.2,13.4,111.66
416.3,13.4,111.66
416.4,13.7,111.66
416.5,13.2,111.66
416.6,12.5,111.66
416.7,25.5,111.66
416.8,13.7,111.66
416.9,13.5,111.66
417.0,13.5,111.66
417.1,0.0,111.66
417.2,12.8,111.66
417.3,13.6,111.66
417.4,13.2,111.66
417.5,13.6,111.66
417.6,13.3,111.66
417.7,13.3,111.66
417.8,13.5,111.66
417.9,25.0,111.66
418.0,13.2,111.66
418.1,13.0,111.66
418.2,13.3,111.66
418.3,13.4,111.66
418.4,25.9,111.66
418.5,13.4,111.66
418.6,12.7,111.66
418.7,13.7,111.66
418.8,12.8,111.66
418.9,13.1,111.66
419.0,12.7,111.66
419.1,13.5,111.66
419.2,26.4,111.66
419.3,14.2,111.67
419.4,13.1,111.67
419.5,13.0,111.67
419.6,13.4,111.67
419.7,14.1,111.67
419.8,0.0,111.67
419.9,13.5,111.67
420.0,13.6,111.67
420.1,13.4,111.67
420.2,13.3,111.67
420.3,25.3,111.67
420.4,13.3,111.67
420.5,12.6,111.67
420.6,13.6,111.67
420.7,12.9,111.67
420.8,0.0,111.67
420.9,13.6,111.67
421.0,13.3,111.67
421.1,13.2,111.67
421.2,26.1,111.67
421.3,24.2,111.67
421.4,0.0,111.67
421.5,12.9,111.67
421.6,12.3,111.67
421.7,12.4,111.67
421.8,12.7,111.67
421.9,13.5,111.67
422.0,13.5,111.67
422.1,25.8,111.67
422.2,13.2,111.67
422.3,13.4,111.67
422.4,25.9,111.67
422.5,13.9,111.67
422.6,25.1,111.67
422.7,13.3,111.67
422.8,13.6,111.67
422.9,13.5,111.67
423.0,25.6,111.67
423.1,25.9,111.67
423.2,24.5,111.67
423.3,13.4,111.67
423.4,13.2,111.67
423.5,13.4,111.67
423.6,13.0,111.67
423.7,13.4,111.67
423.8,13.5,111.67
423.9,13.6,111.67
424.0,13.6,111.67
424.1,13.0,111.67
424.2,13.2,111.67
424.3,13.5,111.67
424.4,12.6,111.67
424.5,12.2,111.67
424.6,13.6,111.67
424.7,13.2,111.67
424.8,13.0,111.67
424.9,14.7,111.67
425.0,13.6,111.67
425.1,0.0,111.67
425.2,0.0,111.67
425.3,14.0,111.67
425.4,13.2,111.67
425.5,13.4,111.67
425.6,13.5,111.67
425.7,0.0,111.67
425.8,12.9,111.67
425.9,14.6,111.67
426.0,25.3,111.67
426.1,13.0,111.67
426.2,13.5,111.67
426.3,13.6,111.67
426.4,13.3,111.67
426.5,13.6,111.67
426.6,13.6,111.67
426.7,14.2,111.67
426.8,13.2,111.67
426.9,13.7,111.67
427.0,13.8,111.67
427.1,13.6,111.67
427.2,12.5,111.67
427.3,25.1,111.67
427.4,26.7,111.67
427.5,13.6,111.67
427.6,24.8,111.67
427.7,25.1,111.67
427.8,25.6,111.67
427.9,14.1,111.67
428.0,13.3,111.67
428.1,13.2,111.67
428.2,12.4,111.67
428.3,0.0,111.67
428.4,12.7,111.67
428.5,12.7,111.67
428.6,0.0,111.67
428.7,13.6,111.67
428.8,25.4,111.67
428.9,13.0,111.67
429.0,13.5,111.67
429.1,13.2,111.68
429.2,12.7,111.68
429.3,12.7,111.68
429.4,13.4,111.68
429.5,13.1,111.68
429.6,13.7,111.68
429.7,13.1,111.68
429.8,12.5,111.68
429.9,13.4,111.68
430.0,12.7,111.68
430.1,13.5,111.68
430.2,13.8,111.68
430.3,13.6,111.68
430.4,13.3,111.68
430.5,13.5,111.68
430.6,13.5,111.68
430.7,37.9,111.68
430.8,25.2,111.68
430.9,24.9,111.68
431.0,25.5,111.68
431.1,23.3,111.68
431.2,13.6,111.68
431.3,13.5,111.68
431.4,13.5,111.68
431.5,0.0,111.68
431.6,25.6,111.68
431.7,24.7,111.68
431.8,13.6,111.68
431.9,12.9,111.68
432.0,13.1,111.68
432.1,13.5,111.68
432.2,12.9,111.68
432.3,13.6,111.68
432.4,12.6,111.68
432.5,13.5,111.68
432.6,13.9,111.68
432.7,13.3,111.68
432.8,12.6,111.68
432.9,12.9,111.68
433.0,13.5,111.68
433.1,13.5,111.68
433.2,26.0,111.68
433.3,13.5,111.68
433.4,0.0,111.68
433.5,13.4,111.68
433.6,13.4,111.68
433.7,13.3,111.68
433.8,13.2,111.68
433.9,12.8,111.68
434.0,12.6,111.68
434.1,13.0,111.68
434.2,13.6,111.68
434.3,0.0,111.68
434.4,12.8,111.68
434.5,25.7,111.68
434.6,25.7,111.68
434.7,25.0,111.68
434.8,13.3,111.68
434.9,25.6,111.68
435.0,13.5,111.68
435.1,0.0,111.68
435.2,12.9,111.68
435.3,13.8,111.68
435.4,13.5,111.68
435.5,13.5,111.68
435.6,0.0,111.68
435.7,13.3,111.68
435.8,25.5,111.68
435.9,13.6,111.68
436.0,26.7,111.68
436.1,13.6,111.68
436.2,25.5,111.68
436.3,13.5,111.68
436.4,25.2,111.68
436.5,0.0,111.68
436.6,0.0,111.68
436.7,13.2,111.68
436.8,12.9,111.68
436.9,13.2,111.68
437.0,13.5,111.68
437.1,13.2,111.68
437.2,13.6,111.68
437.3,13.5,111.68
437.4,13.6,111.68
437.5,13.6,111.68
437.6,13.4,111.68
437.7,13.5,111.68
437.8,12.4,111.68
437.9,0.0,111.68
438.0,13.4,111.68
438.1,12.5,111.68
438.2,13.0,111.68
438.3,13.1,111.68
438.4,13.0,111.68
438.5,13.5,111.68
438.6,13.7,111.68
438.7,25.5,111.68
438.8,12.6,111.68
438.9,25.4,111.68
439.0,13.2,111.68
439.1,13.5,111.68
439.2,12.8,111.68
439.3,13.1,111.68
439.4,13.4,111.68
439.5,13.4,111.68
439.6,25.6,111.68
439.7,13.4,111.68
439.8,13.6,111.68
439.9,13.8,111.68
440.0,13.4,111.68
440.1,0.0,111.68
440.2,13.7,111.68
440.3,13.5,111.68
440.4,0.0,111.68
440.5,13.5,111.68
440.6,13.4,111.68
440.7,13.6,111.68
440.8,13.5,111.68
440.9,12.6,111.68
441.0,0.0,111.68
441.1,13.5,111.68
441.2,13.4,111.68
441.3,12.7,111.68
441.4,12.6,111.68
441.5,13.3,111.68
441.6,13.3,111.68
441.7,13.5,111.68
441.8,13.1,111.68
441.9,13.6,111.68
442.0,25.0,111.68
442.1,14.2,111.68
442.2,13.6,111.68
442.3,0.0,111.68
442.4,13.5,111.68
442.5,13.6,111.68
442.6,13.5,111.68
442.7,13.7,111.68
442.8,25.5,111.68
442.9,13.3,111.68
443.0,13.6,111.68
443.1,13.4,111.68
443.2,13.2,111.68
443.3,13.5,111.68
443.4,0.0,111.68
443.5,12.5,111.68
443.6,13.6,111.69
443.7,13.6,111.69
443.8,13.5,111.69
443.9,13.3,111.69
444.0,0.0,111.69
444.1,13.4,111.69
444.2,13.6,111.69
444.3,13.2,111.69
444.4,13.3,111.69
444.5,13.9,111.69
444.6,13.5,111.69
444.7,13.9,111.69
444.8,12.8,111.69
444.9,14.3,111.69
445.0,25.1,111.69
445.1,13.4,111.69
445.2,13.5,111.69
445.3,25.2,111.69
445.4,25.6,111.69
445.5,13.2,111.69
445.6,12.6,111.69
445.7,13.5,111.69
445.8,13.4,111.69
445.9,13.6,111.69
446.0,13.8,111.69
446.1,13.6,111.69
446.2,13.5,111.69
446.3,12.9,111.69
446.4,25.6,111.69
446.5,25.5,111.69
446.6,25.2,111.69
446.7,12.8,111.69
446.8,13.5,111.69
446.9,13.2,111.69
447.0,13.6,111.69
447.1,13.8,111.69
447.2,0.0,111.69
447.3,13.3,111.69
447.4,25.9,111.69
447.5,24.9,111.69
447.6,13.4,111.69
447.7,13.5,111.69
447.8,25.3,111.69
447.9,13.3,111.69
448.0,13.6,111.69
448.1,13.8,111.69
448.2,25.1,111.69
448.3,12.8,111.69
448.4,12.7,111.69
448.5,12.6,111.69
448.6,13.0,111.69
448.7,22.4,111.69
448.8,13.5,111.69
448.9,13.4,111.69
449.0,13.5,111.69
449.1,0.0,111.69
449.2,12.6,111.69
449.3,13.8,111.69
449.4,12.9,111.69
449.5,26.2,111.69
449.6,13.4,111.69
449.7,0.0,111.69
449.8,13.5,111.69
449.9,13.4,111.69
450.0,13.6,111.69
450.1,13.5,111.69
450.2,13.4,111.69
450.3,13.5,111.69
450.4,26.4,111.69
450.5,13.5,111.69
450.6,26.4,111.69
450.7,13.9,111.69
450.8,13.5,111.69
450.9,12.2,111.69
451.0,13.8,111.69
451.1,13.1,111.69
451.2,13.6,111.7
451.3,13.6,111.7
451.4,13.6,111.7
451.5,13.4,111.7
451.6,25.2,111.7
451.7,13.2,111.7
451.8,12.5,111.7
451.9,13.0,111.7
452.0,25.7,111.7
452.1,13.5,111.7
452.2,12.6,111.7
452.3,12.2,111.7
452.4,12.9,111.7
452.5,13.4,111.7
452.6,13.3,111.7
452.7,13.4,111.7
452.8,13.0,111.7
452.9,12.6,111.7
453.0,14.2,111.7
453.1,24.9,111.7
453.2,0.0,111.7
453.3,24.4,111.7
453.4,12.8,111.7
453.5,0.0,111.7
453.6,13.3,111.7
453.7,12.7,111.7
453.8,13.2,111.7
453.9,13.1,111.7
454.0,25.5,111.7
454.1,25.2,111.7
454.2,13.6,111.7
454.3,13.5,111.7
454.4,13.2,111.7
454.5,0.0,111.7
454.6,13.2,111.7
454.7,14.1,111.7
454.8,25.6,111.7
454.9,25.9,111.7
455.0,13.3,111.7
455.1,0.0,111.7
455.2,24.7,111.7
455.3,13.4,111.7
455.4,13.4,111.7
455.5,13.7,111.7
455.6,25.5,111.7
455.7,12.0,111.7
455.8,13.5,111.7
455.9,13.2,111.7
456.0,25.2,111.7
456.1,25.5,111.7
456.2,13.5,111.7
456.3,13.4,111.7
456.4,13.9,111.7
456.5,14.4,111.7
456.6,13.2,111.7
456.7,12.8,111.7
456.8,12.7,111.7
456.9,24.6,111.7
457.0,0.0,111.7
457.1,13.5,111.7
457.2,0.0,111.7
457.3,13.2,111.7
457.4,12.8,111.7
457.5,12.6,111.7
457.6,13.6,111.7
457.7,12.8,111.7
457.8,25.5,111.7
457.9,13.4,111.7
458.0,13.7,111.7
458.1,13.1,111.7
458.2,13.4,111.7
458.3,13.0,111.7
458.4,13.4,111.7
458.5,13.5,111.7
458.6,13.5,111.7
458.7,13.5,111.7
458.8,13.5,111.7
458.9,12.8,111.7
459.0,25.0,111.7
459.1,12.4,111.7
459.2,26.4,111.7
459.3,0.0,111.7
459.4,25.3,111.7
459.5,13.9,111.7
459.6,26.2,111.7
459.7,13.9,111.7
459.8,25.9,111.7
459.9,13.5,111.7
460.0,25.1,111.7
460.1,13.3,111.7
460.2,13.5,111.7
460.3,24.8,111.7
460.4,12.9,111.7
460.5,25.2,111.7
460.6,12.8,111.7
460.7,13.4,111.7
460.8,13.4,111.7
460.9,12.8,111.7
461.0,25.5,111.7
461.1,24.9,111.7
461.2,13.9,111.7
461.3,13.5,111.7
461.4,13.2,111.7
461.5,13.0,111.7
461.6,25.2,111.7
461.7,13.5,111.7
461.8,13.3,111.7
461.9,12.9,111.7
462.0,12.7,111.7
462.1,13.5,111.7
462.2,25.3,111.7
462.3,13.6,111.7
462.4,24.9,111.7
462.5,26.2,111.7
462.6,13.5,111.7
462.7,26.3,111.7
462.8,13.5,111.7
462.9,12.8,111.7
463.0,13.5,111.7
463.1,13.4,111.7
463.2,13.9,111.7
463.3,25.9,111.7
463.4,13.3,111.7
463.5,13.5,111.7
463.6,14.1,111.7
463.7,24.6,111.7
463.8,13.5,111.7
463.9,12.7,111.71
464.0,13.2,111.71
464.1,25.0,111.71
464.2,13.6,111.71
464.3,0.0,111.71
464.4,13.7,111.71
464.5,13.3,111.71
464.6,13.3,111.71
464.7,13.0,111.71
464.8,13.7,111.71
464.9,13.2,111.71
465.0,13.9,111.71
465.1,13.2,111.71
465.2,13.4,111.71
465.3,12.7,111.71
465.4,13.5,111.71
465.5,13.4,111.71
465.6,13.5,111.71
465.7,13.1,111.71
465.8,0.0,111.71
465.9,13.1,111.71
466.0,25.0,111.71
466.1,13.8,111.71
466.2,13.3,111.71
466.3,0.0,111.71
466.4,13.7,111.71
466.5,13.3,111.71
466.6,13.5,111.71
466.7,13.1,111.71
466.8,13.8,111.71
466.9,12.8,111.71
467.0,12.9,111.71
467.1,12.6,111.71
467.2,26.6,111.71
467.3,13.5,111.71
467.4,26.8,111.71
467.5,12.5,111.71
467.6,13.3,111.71
467.7,13.3,111.71
467.8,12.8,111.71
467.9,13.3,111.71
468.0,25.1,111.71
468.1,25.5,111.71
468.2,25.3,111.71
468.3,12.8,111.71
468.4,13.5,111.71
468.5,13.5,111.71
468.6,13.4,111.71
468.7,25.3,111.71
468.8,12.6,111.71
468.9,14.1,111.71
469.0,13.5,111.71
469.1,25.5,111.71
469.2,25.2,111.71
469.3,25.2,111.71
469.4,13.8,111.71
469.5,23.5,111.71
469.6,0.0,111.71
469.7,12.4,111.71
469.8,12.6,111.71
469.9,13.6,111.71
470.0,25.3,111.71
470.1,26.3,111.71
470.2,13.4,111.71
470.3,13.4,111.71
470.4,26.5,111.71
470.5,13.4,111.71
470.6,25.5,111.71
470.7,13.5,111.71
470.8,13.4,111.71
470.9,13.5,111.71
471.0,13.0,111.71
471.1,13.2,111.71
471.2,13.6,111.71
471.3,12.8,111.71
471.4,25.2,111.71
471.5,13.4,111.71
471.6,25.2,111.71
471.7,13.4,111.71
471.8,13.5,111.71
471.9,13.5,111.71
472.0,13.4,111.71
472.1,13.5,111.71
472.2,26.3,111.71
472.3,14.3,111.71
472.4,13.4,111.71
472.5,0.0,111.71
472.6,0.0,111.71
472.7,14.3,111.71
472.8,14.1,111.71
472.9,13.3,111.71
473.0,14.6,111.71
473.1,13.9,111.71
473.2,13.8,111.71
473.3,25.2,111.71
473.4,13.5,111.71
473.5,0.0,111.71
473.6,13.2,111.71
473.7,13.3,111.71
473.8,0.0,111.71
473.9,25.0,111.71
474.0,13.5,111.71
474.1,24.4,111.71
474.2,0.0,111.71
474.3,25.6,111.71
474.4,13.5,111.71
474.5,26.0,111.71
474.6,12.6,111.71
474.7,13.1,111.71
474.8,12.7,111.71
474.9,13.4,111.71
475.0,14.0,111.71
475.1,25.6,111.71
475.2,13.3,111.71
475.3,13.3,111.71
475.4,13.5,111.71
475.5,13.5,111.71
475.6,14.2,111.71
475.7,13.1,111.71
475.8,0.0,111.71
475.9,0.0,111.71
476.0,13.6,111.71
476.1,13.4,111.71
476.2,0.0,111.71
476.3,13.5,111.71
476.4,25.4,111.71
476.5,14.2,111.72
476.6,13.1,111.72
476.7,12.4,111.72
476.8,12.9,111.72
476.9,0.0,111.72
477.0,12.9,111.72
477.1,26.4,111.72
477.2,14.2,111.72
477.3,13.9,111.72
477.4,13.5,111.72
477.5,12.5,111.72
477.6,13.0,111.72
477.7,13.8,111.72
477.8,25.5,111.72
477.9,25.9,111.72
478.0,25.0,111.72
478.1,13.5,111.72
478.2,25.3,111.72
478.3,24.8,111.72
478.4,25.3,111.72
478.5,25.6,111.72
478.6,25.4,111.72
478.7,25.3,111.72
478.8,13.6,111.72
478.9,25.6,111.72
479.0,13.5,111.72
479.1,26.6,111.72
479.2,13.0,111.72
479.3,13.0,111.72
479.4,25.2,111.72
479.5,13.6,111.72
479.6,13.7,111.72
479.7,13.9,111.72
479.8,25.7,111.72
479.9,13.4,111.72
480.0,26.0,111.72
480.1,12.8,111.72
480.2,13.0,111.72
480.3,13.2,111.72
480.4,13.5,111.72
480.5,0.0,111.72
480.6,13.5,111.72
480.7,13.9,111.72
480.8,13.2,111.72
480.9,13.4,111.72
481.0,0.0,111.72
481.1,12.6,111.72
481.2,13.6,111.72
481.3,13.3,111.72
481.4,12.8,111.72
481.5,25.4,111.72
481.6,13.3,111.72
481.7,13.3,111.72
481.8,13.6,111.72
481.9,13.2,111.72
482.0,25.3,111.72
482.1,13.4,111.72
482.2,12.8,111.72
482.3,13.4,111.72
482.4,12.7,111.72
482.5,12.5,111.72
482.6,13.2,111.72
482.7,13.5,111.72
482.8,13.4,111.72
482.9,14.1,111.72
483.0,13.4,111.72
483.1,13.3,111.72
483.2,25.2,111.72
483.3,25.1,111.72
483.4,25.1,111.72
483.5,13.5,111.72
483.6,13.2,111.72
483.7,25.6,111.72
483.8,13.3,111.72
483.9,0.0,111.72
484.0,13.9,111.72
484.1,12.7,111.72
484.2,13.1,111.72
484.3,12.3,111.72
484.4,13.5,111.72
484.5,13.6,111.72
484.6,26.7,111.72
484.7,14.2,111.72
484.8,0.0,111.72
484.9,0.0,111.72
485.0,0.0,111.72
485.1,14.7,111.72
485.2,14.7,111.72
485.3,0.0,111.72
485.4,0.0,111.72
485.5,0.0,111.72
485.6,0.0,111.72
485.7,14.8,111.72
485.8,14.8,111.72
485.9,0.0,111.72
486.0,0.0,111.72
486.1,13.3,111.72
486.2,0.0,111.72
486.3,13.3,111.72
486.4,36.9,111.72
486.5,13.8,111.72
486.6,26.4,111.72
486.7,13.6,111.72
486.8,13.7,111.72
486.9,13.2,111.72
487.0,25.2,111.72
487.1,14.0,111.72
487.2,25.7,111.72
487.3,24.9,111.72
487.4,25.2,111.72
487.5,13.3,111.72
487.6,12.7,111.72
487.7,14.2,111.72
487.8,13.5,111.72
487.9,12.7,111.72
488.0,12.5,111.72
488.1,13.2,111.72
488.2,13.5,111.72
488.3,13.8,111.72
488.4,0.0,111.72
488.5,13.2,111.72
488.6,25.8,111.72
488.7,24.9,111.72
488.8,13.3,111.72
488.9,12.8,111.72
489.0,13.4,111.72
489.1,13.5,111.72
489.2,13.5,111.73
489.3,13.4,111.73
489.4,13.6,111.73
489.5,12.9,111.73
489.6,13.8,111.73
489.7,13.1,111.73
489.8,13.4,111.73
489.9,13.3,111.73
490.0,12.2,111.73
490.1,26.8,111.73
490.2,12.8,111.73
490.3,0.0,111.73
490.4,13.5,111.73
490.5,25.6,111.73
490.6,24.0,111.73
490.7,26.1,111.73
490.8,13.6,111.73
490.9,14.1,111.73
491.0,25.6,111.73
491.1,13.4,111.73
491.2,13.8,111.73
491.3,13.6,111.73
491.4,25.4,111.73
491.5,12.6,111.73
491.6,13.5,111.73
491.7,0.0,111.73
491.8,13.0,111.73
491.9,13.2,111.73
492.0,25.3,111.73
492.1,13.5,111.73
492.2,12.7,111.73
492.3,25.2,111.73
492.4,13.5,111.73
492.5,12.4,111.73
492.6,13.8,111.73
492.7,12.7,111.73
492.8,24.7,111.73
492.9,24.6,111.73
493.0,28.3,111.73
493.1,13.3,111.73
493.2,0.0,111.73
493.3,13.2,111.73
493.4,13.3,111.73
493.5,13.2,111.73
493.6,13.5,111.73
493.7,13.5,111.73
493.8,13.6,111.73
493.9,13.3,111.73
494.0,13.5,111.73
494.1,0.0,111.73
494.2,12.8,111.73
494.3,13.4,111.73
494.4,12.9,111.73
494.5,13.4,111.73
494.6,14.2,111.73
494.7,13.8,111.73
494.8,13.5,111.73
494.9,13.0,111.73
495.0,13.0,111.73
495.1,25.8,111.73
495.2,14.1,111.73
495.3,13.6,111.73
495.4,14.0,111.73
495.5,13.0,111.73
495.6,14.0,111.73
495.7,13.5,111.73
495.8,13.3,111.73
495.9,13.5,111.73
496.0,13.0,111.73
496.1,13.6,111.73
496.2,12.5,111.73
496.3,13.6,111.73
496.4,25.7,111.73
496.5,12.9,111.73
496.6,0.0,111.73
496.7,13.8,111.73
496.8,13.0,111.73
496.9,13.0,111.73
497.0,13.2,111.73
497.1,13.4,111.73
497.2,13.4,111.73
497.3,12.8,111.73
497.4,12.5,111.73
497.5,13.5,111.73
497.6,25.0,111.73
497.7,13.0,111.73
497.8,13.0,111.73
497.9,25.0,111.73
498.0,14.1,111.73
498.1,25.9,111.73
498.2,13.4,111.73
498.3,13.3,111.73
498.4,25.4,111.73
498.5,24.4,111.73
498.6,13.5,111.73
498.7,13.3,111.73
498.8,14.2,111.73
498.9,13.4,111.73
499.0,12.7,111.73
499.1,25.2,111.73
499.2,13.5,111.73
499.3,13.8,111.73
499.4,38.0,111.73
499.5,13.3,111.73
499.6,26.8,111.73
499.7,13.6,111.73
499.8,13.2,111.73
499.9,13.2,111.73
500.0,13.8,111.73
500.1,13.2,111.73
500.2,13.4,111.73
500.3,24.7,111.73
500.4,13.0,111.73
500.5,0.0,111.73
500.6,0.0,111.73
500.7,24.9,111.73
500.8,13.5,111.73
500.9,13.3,111.73
501.0,13.1,111.73
501.1,24.5,111.73
501.2,0.0,111.73
501.3,13.4,111.73
501.4,26.4,111.73
501.5,13.5,111.73
501.6,13.4,111.73
501.7,13.5,111.73
501.8,25.4,111.73
501.9,13.5,111.73
502.0,25.5,111.73
502.1,13.4,111.74
502.2,13.5,111.74
502.3,0.0,111.74
502.4,12.5,111.74
502.5,13.5,111.74
502.6,25.3,111.74
502.7,13.4,111.74
502.8,12.6,111.74
502.9,12.7,111.74
503.0,13.5,111.74
503.1,13.4,111.74
503.2,0.0,111.74
503.3,12.7,111.74
503.4,13.1,111.74
503.5,27.1,111.74
503.6,13.6,111.74
503.7,13.5,111.74
503.8,13.5,111.74
503.9,12.6,111.74
504.0,0.0,111.74
504.1,0.0,111.74
504.2,0.0,111.74
504.3,0.0,111.74
504.4,13.1,111.74
504.5,12.1,111.74
504.6,13.7,111.74
504.7,13.0,111.74
504.8,13.2,111.74
504.9,26.8,111.74
505.0,14.2,111.74
505.1,13.3,111.74
505.2,13.5,111.74
505.3,13.2,111.74
505.4,12.6,111.74
505.5,26.3,111.74
505.6,13.2,111.74
505.7,13.6,111.74
505.8,25.0,111.74
505.9,13.3,111.74
506.0,26.9,111.74
506.1,13.5,111.74
506.2,13.1,111.74
506.3,13.4,111.74
506.4,26.5,111.74
506.5,13.3,111.74
506.6,13.4,111.74
506.7,12.6,111.74
506.8,13.4,111.74
506.9,25.8,111.74
507.0,13.4,111.74
507.1,13.4,111.74
507.2,25.0,111.74
507.3,37.5,111.74
507.4,25.2,111.74
507.5,13.1,111.74
507.6,13.5,111.74
507.7,14.2,111.74
507.8,13.9,111.74
507.9,12.2,111.74
508.0,25.7,111.74
508.1,13.5,111.74
508.2,12.7,111.74
508.3,0.0,111.74
508.4,13.4,111.74
508.5,25.7,111.78
508.6,24.9,111.78
508.7,13.4,111.78
508.8,12.8,111.78
508.9,27.5,111.78
509.0,13.1,111.78
509.1,13.4,111.78
509.2,13.4,111.78
509.3,13.8,111.78
509.4,13.6,111.78
509.5,13.1,111.78
509.6,13.6,111.78
509.7,12.6,111.78
509.8,13.5,111.78
509.9,13.5,111.78
510.0,13.4,111.78
510.1,25.1,111.78
510.2,13.8,111.78
510.3,13.4,111.78
510.4,13.4,111.78
510.5,13.2,111.78
510.6,12.6,111.78
510.7,12.6,111.78
510.8,13.5,111.78
510.9,25.5,111.78
511.0,13.2,111.78
511.1,24.7,111.78
511.2,12.6,111.78
511.3,13.0,111.78
511.4,13.4,111.78
511.5,0.0,111.78
511.6,13.1,111.78
511.7,24.0,111.78
511.8,12.6,111.78
511.9,0.0,111.78
512.0,13.5,111.78
512.1,13.7,111.78
512.2,25.1,111.78
512.3,25.3,111.78
512.4,25.2,111.78
512.5,25.3,111.78
512.6,24.9,111.78
512.7,13.3,111.78
512.8,12.6,111.78
512.9,13.4,111.78
513.0,13.5,111.78
513.1,26.5,111.78
513.2,12.5,111.78
513.3,13.7,111.78
513.4,13.1,111.78
513.5,13.1,111.78
513.6,13.4,111.78
513.7,13.1,111.78
513.8,12.6,111.78
513.9,25.2,111.78
514.0,13.4,111.78
514.1,13.1,111.78
514.2,13.5,111.78
514.3,13.5,111.78
514.4,13.4,111.78
514.5,12.5,111.78
514.6,13.4,111.78
514.7,25.1,111.78
514.8,25.6,111.78
514.9,13.4,111.78
515.0,13.9,111.78
515.1,12.9,111.78
515.2,14.0,111.78
515.3,13.5,111.78
515.4,13.2,111.78
515.5,12.4,111.78
515.6,13.4,111.78
515.7,13.8,111.78
515.8,24.9,111.78
515.9,13.3,111.78
516.0,12.9,111.78
516.1,13.0,111.78
516.2,13.4,111.78
516.3,13.5,111.78
516.4,25.2,111.78
516.5,13.3,111.78
516.6,12.6,111.78
516.7,13.2,111.78
516.8,13.5,111.78
516.9,25.3,111.78
517.0,13.3,111.78
517.1,12.5,111.78
517.2,0.0,111.78
517.3,13.2,111.78
517.4,13.5,111.78
517.5,13.4,111.78
517.6,14.0,111.78
517.7,25.3,111.78
517.8,13.2,111.78
517.9,0.0,111.78
518.0,12.6,111.78
518.1,12.5,111.78
518.2,13.4,111.78
518.3,13.4,111.78
518.4,13.7,111.78
518.5,13.3,111.78
518.6,13.9,111.78
518.7,13.6,111.78
518.8,24.7,111.78
518.9,12.7,111.78
519.0,13.5,111.78
519.1,26.1,111.78
519.2,25.2,111.78
519.3,12.6,111.79
519.4,13.3,111.79
519.5,26.7,111.79
519.6,12.7,111.79
519.7,12.6,111.79
519.8,12.4,111.79
519.9,13.5,111.79
520.0,13.4,111.79
520.1,13.4,111.79
520.2,13.3,111.79
520.3,0.0,111.79
520.4,13.3,111.79
520.5,12.9,111.79
520.6,13.0,111.79
520.7,13.6,111.79
520.8,12.9,111.79
520.9,13.4,111.79
521.0,13.2,111.79
521.1,13.5,111.79
521.2,13.1,111.79
521.3,13.5,111.79
521.4,13.5,111.79
521.5,24.8,111.79
521.6,12.4,111.79
521.7,26.0,111.79
521.8,13.8,111.79
521.9,25.2,111.79
522.0,13.4,111.79
522.1,0.0,111.79
522.2,12.7,111.79
522.3,13.4,111.79
522.4,13.6,111.79
522.5,25.0,111.79
522.6,13.6,111.79
522.7,12.7,111.79
522.8,12.5,111.79
522.9,12.4,111.79
523.0,13.4,111.79
523.1,24.9,111.79
523.2,25.0,111.79
523.3,13.3,111.79
523.4,13.1,111.79
523.5,13.2,111.79
523.6,13.3,111.79
523.7,14.6,111.79
523.8,13.3,111.79
523.9,13.5,111.79
524.0,25.2,111.79
524.1,13.4,111.79
524.2,0.0,111.79
524.3,13.3,111.79
524.4,25.1,111.79
524.5,13.8,111.79
524.6,24.9,111.79
524.7,13.7,111.79
524.8,12.7,111.79
524.9,0.0,111.79
525.0,12.7,111.79
525.1,13.1,111.79
525.2,14.2,111.79
525.3,25.4,111.79
525.4,13.4,111.79
525.5,12.6,111.79
525.6,0.0,111.79
525.7,0.0,111.79
525.8,0.0,111.79
525.9,13.6,111.79
526.0,13.1,111.79
526.1,0.0,111.79
526.2,13.6,111.79
526.3,13.6,111.79
526.4,0.0,111.79
526.5,13.6,111.79
526.6,0.0,111.79
526.7,13.6,111.79
526.8,14.6,111.79
526.9,14.6,111.79
527.0,13.8,111.79
527.1,14.1,111.79
527.2,14.0,111.79
527.3,13.6,111.79
527.4,0.0,111.79
527.5,12.8,111.79
527.6,0.0,111.79
527.7,13.1,111.79
527.8,0.0,111.79
527.9,12.7,111.79
528.0,13.5,111.79
528.1,13.8,111.79
528.2,14.6,111.79
528.3,14.7,111.79
528.4,13.9,111.79
528.5,13.7,111.79
528.6,0.0,111.79
528.7,13.5,111.79
528.8,13.3,111.79
528.9,0.0,111.79
529.0,13.4,111.79
529.1,13.6,111.79
529.2,14.1,111.79
529.3,14.4,111.79
529.4,14.0,111.79
529.5,12.6,111.79
529.6,13.4,111.79
529.7,25.0,111.79
529.8,13.1,111.79
529.9,12.7,111.79
530.0,0.0,111.79
530.1,0.0,111.79
530.2,0.0,111.79
530.3,0.0,111.79
530.4,14.2,111.79
530.5,14.7,111.79
530.6,14.1,111.79
530.7,14.2,111.79
530.8,14.7,111.79
530.9,14.7,111.79
531.0,0.0,111.79
531.1,0.0,111.79
531.2,0.0,111.79
531.3,12.6,111.79
531.4,13.3,111.79
531.5,14.0,111.79
531.6,26.7,111.79
531.7,13.3,111.79
531.8,26.4,111.79
531.9,13.7,111.79
532.0,25.3,111.79
532.1,13.7,111.79
532.2,12.5,111.79
532.3,13.4,111.79
532.4,25.3,111.79
532.5,13.3,111.79
532.6,13.7,111.79
532.7,12.8,111.79
532.8,12.5,111.79
532.9,0.0,111.79
533.0,12.3,111.79
533.1,12.9,111.79
533.2,26.2,111.79
533.3,13.0,111.79
533.4,12.3,111.79
533.5,0.0,111.79
533.6,12.4,111.79
533.7,13.5,111.79
533.8,13.9,111.79
533.9,13.4,111.79
534.0,13.5,111.8
534.1,13.7,111.8
534.2,25.2,111.8
534.3,24.7,111.8
534.4,14.2,111.8
534.5,25.5,111.8
534.6,25.7,111.8
534.7,12.2,111.8
534.8,13.5,111.8
534.9,12.3,111.8
535.0,13.8,111.8
535.1,13.8,111.8
535.2,25.7,111.8
535.3,13.4,111.8
535.4,13.3,111.8
535.5,25.0,111.8
535.6,14.0,111.8
535.7,13.1,111.8
535.8,13.6,111.8
535.9,13.7,111.8
536.0,0.0,111.8
536.1,13.7,111.8
536.2,13.9,111.8
536.3,14.6,111.8
536.4,13.8,111.8
536.5,13.8,111.8
536.6,12.3,111.8
536.7,12.3,111.8
536.8,12.0,111.8
536.9,25.5,111.8
537.0,13.0,111.8
537.1,13.4,111.8
537.2,24.4,111.8
537.3,26.4,111.8
537.4,24.6,111.8
537.5,25.4,111.8
537.6,12.7,111.8
537.7,13.0,111.8
537.8,12.4,111.8
537.9,12.5,111.8
538.0,13.7,111.8
538.1,13.0,111.8
538.2,13.5,111.8
538.3,14.2,111.8
538.4,12.8,111.8
538.5,13.9,111.8
538.6,14.1,111.8
538.7,14.1,111.8
538.8,14.2,111.8
538.9,14.2,111.8
539.0,14.0,111.8
539.1,0.0,111.8
539.2,14.7,111.8
539.3,14.3,111.8
539.4,14.6,111.8
539.5,14.7,111.8
539.6,0.0,111.8
539.7,0.0,111.8
539.8,0.0,111.8
539.9,14.3,111.8
540.0,13.8,111.8
540.1,0.0,111.8
540.2,0.0,111.8
540.3,0.0,111.8
540.4,0.0,111.8
540.5,14.1,111.8
540.6,13.5,111.8
540.7,14.1,111.8
540.8,13.3,111.8
540.9,14.2,111.8
541.0,13.4,111.8
541.1,13.1,111.8
541.2,27.0,111.8
541.3,0.0,111.8
541.4,13.1,111.8
541.5,13.7,111.8
541.6,13.4,111.8
541.7,12.5,111.8
541.8,13.5,111.8
541.9,13.5,111.8
542.0,12.6,111.8
542.1,12.5,111.8
542.2,0.0,111.8
542.3,12.6,111.8
542.4,13.5,111.8
542.5,13.4,111.8
542.6,13.6,111.8
542.7,12.5,111.8
542.8,12.6,111.8
542.9,13.2,111.8
543.0,13.4,111.8
543.1,13.6,111.8
543.2,25.4,111.8
543.3,13.6,111.8
543.4,13.5,111.8
543.5,13.4,111.8
543.6,13.5,111.8
543.7,12.5,111.8
543.8,12.4,111.8
543.9,13.5,111.8
544.0,25.2,111.8
544.1,13.9,111.8
544.2,12.6,111.8
544.3,13.5,111.8
544.4,13.5,111.8
544.5,12.8,111.8
544.6,12.5,111.8
544.7,12.6,111.8
544.8,0.0,111.8
544.9,26.3,111.8
545.0,13.3,111.8
545.1,25.9,111.8
545.2,0.0,111.8
545.3,26.4,111.8
545.4,13.5,111.8
545.5,13.5,111.8
545.6,12.8,111.8
545.7,13.5,111.8
545.8,13.5,111.8
545.9,14.2,111.8
546.0,0.0,111.8
546.1,13.4,111.8
546.2,13.5,111.8
546.3,25.0,111.8
546.4,25.4,111.8
546.5,26.0,111.8
546.6,13.9,111.8
546.7,13.4,111.8
546.8,12.3,111.81
546.9,13.0,111.81
547.0,25.2,111.81
547.1,13.5,111.81
547.2,13.5,111.81
547.3,0.0,111.81
547.4,12.5,111.81
547.5,13.7,111.81
547.6,12.8,111.81
547.7,13.4,111.81
547.8,13.2,111.81
547.9,13.2,111.81
548.0,25.0,111.81
548.1,13.4,111.81
548.2,24.8,111.81
548.3,13.7,111.81
548.4,13.6,111.81
548.5,12.8,111.81
548.6,13.5,111.81
548.7,13.6,111.81
548.8,13.0,111.81
548.9,13.6,111.81
549.0,13.9,111.81
549.1,25.0,111.81
549.2,13.4,111.81
549.3,12.5,111.81
549.4,13.2,111.81
549.5,13.4,111.81
549.6,12.8,111.81
549.7,13.3,111.81
549.8,13.8,111.81
549.9,25.8,111.81
550.0,25.9,111.81
550.1,13.2,111.81
550.2,13.4,111.81
550.3,13.5,111.81
550.4,13.5,111.81
550.5,13.5,111.82
550.6,13.5,111.82
550.7,0.0,111.82
550.8,14.0,111.82
550.9,26.7,111.82
551.0,13.1,111.82
551.1,0.0,111.82
551.2,13.8,111.82
551.3,25.1,111.82
551.4,13.1,111.82
551.5,13.2,111.8
551.6,24.7,111.8
551.7,13.5,111.8
551.8,13.0,111.8
551.9,12.8,111.8
552.0,13.5,111.8
552.1,0.0,111.8
552.2,12.7,111.8
552.3,12.8,111.8
552.4,13.0,111.8
552.5,38.6,111.8
552.6,12.9,111.8
552.7,13.4,111.8
552.8,13.6,111.8
552.9,12.6,111.8
553.0,0.0,111.8
553.1,13.5,111.8
553.2,13.5,111.8
553.3,12.6,111.8
553.4,13.7,111.8
553.5,0.0,111.8
553.6,13.4,111.8
553.7,25.7,111.8
553.8,12.8,111.8
553.9,14.0,111.8
554.0,37.6,111.8
554.1,13.7,111.8
554.2,13.2,111.8
554.3,13.2,111.8
554.4,25.2,111.8
554.5,14.1,111.8
554.6,26.3,111.8
554.7,13.5,111.8
554.8,26.4,111.8
554.9,13.3,111.8
555.0,13.0,111.8
555.1,25.2,111.8
555.2,13.2,111.8
555.3,13.4,111.8
555.4,13.8,111.8
555.5,14.0,111.8
555.6,13.3,111.8
555.7,13.3,111.8
555.8,12.8,111.8
555.9,26.5,111.8
556.0,13.2,111.8
556.1,13.0,111.8
556.2,13.3,111.8
556.3,12.9,111.8
556.4,13.5,111.8
556.5,12.5,111.8
556.6,12.6,111.8
556.7,13.4,111.8
556.8,13.4,111.8
556.9,13.4,111.8
557.0,13.5,111.8
557.1,13.7,111.8
557.2,12.9,111.8
557.3,13.0,111.8
557.4,13.5,111.8
557.5,13.7,111.8
557.6,0.0,111.8
557.7,13.2,111.8
557.8,0.0,111.8
557.9,12.7,111.8
558.0,12.5,111.8
558.1,13.3,111.8
558.2,26.0,111.8
558.3,13.7,111.8
558.4,14.0,111.8
558.5,25.3,111.8
558.6,26.5,111.8
558.7,13.3,111.8
558.8,13.7,111.8
558.9,12.7,111.8
559.0,13.0,111.8
559.1,13.4,111.8
559.2,13.3,111.8
559.3,12.9,111.8
559.4,13.2,111.8
559.5,24.6,111.81
559.6,0.0,111.81
559.7,13.2,111.81
559.8,24.8,111.81
559.9,25.8,111.81
560.0,13.0,111.81
560.1,12.9,111.81
560.2,13.4,111.81
560.3,13.5,111.81
560.4,25.6,111.81
560.5,13.7,111.81
560.6,12.5,111.81
560.7,13.4,111.81
560.8,0.0,111.81
560.9,13.5,111.81
561.0,13.4,111.81
561.1,13.5,111.81
561.2,25.6,111.81
561.3,12.7,111.81
561.4,12.5,111.81
561.5,12.9,111.81
561.6,12.9,111.81
561.7,0.0,111.81
561.8,12.4,111.81
561.9,13.3,111.81
562.0,25.8,111.81
562.1,13.8,111.81
562.2,13.2,111.81
562.3,13.5,111.81
562.4,13.1,111.81
562.5,12.5,111.81
562.6,13.6,111.81
562.7,13.5,111.81
562.8,13.4,111.81
562.9,13.3,111.81
563.0,12.8,111.81
563.1,0.0,111.81
563.2,12.5,111.81
563.3,13.3,111.81
563.4,14.2,111.81
563.5,22.2,111.81
563.6,26.3,111.81
563.7,12.9,111.81
563.8,13.2,111.81
563.9,14.2,111.81
564.0,13.5,111.81
564.1,12.8,111.81
564.2,12.6,111.81
564.3,26.7,111.81
564.4,13.5,111.81
564.5,13.4,111.81
564.6,12.9,111.81
564.7,12.4,111.81
564.8,12.7,111.81
564.9,0.0,111.81
565.0,12.7,111.81
565.1,13.5,111.81
565.2,13.8,111.81
565.3,25.4,111.81
565.4,13.2,111.81
565.5,12.6,111.81
565.6,13.8,111.81
565.7,13.1,111.81
565.8,13.6,111.81
565.9,14.3,111.82
566.0,0.0,111.82
566.1,12.6,111.82
566.2,12.7,111.82
566.3,24.3,111.82
566.4,13.5,111.82
566.5,24.9,111.82
566.6,25.3,111.82
566.7,25.0,111.82
566.8,13.2,111.82
566.9,0.0,111.82
567.0,14.1,111.82
567.1,13.8,111.82
567.2,12.8,111.82
567.3,25.4,111.82
567.4,12.9,111.82
567.5,13.4,111.82
567.6,0.0,111.82
567.7,13.5,111.82
567.8,13.5,111.79
567.9,0.0,111.79
568.0,24.9,111.79
568.1,13.5,111.79
568.2,13.6,111.79
568.3,13.8,111.79
568.4,13.5,111.79
568.5,13.7,111.79
568.6,12.5,111.79
568.7,25.8,111.79
568.8,12.8,111.79
568.9,12.4,111.79
569.0,0.0,111.79
569.1,13.3,111.79
569.2,25.2,111.79
569.3,24.9,111.79
569.4,13.5,111.79
569.5,12.6,111.79
569.6,13.4,111.79
569.7,13.4,111.79
569.8,13.5,111.79
569.9,13.5,111.79
570.0,13.4,111.79
570.1,24.7,111.79
570.2,13.4,111.79
570.3,12.7,111.79
570.4,26.3,111.79
570.5,25.0,111.79
570.6,12.8,111.79
570.7,13.4,111.79
570.8,25.5,111.79
570.9,13.3,111.79
571.0,12.6,111.79
571.1,12.5,111.79
571.2,13.1,111.79
571.3,25.1,111.79
571.4,13.4,111.79
571.5,13.1,111.79
571.6,25.1,111.79
571.7,25.2,111.79
571.8,13.4,111.79
571.9,13.2,111.79
572.0,13.3,111.79
572.1,0.0,111.79
572.2,37.4,111.79
572.3,12.6,111.79
572.4,12.6,111.79
572.5,13.0,111.79
572.6,25.1,111.79
572.7,13.4,111.79
572.8,13.1,111.79
572.9,13.0,111.79
573.0,13.5,111.79
573.1,13.7,111.79
573.2,12.9,111.79
573.3,12.8,111.79
573.4,13.4,111.79
573.5,13.2,111.79
573.6,12.9,111.79
573.7,13.5,111.79
573.8,13.4,111.79
573.9,13.4,111.79
574.0,0.0,111.79
574.1,13.4,111.79
574.2,26.3,111.79
574.3,12.6,111.79
574.4,13.9,111.79
574.5,25.0,111.79
574.6,13.5,111.79
574.7,12.4,111.79
574.8,13.4,111.79
574.9,36.7,111.79
575.0,0.0,111.79
575.1,12.4,111.79
575.2,12.7,111.79
575.3,12.6,111.79
575.4,13.8,111.79
575.5,12.6,111.79
575.6,13.4,111.79
575.7,25.5,111.79
575.8,25.2,111.79
575.9,13.5,111.79
576.0,0.0,111.79
576.1,0.0,111.79
576.2,12.5,111.79
576.3,13.2,111.79
576.4,25.1,111.79
576.5,13.4,111.79
576.6,13.7,111.79
576.7,25.5,111.79
576.8,24.8,111.79
576.9,13.5,111.79
577.0,12.5,111.79
577.1,25.1,111.79
577.2,24.9,111.79
577.3,13.3,111.79
577.4,13.1,111.79
577.5,0.0,111.79
577.6,13.1,111.79
577.7,25.5,111.79
577.8,13.8,111.79
577.9,13.0,111.79
578.0,23.5,111.79
578.1,12.6,111.79
578.2,13.8,111.79
578.3,13.5,111.79
578.4,13.3,111.79
578.5,12.9,111.79
578.6,13.5,111.79
578.7,13.5,111.79
578.8,13.9,111.79
578.9,13.2,111.79
579.0,25.8,111.79
579.1,14.3,111.79
579.2,13.1,111.79
579.3,0.0,111.79
579.4,13.9,111.79
579.5,12.9,111.79
579.6,12.7,111.79
579.7,0.0,111.79
579.8,13.5,111.79
579.9,13.2,111.79
580.0,13.5,111.79
580.1,25.2,111.79
580.2,25.5,111.79
580.3,25.2,111.79
580.4,24.6,111.8
580.5,13.7,111.8
580.6,24.4,111.8
580.7,13.7,111.8
580.8,13.9,111.8
580.9,13.2,111.8
581.0,13.8,111.8
581.1,13.4,111.8
581.2,13.7,111.8
581.3,12.7,111.8
581.4,13.0,111.8
581.5,14.0,111.8
581.6,26.7,111.8
581.7,12.6,111.8
581.8,13.2,111.8
581.9,13.4,111.8
582.0,14.1,111.8
582.1,13.3,111.8
582.2,0.0,111.8
582.3,13.4,111.8
582.4,13.9,111.8
582.5,13.3,111.8
582.6,13.3,111.8
582.7,13.8,111.8
582.8,13.3,111.8
582.9,13.6,111.8
583.0,0.0,111.8
583.1,13.1,111.8
583.2,13.4,111.8
583.3,0.0,111.8
583.4,13.2,111.8
583.5,13.2,111.8
583.6,26.1,111.8
583.7,13.2,111.8
583.8,13.7,111.8
583.9,13.4,111.8
584.0,25.6,111.8
584.1,24.7,111.8
584.2,13.5,111.8
584.3,13.4,111.8
584.4,13.1,111.8
584.5,12.6,111.8
584.6,13.6,111.8
584.7,13.3,111.8
584.8,13.0,111.8
584.9,12.9,111.8
585.0,25.1,111.8
585.1,13.5,111.8
585.2,13.9,111.8
585.3,0.0,111.8
585.4,13.1,111.8
585.5,13.4,111.8
585.6,25.2,111.8
585.7,13.6,111.8
585.8,13.3,111.8
585.9,13.1,111.8
586.0,13.5,111.8
586.1,12.7,111.8
586.2,0.0,111.8
586.3,13.5,111.8
586.4,25.5,111.8
586.5,13.3,111.8
586.6,12.9,111.8
586.7,14.2,111.8
586.8,26.3,111.8
586.9,0.0,111.8
587.0,25.3,111.8
587.1,14.2,111.8
587.2,27.1,111.8
587.3,12.6,111.8
587.4,12.8,111.8
587.5,13.0,111.8
587.6,13.7,111.8
587.7,12.6,111.8
587.8,13.5,111.8
587.9,12.6,111.8
588.0,13.3,111.8
588.1,13.5,111.8
588.2,0.0,111.8
588.3,12.5,111.8
588.4,12.5,111.8
588.5,13.5,111.8
588.6,25.8,111.8
588.7,24.4,111.8
588.8,13.4,111.8
588.9,0.0,111.8
589.0,13.5,111.8
589.1,13.5,111.8
589.2,13.7,111.8
589.3,13.3,111.8
589.4,13.9,111.8
589.5,25.0,111.8
589.6,13.5,111.8
589.7,13.5,111.8
589.8,12.6,111.8
589.9,13.6,111.8
590.0,13.2,111.8
590.1,13.5,111.8
590.2,14.2,111.8
590.3,13.3,111.8
590.4,13.5,111.8
590.5,13.7,111.8
590.6,26.7,111.8
590.7,14.2,111.8
590.8,13.3,111.8
590.9,12.6,111.8
591.0,13.9,111.8
591.1,13.3,111.8
591.2,13.4,111.8
591.3,13.0,111.8
591.4,25.2,111.8
591.5,25.1,111.8
591.6,0.0,111.8
591.7,13.5,111.8
591.8,26.3,111.8
591.9,26.6,111.8
592.0,13.5,111.8
592.1,26.2,111.8
592.2,13.3,111.8
592.3,24.3,111.8
592.4,13.5,111.8
592.5,0.0,111.8
592.6,12.5,111.8
592.7,12.3,111.8
592.8,13.3,111.8
592.9,24.9,111.8
593.0,25.4,111.8
593.1,14.0,111.8
593.2,26.2,111.8
593.3,14.0,111.8
593.4,25.1,111.8
593.5,25.3,111.8
593.6,12.5,111.8
593.7,13.6,111.8
593.8,24.9,111.8
593.9,25.7,111.8
594.0,13.2,111.8
594.1,12.8,111.8
594.2,12.8,111.8
594.3,25.4,111.8
594.4,13.7,111.8
594.5,26.5,111.8
594.6,25.2,111.8
594.7,13.6,111.8
594.8,26.3,111.8
594.9,12.7,111.8
595.0,13.5,111.8
595.1,13.3,111.8
595.2,13.2,111.8
595.3,25.0,111.8
595.4,13.0,111.81
595.5,24.9,111.81
595.6,25.4,111.81
595.7,13.4,111.81
595.8,13.8,111.81
595.9,13.3,111.81
596.0,13.8,111.81
596.1,26.2,111.81
596.2,12.9,111.81
596.3,12.5,111.81
596.4,0.0,111.81
596.5,12.8,111.81
596.6,0.0,111.81
596.7,13.1,111.81
596.8,13.0,111.81
596.9,13.5,111.81
597.0,12.6,111.81
597.1,13.4,111.81
597.2,24.9,111.81
597.3,13.9,111.81
597.4,25.3,111.81
597.5,13.9,111.81
597.6,24.9,111.81
597.7,13.8,111.81
597.8,13.2,111.81
597.9,24.6,111.81
598.0,14.1,111.81
598.1,13.4,111.81
598.2,14.1,111.81
598.3,13.6,111.81
598.4,13.5,111.81
598.5,12.6,111.81
598.6,12.9,111.81
598.7,26.9,111.81
598.8,12.9,111.81
598.9,12.5,111.81
599.0,13.6,111.81
599.1,14.3,111.81
599.2,12.6,111.81
599.3,24.7,111.81
599.4,25.1,111.81
599.5,13.3,111.81
599.6,26.1,111.81
599.7,13.6,111.81
599.8,0.0,111.81
599.9,13.9,111.81
600.0,12.7,111.81
600.1,13.5,111.81
600.2,13.5,111.81
600.3,13.6,111.81
600.4,13.8,111.81
600.5,13.2,111.81
600.6,12.5,111.81
600.7,11.2,111.81
600.8,12.4,111.81
600.9,13.5,111.81
601.0,25.5,111.81
601.1,13.5,111.81
601.2,14.0,111.81
601.3,13.4,111.81
601.4,13.4,111.81
601.5,13.3,111.81
601.6,13.5,111.81
601.7,25.4,111.81
601.8,13.4,111.81
601.9,12.7,111.81
602.0,13.0,111.81
602.1,13.8,111.81
602.2,13.1,111.81
602.3,25.1,111.81
602.4,14.1,111.81
602.5,25.5,111.81
602.6,13.0,111.81
602.7,12.6,111.81
602.8,13.4,111.81
602.9,12.6,111.81
603.0,13.9,111.81
603.1,24.7,111.81
603.2,0.0,111.81
603.3,26.0,111.81
603.4,13.5,111.81
603.5,12.9,111.81
603.6,13.5,111.81
603.7,13.5,111.81
603.8,25.1,111.81
603.9,13.4,111.81
604.0,0.0,111.81
604.1,14.1,111.81
604.2,13.5,111.81
604.3,13.6,111.88
604.4,13.4,111.88
604.5,12.9,111.88
604.6,14.0,111.88
604.7,26.5,111.88
604.8,0.0,111.88
604.9,12.7,111.88
605.0,12.2,111.88
605.1,0.0,111.88
605.2,13.6,111.88
605.3,13.4,111.88
605.4,13.3,111.88
605.5,12.5,111.88
605.6,13.6,111.88
605.7,13.5,111.88
605.8,13.5,111.88
605.9,25.3,111.88
606.0,13.4,111.88
606.1,13.8,111.88
606.2,13.5,111.88
606.3,13.5,111.88
606.4,13.2,111.88
606.5,13.9,111.88
606.6,25.3,111.88
606.7,13.5,111.88
606.8,13.5,111.88
606.9,12.8,111.88
607.0,12.6,111.88
607.1,13.1,111.88
607.2,13.4,111.88
607.3,13.4,111.88
607.4,25.5,111.88
607.5,13.3,111.88
607.6,13.1,111.88
607.7,25.3,111.88
607.8,25.8,111.88
607.9,13.4,111.88
608.0,25.6,111.88
608.1,13.5,111.88
608.2,13.2,111.88
608.3,13.5,111.88
608.4,13.4,111.88
608.5,13.4,111.88
608.6,0.0,111.88
608.7,12.6,111.88
608.8,13.1,111.88
608.9,14.0,111.88
609.0,13.9,111.88
609.1,25.2,111.88
609.2,13.6,111.88
609.3,13.4,111.88
609.4,13.6,111.88
609.5,13.1,111.88
609.6,13.5,111.88
609.7,13.3,111.88
609.8,13.0,111.88
609.9,13.5,111.88
610.0,13.3,111.88
610.1,13.3,111.88
610.2,14.1,111.88
610.3,25.3,111.88
610.4,13.4,111.88
610.5,13.8,111.88
610.6,24.8,111.88
610.7,12.9,111.88
610.8,12.5,111.88
610.9,13.4,111.88
611.0,13.1,111.88
611.1,13.3,111.88
611.2,26.4,111.88
611.3,13.7,111.88
611.4,0.0,111.88
611.5,13.4,111.88
611.6,13.4,111.88
611.7,12.6,111.88
611.8,0.0,111.88
611.9,12.6,111.88
612.0,12.7,111.88
612.1,12.7,111.88
612.2,26.8,111.88
612.3,12.6,111.88
612.4,13.4,111.88
612.5,25.2,111.88
612.6,13.5,111.88
612.7,13.7,111.89
612.8,12.6,111.89
612.9,24.4,111.89
613.0,14.1,111.89
613.1,13.8,111.89
613.2,0.0,111.89
613.3,0.0,111.89
613.4,13.6,111.89
613.5,13.3,111.89
613.6,12.8,111.89
613.7,13.5,111.89
613.8,13.2,111.89
613.9,26.4,111.89
614.0,12.5,111.89
614.1,13.2,111.89
614.2,24.8,111.89
614.3,0.0,111.89
614.4,12.5,111.89
614.5,13.5,111.89
614.6,26.1,111.89
614.7,14.2,111.89
614.8,14.2,111.89
614.9,12.7,111.89
615.0,13.8,111.89
615.1,13.4,111.89
615.2,13.4,111.89
615.3,14.0,111.89
615.4,13.6,111.89
615.5,13.3,111.89
615.6,12.7,111.89
615.7,13.3,111.89
615.8,13.3,111.89
615.9,13.2,111.89
616.0,13.5,111.89
616.1,26.3,111.89
616.2,13.6,111.89
616.3,13.5,111.89
616.4,25.9,111.89
616.5,12.8,111.89
616.6,13.4,111.89
616.7,0.0,111.89
616.8,12.5,111.89
616.9,0.0,111.89
617.0,13.5,111.89
617.1,13.8,111.89
617.2,12.4,111.89
617.3,13.4,111.89
617.4,13.2,111.89
617.5,12.7,111.89
617.6,13.6,111.89
617.7,12.5,111.89
617.8,13.4,111.89
617.9,25.6,111.89
618.0,13.5,111.89
618.1,0.0,111.89
618.2,13.1,111.89
618.3,12.4,111.89
618.4,13.5,111.89
618.5,14.1,111.89
618.6,0.0,111.89
618.7,0.0,111.89
618.8,13.1,111.89
618.9,25.1,111.89
619.0,25.1,111.89
619.1,13.1,111.89
619.2,13.2,111.89
619.3,0.0,111.89
619.4,13.1,111.89
619.5,13.5,111.89
619.6,13.5,111.89
619.7,13.5,111.89
619.8,12.6,111.89
619.9,12.4,111.89
620.0,12.6,111.89
620.1,13.3,111.89
620.2,13.5,111.89
620.3,13.8,111.89
620.4,12.8,111.89
620.5,25.2,111.89
620.6,27.0,111.89
620.7,13.5,111.89
620.8,13.3,111.89
620.9,12.6,111.89
621.0,12.6,111.89
621.1,13.4,111.89
621.2,13.2,111.89
621.3,13.9,111.89
621.4,24.2,111.89
621.5,14.2,111.89
621.6,13.2,111.89
621.7,12.4,111.89
621.8,13.8,111.89
621.9,25.2,111.89
622.0,13.3,111.89
622.1,13.1,111.89
622.2,13.6,111.89
622.3,12.7,111.89
622.4,25.8,111.89
622.5,24.8,111.89
622.6,13.7,111.89
622.7,12.4,111.89
622.8,12.4,111.89
622.9,13.6,111.89
623.0,0.0,111.89
623.1,25.3,111.89
623.2,13.2,111.89
623.3,13.5,111.89
623.4,25.3,111.89
623.5,25.0,111.89
623.6,13.4,111.89
623.7,13.7,111.89
623.8,13.9,111.89
623.9,13.4,111.89
624.0,13.4,111.89
624.1,13.6,111.89
624.2,25.2,111.89
624.3,12.5,111.89
624.4,13.4,111.89
624.5,13.4,111.89
624.6,25.3,111.89
624.7,13.5,111.89
624.8,13.2,111.89
624.9,13.5,111.89
625.0,0.0,111.89
625.1,13.2,111.89
625.2,13.3,111.89
625.3,13.3,111.89
625.4,25.6,111.89
625.5,13.6,111.89
625.6,13.5,111.89
625.7,12.7,111.89
625.8,13.6,111.89
625.9,26.6,111.89
626.0,0.0,111.89
626.1,13.5,111.89
626.2,13.3,111.89
626.3,12.5,111.89
626.4,13.3,111.89
626.5,12.9,111.89
626.6,13.2,111.89
626.7,26.5,111.89
626.8,0.0,111.89
626.9,12.3,111.89
627.0,13.2,111.89
627.1,13.2,111.89
627.2,13.6,111.89
627.3,13.5,111.89
627.4,12.7,111.89
627.5,26.2,111.89
627.6,13.3,111.89
627.7,12.6,111.89
627.8,13.5,111.89
627.9,13.8,111.89
628.0,13.6,111.89
628.1,0.0,111.89
628.2,26.1,111.89
628.3,0.0,111.89
628.4,0.0,111.89
628.5,13.9,111.89
628.6,13.5,111.89
628.7,0.0,111.89
628.8,12.9,111.89
628.9,13.5,111.89
629.0,12.9,111.89
629.1,13.5,111.89
629.2,12.8,111.89
629.3,13.6,111.89
629.4,14.2,111.89
629.5,13.7,111.89
629.6,0.0,111.89
629.7,13.6,111.89
629.8,0.0,111.89
629.9,13.6,111.89
630.0,13.7,111.89
630.1,0.0,111.89
630.2,0.0,111.89
630.3,13.5,111.89
630.4,13.2,111.89
630.5,13.5,111.89
630.6,13.5,111.89
630.7,12.8,111.89
630.8,26.2,111.89
630.9,13.6,111.89
631.0,26.1,111.89
631.1,13.4,111.89
631.2,0.0,111.89
631.3,12.6,111.89
631.4,13.1,111.89
631.5,13.7,111.89
631.6,13.4,111.89
631.7,25.2,111.89
631.8,25.0,111.89
631.9,13.1,111.89
632.0,13.9,111.89
632.1,12.8,111.89
632.2,13.6,111.89
632.3,13.1,111.89
632.4,13.8,111.89
632.5,24.3,111.89
632.6,25.4,111.89
632.7,37.3,111.89
632.8,13.3,111.89
632.9,13.1,111.89
633.0,25.6,111.89
633.1,13.6,111.89
633.2,12.7,111.89
633.3,13.5,111.89
633.4,13.6,111.89
633.5,13.3,111.89
633.6,13.4,111.89
633.7,13.1,111.89
633.8,27.0,111.89
633.9,13.3,111.89
634.0,12.6,111.89
634.1,13.6,111.89
634.2,13.6,111.89
634.3,13.3,111.89
634.4,24.4,111.89
634.5,13.3,111.89
634.6,13.8,111.89
634.7,13.3,111.89
634.8,13.2,111.89
634.9,0.0,111.89
635.0,13.5,111.89
635.1,25.1,111.89
635.2,13.5,111.89
635.3,13.4,111.89
635.4,13.4,111.89
635.5,12.6,111.89
635.6,13.3,111.89
635.7,25.1,111.89
635.8,12.8,111.89
635.9,13.4,111.89
636.0,26.4,111.89
636.1,12.6,111.89
636.2,12.7,111.89
636.3,13.3,111.89
636.4,25.8,111.89
636.5,24.7,111.89
636.6,13.3,111.89
636.7,12.5,111.89
636.8,12.6,111.89
636.9,12.6,111.89
637.0,13.0,111.89
637.1,13.4,111.89
637.2,13.2,111.89
637.3,14.1,111.89
637.4,14.0,111.89
637.5,13.4,111.89
637.6,12.7,111.89
637.7,0.0,111.89
637.8,13.5,111.89
637.9,25.5,111.89
638.0,13.0,111.89
638.1,13.9,111.89
638.2,24.1,111.89
638.3,13.4,111.89
638.4,13.3,111.89
638.5,13.3,111.89
638.6,13.4,111.89
638.7,13.7,111.89
638.8,13.4,111.89
638.9,12.8,111.89
639.0,12.9,111.89
639.1,12.8,111.89
639.2,13.5,111.89
639.3,12.8,111.89
639.4,13.5,111.89
639.5,12.6,111.89
639.6,13.3,111.89
639.7,26.7,111.89
639.8,14.2,111.89
639.9,13.1,111.89
640.0,13.5,111.89
640.1,24.8,111.89
640.2,25.5,111.89
640.3,13.1,111.89
640.4,0.0,111.89
640.5,13.4,111.89
640.6,13.5,111.89
640.7,13.6,111.89
640.8,13.5,111.89
640.9,0.0,111.89
641.0,12.7,111.89
641.1,13.5,111.89
641.2,25.1,111.89
641.3,13.2,111.89
641.4,13.0,111.89
641.5,13.3,111.89
641.6,0.0,111.89
641.7,25.6,111.89
641.8,13.4,111.89
641.9,13.2,111.89
642.0,13.8,111.89
642.1,25.2,111.89
642.2,13.4,111.89
642.3,13.5,111.89
642.4,13.2,111.89
642.5,12.5,111.89
642.6,13.4,111.89
642.7,25.9,111.89
642.8,13.5,111.89
642.9,13.5,111.89
643.0,13.5,111.89
643.1,13.1,111.89
643.2,13.6,111.89
643.3,13.0,111.89
643.4,13.8,111.89
643.5,13.2,111.89
643.6,12.8,111.89
643.7,12.7,111.89
643.8,25.2,111.89
643.9,13.4,111.89
644.0,0.0,111.89
644.1,13.2,111.89
644.2,25.5,111.89
644.3,13.4,111.89
644.4,0.0,111.89
644.5,13.6,111.89
644.6,0.0,111.89
644.7,13.6,111.89
644.8,13.3,111.89
644.9,26.6,111.89
645.0,13.6,111.89
645.1,26.2,111.89
645.2,12.9,111.89
645.3,12.6,111.89
645.4,13.3,111.89
645.5,13.6,111.89
645.6,26.7,111.89
645.7,12.6,111.89
645.8,13.7,111.89
645.9,13.4,111.89
646.0,13.4,111.89
646.1,13.1,111.89
646.2,12.8,111.89
646.3,13.4,111.89
646.4,0.0,111.89
646.5,13.5,111.89
646.6,13.8,111.89
646.7,13.5,111.89
646.8,0.0,111.89
646.9,13.6,111.89
647.0,25.2,111.89
647.1,13.6,111.89
647.2,25.4,111.89
647.3,13.0,111.89
647.4,12.6,111.89
647.5,13.3,111.89
647.6,25.6,111.89
647.7,13.3,111.89
647.8,0.0,111.89
647.9,13.6,111.89
648.0,13.1,111.89
648.1,13.3,111.89
648.2,13.6,111.89
648.3,12.7,111.89
648.4,12.9,111.89
648.5,13.4,111.89
648.6,0.0,111.89
648.7,13.7,111.89
648.8,13.4,111.89
648.9,13.6,111.89
649.0,13.2,111.89
649.1,13.9,111.89
649.2,13.3,111.89
649.3,13.3,111.89
649.4,13.2,111.89
649.5,13.2,111.89
649.6,12.9,111.89
649.7,0.0,111.89
649.8,12.6,111.89
649.9,13.4,111.89
650.0,25.2,111.89
650.1,13.0,111.89
650.2,12.7,111.89
650.3,26.5,111.89
650.4,13.4,111.89
650.5,13.7,111.89
650.6,12.6,111.89
650.7,13.7,111.89
650.8,13.7,111.89
650.9,13.3,111.89
651.0,13.5,111.89
651.1,13.8,111.89
651.2,13.4,111.89
651.3,13.6,111.89
651.4,13.2,111.89
651.5,12.6,111.89
651.6,13.4,111.89
651.7,25.4,111.89
651.8,13.5,111.89
651.9,0.0,111.89
652.0,13.6,111.89
652.1,12.6,111.89
652.2,13.8,111.89
652.3,25.4,111.89
652.4,13.5,111.89
652.5,12.4,111.89
652.6,13.5,111.89
652.7,13.5,111.89
652.8,13.2,111.89
652.9,25.9,111.89
653.0,12.8,111.89
653.1,13.6,111.89
653.2,25.3,111.89
653.3,13.5,111.89
653.4,50.7,111.89
653.5,25.6,111.89
653.6,12.5,111.89
653.7,26.7,111.89
653.8,12.6,111.89
653.9,12.5,111.89
654.0,13.5,111.89
654.1,13.5,111.89
654.2,26.4,111.89
654.3,13.5,111.89
654.4,13.4,111.89
654.5,0.0,111.89
654.6,12.8,111.89
654.7,25.7,111.89
654.8,13.0,111.89
654.9,13.1,111.89
655.0,25.6,111.89
655.1,25.5,111.89
655.2,13.5,111.89
655.3,0.0,111.89
655.4,13.3,111.89
655.5,25.1,111.89
655.6,13.4,111.89
655.7,0.0,111.89
655.8,13.4,111.89
655.9,25.3,111.89
656.0,13.4,111.89
656.1,13.4,111.89
656.2,25.6,111.89
656.3,13.0,111.89
656.4,13.3,111.89
656.5,24.8,111.89
656.6,25.6,111.89
656.7,12.9,111.89
656.8,25.4,111.89
656.9,13.3,111.89
657.0,13.3,111.89
657.1,13.9,111.89
657.2,12.7,111.89
657.3,13.5,111.89
657.4,25.4,111.89
657.5,25.6,111.89
657.6,12.9,111.89
657.7,13.7,111.89
657.8,12.6,111.89
657.9,13.3,111.89
658.0,13.5,111.89
658.1,13.3,111.89
658.2,12.0,111.89
658.3,0.0,111.89
658.4,26.7,111.89
658.5,13.3,111.89
658.6,13.6,111.89
658.7,0.0,111.89
658.8,25.1,111.89
658.9,0.0,111.89
659.0,13.3,111.89
659.1,13.8,111.89
659.2,13.1,111.89
659.3,25.2,111.89
659.4,13.6,111.89
659.5,12.7,111.89
659.6,25.1,111.89
659.7,25.0,111.89
659.8,25.3,111.89
659.9,13.5,111.89
660.0,0.0,111.89
660.1,12.4,111.89
660.2,12.9,111.89
660.3,0.0,111.89
660.4,13.6,111.89
660.5,13.3,111.89
660.6,13.2,111.89
660.7,25.4,111.89
660.8,13.1,111.89
660.9,13.3,111.89
661.0,13.4,111.89
661.1,13.5,111.89
661.2,13.5,111.89
661.3,13.5,111.89
661.4,12.7,111.89
661.5,13.6,111.89
661.6,13.4,111.89
661.7,0.0,111.89
661.8,12.8,111.89
661.9,13.4,111.89
662.0,13.5,111.89
662.1,13.2,111.89
662.2,0.0,111.89
662.3,13.2,111.89
662.4,13.5,111.89
662.5,12.8,111.89
662.6,13.7,111.89
662.7,13.6,111.89
662.8,13.3,111.89
662.9,12.6,111.89
663.0,12.7,111.89
663.1,13.5,111.89
663.2,12.9,111.89
663.3,13.3,111.89
663.4,13.6,111.89
663.5,12.9,111.89
663.6,26.4,111.89
663.7,13.1,111.89
663.8,13.3,111.89
663.9,12.9,111.89
664.0,12.7,111.89
664.1,12.9,111.89
664.2,13.5,111.89
664.3,13.1,111.89
664.4,0.0,111.89
664.5,13.6,111.89
664.6,25.7,111.89
664.7,12.8,111.89
664.8,12.7,111.89
664.9,13.1,111.89
665.0,26.3,111.89
665.1,14.3,111.89
665.2,12.7,111.89
665.3,12.8,111.89
665.4,12.8,111.89
665.5,13.5,111.89
665.6,12.6,111.89
665.7,13.1,111.89
665.8,24.6,111.89
665.9,0.0,111.89
666.0,13.2,111.89
666.1,13.2,111.89
666.2,0.0,111.89
666.3,13.4,111.89
666.4,13.4,111.89
666.5,12.8,111.89
666.6,13.4,111.89
666.7,13.3,111.89
666.8,14.2,111.89
666.9,13.1,111.89
667.0,13.5,111.89
667.1,24.9,111.89
667.2,13.1,111.89
667.3,12.6,111.89
667.4,13.4,111.89
667.5,25.7,111.89
667.6,13.4,111.89
667.7,0.0,111.89
667.8,13.1,111.89
667.9,13.1,111.89
668.0,12.7,111.89
668.1,13.3,111.89
668.2,13.5,111.89
668.3,13.5,111.89
668.4,13.5,111.89
668.5,13.2,111.89
668.6,25.1,111.89
668.7,13.0,111.89
668.8,13.0,111.89
668.9,26.7,111.89
669.0,13.5,111.89
669.1,26.1,111.89
669.2,13.1,111.89
669.3,12.7,111.89
669.4,12.8,111.89
669.5,14.1,111.89
669.6,13.3,111.89
669.7,12.7,111.89
669.8,13.2,111.89
669.9,25.5,111.89
670.0,25.9,111.89
670.1,13.6,111.89
670.2,13.2,111.89
670.3,12.6,111.89
670.4,13.2,111.89
670.5,25.2,111.89
670.6,13.6,111.89
670.7,13.3,111.89
670.8,13.5,111.89
670.9,13.7,111.89
671.0,13.1,111.89
671.1,12.9,111.89
671.2,26.0,111.89
671.3,13.1,111.89
671.4,13.4,111.89
671.5,0.0,111.89
671.6,12.7,111.89
671.7,13.5,111.89
671.8,13.4,111.89
671.9,26.2,111.89
672.0,27.0,111.89
672.1,13.6,111.89
672.2,12.6,111.89
672.3,13.4,111.89
672.4,25.0,111.89
672.5,13.4,111.89
672.6,12.7,111.89
672.7,13.5,111.89
672.8,0.0,111.89
672.9,13.5,111.89
673.0,12.7,111.89
673.1,13.2,111.89
673.2,13.5,111.89
673.3,0.0,111.89
673.4,13.6,111.89
673.5,13.3,111.89
673.6,13.2,111.89
673.7,25.3,111.89
673.8,14.3,111.89
673.9,13.3,111.89
674.0,13.6,111.89
674.1,13.3,111.89
674.2,0.0,111.89
674.3,13.4,111.89
674.4,13.6,111.89
674.5,13.5,111.89
674.6,13.6,111.89
674.7,13.4,111.89
674.8,24.6,111.89
674.9,12.6,111.89
675.0,13.5,111.89
675.1,26.0,111.89
675.2,12.8,111.89
675.3,13.6,111.89
675.4,13.5,111.89
675.5,0.0,111.89
675.6,13.3,111.89
675.7,13.5,111.89
675.8,13.1,111.89
675.9,25.5,111.89
676.0,13.6,111.89
676.1,13.5,111.89
676.2,13.6,111.89
676.3,13.4,111.89
676.4,12.9,111.89
676.5,25.9,111.89
676.6,25.2,111.89
676.7,13.4,111.89
676.8,0.0,111.89
676.9,14.1,111.89
677.0,13.7,111.89
677.1,13.3,111.89
677.2,13.3,111.89
677.3,25.9,111.89
677.4,25.1,111.89
677.5,13.0,111.89
677.6,13.6,111.89
677.7,13.2,111.89
677.8,13.5,111.89
677.9,13.5,111.89
678.0,12.6,111.89
678.1,13.6,111.89
678.2,12.5,111.89
678.3,13.3,111.89
678.4,13.7,111.89
678.5,13.4,111.89
678.6,13.2,111.89
678.7,0.0,111.89
678.8,25.3,111.89
678.9,14.3,111.89
679.0,13.5,111.89
679.1,12.8,111.89
679.2,25.0,111.89
679.3,25.7,111.89
679.4,13.6,111.89
679.5,13.4,111.89
679.6,14.0,111.89
679.7,25.3,111.89
679.8,13.3,111.89
679.9,12.6,111.89
680.0,0.0,111.89
680.1,12.6,111.89
680.2,0.0,111.89
680.3,0.0,111.89
680.4,13.5,111.89
680.5,0.0,111.89
680.6,13.5,111.89
680.7,13.8,111.89
680.8,25.3,111.89
680.9,24.3,111.9
681.0,24.9,111.88
681.1,25.4,111.88
681.2,25.3,111.88
681.3,13.5,111.89
681.4,13.5,111.89
681.5,0.0,111.89
681.6,0.0,111.89
681.7,13.2,111.89
681.8,26.0,111.89
681.9,13.4,111.89
682.0,26.9,111.89
682.1,14.2,111.89
682.2,12.7,111.89
682.3,12.6,111.89
682.4,13.4,111.89
682.5,13.5,111.89
682.6,0.0,111.89
682.7,13.4,111.89
682.8,12.8,111.89
682.9,25.3,111.89
683.0,13.4,111.89
683.1,12.6,111.89
683.2,12.8,111.89
683.3,12.5,111.89
683.4,13.1,111.89
683.5,12.9,111.89
683.6,13.0,111.89
683.7,13.5,111.89
683.8,12.7,111.89
683.9,13.3,111.89
684.0,25.3,111.89
684.1,13.3,111.89
684.2,13.6,111.89
684.3,13.5,111.89
684.4,12.7,111.89
684.5,26.8,111.89
684.6,13.6,111.89
684.7,13.4,111.89
684.8,13.3,111.89
684.9,13.6,111.89
685.0,13.2,111.89
685.1,13.4,111.89
685.2,12.5,111.89
685.3,13.0,111.89
685.4,26.4,111.89
685.5,13.5,111.89
685.6,13.8,111.89
685.7,13.5,111.89
685.8,13.6,111.89
685.9,13.5,111.89
686.0,13.1,111.89
686.1,13.4,111.89
686.2,13.5,111.89
686.3,13.9,111.89
686.4,13.2,111.89
686.5,12.8,111.89
686.6,12.6,111.89
686.7,12.5,111.89
686.8,12.6,111.89
686.9,12.5,111.89
687.0,13.6,111.89
687.1,13.5,111.89
687.2,14.3,111.89
687.3,0.0,111.89
687.4,0.0,111.89
687.5,12.8,111.89
687.6,25.1,111.89
687.7,13.8,111.89
687.8,13.5,111.89
687.9,14.3,111.89
688.0,24.6,111.89
688.1,14.3,111.89
688.2,13.4,111.89
688.3,12.4,111.89
688.4,13.1,111.89
688.5,14.2,111.89
688.6,25.3,111.89
688.7,25.6,111.89
688.8,12.8,111.89
688.9,13.3,111.89
689.0,26.1,111.89
689.1,13.6,111.89
689.2,26.8,111.89
689.3,13.8,111.89
689.4,13.3,111.89
689.5,12.8,111.89
689.6,13.4,111.89
689.7,24.4,111.89
689.8,13.0,111.89
689.9,12.5,111.89
690.0,12.8,111.89
690.1,0.0,111.89
690.2,12.7,111.89
690.3,12.6,111.89
690.4,25.5,111.89
690.5,26.5,111.89
690.6,24.3,111.89
690.7,13.5,111.89
690.8,13.5,111.89
690.9,13.5,111.89
691.0,13.1,111.89
691.1,13.4,111.89
691.2,26.9,111.89
691.3,12.5,111.89
691.4,12.9,111.89
691.5,24.8,111.89
691.6,13.5,111.89
691.7,12.5,111.89
691.8,12.9,111.89
691.9,12.6,111.89
692.0,13.2,111.89
692.1,13.6,111.89
692.2,13.2,111.89
692.3,13.8,111.89
692.4,13.4,111.89
692.5,13.0,111.89
692.6,13.4,111.89
692.7,0.0,111.89
692.8,12.6,111.89
692.9,12.7,111.89
693.0,13.4,111.89
693.1,13.5,111.89
693.2,13.5,111.89
693.3,13.7,111.89
693.4,13.3,111.89
693.5,13.5,111.89
693.6,13.0,111.9
693.7,12.8,111.9
693.8,0.0,111.9
693.9,13.5,111.9
694.0,13.8,111.9
694.1,26.4,111.9
694.2,13.2,111.9
694.3,13.5,111.9
694.4,13.4,111.9
694.5,13.5,111.9
694.6,13.5,111.9
694.7,25.2,111.9
694.8,13.6,111.9
694.9,12.3,111.9
695.0,0.0,111.9
695.1,13.3,111.9
695.2,13.5,111.9
695.3,12.4,111.9
695.4,13.6,111.9
695.5,13.2,111.9
695.6,13.5,111.9
695.7,13.5,111.9
695.8,12.7,111.9
695.9,13.5,111.9
696.0,13.4,111.9
696.1,13.6,111.9
696.2,13.4,111.9
696.3,13.5,111.9
696.4,0.0,111.9
696.5,12.6,111.9
696.6,13.5,111.9
696.7,13.2,111.9
696.8,24.4,111.9
696.9,27.3,111.9
697.0,14.3,111.9
697.1,13.3,111.9
697.2,12.8,111.9
697.3,0.0,111.9
697.4,13.6,111.9
697.5,25.0,111.9
697.6,12.8,111.9
697.7,13.5,111.9
697.8,13.5,111.9
697.9,13.5,111.9
698.0,13.7,111.9
698.1,25.2,111.9
698.2,13.4,111.9
698.3,13.4,111.9
698.4,25.7,111.9
698.5,24.6,111.9
698.6,13.6,111.9
698.7,26.4,111.9
698.8,28.2,111.9
698.9,13.6,111.9
699.0,25.4,111.9
699.1,13.2,111.9
699.2,13.3,111.9
699.3,13.6,111.9
699.4,13.4,111.9
699.5,13.6,111.9
699.6,0.0,111.9
699.7,13.5,111.9
699.8,13.3,111.9
699.9,12.8,111.9
700.0,13.1,111.9
700.1,13.4,111.9
700.2,26.9,111.9
700.3,12.9,111.9
700.4,13.4,111.9
700.5,13.5,111.9
700.6,0.0,111.9
700.7,13.4,111.9
700.8,13.6,111.9
700.9,13.5,111.9
701.0,0.0,111.91
701.1,13.4,111.91
701.2,13.2,111.91
701.3,13.4,111.91
701.4,13.9,111.91
701.5,13.4,111.91
701.6,13.2,111.91
701.7,13.4,111.91
701.8,13.4,111.91
701.9,13.2,111.91
702.0,13.4,111.91
702.1,0.0,111.91
702.2,13.5,111.91
702.3,13.5,111.91
702.4,12.9,111.91
702.5,13.8,111.91
702.6,13.5,111.91
702.7,13.8,111.91
702.8,13.5,111.91
702.9,13.5,111.91
703.0,13.3,111.91
703.1,13.6,111.91
703.2,13.6,111.91
703.3,13.5,111.91
703.4,12.9,111.91
703.5,13.5,111.91
703.6,12.9,111.91
703.7,13.5,111.91
703.8,0.0,111.91
703.9,13.9,111.91
704.0,13.3,111.91
704.1,0.0,111.91
704.2,13.5,111.91
704.3,13.2,111.91
704.4,13.6,111.91
704.5,13.6,111.91
704.6,13.3,111.91
704.7,0.0,111.91
704.8,25.3,111.91
704.9,13.3,111.91
705.0,13.4,111.91
705.1,13.5,111.91
705.2,13.5,111.91
705.3,12.8,111.91
705.4,13.3,111.91
705.5,25.1,111.91
705.6,25.0,111.91
705.7,13.1,111.91
705.8,13.0,111.91
705.9,12.7,111.91
706.0,14.0,111.91
706.1,13.6,111.91
706.2,13.5,111.91
706.3,25.2,111.91
706.4,25.0,111.91
706.5,25.1,111.91
706.6,13.3,111.91
706.7,13.3,111.91
706.8,13.3,111.91
706.9,13.6,111.91
707.0,25.3,111.91
707.1,25.0,111.91
707.2,13.4,111.91
707.3,13.2,111.91
707.4,13.5,111.91
707.5,13.6,111.91
707.6,13.2,111.91
707.7,0.0,111.91
707.8,13.1,111.91
707.9,13.3,111.91
708.0,27.0,111.91
708.1,25.4,111.91
708.2,13.5,111.91
708.3,0.0,111.91
708.4,12.7,111.91
708.5,13.6,111.91
708.6,25.3,111.91
708.7,0.0,111.91
708.8,13.4,111.91
708.9,13.0,111.91
709.0,13.5,111.91
709.1,13.9,111.91
709.2,0.0,111.91
709.3,13.5,111.91
709.4,13.2,111.91
709.5,13.5,111.91
709.6,13.3,111.91
709.7,13.6,111.91
709.8,13.1,111.91
709.9,12.5,111.91
710.0,13.4,111.91
710.1,13.5,111.91
710.2,0.0,111.91
710.3,13.5,111.91
710.4,13.6,111.91
710.5,13.3,111.91
710.6,13.6,111.91
710.7,13.5,111.91
710.8,13.6,111.91
710.9,13.5,111.91
711.0,12.6,111.91
711.1,13.2,111.91
711.2,25.3,111.91
711.3,13.7,111.91
711.4,13.5,111.91
711.5,13.6,111.91
711.6,13.3,111.91
711.7,0.0,111.91
711.8,12.5,111.91
711.9,13.5,111.91
712.0,24.9,111.91
712.1,25.9,111.91
712.2,13.7,111.91
712.3,14.2,111.91
712.4,26.2,111.91
712.5,0.0,111.91
712.6,14.1,111.91
712.7,14.6,111.91
712.8,13.5,111.91
712.9,14.4,111.91
713.0,13.7,111.91
713.1,12.6,111.91
713.2,0.0,111.91
713.3,13.9,111.91
713.4,13.5,111.91
713.5,13.5,111.91
713.6,13.5,111.91
713.7,25.5,111.91
713.8,13.5,111.91
713.9,0.0,111.91
714.0,13.5,111.91
714.1,13.5,111.91
714.2,0.0,111.91
714.3,13.2,111.91
714.4,26.4,111.91
714.5,14.2,111.91
714.6,14.2,111.91
714.7,13.6,111.91
714.8,13.5,111.91
714.9,13.5,111.91
715.0,25.3,111.91
715.1,13.4,111.91
715.2,12.9,111.91
715.3,25.1,111.91
715.4,13.5,111.91
715.5,13.6,111.91
715.6,13.3,111.91
715.7,13.5,111.91
715.8,13.3,111.91
715.9,12.7,111.91
716.0,0.0,111.91
716.1,13.6,111.91
716.2,25.6,111.91
716.3,13.5,111.91
716.4,0.0,111.92
716.5,13.5,111.92
716.6,25.2,111.92
716.7,13.6,111.92
716.8,13.0,111.92
716.9,13.2,111.92
717.0,12.5,111.92
717.1,13.7,111.92
717.2,13.5,111.92
717.3,13.5,111.92
717.4,13.3,111.92
717.5,26.6,111.92
717.6,0.0,111.92
717.7,13.6,111.92
717.8,24.5,111.92
717.9,13.5,111.92
718.0,13.4,111.92
718.1,13.2,111.92
718.2,12.5,111.92
718.3,0.0,111.92
718.4,26.7,111.92
718.5,13.5,111.92
718.6,13.5,111.92
718.7,25.0,111.92
718.8,24.5,111.92
718.9,25.6,111.92
719.0,13.9,111.92
719.1,13.8,111.92
719.2,13.4,111.92
719.3,24.6,111.92
719.4,13.3,111.92
719.5,0.0,111.92
719.6,13.2,111.92
719.7,24.9,111.92
719.8,26.7,111.92
719.9,13.6,111.92
720.0,13.2,111.92
720.1,13.2,111.92
720.2,13.4,111.92
720.3,13.7,111.92
720.4,24.9,111.92
720.5,25.9,111.92
720.6,13.2,111.92
720.7,26.5,111.92
720.8,25.0,111.92
720.9,24.9,111.92
721.0,24.8,111.92
721.1,0.0,111.92
721.2,12.9,111.92
721.3,13.5,111.92
721.4,12.8,111.92
721.5,13.0,111.92
721.6,13.9,111.92
721.7,13.5,111.92
721.8,13.3,111.92
721.9,25.4,111.92
722.0,13.0,111.92
722.1,13.4,111.92
722.2,13.5,111.92
722.3,13.4,111.92
722.4,13.0,111.92
722.5,0.0,111.92
722.6,25.1,111.92
722.7,13.5,111.92
722.8,12.7,111.92
722.9,13.2,111.92
723.0,13.4,111.92
723.1,13.0,111.92
723.2,25.7,111.92
723.3,13.5,111.92
723.4,0.0,111.92
723.5,13.7,111.92
723.6,12.5,111.92
723.7,13.1,111.92
723.8,13.2,111.92
723.9,13.0,111.92
724.0,26.6,111.92
724.1,13.1,111.92
724.2,12.7,111.92
724.3,14.0,111.92
724.4,27.3,111.92
724.5,13.1,111.92
724.6,12.6,111.92
724.7,23.3,111.92
724.8,13.1,111.92
724.9,13.2,111.92
725.0,26.2,111.92
725.1,13.0,111.92
725.2,0.0,111.93
725.3,14.0,111.93
725.4,13.3,111.93
725.5,13.5,111.93
725.6,13.4,111.93
725.7,13.3,111.93
725.8,13.7,111.93
725.9,13.5,111.93
726.0,13.5,111.93
726.1,25.2,111.93
726.2,13.4,111.93
726.3,13.0,111.93
726.4,13.8,111.93
726.5,0.0,111.93
726.6,0.0,111.93
726.7,13.5,111.93
726.8,13.3,111.93
726.9,25.3,111.93
727.0,0.0,111.93
727.1,13.5,111.93
727.2,13.5,111.93
727.3,13.5,111.93
727.4,25.2,111.93
727.5,13.2,111.93
727.6,13.8,111.93
727.7,12.7,111.93
727.8,13.3,111.93
727.9,13.1,111.93
728.0,0.0,111.93
728.1,13.1,111.93
728.2,14.1,111.93
728.3,13.3,111.93
728.4,12.5,111.93
728.5,13.4,111.93
728.6,13.6,111.93
728.7,13.4,111.93
728.8,25.3,111.93
728.9,13.7,111.93
729.0,13.3,111.93
729.1,13.8,111.93
729.2,13.1,111.93
729.3,13.4,111.93
729.4,25.0,111.93
729.5,13.7,111.93
729.6,25.8,111.93
729.7,25.2,111.93
729.8,13.0,111.93
729.9,13.0,111.93
730.0,0.0,111.93
730.1,12.8,111.93
730.2,12.6,111.93
730.3,26.7,111.93
730.4,14.1,111.93
730.5,12.9,111.93
730.6,13.5,111.93
730.7,13.7,111.93
730.8,13.1,111.93
730.9,24.9,111.93
731.0,25.6,111.93
731.1,13.7,111.93
731.2,13.7,111.93
731.3,13.5,111.93
731.4,14.2,111.93
731.5,14.2,111.93
731.6,13.7,111.93
731.7,24.9,111.93
731.8,23.6,111.93
731.9,14.3,111.93
732.0,0.0,111.93
732.1,0.0,111.93
732.2,0.0,111.93
732.3,13.4,111.93
732.4,24.8,111.93
732.5,13.7,111.93
732.6,25.3,111.93
732.7,25.4,111.93
732.8,13.5,111.93
732.9,13.7,111.93
733.0,25.0,111.93
733.1,12.7,111.93
733.2,13.4,111.93
733.3,13.5,111.93
733.4,12.7,111.93
733.5,12.7,111.93
733.6,13.3,111.93
733.7,11.5,111.93
733.8,13.2,111.93
733.9,13.5,111.93
734.0,27.5,111.93
734.1,13.5,111.93
734.2,13.2,111.93
734.3,13.5,111.93
734.4,25.3,111.93
734.5,25.4,111.93
734.6,25.2,111.93
734.7,12.7,111.93
734.8,12.5,111.93
734.9,13.5,111.93
735.0,13.4,111.93
735.1,13.5,111.93
735.2,13.5,111.93
735.3,0.0,111.93
735.4,24.6,111.93
735.5,13.0,111.93
735.6,12.9,111.93
735.7,26.7,111.93
735.8,13.1,111.93
735.9,13.3,111.93
736.0,13.5,111.93
736.1,13.4,111.93
736.2,13.5,111.93
736.3,26.4,111.93
736.4,27.0,111.93
736.5,13.5,111.93
736.6,13.5,111.93
736.7,12.4,111.93
736.8,13.4,111.93
736.9,13.6,111.93
737.0,25.3,111.93
737.1,13.5,111.93
737.2,25.2,111.93
737.3,13.5,111.93
737.4,12.5,111.93
737.5,13.6,111.93
737.6,13.1,111.93
737.7,13.5,111.93
737.8,13.5,111.93
737.9,13.4,111.94
738.0,13.4,111.94
738.1,12.6,111.94
738.2,0.0,111.94
738.3,12.4,111.94
738.4,13.5,111.94
738.5,13.4,111.94
738.6,0.0,111.94
738.7,13.5,111.94
738.8,13.9,111.94
738.9,13.5,111.94
739.0,13.4,111.94
739.1,13.9,111.94
739.2,13.5,111.94
739.3,13.5,111.94
739.4,25.2,111.94
739.5,13.6,111.94
739.6,13.5,111.94
739.7,0.0,111.94
739.8,26.1,111.94
739.9,13.5,111.94
740.0,13.6,111.94
740.1,13.5,111.94
740.2,13.9,111.94
740.3,25.2,111.94
740.4,13.4,111.94
740.5,13.5,111.94
740.6,13.7,111.94
740.7,0.0,111.94
740.8,13.4,111.94
740.9,13.5,111.94
741.0,13.3,111.94
741.1,37.7,111.94
741.2,13.0,111.94
741.3,12.9,111.94
741.4,13.6,111.94
741.5,12.7,111.94
741.6,13.7,111.94
741.7,13.1,111.94
741.8,12.6,111.94
741.9,13.6,111.94
742.0,13.4,111.94
742.1,13.5,111.94
742.2,25.3,111.94
742.3,13.5,111.94
742.4,26.2,111.94
742.5,25.0,111.94
742.6,13.5,111.94
742.7,0.0,111.94
742.8,13.4,111.94
742.9,13.3,111.94
743.0,0.0,111.94
743.1,13.4,111.94
743.2,13.6,111.94
743.3,13.4,111.94
743.4,25.9,111.94
743.5,13.1,111.94
743.6,0.0,111.94
743.7,24.9,111.94
743.8,13.3,111.94
743.9,13.5,111.94
744.0,12.9,111.94
744.1,13.4,111.94
744.2,12.9,111.94
744.3,13.2,111.94
744.4,13.2,111.94
744.5,13.2,111.94
744.6,13.5,111.94
744.7,13.6,111.94
744.8,14.0,111.94
744.9,0.0,111.94
745.0,13.5,111.94
745.1,13.5,111.94
745.2,25.0,111.94
745.3,26.7,111.94
745.4,13.5,111.94
745.5,25.4,111.94
745.6,0.0,111.94
745.7,13.5,111.94
745.8,13.6,111.94
745.9,26.8,111.94
746.0,13.1,111.94
746.1,13.5,111.94
746.2,13.4,111.94
746.3,24.9,111.94
746.4,26.6,111.94
746.5,13.5,111.94
746.6,13.5,111.94
746.7,12.6,111.95
746.8,12.6,111.95
746.9,13.3,111.95
747.0,12.7,111.95
747.1,12.7,111.95
747.2,13.4,111.95
747.3,24.7,111.95
747.4,13.7,111.95
747.5,13.4,111.95
747.6,13.2,111.95
747.7,12.1,111.95
747.8,13.4,111.95
747.9,13.3,111.95
748.0,13.6,111.95
748.1,13.2,111.95
748.2,12.6,111.95
748.3,13.6,111.95
748.4,25.1,111.95
748.5,13.8,111.95
748.6,0.0,111.95
748.7,13.6,111.95
748.8,14.0,111.95
748.9,14.2,111.95
749.0,13.6,111.95
749.1,12.4,111.95
749.2,0.0,111.95
749.3,13.3,111.95
749.4,25.0,111.95
749.5,14.1,111.95
749.6,13.9,111.95
749.7,13.4,111.95
749.8,14.0,111.95
749.9,14.1,111.95
750.0,24.7,111.95
750.1,24.5,111.95
750.2,11.9,111.95
750.3,23.8,111.95
750.4,24.7,111.95
750.5,38.8,111.95
750.6,13.5,111.95
750.7,13.5,111.95
750.8,13.6,111.95
750.9,13.4,111.95
751.0,13.2,111.95
751.1,13.3,111.95
751.2,13.3,111.95
751.3,12.3,111.95
751.4,13.8,111.95
751.5,13.6,111.95
751.6,13.4,111.95
751.7,13.3,111.95
751.8,25.0,111.95
751.9,13.3,111.95
752.0,13.5,111.95
752.1,13.5,111.95
752.2,13.4,111.95
752.3,13.7,111.95
752.4,13.8,111.95
752.5,24.8,111.95
752.6,25.2,111.95
752.7,13.2,111.95
752.8,0.0,111.95
752.9,0.0,111.95
753.0,0.0,111.95
753.1,12.7,111.95
753.2,13.6,111.95
753.3,14.1,111.95
753.4,14.2,111.95
753.5,13.5,111.95
753.6,13.5,111.95
753.7,24.6,111.95
753.8,13.1,111.95
753.9,28.1,111.95
754.0,13.7,111.95
754.1,13.4,111.95
754.2,12.5,111.95
754.3,13.2,111.95
754.4,13.5,111.95
754.5,13.7,111.95
754.6,13.4,111.95
754.7,26.9,111.95
754.8,13.5,111.95
754.9,0.0,111.95
755.0,13.5,111.95
755.1,13.5,111.95
755.2,12.6,111.95
755.3,12.6,111.95
755.4,13.5,111.95
755.5,13.5,111.95
755.6,12.3,111.95
755.7,26.3,111.95
755.8,13.3,111.95
755.9,0.0,111.95
756.0,12.4,111.95
756.1,13.8,111.95
756.2,13.5,111.95
756.3,13.0,111.95
756.4,22.8,111.95
756.5,25.2,111.95
756.6,13.2,111.95
756.7,12.7,111.95
756.8,13.3,111.95
756.9,13.5,111.95
757.0,0.0,111.95
757.1,13.4,111.95
757.2,14.3,111.95
757.3,13.4,111.95
757.4,0.0,111.95
757.5,13.8,111.95
757.6,13.5,111.95
757.7,13.4,111.95
757.8,13.6,111.95
757.9,25.6,111.95
758.0,24.9,111.95
758.1,13.6,111.95
758.2,27.0,111.95
758.3,13.6,111.95
758.4,25.4,111.95
758.5,13.2,111.95
758.6,13.5,111.95
758.7,13.5,111.95
758.8,13.0,111.95
758.9,13.4,111.95
759.0,13.5,111.95
759.1,12.8,111.95
759.2,12.5,111.95
759.3,13.5,111.95
759.4,25.8,111.95
759.5,13.0,111.95
759.6,12.7,111.95
759.7,13.1,111.95
759.8,13.8,111.95
759.9,13.5,111.95
760.0,13.2,111.95
760.1,26.5,111.95
760.2,13.7,111.95
760.3,37.9,111.95
760.4,24.9,111.95
760.5,13.4,111.95
760.6,13.5,111.95
760.7,13.6,111.95
760.8,25.7,111.95
760.9,13.4,111.95
761.0,13.6,111.95
761.1,13.4,111.95
761.2,25.3,111.95
761.3,12.9,111.95
761.4,0.0,111.95
761.5,12.4,111.95
761.6,25.8,111.95
761.7,13.4,111.96
761.8,27.1,111.96
761.9,13.5,111.96
762.0,13.5,111.96
762.1,13.2,111.96
762.2,13.5,111.96
762.3,13.4,111.96
762.4,25.5,111.96
762.5,13.5,111.96
762.6,24.2,111.96
762.7,12.7,111.96
762.8,13.4,111.96
762.9,25.2,111.96
763.0,13.7,111.96
763.1,13.5,111.96
763.2,13.2,111.96
763.3,13.3,111.96
763.4,13.5,111.96
763.5,13.6,111.96
763.6,0.0,111.96
763.7,13.3,111.96
763.8,25.2,111.96
763.9,13.5,111.96
764.0,0.0,111.96
764.1,13.5,111.96
764.2,13.4,111.96
764.3,13.5,111.96
764.4,12.7,111.96
764.5,0.0,111.96
764.6,13.5,111.96
764.7,11.8,111.96
764.8,0.0,111.96
764.9,13.2,111.96
765.0,12.3,111.96
765.1,12.9,111.96
765.2,0.0,111.96
765.3,13.1,111.96
765.4,25.1,111.96
765.5,13.5,111.96
765.6,13.7,111.96
765.7,13.6,111.96
765.8,13.6,111.96
765.9,13.7,111.96
766.0,13.5,111.96
766.1,26.1,111.96
766.2,13.4,111.96
766.3,12.6,111.96
766.4,26.1,111.96
766.5,13.5,111.96
766.6,12.9,111.96
766.7,26.0,111.96
766.8,0.0,111.96
766.9,24.9,111.96
767.0,13.5,111.96
767.1,13.5,111.96
767.2,13.5,111.96
767.3,13.3,111.96
767.4,13.3,111.96
767.5,12.6,111.96
767.6,13.0,111.96
767.7,24.0,111.96
767.8,0.0,111.96
767.9,12.6,111.96
768.0,12.6,111.96
768.1,13.4,111.96
768.2,13.4,111.96
768.3,12.5,111.96
768.4,12.9,111.96
768.5,13.4,111.96
768.6,13.6,111.96
768.7,25.6,111.96
768.8,13.2,111.96
768.9,12.4,111.96
769.0,13.7,111.96
769.1,13.3,111.96
769.2,25.2,111.96
769.3,13.4,111.96
769.4,13.6,111.96
769.5,0.0,111.96
769.6,13.5,111.96
769.7,13.7,111.96
769.8,14.3,111.96
769.9,13.5,111.96
770.0,13.4,111.96
770.1,12.7,111.96
770.2,12.6,111.96
770.3,12.6,111.96
770.4,0.0,111.96
770.5,13.9,111.96
770.6,13.2,111.96
770.7,0.0,111.96
770.8,13.6,111.96
770.9,13.5,111.96
771.0,13.6,111.96
771.1,12.6,111.96
771.2,12.6,111.96
771.3,13.4,111.96
771.4,13.5,111.96
771.5,12.5,111.96
771.6,13.5,111.96
771.7,24.4,111.96
771.8,13.5,111.96
771.9,0.0,111.96
772.0,12.3,111.96
772.1,12.4,111.96
772.2,25.1,111.96
772.3,24.5,111.96
772.4,25.1,111.96
772.5,13.3,111.96
772.6,13.2,111.96
772.7,26.3,111.96
772.8,13.5,111.96
772.9,26.5,111.96
773.0,12.5,111.96
773.1,13.5,111.96
773.2,13.4,111.96
773.3,13.6,111.96
773.4,13.3,111.96
773.5,13.0,111.96
773.6,13.4,111.96
773.7,12.5,111.96
773.8,12.7,111.96
773.9,13.5,111.96
774.0,25.0,111.96
774.1,25.5,111.96
774.2,13.4,111.96
774.3,26.5,111.96
774.4,13.2,111.96
774.5,12.3,111.96
774.6,0.0,111.96
774.7,13.4,111.96
774.8,12.9,111.96
774.9,13.4,111.96
775.0,13.5,111.96
775.1,14.2,111.96
775.2,0.0,111.96
775.3,13.5,111.96
775.4,13.5,111.96
775.5,12.7,111.96
775.6,12.3,111.96
775.7,12.6,111.96
775.8,0.0,111.96
775.9,12.9,111.96
776.0,13.3,111.96
776.1,24.8,111.96
776.2,26.4,111.96
776.3,12.8,111.96
776.4,13.3,111.97
776.5,26.1,111.97
776.6,25.3,111.97
776.7,13.2,111.97
776.8,0.0,111.97
776.9,26.2,111.97
777.0,25.5,111.97
777.1,13.3,111.97
777.2,13.5,111.97
777.3,13.7,111.97
777.4,12.4,111.97
777.5,13.6,111.97
777.6,12.5,111.97
777.7,13.6,111.97
777.8,13.9,111.97
777.9,13.6,111.97
778.0,0.0,111.97
778.1,14.3,111.97
778.2,26.3,111.97
778.3,13.3,111.97
778.4,13.5,111.97
778.5,13.8,111.97
778.6,13.4,111.97
778.7,13.4,111.97
778.8,25.4,111.97
778.9,13.5,111.97
779.0,26.1,111.97
779.1,13.5,111.97
779.2,12.6,111.97
779.3,25.2,111.97
779.4,13.3,111.97
779.5,12.6,111.97
779.6,12.8,111.97
779.7,0.0,111.97
779.8,13.4,111.97
779.9,26.2,111.97
780.0,13.3,111.97
780.1,0.0,111.97
780.2,0.0,111.97
780.3,13.9,111.97
780.4,26.1,111.97
780.5,0.0,111.97
780.6,12.7,111.97
780.7,0.0,111.97
780.8,0.0,111.97
780.9,13.3,111.97
781.0,25.8,111.97
781.1,13.5,111.97
781.2,13.3,111.97
781.3,14.3,111.97
781.4,13.3,111.97
781.5,13.2,111.97
781.6,13.4,111.97
781.7,12.7,111.97
781.8,14.0,111.97
781.9,0.0,111.97
782.0,13.5,111.97
782.1,13.8,111.97
782.2,13.7,111.97
782.3,13.7,111.97
782.4,14.5,111.97
782.5,13.6,111.97
782.6,13.5,111.97
782.7,13.5,111.97
782.8,13.4,111.98
782.9,13.2,111.98
783.0,13.4,111.98
783.1,13.5,111.98
783.2,13.9,111.98
783.3,0.0,111.98
783.4,13.1,111.98
783.5,12.5,111.98
783.6,13.1,111.98
783.7,13.3,111.98
783.8,13.5,111.98
783.9,13.5,111.98
784.0,13.7,111.98
784.1,13.5,111.98
784.2,13.2,111.98
784.3,13.6,111.98
784.4,13.5,111.98
784.5,13.4,111.98
784.6,13.0,111.98
784.7,13.4,111.98
784.8,13.5,111.98
784.9,0.0,111.98
785.0,13.4,111.98
785.1,0.0,111.98
785.2,25.3,111.98
785.3,13.5,111.98
785.4,14.2,111.98
785.5,13.5,111.98
785.6,12.5,111.98
785.7,13.6,111.98
785.8,24.7,111.98
785.9,25.5,111.98
786.0,25.1,111.98
786.1,13.6,111.98
786.2,13.5,111.98
786.3,13.5,111.98
786.4,25.0,111.98
786.5,13.6,111.98
786.6,13.1,111.98
786.7,26.2,111.98
786.8,13.6,111.98
786.9,25.3,111.98
787.0,13.6,111.98
787.1,0.0,111.98
787.2,13.5,111.98
787.3,13.5,111.98
787.4,13.5,111.98
787.5,13.5,111.98
787.6,13.4,111.98
787.7,12.7,111.98
787.8,12.8,111.98
787.9,25.9,111.98
788.0,13.2,111.98
788.1,24.2,111.98
788.2,25.1,111.98
788.3,25.1,111.98
788.4,13.2,111.98
788.5,12.5,111.98
788.6,13.3,111.98
788.7,13.9,111.98
788.8,14.0,111.98
788.9,25.1,111.98
789.0,13.3,111.98
789.1,13.5,111.98
789.2,25.6,111.98
789.3,13.7,111.98
789.4,13.4,111.98
789.5,24.6,111.98
789.6,24.6,111.98
789.7,25.3,111.98
789.8,0.0,111.98
789.9,25.0,111.98
790.0,25.0,111.98
790.1,13.3,111.98
790.2,13.5,111.98
790.3,26.0,111.98
790.4,12.6,111.98
790.5,12.7,111.98
790.6,13.4,111.98
790.7,13.5,111.98
790.8,12.9,111.98
790.9,26.1,111.98
791.0,14.1,111.98
791.1,13.1,111.98
791.2,0.0,111.98
791.3,13.6,111.98
791.4,13.5,111.98
791.5,25.1,111.98
791.6,13.7,111.98
791.7,13.0,111.98
791.8,13.4,111.98
791.9,26.3,111.98
792.0,13.1,111.98
792.1,13.4,111.98
792.2,26.1,111.98
792.3,13.3,111.98
792.4,25.8,111.98
792.5,25.5,111.98
792.6,14.2,111.98
792.7,25.2,111.98
792.8,13.5,111.98
792.9,13.5,111.98
793.0,12.7,111.98
793.1,13.0,111.98
793.2,14.1,111.98
793.3,12.8,111.98
793.4,14.1,111.98
793.5,25.6,111.98
793.6,25.4,111.98
793.7,25.4,111.98
793.8,12.8,111.98
793.9,0.0,111.98
794.0,14.1,111.98
794.1,13.9,111.98
794.2,26.0,111.98
794.3,13.4,111.98
794.4,13.4,111.98
794.5,14.3,111.98
794.6,13.2,111.98
794.7,13.0,111.98
794.8,23.7,111.98
794.9,13.6,111.98
795.0,13.9,111.98
795.1,25.8,111.98
795.2,25.5,111.98
795.3,13.3,111.98
795.4,13.5,111.99
795.5,13.2,111.99
795.6,13.5,111.99
795.7,0.0,111.99
795.8,12.7,111.99
795.9,13.3,111.99
796.0,13.5,111.99
796.1,25.2,111.99
796.2,13.5,111.99
796.3,0.0,111.99
796.4,13.5,111.99
796.5,14.3,111.99
796.6,27.0,111.99
796.7,13.6,111.99
796.8,13.5,111.99
796.9,25.9,111.99
797.0,13.8,111.99
797.1,13.2,111.99
797.2,13.3,111.99
797.3,13.7,111.99
797.4,12.8,111.99
797.5,14.3,111.99
797.6,39.5,111.99
797.7,13.5,111.99
797.8,26.5,111.99
797.9,12.7,111.99
798.0,0.0,111.99
798.1,13.4,111.99
798.2,12.2,111.99
798.3,12.2,111.99
798.4,13.5,111.99
798.5,13.5,111.99
798.6,13.5,111.99
798.7,24.7,111.99
798.8,13.5,111.99
798.9,12.9,111.99
799.0,13.4,111.99
799.1,13.4,111.99
799.2,12.7,111.99
799.3,13.4,111.99
799.4,13.5,111.99
799.5,25.4,111.99
799.6,12.5,111.99
799.7,13.2,111.99
799.8,12.4,111.99
799.9,13.5,111.99
800.0,0.0,111.99
800.1,13.9,111.99
800.2,13.3,111.99
800.3,0.0,111.99
800.4,0.0,111.99
800.5,12.9,111.99
800.6,13.4,111.99
800.7,13.4,111.99
800.8,13.4,111.99
800.9,13.4,111.99
801.0,24.7,111.99
801.1,24.5,111.99
801.2,13.3,111.99
801.3,13.6,111.99
801.4,24.7,111.99
801.5,25.2,111.99
801.6,26.2,111.99
801.7,24.5,111.99
801.8,13.3,111.99
801.9,12.9,111.99
802.0,0.0,111.99
802.1,13.3,111.99
802.2,13.4,111.99
802.3,0.0,111.99
802.4,0.0,111.99
802.5,23.9,111.99
802.6,13.0,111.99
802.7,13.6,111.99
802.8,14.6,111.99
802.9,13.1,111.99
803.0,0.0,111.99
803.1,13.4,111.99
803.2,14.1,111.99
803.3,14.7,111.99
803.4,13.8,111.99
803.5,14.0,111.99
803.6,0.0,111.99
803.7,0.0,111.99
803.8,0.0,111.99
803.9,13.9,111.99
804.0,13.7,111.99
804.1,14.2,111.99
804.2,14.0,111.99
804.3,13.6,111.99
804.4,13.0,111.99
804.5,26.8,111.99
804.6,13.3,111.99
804.7,25.0,111.99
804.8,26.7,111.99
804.9,13.4,111.99
805.0,25.5,111.99
805.1,0.0,111.99
805.2,13.3,111.99
805.3,13.2,111.99
805.4,13.5,111.99
805.5,13.4,111.99
805.6,12.5,111.99
805.7,13.5,111.99
805.8,13.0,111.99
805.9,12.9,111.99
806.0,13.0,111.99
806.1,13.4,111.99
806.2,13.2,111.99
806.3,13.4,111.99
806.4,13.7,111.99
806.5,13.4,111.99
806.6,12.8,111.99
806.7,24.7,111.99
806.8,13.5,112.0
806.9,12.6,112.0
807.0,13.5,112.0
807.1,24.9,112.0
807.2,13.3,112.0
807.3,13.1,112.0
807.4,25.2,112.0
807.5,25.3,112.0
807.6,13.3,112.0
807.7,13.5,112.0
807.8,13.4,112.0
807.9,13.2,112.0
808.0,13.5,112.0
808.1,12.9,112.0
808.2,26.7,112.0
808.3,13.4,112.0
808.4,24.5,112.0
808.5,12.9,112.0
808.6,38.3,112.0
808.7,13.2,112.0
808.8,11.3,112.0
808.9,13.5,112.0
809.0,13.5,112.0
809.1,26.6,112.0
809.2,13.2,112.0
809.3,14.2,112.0
809.4,0.0,112.0
809.5,0.0,112.0
809.6,0.0,112.0
809.7,13.5,112.0
809.8,13.6,112.0
809.9,25.1,112.0
810.0,26.7,112.0
810.1,12.9,112.0
810.2,13.7,112.0
810.3,25.0,112.0
810.4,13.3,112.0
810.5,13.1,112.0
810.6,13.4,112.0
810.7,13.0,112.0
810.8,13.7,112.0
810.9,13.5,112.0
811.0,13.9,112.0
811.1,13.5,112.0
811.2,0.0,112.0
811.3,13.1,112.0
811.4,13.4,112.0
811.5,12.8,112.0
811.6,13.4,112.0
811.7,13.4,112.0
811.8,0.0,112.0
811.9,12.9,112.0
812.0,12.3,112.0
812.1,0.0,112.0
812.2,13.5,112.0
812.3,13.1,112.0
812.4,12.7,112.0
812.5,14.2,112.0
812.6,13.4,112.0
812.7,13.4,112.0
812.8,26.3,112.0
812.9,12.8,112.0
813.0,13.1,112.0
813.1,0.0,112.0
813.2,13.6,112.0
813.3,14.1,112.0
813.4,13.2,112.0
813.5,14.1,112.0
813.6,13.8,112.0
813.7,13.6,112.0
813.8,0.0,112.0
813.9,0.0,112.0
814.0,26.3,112.0
814.1,13.5,112.0
814.2,24.8,112.0
814.3,0.0,112.0
814.4,12.7,112.01
814.5,13.8,112.01
814.6,12.7,112.01
814.7,13.4,112.01
814.8,0.0,112.01
814.9,13.4,112.01
815.0,25.9,112.01
815.1,13.0,112.01
815.2,13.3,112.01
815.3,13.4,112.01
815.4,13.3,112.01
815.5,25.2,112.01
815.6,13.5,112.01
815.7,13.5,112.01
815.8,0.0,112.01
815.9,0.0,112.01
816.0,13.8,112.01
816.1,13.8,112.01
816.2,13.6,112.01
816.3,13.4,112.01
816.4,25.1,112.01
816.5,13.4,112.01
816.6,25.2,112.01
816.7,26.6,112.01
816.8,12.6,112.01
816.9,13.9,112.01
817.0,13.5,112.01
817.1,14.1,112.01
817.2,25.1,112.01
817.3,13.3,112.01
817.4,25.1,112.01
817.5,13.3,112.01
817.6,0.0,112.01
817.7,13.3,112.01
817.8,13.5,112.01
817.9,13.2,112.01
818.0,12.3,112.01
818.1,13.4,112.01
818.2,13.6,112.01
818.3,25.3,112.01
818.4,14.4,112.01
818.5,13.1,112.01
818.6,13.6,112.01
818.7,13.8,112.01
818.8,13.3,112.01
818.9,13.4,112.01
819.0,13.4,112.01
819.1,13.7,112.01
819.2,14.2,112.01
819.3,13.7,112.01
819.4,13.5,112.01
819.5,13.3,112.01
819.6,26.2,112.01
819.7,12.9,112.01
819.8,13.4,112.01
819.9,25.6,112.01
820.0,13.4,112.01
820.1,26.3,112.01
820.2,13.1,112.01
820.3,0.0,112.01
820.4,0.0,112.01
820.5,0.0,112.01
820.6,14.3,112.01
820.7,25.7,112.01
820.8,13.6,112.01
820.9,13.4,112.01
821.0,13.2,112.01
821.1,12.3,112.01
821.2,0.0,112.01
821.3,13.3,112.01
821.4,26.0,112.01
821.5,13.4,112.01
821.6,14.1,112.01
821.7,0.0,112.01
821.8,13.7,112.01
821.9,13.6,112.01
822.0,13.8,112.02
822.1,13.0,112.02
822.2,13.3,112.02
822.3,25.7,112.02
822.4,13.4,112.02
822.5,25.3,112.02
822.6,14.0,112.02
822.7,13.7,112.02
822.8,24.4,112.02
822.9,12.6,112.02
823.0,14.2,112.02
823.1,13.9,112.02
823.2,14.6,112.02
823.3,14.4,112.02
823.4,13.8,112.02
823.5,13.9,112.02
823.6,13.9,112.02
823.7,0.0,112.02
823.8,0.0,112.02
823.9,13.8,112.02
824.0,14.1,112.02
824.1,13.6,112.02
824.2,14.0,112.02
824.3,13.6,112.02
824.4,14.0,112.02
824.5,13.9,112.02
824.6,25.5,112.02
824.7,25.8,112.02
824.8,13.4,112.02
824.9,13.4,112.02
825.0,12.4,112.02
825.1,12.8,112.02
825.2,0.0,112.02
825.3,13.4,112.02
825.4,24.8,112.02
825.5,12.8,112.02
825.6,13.3,112.02
825.7,13.1,112.02
825.8,26.2,112.02
825.9,13.5,112.02
826.0,25.0,112.02
826.1,13.2,112.02
826.2,12.8,112.02
826.3,13.1,112.02
826.4,13.7,112.02
826.5,0.0,112.02
826.6,0.0,112.02
826.7,0.0,112.02
826.8,13.7,112.02
826.9,25.5,112.02
827.0,13.7,112.02
827.1,13.5,112.02
827.2,13.3,112.02
827.3,13.3,112.02
827.4,0.0,112.02
827.5,13.2,112.02
827.6,26.1,112.02
827.7,13.5,112.02
827.8,14.2,112.02
827.9,25.2,112.02
828.0,13.5,112.02
828.1,12.5,112.02
828.2,12.9,112.02
828.3,13.5,112.02
828.4,13.6,112.02
828.5,13.9,112.02
828.6,0.0,112.02
828.7,13.6,112.02
828.8,13.4,112.02
828.9,13.2,112.02
829.0,13.5,112.02
829.1,13.1,112.02
829.2,25.8,112.02
829.3,13.8,112.02
829.4,12.8,112.02
829.5,13.3,112.02
829.6,25.2,112.02
829.7,13.8,112.02
829.8,13.4,112.02
829.9,13.3,112.02
830.0,12.9,112.02
830.1,26.5,112.02
830.2,13.3,112.02
830.3,13.2,112.02
830.4,12.8,112.02
830.5,12.6,112.02
830.6,13.4,112.02
830.7,14.2,112.02
830.8,13.7,112.02
830.9,13.6,112.02
831.0,13.3,112.02
831.1,13.5,112.02
831.2,13.7,112.02
831.3,13.6,112.02
831.4,0.0,112.02
831.5,13.4,112.02
831.6,12.8,112.02
831.7,12.8,112.02
831.8,13.5,112.02
831.9,13.7,112.02
832.0,0.0,112.02
832.1,13.5,112.02
832.2,14.3,112.02
832.3,13.4,112.02
832.4,13.6,112.02
832.5,13.5,112.02
832.6,26.3,112.02
832.7,12.9,112.02
832.8,13.7,112.02
832.9,14.0,112.02
833.0,0.0,112.02
833.1,13.8,112.02
833.2,0.0,112.02
833.3,13.8,112.02
833.4,13.2,112.02
833.5,13.5,112.02
833.6,13.4,112.02
833.7,12.9,112.02
833.8,13.5,112.02
833.9,25.5,112.02
834.0,14.2,112.02
834.1,13.3,112.02
834.2,13.5,112.02
834.3,13.6,112.02
834.4,13.0,112.02
834.5,13.3,112.02
834.6,0.0,112.02
834.7,13.6,112.02
834.8,12.9,112.02
834.9,13.7,112.02
835.0,12.8,112.02
835.1,13.5,112.02
835.2,25.2,112.02
835.3,13.6,112.02
835.4,13.4,112.02
835.5,13.0,112.02
835.6,27.2,112.02
835.7,13.5,112.02
835.8,13.2,112.02
835.9,13.4,112.02
836.0,0.0,112.02
836.1,13.5,112.02
836.2,25.5,112.02
836.3,13.5,112.02
836.4,14.0,112.02
836.5,13.3,112.02
836.6,13.9,112.02
836.7,14.0,112.02
836.8,13.6,112.02
836.9,12.7,112.02
837.0,13.2,112.02
837.1,25.2,112.02
837.2,13.2,112.02
837.3,13.0,112.02
837.4,0.0,112.03
837.5,13.6,112.03
837.6,14.2,112.03
837.7,13.8,112.03
837.8,12.5,112.03
837.9,0.0,112.03
838.0,12.6,112.03
838.1,13.4,112.03
838.2,13.5,112.03
838.3,13.6,112.03
838.4,13.4,112.03
838.5,14.0,112.03
838.6,13.2,112.03
838.7,13.5,112.03
838.8,25.9,112.03
838.9,13.4,112.03
839.0,0.0,112.03
839.1,12.8,112.03
839.2,13.5,112.03
839.3,13.5,112.03
839.4,25.6,112.03
839.5,25.1,112.03
839.6,13.5,112.03
839.7,13.6,112.03
839.8,13.8,112.03
839.9,13.3,112.03
840.0,13.8,112.03
840.1,0.0,112.03
840.2,13.7,112.03
840.3,13.5,112.03
840.4,12.7,112.03
840.5,13.7,112.03
840.6,13.6,112.03
840.7,26.8,112.03
840.8,13.3,112.03
840.9,13.5,112.03
841.0,13.7,112.03
841.1,13.9,112.03
841.2,13.0,112.03
841.3,13.5,112.03
841.4,13.4,112.03
841.5,25.4,112.03
841.6,0.0,112.03
841.7,13.8,112.03
841.8,13.9,112.03
841.9,13.3,112.03
842.0,13.7,112.03
842.1,13.4,112.03
842.2,26.3,112.03
842.3,13.6,112.03
842.4,13.5,112.03
842.5,13.1,112.03
842.6,13.2,112.03
842.7,13.3,112.03
842.8,12.8,112.03
842.9,13.8,112.03
843.0,13.2,112.03
843.1,13.4,112.03
843.2,13.5,112.03
843.3,13.6,112.03
843.4,25.2,112.03
843.5,13.6,112.03
843.6,13.6,112.03
843.7,13.6,112.03
843.8,13.5,112.03
843.9,13.5,112.03
844.0,12.1,112.03
844.1,13.5,112.03
844.2,12.5,112.03
844.3,12.7,112.03
844.4,13.3,112.03
844.5,13.4,112.03
844.6,13.7,112.03
844.7,13.5,112.03
844.8,0.0,112.03
844.9,12.6,112.03
845.0,12.5,112.03
845.1,12.5,112.03
845.2,13.5,112.03
845.3,13.4,112.03
845.4,13.6,112.03
845.5,13.9,112.03
845.6,13.5,112.03
845.7,12.4,112.03
845.8,12.8,112.03
845.9,12.5,112.03
846.0,13.4,112.03
846.1,25.1,112.03
846.2,13.4,112.03
846.3,13.6,112.03
846.4,13.5,112.03
846.5,13.1,112.03
846.6,13.5,112.03
846.7,13.4,112.03
846.8,13.5,112.03
846.9,25.3,112.03
847.0,12.8,112.04
847.1,13.5,112.04
847.2,24.9,112.04
847.3,13.6,112.04
847.4,13.5,112.04
847.5,13.2,112.04
847.6,12.8,112.04
847.7,25.8,112.04
847.8,13.4,112.04
847.9,12.8,112.04
848.0,26.9,112.04
848.1,14.2,112.04
848.2,14.0,112.04
848.3,13.5,112.04
848.4,0.0,112.04
848.5,12.6,112.04
848.6,13.1,112.04
848.7,13.5,112.04
848.8,13.7,112.04
848.9,13.1,112.04
849.0,13.6,112.04
849.1,25.0,112.04
849.2,13.2,112.04
849.3,0.0,112.04
849.4,13.5,112.04
849.5,13.5,112.04
849.6,25.4,112.04
849.7,13.3,112.04
849.8,13.6,112.04
849.9,13.7,112.04
850.0,13.6,112.04
850.1,13.9,112.04
850.2,13.4,112.04
850.3,0.0,112.04
850.4,13.5,112.04
850.5,26.7,112.04
850.6,12.7,112.04
850.7,13.5,112.04
850.8,13.3,112.04
850.9,13.6,112.04
851.0,13.5,112.04
851.1,13.7,112.04
851.2,13.4,112.04
851.3,13.5,112.04
851.4,0.0,112.04
851.5,13.5,112.04
851.6,13.5,112.04
851.7,13.5,112.04
851.8,13.4,112.04
851.9,13.6,112.04
852.0,12.5,112.04
852.1,13.3,112.04
852.2,12.3,112.04
852.3,13.5,112.04
852.4,13.5,112.04
852.5,25.5,112.04
852.6,13.5,112.04
852.7,13.6,112.04
852.8,13.7,112.04
852.9,14.3,112.04
853.0,13.6,112.04
853.1,13.9,112.04
853.2,12.6,112.04
853.3,0.0,112.04
853.4,0.0,112.04
853.5,13.4,112.04
853.6,13.6,112.04
853.7,0.0,112.04
853.8,0.0,112.04
853.9,13.6,112.04
854.0,13.4,112.04
854.1,13.6,112.04
854.2,13.6,112.04
854.3,12.8,112.04
854.4,0.0,112.04
854.5,13.4,112.04
854.6,13.4,112.04
854.7,25.9,112.04
854.8,13.8,112.04
854.9,13.8,112.04
855.0,13.3,112.04
855.1,13.4,112.04
855.2,12.5,112.04
855.3,12.9,112.04
855.4,13.4,112.04
855.5,13.1,112.04
855.6,13.5,112.04
855.7,12.6,112.04
855.8,13.7,112.04
855.9,13.4,112.04
856.0,0.0,112.04
856.1,13.2,112.04
856.2,25.4,112.04
856.3,13.5,112.04
856.4,13.3,112.04
856.5,13.0,112.04
856.6,14.2,112.04
856.7,13.6,112.04
856.8,13.5,112.04
856.9,13.5,112.04
857.0,13.4,112.04
857.1,13.5,112.04
857.2,12.7,112.04
857.3,12.6,112.04
857.4,12.7,112.04
857.5,13.4,112.04
857.6,13.0,112.04
857.7,13.4,112.04
857.8,13.7,112.04
857.9,0.0,112.04
858.0,0.0,112.04
858.1,13.7,112.04
858.2,24.3,112.04
858.3,0.0,112.04
858.4,12.6,112.04
858.5,13.0,112.04
858.6,0.0,112.04
858.7,12.5,112.04
858.8,12.7,112.04
858.9,13.6,112.04
859.0,13.5,112.04
859.1,25.8,112.04
859.2,13.5,112.04
859.3,13.6,112.04
859.4,13.3,112.04
859.5,0.0,112.04
859.6,0.0,112.04
859.7,13.5,112.05
859.8,12.6,112.05
859.9,12.8,112.05
860.0,0.0,112.05
860.1,24.7,112.05
860.2,13.5,112.05
860.3,13.6,112.05
860.4,0.0,112.05
860.5,14.7,112.05
860.6,14.8,112.05
860.7,14.5,112.05
860.8,0.0,112.05
860.9,0.0,112.05
861.0,14.7,112.05
861.1,14.5,112.05
861.2,14.8,112.05
861.3,0.0,112.05
861.4,0.0,112.05
861.5,0.0,112.05
861.6,14.4,112.05
861.7,14.4,112.05
861.8,14.8,112.05
861.9,14.7,112.05
862.0,0.0,112.05
862.1,0.0,112.05
862.2,13.3,112.05
862.3,14.1,112.05
862.4,13.1,112.05
862.5,13.5,112.05
862.6,13.6,112.05
862.7,13.5,112.05
862.8,13.6,112.05
862.9,14.2,112.05
863.0,13.7,112.05
863.1,12.8,112.05
863.2,12.9,112.05
863.3,25.3,112.05
863.4,25.1,112.05
863.5,12.6,112.05
863.6,13.3,112.05
863.7,0.0,112.05
863.8,13.2,112.05
863.9,25.6,112.05
864.0,13.5,112.05
864.1,13.5,112.05
864.2,13.4,112.05
864.3,12.4,112.05
864.4,0.0,112.05
864.5,13.5,112.05
864.6,13.2,112.05
864.7,13.5,112.05
864.8,13.4,112.05
864.9,25.0,112.05
865.0,14.2,112.05
865.1,13.7,112.05
865.2,0.0,112.05
865.3,11.4,112.05
865.4,26.1,112.05
865.5,12.8,112.05
865.6,12.7,112.05
865.7,25.4,112.05
865.8,25.6,112.05
865.9,25.7,112.05
866.0,25.2,112.05
866.1,13.6,112.05
866.2,0.0,112.05
866.3,12.7,112.05
866.4,13.5,112.05
866.5,13.5,112.05
866.6,13.5,112.05
866.7,13.6,112.05
866.8,13.6,112.05
866.9,0.0,112.05
867.0,13.5,112.05
867.1,13.7,112.05
867.2,25.0,112.05
867.3,26.7,112.05
867.4,13.7,112.05
867.5,25.4,112.05
867.6,26.9,112.05
867.7,12.5,112.05
867.8,13.5,112.05
867.9,13.6,112.05
868.0,25.9,112.05
868.1,13.5,112.05
868.2,26.6,112.05
868.3,14.3,112.05
868.4,0.0,112.05
868.5,0.0,112.05
868.6,0.0,112.05
868.7,0.0,112.05
868.8,14.7,112.05
868.9,14.7,112.05
869.0,0.0,112.05
869.1,0.0,112.05
869.2,0.0,112.05
869.3,14.3,112.05
869.4,14.7,112.05
869.5,14.3,112.05
869.6,0.0,112.05
869.7,0.0,112.05
869.8,0.0,112.05
869.9,0.0,112.05
870.0,13.5,112.05
870.1,13.8,112.05
870.2,13.2,112.05
870.3,13.6,112.05
870.4,13.5,112.05
870.5,26.5,112.05
870.6,14.1,112.05
870.7,13.6,112.05
870.8,13.7,112.05
870.9,0.0,112.05
871.0,13.4,112.05
871.1,13.4,112.05
871.2,13.5,112.05
871.3,13.5,112.05
871.4,13.3,112.05
871.5,13.5,112.05
871.6,13.4,112.05
871.7,11.9,112.05
871.8,13.3,112.05
871.9,12.9,112.05
872.0,13.4,112.05
872.1,12.5,112.05
872.2,13.3,112.05
872.3,13.0,112.06
872.4,12.8,112.06
872.5,13.1,112.06
872.6,13.4,112.06
872.7,13.9,112.06
872.8,13.8,112.06
872.9,13.6,112.06
873.0,13.4,112.06
873.1,13.5,112.06
873.2,13.2,112.06
873.3,13.6,112.06
873.4,25.0,112.06
873.5,26.6,112.06
873.6,13.3,112.06
873.7,25.8,112.06
873.8,13.6,112.06
873.9,13.1,112.06
874.0,25.0,112.06
874.1,0.0,112.06
874.2,0.0,112.06
874.3,13.6,112.06
874.4,13.6,112.06
874.5,0.0,112.06
874.6,13.7,112.06
874.7,13.6,112.06
874.8,25.8,112.06
874.9,13.4,112.06
875.0,13.5,112.06
875.1,12.6,112.06
875.2,13.4,112.06
875.3,13.4,112.06
875.4,13.3,112.06
875.5,13.9,112.06
875.6,13.5,112.06
875.7,13.4,112.06
875.8,13.4,112.06
875.9,12.8,112.06
876.0,26.1,112.06
876.1,13.8,112.06
876.2,12.9,112.06
876.3,13.5,112.06
876.4,13.4,112.06
876.5,0.0,112.06
876.6,13.5,112.06
876.7,13.6,112.06
876.8,24.6,112.06
876.9,0.0,112.06
877.0,13.1,112.06
877.1,13.6,112.06
877.2,12.7,112.06
877.3,12.6,112.06
877.4,13.5,112.06
877.5,25.5,112.06
877.6,13.1,112.06
877.7,13.5,112.06
877.8,13.1,112.06
877.9,13.5,112.06
878.0,13.4,112.06
878.1,13.4,112.06
878.2,13.0,112.06
878.3,13.4,112.06
878.4,0.0,112.06
878.5,13.3,112.06
878.6,13.2,112.06
878.7,13.2,112.06
878.8,26.1,112.06
878.9,13.0,112.06
879.0,12.8,112.06
879.1,13.9,112.06
879.2,13.5,112.06
879.3,13.6,112.06
879.4,13.5,112.06
879.5,13.5,112.06
879.6,13.2,112.06
879.7,13.5,112.06
879.8,13.5,112.06
879.9,0.0,112.06
880.0,12.6,112.06
880.1,13.4,112.06
880.2,26.1,112.06
880.3,13.5,112.06
880.4,13.6,112.06
880.5,13.5,112.06
880.6,14.0,112.06
880.7,14.0,112.06
880.8,13.5,112.06
880.9,12.7,112.06
881.0,13.5,112.06
881.1,23.1,112.06
881.2,12.3,112.06
881.3,13.5,112.06
881.4,13.5,112.06
881.5,12.6,112.06
881.6,13.5,112.06
881.7,0.0,112.06
881.8,0.0,112.06
881.9,12.8,112.06
882.0,13.4,112.06
882.1,13.6,112.06
882.2,13.4,112.06
882.3,0.0,112.06
882.4,13.5,112.06
882.5,13.4,112.06
882.6,13.5,112.06
882.7,13.4,112.06
882.8,0.0,112.06
882.9,12.8,112.06
883.0,26.3,112.06
883.1,14.4,112.06
883.2,14.3,112.07
883.3,12.9,112.07
883.4,13.9,112.07
883.5,12.7,112.07
883.6,14.0,112.07
883.7,13.6,112.07
883.8,25.8,112.07
883.9,13.1,112.07
884.0,13.7,112.07
884.1,13.5,112.07
884.2,14.3,112.07
884.3,13.6,112.07
884.4,0.0,112.07
884.5,0.0,112.07
884.6,13.9,112.07
884.7,0.0,112.07
884.8,13.5,112.07
884.9,13.4,112.07
885.0,13.5,112.07
885.1,13.4,112.07
885.2,13.5,112.07
885.3,13.5,112.07
885.4,14.1,112.07
885.5,0.0,112.07
885.6,14.2,112.07
885.7,13.4,112.07
885.8,14.4,112.07
885.9,13.5,112.07
886.0,12.9,112.07
886.1,12.7,112.07
886.2,13.4,112.07
886.3,13.5,112.07
886.4,13.6,112.07
886.5,13.5,112.07
886.6,13.1,112.07
886.7,0.0,112.07
886.8,0.0,112.07
886.9,0.0,112.07
887.0,13.7,112.07
887.1,0.0,112.07
887.2,13.6,112.07
887.3,13.6,112.07
887.4,13.4,112.07
887.5,13.5,112.07
887.6,12.1,112.07
887.7,13.2,112.07
887.8,25.1,112.07
887.9,13.5,112.07
888.0,0.0,112.07
888.1,25.1,112.07
888.2,24.8,112.07
888.3,25.0,112.07
888.4,13.5,112.07
888.5,13.3,112.07
888.6,13.8,112.07
888.7,13.5,112.07
888.8,0.0,112.07
888.9,12.6,112.07
889.0,13.6,112.07
889.1,25.2,112.07
889.2,25.4,112.07
889.3,13.5,112.07
889.4,13.4,112.07
889.5,13.5,112.07
889.6,13.5,112.07
889.7,13.4,112.07
889.8,13.4,112.07
889.9,12.6,112.07
890.0,26.7,112.07
890.1,13.1,112.07
890.2,13.4,112.07
890.3,13.5,112.07
890.4,13.3,112.07
890.5,13.7,112.07
890.6,13.6,112.07
890.7,13.5,112.07
890.8,13.5,112.07
890.9,26.8,112.07
891.0,12.6,112.07
891.1,13.4,112.07
891.2,13.5,112.07
891.3,13.8,112.07
891.4,13.5,112.07
891.5,13.6,112.07
891.6,13.1,112.07
891.7,26.6,112.07
891.8,13.9,112.07
891.9,25.6,112.07
892.0,13.8,112.07
892.1,13.4,112.07
892.2,13.2,112.07
892.3,13.6,112.07
892.4,13.5,112.07
892.5,13.5,112.07
892.6,13.6,112.07
892.7,13.4,112.07
892.8,12.9,112.07
892.9,13.3,112.07
893.0,13.2,112.07
893.1,13.5,112.07
893.2,12.7,112.07
893.3,13.6,112.07
893.4,13.6,112.07
893.5,13.3,112.07
893.6,13.5,112.07
893.7,14.2,112.07
893.8,13.6,112.07
893.9,13.0,112.07
894.0,25.2,112.07
894.1,13.6,112.07
894.2,0.0,112.07
894.3,13.7,112.07
894.4,13.4,112.07
894.5,13.4,112.07
894.6,13.9,112.07
894.7,27.1,112.07
894.8,13.0,112.07
894.9,14.2,112.07
895.0,13.6,112.07
895.1,13.5,112.07
895.2,13.3,112.07
895.3,13.5,112.07
895.4,13.4,112.07
895.5,26.7,112.07
895.6,13.8,112.07
895.7,25.9,112.07
895.8,13.4,112.07
895.9,25.7,112.07
896.0,13.7,112.07
896.1,26.7,112.07
896.2,13.5,112.07
896.3,13.5,112.07
896.4,13.3,112.07
896.5,13.5,112.07
896.6,13.1,112.07
896.7,13.5,112.07
896.8,12.5,112.07
896.9,12.8,112.07
897.0,13.5,112.07
897.1,24.6,112.07
897.2,25.0,112.07
897.3,25.4,112.07
897.4,13.7,112.07
897.5,13.5,112.07
897.6,12.6,112.07
897.7,12.6,112.07
897.8,13.1,112.08
897.9,13.6,112.08
898.0,13.6,112.08
898.1,12.8,112.08
898.2,13.4,112.08
898.3,13.4,112.08
898.4,13.5,112.08
898.5,25.2,112.08
898.6,13.9,112.08
898.7,13.5,112.08
898.8,12.4,112.08
898.9,13.6,112.08
899.0,13.4,112.08
899.1,13.2,112.08
899.2,13.4,112.08
899.3,13.0,112.08
899.4,13.6,112.08
899.5,0.0,112.08
899.6,13.6,112.08
899.7,13.1,112.08
899.8,12.1,112.08
899.9,13.5,112.08
900.0,13.4,112.08
900.1,13.5,112.08
900.2,24.9,112.08
900.3,13.4,112.08
900.4,12.7,112.08
900.5,12.7,112.08
900.6,24.9,112.08
900.7,25.3,112.08
900.8,13.5,112.08
900.9,12.7,112.08
901.0,0.0,112.08
901.1,12.9,112.08
901.2,13.2,112.08
901.3,13.2,112.08
901.4,12.6,112.08
901.5,12.6,112.08
901.6,13.0,112.08
901.7,13.6,112.08
901.8,13.5,112.08
901.9,25.4,112.08
902.0,13.5,112.08
902.1,25.4,112.08
902.2,13.6,112.08
902.3,12.7,112.08
902.4,13.6,112.08
902.5,13.8,112.08
902.6,25.0,112.08
902.7,13.2,112.08
902.8,12.6,112.08
902.9,13.6,112.08
903.0,13.5,112.08
903.1,13.5,112.08
903.2,13.8,112.08
903.3,13.6,112.08
903.4,13.7,112.08
903.5,13.4,112.08
903.6,13.6,112.08
903.7,25.4,112.08
903.8,13.4,112.08
903.9,13.9,112.08
904.0,12.9,112.08
904.1,13.6,112.08
904.2,13.6,112.09
904.3,25.6,112.09
904.4,13.8,112.09
904.5,14.0,112.09
904.6,13.3,112.09
904.7,13.5,112.09
904.8,0.0,112.09
904.9,12.5,112.09
905.0,13.5,112.09
905.1,13.5,112.09
905.2,0.0,112.09
905.3,25.0,112.09
905.4,13.5,112.09
905.5,13.1,112.09
905.6,25.4,112.09
905.7,13.4,112.09
905.8,0.0,112.09
905.9,0.0,112.09
906.0,13.4,112.09
906.1,13.6,112.09
906.2,12.7,112.09
906.3,13.5,112.09
906.4,12.7,112.09
906.5,13.2,112.09
906.6,25.0,112.09
906.7,13.6,112.09
906.8,0.0,112.09
906.9,0.0,112.09
907.0,12.9,112.09
907.1,0.0,112.09
907.2,13.2,112.09
907.3,26.1,112.09
907.4,13.7,112.09
907.5,25.4,112.09
907.6,13.5,112.09
907.7,12.8,112.09
907.8,0.0,112.09
907.9,13.7,112.09
908.0,13.7,112.09
908.1,13.6,112.09
908.2,13.5,112.09
908.3,13.6,112.09
908.4,26.6,112.09
908.5,12.8,112.09
908.6,13.2,112.09
908.7,25.2,112.09
908.8,25.4,112.09
908.9,13.3,112.09
909.0,12.8,112.09
909.1,26.8,112.09
909.2,13.4,112.09
909.3,26.2,112.09
909.4,0.0,112.09
909.5,13.3,112.09
909.6,13.6,112.09
909.7,13.1,112.09
909.8,13.2,112.09
909.9,13.6,112.09
910.0,13.9,112.09
910.1,12.6,112.09
910.2,12.8,112.09
910.3,13.2,112.09
910.4,25.2,112.09
910.5,13.1,112.09
910.6,13.1,112.09
910.7,13.4,112.09
910.8,13.6,112.09
910.9,13.6,112.09
911.0,0.0,112.09
911.1,25.1,112.09
911.2,0.0,112.09
911.3,0.0,112.09
911.4,0.0,112.09
911.5,27.3,112.09
911.6,24.8,112.09
911.7,13.5,112.09
911.8,13.6,112.09
911.9,13.6,112.09
912.0,14.2,112.09
912.1,13.5,112.09
912.2,12.6,112.09
912.3,13.4,112.09
912.4,13.3,112.09
912.5,13.5,112.09
912.6,25.4,112.09
912.7,13.5,112.09
912.8,13.6,112.09
912.9,13.4,112.09
913.0,25.7,112.09
913.1,13.6,112.09
913.2,13.4,112.09
913.3,13.5,112.09
913.4,13.3,112.09
913.5,13.5,112.09
913.6,13.8,112.09
913.7,13.3,112.09
913.8,13.5,112.09
913.9,25.3,112.09
914.0,13.1,112.09
914.1,13.5,112.09
914.2,13.9,112.09
914.3,25.6,112.09
914.4,13.2,112.09
914.5,13.3,112.09
914.6,13.3,112.09
914.7,13.0,112.09
914.8,13.4,112.09
914.9,13.5,112.09
915.0,13.5,112.09
915.1,13.5,112.09
915.2,25.7,112.09
915.3,13.4,112.09
915.4,13.5,112.09
915.5,13.4,112.09
915.6,24.9,112.09
915.7,13.6,112.09
915.8,12.8,112.09
915.9,13.6,112.09
916.0,13.4,112.09
916.1,26.5,112.09
916.2,25.1,112.09
916.3,13.0,112.09
916.4,13.4,112.09
916.5,13.9,112.09
916.6,13.6,112.09
916.7,12.8,112.09
916.8,25.9,112.09
916.9,13.5,112.1
917.0,12.4,112.1
917.1,13.5,112.1
917.2,13.6,112.1
917.3,13.5,112.1
917.4,13.5,112.1
917.5,13.0,112.1
917.6,13.2,112.1
917.7,13.4,112.1
917.8,13.2,112.1
917.9,13.0,112.1
918.0,13.6,112.1
918.1,13.2,112.1
918.2,25.3,112.1
918.3,13.6,112.1
918.4,25.8,112.1
918.5,13.5,112.1
918.6,0.0,112.1
918.7,12.7,112.1
918.8,25.3,112.1
918.9,26.2,112.1
919.0,13.4,112.1
919.1,13.9,112.1
919.2,12.6,112.1
919.3,12.8,112.1
919.4,26.2,112.1
919.5,13.4,112.1
919.6,13.5,112.1
919.7,13.1,112.1
919.8,13.1,112.1
919.9,13.6,112.1
920.0,13.5,112.1
920.1,12.8,112.1
920.2,13.3,112.1
920.3,13.6,112.1
920.4,13.2,112.1
920.5,13.5,112.1
920.6,13.6,112.1
920.7,13.5,112.1
920.8,13.5,112.1
920.9,12.8,112.1
921.0,13.5,112.1
921.1,12.7,112.1
921.2,12.8,112.1
921.3,13.3,112.1
921.4,13.3,112.1
921.5,13.6,112.1
921.6,14.0,112.1
921.7,26.0,112.1
921.8,13.3,112.1
921.9,13.5,112.1
922.0,13.6,112.1
922.1,13.3,112.1
922.2,0.0,112.1
922.3,12.8,112.1
922.4,13.6,112.1
922.5,13.7,112.1
922.6,25.7,112.1
922.7,13.4,112.1
922.8,13.5,112.1
922.9,13.4,112.1
923.0,0.0,112.1
923.1,13.6,112.1
923.2,13.6,112.1
923.3,13.5,112.1
923.4,13.5,112.1
923.5,13.4,112.1
923.6,12.6,112.1
923.7,13.0,112.1
923.8,26.2,112.1
923.9,12.8,112.1
924.0,13.5,112.1
924.1,13.4,112.1
924.2,13.4,112.1
924.3,13.7,112.1
924.4,0.0,112.1
924.5,13.5,112.1
924.6,25.7,112.1
924.7,13.6,112.1
924.8,13.6,112.1
924.9,13.6,112.1
925.0,13.5,112.1
925.1,25.8,112.1
925.2,13.6,112.1
925.3,26.8,112.1
925.4,13.6,112.1
925.5,25.3,112.1
925.6,13.6,112.1
925.7,13.3,112.1
925.8,13.6,112.1
925.9,13.6,112.1
926.0,13.3,112.1
926.1,13.6,112.1
926.2,13.6,112.1
926.3,13.6,112.1
926.4,13.6,112.1
926.5,13.6,112.1
926.6,13.3,112.1
926.7,13.2,112.1
926.8,25.0,112.1
926.9,13.6,112.1
927.0,13.5,112.1
927.1,13.2,112.1
927.2,12.9,112.1
927.3,13.9,112.1
927.4,0.0,112.1
927.5,12.9,112.1
927.6,13.6,112.1
927.7,13.4,112.1
927.8,13.6,112.1
927.9,13.6,112.1
928.0,13.6,112.1
928.1,0.0,112.1
928.2,13.3,112.1
928.3,13.3,112.1
928.4,12.8,112.1
928.5,12.9,112.1
928.6,40.0,112.1
928.7,13.7,112.1
928.8,13.3,112.1
928.9,13.4,112.1
929.0,13.6,112.11
929.1,0.0,112.11
929.2,0.0,112.11
929.3,12.6,112.11
929.4,13.5,112.11
929.5,25.3,112.11
929.6,13.3,112.11
929.7,92.3,113.93
929.8,109.0,113.94
929.9,96.0,113.96
930.0,28.1,113.96
930.1,12.6,113.96
930.2,13.3,113.96
930.3,13.7,113.96
930.4,13.8,113.96
930.5,13.5,113.96
930.6,13.5,113.96
930.7,13.1,113.96
930.8,13.6,113.96
930.9,13.6,113.96
931.0,13.1,113.96
931.1,13.7,113.96
931.2,13.2,113.96
931.3,13.5,113.96
931.4,13.5,113.96
931.5,27.1,113.96
931.6,13.0,113.96
931.7,13.6,113.96
931.8,12.7,113.96
931.9,12.7,113.96
932.0,12.8,113.96
932.1,14.2,113.96
932.2,13.5,113.96
932.3,13.5,113.96
932.4,13.3,113.96
932.5,12.7,113.96
932.6,13.3,113.96
932.7,13.4,113.96
932.8,0.0,113.96
932.9,13.5,113.96
933.0,14.3,113.96
933.1,13.5,113.96
933.2,13.5,113.96
933.3,13.6,113.96
933.4,25.6,113.96
933.5,25.6,113.96
933.6,13.5,113.96
933.7,13.6,113.96
933.8,12.4,113.96
933.9,11.9,113.96
934.0,14.4,113.96
934.1,13.6,113.96
934.2,13.7,113.96
934.3,13.7,113.96
934.4,13.4,113.96
934.5,11.8,113.96
934.6,13.8,113.96
934.7,13.4,113.96
934.8,13.4,113.96
934.9,25.4,113.96
935.0,13.9,113.96
935.1,13.6,113.96
935.2,0.0,113.96
935.3,13.1,113.96
935.4,13.7,113.96
935.5,13.3,113.96
935.6,14.3,113.96
935.7,13.6,113.96
935.8,13.3,113.96
935.9,14.2,113.96
936.0,13.5,113.96
936.1,12.8,113.96
936.2,24.9,113.96
936.3,24.8,113.96
936.4,13.3,113.96
936.5,25.0,113.96
936.6,13.6,113.96
936.7,13.4,113.96
936.8,50.1,113.96
936.9,106.7,113.96
937.0,106.4,113.96
937.1,39.0,113.96
937.2,12.7,113.97
937.3,13.2,113.97
937.4,13.2,113.97
937.5,13.5,113.97
937.6,14.1,113.97
937.7,13.7,113.97
937.8,12.8,113.97
937.9,13.6,113.97
938.0,13.5,113.97
938.1,12.9,113.97
938.2,13.6,113.97
938.3,13.5,113.97
938.4,13.4,113.97
938.5,24.9,113.97
938.6,13.0,113.97
938.7,13.0,113.97
938.8,13.4,113.97
938.9,13.8,113.97
939.0,13.6,113.97
939.1,13.3,113.97
939.2,12.8,113.97
939.3,13.5,113.97
939.4,25.7,113.97
939.5,13.7,113.97
939.6,25.5,113.97
939.7,13.5,113.97
939.8,12.7,113.97
939.9,26.1,113.97
940.0,13.2,113.97
940.1,13.3,113.97
940.2,0.0,113.97
940.3,0.0,113.97
940.4,13.4,113.97
940.5,13.5,113.97
940.6,13.4,113.97
940.7,13.5,113.97
940.8,13.5,113.97
940.9,13.5,113.97
941.0,13.6,113.97
941.1,13.6,113.97
941.2,13.3,113.98
941.3,13.5,113.98
941.4,0.0,113.98
941.5,13.1,113.98
941.6,25.7,113.99
941.7,13.1,113.99
941.8,13.5,113.99
941.9,13.6,113.99
942.0,12.9,113.99
942.1,13.5,114.01
942.2,13.6,114.02
942.3,13.5,114.02
942.4,13.4,114.02
942.5,14.1,114.02
942.6,13.5,114.02
942.7,25.2,114.02
942.8,13.3,114.02
942.9,13.5,114.02
943.0,13.4,114.02
943.1,40.4,115.37
943.2,13.5,115.37
943.3,12.6,115.37
943.4,26.2,115.37
943.5,13.6,115.37
943.6,25.9,115.37
943.7,25.5,115.37
943.8,13.7,115.37
943.9,13.5,115.37
944.0,13.6,115.37
944.1,14.2,115.37
944.2,13.2,115.37
944.3,13.5,115.37
944.4,12.9,115.37
944.5,13.6,115.37
944.6,13.6,115.37
944.7,12.7,115.37
944.8,13.6,115.37
944.9,13.3,115.37
945.0,13.6,115.37
945.1,13.6,115.37
945.2,25.5,115.37
945.3,14.2,115.37
945.4,12.8,115.37
945.5,13.4,115.37
945.6,25.1,115.37
945.7,25.7,115.37
945.8,12.7,115.37
945.9,12.8,115.37
946.0,13.4,115.37
946.1,13.5,115.37
946.2,0.0,115.37
946.3,13.5,115.37
946.4,26.4,115.37
946.5,13.5,115.37
946.6,13.3,115.37
946.7,13.1,115.37
946.8,13.5,115.37
946.9,13.0,115.37
947.0,0.0,115.37
947.1,13.5,115.37
947.2,13.6,115.37
947.3,12.9,115.37
947.4,25.9,115.37
947.5,13.7,115.37
947.6,13.7,115.37
947.7,13.6,115.37
947.8,13.6,115.37
947.9,13.8,115.37
948.0,12.8,115.37
948.1,25.6,115.38
948.2,0.0,115.38
948.3,12.9,115.38
948.4,26.5,115.38
948.5,12.7,115.38
948.6,24.8,115.38
948.7,13.5,115.38
948.8,26.1,115.38
948.9,13.6,115.38
949.0,26.2,115.38
949.1,13.7,115.38
949.2,13.5,115.38
949.3,13.5,115.38
949.4,13.8,115.38
949.5,25.1,128.88
949.6,29.2,115.74
949.7,13.7,115.74
949.8,26.3,115.74
949.9,13.3,115.74
950.0,13.6,115.74
950.1,13.8,115.74
950.2,13.5,115.74
950.3,0.0,115.74
950.4,0.0,115.74
950.5,13.9,115.74
950.6,25.5,115.74
950.7,13.3,115.74
950.8,14.1,115.74
950.9,0.0,115.74
951.0,13.1,115.74
951.1,25.6,115.74
951.2,13.7,115.74
951.3,13.5,115.74
951.4,0.0,115.74
951.5,12.8,115.74
951.6,13.0,115.74
951.7,14.3,115.74
951.8,13.7,115.74
951.9,0.0,115.74
952.0,12.5,115.74
952.1,12.4,115.74
952.2,12.7,115.74
952.3,25.1,115.74
952.4,13.8,115.74
952.5,12.6,115.74
952.6,12.6,115.74
952.7,24.3,115.74
952.8,0.0,115.74
952.9,13.5,115.74
953.0,13.0,115.74
953.1,13.1,115.74
953.2,25.2,115.74
953.3,13.5,115.74
953.4,13.0,115.74
953.5,26.3,115.74
953.6,25.3,115.74
953.7,13.2,115.74
953.8,12.8,115.74
953.9,26.3,115.74
954.0,12.6,115.74
954.1,12.8,115.74
954.2,12.8,115.74
954.3,26.4,115.74
954.4,12.7,115.74
954.5,0.0,115.75
954.6,13.1,115.75
954.7,13.5,115.75
954.8,13.4,115.75
954.9,13.1,115.75
955.0,12.8,115.75
955.1,13.4,115.75
955.2,14.2,115.75
955.3,13.3,115.75
955.4,13.4,115.75
955.5,13.5,115.75
955.6,13.1,115.75
955.7,25.0,115.75
955.8,13.5,115.75
955.9,12.7,115.75
956.0,0.0,115.75
956.1,13.6,115.75
956.2,24.9,115.75
956.3,13.5,115.75
956.4,13.4,115.75
956.5,13.0,115.75
956.6,25.9,127.2
956.7,56.3,116.24
956.8,12.5,116.24
956.9,13.6,116.24
957.0,25.0,116.24
957.1,12.9,116.24
957.2,12.7,116.24
957.3,0.0,116.24
957.4,0.0,116.24
957.5,0.0,116.24
957.6,0.0,116.24
957.7,12.7,116.24
957.8,12.5,116.24
957.9,13.3,116.24
958.0,13.3,116.24
958.1,12.3,116.24
958.2,13.8,116.24
958.3,25.0,116.24
958.4,13.5,116.24
958.5,12.9,116.24
958.6,25.6,116.24
958.7,13.2,116.24
958.8,0.0,116.24
958.9,13.4,116.24
959.0,14.1,116.24
959.1,13.6,116.24
959.2,13.5,116.24
959.3,13.6,116.24
959.4,0.0,116.24
959.5,13.4,116.24
959.6,12.8,116.24
959.7,13.5,116.24
959.8,13.4,116.24
959.9,13.6,116.24
960.0,13.5,116.24
960.1,13.4,116.24
960.2,13.0,116.24
960.3,13.6,116.24
960.4,13.4,116.24
960.5,25.4,116.24
960.6,13.4,116.24
960.7,13.1,116.24
960.8,14.8,116.24
960.9,13.4,116.24
961.0,0.0,116.24
961.1,0.0,116.24
961.2,13.2,116.24
961.3,25.4,116.24
961.4,0.0,116.24
961.5,13.6,116.24
961.6,13.3,116.24
961.7,12.7,116.24
961.8,12.8,116.24
961.9,12.9,116.24
962.0,12.8,116.24
962.1,12.8,116.24
962.2,13.6,116.24
962.3,13.4,116.24
962.4,0.0,116.24
962.5,12.7,116.24
962.6,12.1,116.24
962.7,12.6,116.24
962.8,13.3,116.24
962.9,13.2,116.24
963.0,13.6,116.24
963.1,12.9,116.24
963.2,13.5,116.24
963.3,13.6,116.24
963.4,0.0,116.24
963.5,13.6,116.24
963.6,12.7,116.24
963.7,12.9,116.24
963.8,13.2,116.24
963.9,13.5,116.24
964.0,13.2,116.24
964.1,13.4,116.24
964.2,13.4,116.24
964.3,13.7,116.24
964.4,0.0,116.24
964.5,13.5,116.24
964.6,13.2,116.24
964.7,13.7,116.24
964.8,13.5,116.24
964.9,13.6,116.24
965.0,13.6,116.24
965.1,13.4,116.24
965.2,13.3,116.24
965.3,13.4,116.24
965.4,13.0,116.24
965.5,12.6,116.24
965.6,13.9,116.24
965.7,12.7,116.24
965.8,12.9,116.24
965.9,26.2,116.24
966.0,13.2,116.24
966.1,14.0,116.24
966.2,13.5,116.24
966.3,13.4,116.24
966.4,25.2,116.24
966.5,13.5,116.24
966.6,13.5,116.24
966.7,13.3,116.24
966.8,13.4,116.24
966.9,13.4,116.24
967.0,13.2,116.24
967.1,13.5,116.24
967.2,13.0,116.24
967.3,13.4,116.24
967.4,13.6,116.24
967.5,14.0,116.24
967.6,25.2,116.24
967.7,25.1,116.24
967.8,13.5,116.24
967.9,13.5,116.24
968.0,13.1,116.24
968.1,13.0,116.24
968.2,13.6,116.24
968.3,13.5,116.24
968.4,13.3,116.24
968.5,13.5,116.24
968.6,24.9,116.24
968.7,13.4,116.24
968.8,13.5,116.24
968.9,0.0,116.24
969.0,13.8,116.24
969.1,13.5,116.24
969.2,13.6,116.24
969.3,13.4,116.24
969.4,13.5,116.24
969.5,13.4,116.24
969.6,13.5,116.24
969.7,26.0,116.24
969.8,13.5,116.24
969.9,13.2,116.24
970.0,25.2,116.24
970.1,13.3,116.24
970.2,12.8,116.24
970.3,25.3,116.24
970.4,0.0,116.24
970.5,13.6,116.24
970.6,13.2,116.24
970.7,0.0,116.24
970.8,0.0,116.24
970.9,13.5,116.24
971.0,13.3,116.24
971.1,0.0,116.24
971.2,13.6,116.24
971.3,13.6,116.24
971.4,13.3,116.24
971.5,12.7,116.24
971.6,13.2,116.24
971.7,25.2,116.24
971.8,13.5,116.24
971.9,12.8,116.24
972.0,13.6,116.24
972.1,24.4,116.24
972.2,13.6,116.24
972.3,13.3,116.24
972.4,13.1,116.24
972.5,13.4,116.24
972.6,13.9,116.24
972.7,13.9,116.24
972.8,24.8,116.24
972.9,13.7,116.24
973.0,11.7,116.24
973.1,13.1,116.24
973.2,13.4,116.24
973.3,13.8,116.24
973.4,12.8,116.24
973.5,13.6,116.24
973.6,13.7,116.24
973.7,13.5,116.24
973.8,13.8,116.24
973.9,12.9,116.24
974.0,13.5,116.24
974.1,13.5,116.24
974.2,25.1,116.24
974.3,25.8,116.24
974.4,12.6,116.24
974.5,13.6,116.24
974.6,0.0,116.24
974.7,12.6,116.24
974.8,13.5,116.24
974.9,13.6,116.24
975.0,13.4,116.24
975.1,13.5,116.24
975.2,13.4,116.24
975.3,12.5,116.24
975.4,13.6,116.24
975.5,13.6,116.24
975.6,14.2,116.24
975.7,13.6,116.24
975.8,12.6,116.24
975.9,13.3,116.24
976.0,12.9,116.24
976.1,13.6,116.24
976.2,25.5,116.24
976.3,13.5,116.24
976.4,12.5,116.24
976.5,13.5,116.24
976.6,13.3,116.24
976.7,25.3,116.24
976.8,13.5,116.24
976.9,12.8,116.24
977.0,13.0,116.24
977.1,25.3,116.24
977.2,13.7,116.24
977.3,13.5,116.24
977.4,13.6,116.24
977.5,13.0,116.24
977.6,13.8,116.24
977.7,13.5,116.24
977.8,13.4,116.24
977.9,12.4,116.24
978.0,13.4,116.24
978.1,25.8,116.24
978.2,13.6,116.24
978.3,0.0,116.24
978.4,13.4,116.24
978.5,25.0,116.24
978.6,25.3,116.24
978.7,14.0,116.24
978.8,25.3,116.24
978.9,25.4,116.24
979.0,25.3,116.24
979.1,13.0,116.24
979.2,13.1,116.24
979.3,25.2,116.24
979.4,26.0,116.24
979.5,12.9,116.24
979.6,13.6,116.24
979.7,13.6,116.24
979.8,25.1,116.24
979.9,13.5,116.24
980.0,13.3,116.24
980.1,14.3,116.24
980.2,25.8,116.24
980.3,13.6,116.24
980.4,13.6,116.24
980.5,13.5,116.24
980.6,13.5,116.24
980.7,13.5,116.24
980.8,13.6,116.24
980.9,13.6,116.24
981.0,13.2,116.24
981.1,13.4,116.24
981.2,12.8,116.24
981.3,13.5,116.24
981.4,13.6,116.24
981.5,12.3,116.24
981.6,26.8,116.24
981.7,13.4,116.24
981.8,26.4,116.24
981.9,13.5,116.24
982.0,26.6,116.24
982.1,13.2,116.24
982.2,25.4,116.24
982.3,0.0,116.24
982.4,13.6,116.24
982.5,13.8,116.24
982.6,13.5,116.24
982.7,12.4,116.24
982.8,13.0,116.24
982.9,14.3,116.24
983.0,25.4,116.24
983.1,13.4,116.24
983.2,13.4,116.24
983.3,13.6,116.24
983.4,25.6,116.24
983.5,13.5,116.24
983.6,13.2,116.24
983.7,25.3,116.24
983.8,13.6,116.24
983.9,12.6,116.24
984.0,13.5,116.24
984.1,12.7,116.24
984.2,13.4,116.24
984.3,25.3,116.24
984.4,13.5,116.24
984.5,26.6,116.24
984.6,13.4,116.24
984.7,13.4,116.24
984.8,13.6,116.24
984.9,13.8,116.24
985.0,13.2,116.24
985.1,13.5,116.24
985.2,13.7,116.24
985.3,13.5,116.24
985.4,25.4,116.24
985.5,13.0,116.24
985.6,12.7,116.24
985.7,13.5,116.24
985.8,13.4,116.24
985.9,0.0,116.24
986.0,12.9,116.24
986.1,13.3,116.24
986.2,13.1,116.24
986.3,0.0,116.24
986.4,13.6,116.24
986.5,14.1,116.24
986.6,14.4,116.24
986.7,13.6,116.24
986.8,12.7,116.24
986.9,13.8,116.24
987.0,13.8,116.24
987.1,12.9,116.24
987.2,13.0,116.24
987.3,13.3,116.24
987.4,13.1,116.24
987.5,12.3,116.24
987.6,13.4,116.24
987.7,24.8,116.24
987.8,0.0,116.24
987.9,13.8,116.24
988.0,13.4,116.24
988.1,25.4,116.24
988.2,25.3,116.24
988.3,13.6,116.24
988.4,0.0,116.24
988.5,13.4,116.24
988.6,14.1,116.24
988.7,13.6,116.24
988.8,13.3,116.24
988.9,13.5,116.24
989.0,12.5,116.24
989.1,0.0,116.24
989.2,13.0,116.24
989.3,13.5,116.24
989.4,13.5,116.24
989.5,13.4,116.24
989.6,13.6,116.24
989.7,25.3,116.24
989.8,13.3,116.24
989.9,12.0,116.24
990.0,11.7,116.24
990.1,12.9,116.24
990.2,13.7,116.24
990.3,13.5,116.24
990.4,13.0,116.24
990.5,13.4,116.24
990.6,13.6,116.24
990.7,13.6,116.24
990.8,13.4,116.24
990.9,0.0,116.24
991.0,13.6,116.24
991.1,0.0,116.24
991.2,13.6,116.24
991.3,13.6,116.24
991.4,0.0,116.24
991.5,13.6,116.24
991.6,25.6,116.24
991.7,12.8,116.24
991.8,13.6,116.24
991.9,13.4,116.24
992.0,12.9,116.24
992.1,26.0,116.24
992.2,13.3,116.24
992.3,13.4,116.24
992.4,13.1,116.24
992.5,12.6,116.24
992.6,13.1,116.24
992.7,14.4,116.24
992.8,13.2,116.24
992.9,13.6,116.24
993.0,25.8,116.24
993.1,13.5,116.24
993.2,13.6,116.24
993.3,13.0,116.24
993.4,25.9,116.24
993.5,13.6,116.24
993.6,13.6,116.24
993.7,13.4,116.24
993.8,13.5,116.24
993.9,12.6,116.24
994.0,13.5,116.24
994.1,13.3,116.24
994.2,13.1,116.24
994.3,13.5,116.24
994.4,13.6,116.24
994.5,0.0,116.24
994.6,24.8,116.24
994.7,12.9,116.24
994.8,13.6,116.24
994.9,13.2,116.24
995.0,13.5,116.24
995.1,13.3,116.24
995.2,0.0,116.24
995.3,13.5,116.24
995.4,25.7,116.24
995.5,13.1,116.24
995.6,12.7,116.24
995.7,13.5,116.24
995.8,13.4,116.24
995.9,12.9,116.24
996.0,13.4,116.24
996.1,13.6,116.24
996.2,13.4,116.24
996.3,12.6,116.24
996.4,13.0,116.24
996.5,25.4,116.24
996.6,25.1,116.24
996.7,25.6,116.24
996.8,13.4,116.24
996.9,26.5,116.24
997.0,12.1,116.24
997.1,13.6,116.24
997.2,13.0,116.24
997.3,13.7,116.24
997.4,13.2,116.24
997.5,12.9,116.24
997.6,12.7,116.24
997.7,13.7,116.24
997.8,25.6,116.24
997.9,13.6,116.24
998.0,13.6,116.24
998.1,13.6,116.24
998.2,12.8,116.24
998.3,13.5,116.24
998.4,13.5,116.24
998.5,13.5,116.24
998.6,13.8,116.24
998.7,0.0,116.24
998.8,12.8,116.24
998.9,12.8,116.24
999.0,25.6,116.24
999.1,24.5,116.24
999.2,13.8,116.24
999.3,0.0,116.24
999.4,13.6,116.24
999.5,25.5,116.24
999.6,12.9,116.24
999.7,13.6,116.24
999.8,13.4,116.24
999.9,13.5,116.24
1000.0,13.5,116.24
1000.1,13.3,116.24
1000.2,0.0,116.24
1000.3,12.9,116.24
1000.4,13.5,116.24
1000.5,13.5,116.24
1000.6,13.6,116.24
1000.7,13.4,116.24
1000.8,12.6,116.24
1000.9,13.9,116.24
1001.0,13.5,116.24
1001.1,13.6,116.24
1001.2,13.6,116.24
1001.3,13.8,116.24
1001.4,13.3,116.24
1001.5,13.3,116.24
1001.6,12.7,116.24
1001.7,13.6,116.24
1001.8,0.0,116.24
1001.9,13.5,116.24
1002.0,12.9,116.24
1002.1,13.5,116.24
1002.2,13.3,116.24
1002.3,12.9,116.24
1002.4,13.5,116.24
1002.5,12.9,116.24
1002.6,26.1,116.24
1002.7,14.1,116.24
1002.8,0.0,116.24
1002.9,12.5,116.24
1003.0,13.6,116.24
1003.1,13.2,116.24
1003.2,13.4,116.24
1003.3,13.6,116.24
1003.4,0.0,116.24
1003.5,0.0,116.24
1003.6,13.6,116.24
1003.7,13.2,116.24
1003.8,13.4,116.24
1003.9,13.5,116.24
1004.0,13.4,116.24
1004.1,12.6,116.24
1004.2,0.0,116.24
1004.3,13.5,116.24
1004.4,13.4,116.24
1004.5,13.5,116.24
1004.6,14.1,116.24
1004.7,13.5,116.24
1004.8,25.4,116.24
1004.9,25.4,116.24
1005.0,25.6,116.24
1005.1,12.9,116.24
1005.2,12.9,116.24
1005.3,25.4,116.24
1005.4,13.4,116.24
1005.5,13.1,116.24
1005.6,26.1,116.24
1005.7,13.3,116.24
1005.8,13.6,116.24
1005.9,13.2,116.24
1006.0,13.3,116.24
1006.1,13.6,116.24
1006.2,13.6,116.24
1006.3,13.5,116.24
1006.4,25.7,116.24
1006.5,12.5,116.24
1006.6,13.7,116.24
1006.7,25.4,116.24
1006.8,23.9,116.24
1006.9,23.8,116.24
1007.0,13.2,116.24
1007.1,24.9,116.24
1007.2,13.8,116.24
1007.3,13.5,116.24
1007.4,25.4,116.24
1007.5,13.3,116.24
1007.6,26.9,116.24
1007.7,13.7,116.24
1007.8,13.1,116.24
1007.9,13.6,116.24
1008.0,25.4,116.24
1008.1,13.0,116.24
1008.2,13.2,116.24
1008.3,13.6,116.24
1008.4,13.6,116.24
1008.5,13.6,116.24
1008.6,13.8,116.24
1008.7,13.1,116.24
1008.8,13.7,116.24
1008.9,12.8,116.24
1009.0,14.1,116.24
1009.1,0.0,116.24
1009.2,13.3,116.24
1009.3,25.6,116.24
1009.4,13.5,116.24
1009.5,13.5,116.24
1009.6,13.8,116.24
1009.7,13.7,116.24
1009.8,13.6,116.24
1009.9,13.7,116.24
1010.0,24.9,116.24
1010.1,12.9,116.24
1010.2,13.5,116.24
1010.3,13.2,116.24
1010.4,13.7,116.24
1010.5,13.6,116.24
1010.6,25.0,116.24
1010.7,14.2,116.24
1010.8,14.3,116.24
1010.9,25.1,116.24
1011.0,25.6,116.24
1011.1,13.2,116.24
1011.2,0.0,116.24
1011.3,0.0,116.24
1011.4,13.3,116.24
1011.5,13.6,116.24
1011.6,0.0,116.24
1011.7,0.0,116.24
1011.8,0.0,116.24
1011.9,0.0,116.24
1012.0,13.6,116.24
1012.1,13.5,116.24
1012.2,13.6,116.24
1012.3,12.8,116.24
1012.4,12.8,116.24
1012.5,13.0,116.24
1012.6,13.5,116.24
1012.7,13.6,116.24
1012.8,13.3,116.24
1012.9,13.6,116.24
1013.0,13.6,116.24
1013.1,13.5,116.24
1013.2,13.5,116.24
1013.3,13.5,116.24
1013.4,13.4,116.24
1013.5,0.0,116.24
1013.6,12.5,116.24
1013.7,12.6,116.24
1013.8,13.4,116.24
1013.9,13.5,116.24
1014.0,13.0,116.24
1014.1,13.9,116.24
1014.2,26.1,116.24
1014.3,12.9,116.24
1014.4,13.6,116.24
1014.5,25.9,116.24
1014.6,13.0,116.24
1014.7,12.9,116.24
1014.8,25.4,116.24
1014.9,13.0,116.24
1015.0,12.9,116.24
1015.1,0.0,116.24
1015.2,0.0,116.24
1015.3,13.4,116.24
1015.4,14.5,116.24
1015.5,13.6,116.24
1015.6,26.1,116.24
1015.7,13.5,116.24
1015.8,13.5,116.24
1015.9,13.6,116.24
1016.0,13.5,116.24
1016.1,0.0,116.24
1016.2,13.3,116.24
1016.3,26.4,116.24
1016.4,13.4,116.24
1016.5,25.4,116.24
1016.6,13.1,116.24
1016.7,12.3,116.24
1016.8,26.2,116.24
1016.9,13.2,116.24
1017.0,24.6,116.24
1017.1,13.4,116.24
1017.2,13.6,116.24
1017.3,13.6,116.24
1017.4,13.2,116.24
1017.5,14.2,116.24
1017.6,13.3,116.24
1017.7,12.8,116.24
1017.8,25.8,116.24
1017.9,13.4,116.24
1018.0,13.3,116.24
1018.1,25.7,116.24
1018.2,13.8,116.24
1018.3,13.5,116.24
1018.4,13.6,116.24
1018.5,13.9,116.24
1018.6,13.0,116.24
1018.7,12.7,116.24
1018.8,13.4,116.24
1018.9,13.2,116.24
1019.0,13.6,116.24
1019.1,12.8,116.24
1019.2,12.6,116.24
1019.3,13.1,116.24
1019.4,14.1,116.24
1019.5,13.5,116.24
1019.6,14.2,116.24
1019.7,13.9,116.24
1019.8,13.2,116.24
1019.9,0.0,116.24
1020.0,13.4,116.24
1020.1,25.7,116.24
1020.2,13.3,116.24
1020.3,12.9,116.24
1020.4,13.5,116.24
1020.5,12.8,116.24
1020.6,13.6,116.24
1020.7,12.8,116.24
1020.8,13.4,116.24
1020.9,25.3,116.24
1021.0,13.3,116.24
1021.1,13.5,116.24
1021.2,13.5,116.24
1021.3,14.0,116.24
1021.4,12.7,116.24
1021.5,25.2,116.24
1021.6,13.5,116.24
1021.7,13.1,116.24
1021.8,26.6,116.24
1021.9,12.7,116.24
1022.0,13.4,116.24
1022.1,13.5,116.24
1022.2,13.6,116.24
1022.3,13.1,116.24
1022.4,13.5,116.24
1022.5,13.5,116.24
1022.6,13.4,116.24
1022.7,13.2,116.24
1022.8,12.5,116.24
1022.9,13.5,116.24
1023.0,14.0,116.24
1023.1,13.6,116.24
1023.2,13.4,116.24
1023.3,12.7,116.24
1023.4,13.7,116.24
1023.5,13.8,116.24
1023.6,13.4,116.24
1023.7,13.7,116.24
1023.8,13.6,116.24
1023.9,12.7,116.24
1024.0,25.6,116.24
1024.1,24.8,116.24
1024.2,13.2,116.24
1024.3,13.4,116.24
1024.4,13.4,116.24
1024.5,13.4,116.24
1024.6,25.8,116.24
1024.7,13.1,116.24
1024.8,13.5,116.24
1024.9,13.6,116.24
1025.0,24.4,116.24
1025.1,13.5,116.25
1025.2,12.8,116.25
1025.3,13.5,116.25
1025.4,12.8,116.25
1025.5,14.0,116.25
1025.6,13.6,116.25
1025.7,13.4,116.25
1025.8,24.8,116.25
1025.9,12.7,116.25
1026.0,13.7,116.25
1026.1,13.5,116.25
1026.2,13.4,116.25
1026.3,13.6,116.25
1026.4,13.4,116.25
1026.5,12.7,116.25
1026.6,13.5,116.25
1026.7,13.6,116.25
1026.8,13.5,116.25
1026.9,13.4,116.25
1027.0,13.7,116.25
1027.1,13.9,116.25
1027.2,13.2,116.25
1027.3,12.2,116.25
1027.4,13.5,116.25
1027.5,0.0,116.25
1027.6,24.7,116.25
1027.7,13.1,116.25
1027.8,13.4,116.25
1027.9,0.0,116.25
1028.0,13.5,116.25
1028.1,13.3,116.25
1028.2,25.4,116.25
1028.3,13.2,116.25
1028.4,13.5,116.25
1028.5,13.1,116.25
1028.6,12.8,116.25
1028.7,0.0,116.25
1028.8,13.5,116.25
1028.9,13.5,116.25
1029.0,0.0,116.25
1029.1,13.9,116.25
1029.2,13.2,116.25
1029.3,13.3,116.25
1029.4,14.0,116.25
1029.5,25.7,116.25
1029.6,13.2,116.25
1029.7,0.0,116.25
1029.8,13.5,116.25
1029.9,25.4,116.25
1030.0,27.2,116.25
1030.1,26.8,116.25
1030.2,13.4,116.25
1030.3,24.9,116.25
1030.4,26.5,116.25
1030.5,13.5,116.25
1030.6,13.6,116.25
1030.7,12.6,116.25
1030.8,12.5,116.25
1030.9,0.0,116.25
1031.0,13.6,116.25
1031.1,25.6,116.25
1031.2,13.9,116.25
1031.3,13.6,116.25
1031.4,13.4,116.25
1031.5,13.4,116.25
1031.6,0.0,116.25
1031.7,0.0,116.25
1031.8,13.8,116.25
1031.9,13.5,116.25
1032.0,26.4,116.25
1032.1,13.2,116.25
1032.2,13.4,116.25
1032.3,13.5,116.25
1032.4,12.8,116.25
1032.5,13.5,116.25
1032.6,14.0,116.25
1032.7,13.5,116.25
1032.8,13.3,116.25
1032.9,13.5,116.25
1033.0,13.5,116.25
1033.1,13.0,116.25
1033.2,13.6,116.25
1033.3,0.0,116.25
1033.4,13.4,116.25
1033.5,13.7,116.25
1033.6,12.7,116.25
1033.7,12.3,116.25
1033.8,13.8,116.25
1033.9,25.4,116.25
1034.0,13.6,116.25
1034.1,13.2,116.25
1034.2,13.6,116.25
1034.3,13.6,116.25
1034.4,12.9,116.25
1034.5,13.3,116.25
1034.6,12.9,116.25
1034.7,13.9,116.25
1034.8,25.3,116.25
1034.9,13.2,116.25
1035.0,25.2,116.25
1035.1,26.6,116.25
1035.2,13.1,116.25
1035.3,13.5,116.25
1035.4,13.5,116.25
1035.5,13.5,116.25
1035.6,12.8,116.25
1035.7,13.5,116.25
1035.8,13.7,116.25
1035.9,25.5,116.25
1036.0,13.9,116.25
1036.1,13.6,116.25
1036.2,0.0,116.25
1036.3,13.5,116.25
1036.4,26.3,116.25
1036.5,13.1,116.25
1036.6,13.6,116.25
1036.7,13.6,116.25
1036.8,26.2,116.25
1036.9,13.1,116.25
1037.0,13.5,116.25
1037.1,13.5,116.25
1037.2,13.5,116.25
1037.3,13.6,116.25
1037.4,13.0,116.25
1037.5,13.9,116.25
1037.6,14.3,116.25
1037.7,14.0,116.25
1037.8,13.3,116.25
1037.9,12.9,116.25
1038.0,14.5,116.25
1038.1,25.3,116.25
1038.2,13.3,116.25
1038.3,13.5,116.25
1038.4,0.0,116.25
1038.5,13.5,116.25
1038.6,13.8,116.25
1038.7,25.4,116.25
1038.8,0.0,116.25
1038.9,13.7,116.25
1039.0,13.2,116.25
1039.1,26.7,116.25
1039.2,13.5,116.25
1039.3,13.4,116.25
1039.4,13.2,116.25
1039.5,26.5,116.25
1039.6,13.0,116.25
1039.7,13.4,116.25
1039.8,25.3,116.25
1039.9,13.2,116.25
1040.0,0.0,116.25
1040.1,0.0,116.25
1040.2,13.9,116.25
1040.3,0.0,116.25
1040.4,14.0,116.25
1040.5,13.7,116.25
1040.6,13.7,116.25
1040.7,0.0,116.25
1040.8,13.7,116.25
1040.9,13.5,116.25
1041.0,13.8,116.25
1041.1,13.7,116.25
1041.2,13.6,116.25
1041.3,0.0,116.25
1041.4,13.9,116.25
1041.5,12.7,116.25
1041.6,13.5,116.25
1041.7,25.2,116.25
1041.8,13.3,116.25
1041.9,13.5,116.25
1042.0,13.5,116.25
1042.1,13.5,116.25
1042.2,13.4,116.25
1042.3,13.4,116.25
1042.4,25.1,116.25
1042.5,13.4,116.25
1042.6,13.4,116.25
1042.7,13.5,116.25
1042.8,13.3,116.25
1042.9,13.3,116.25
1043.0,14.2,116.25
1043.1,13.6,116.25
1043.2,13.6,116.25
1043.3,12.8,116.25
1043.4,13.8,116.25
1043.5,13.5,116.25
1043.6,0.0,116.25
1043.7,13.0,116.25
1043.8,0.0,116.25
1043.9,13.3,116.25
1044.0,13.5,116.25
1044.1,13.6,116.25
1044.2,13.6,116.26
1044.3,13.5,116.26
1044.4,13.8,116.26
1044.5,13.5,116.26
1044.6,12.9,116.26
1044.7,13.6,116.26
1044.8,0.0,116.26
1044.9,13.5,116.26
1045.0,13.6,116.26
1045.1,14.2,116.26
1045.2,25.4,116.26
1045.3,13.3,116.26
1045.4,13.7,116.26
1045.5,13.7,116.26
1045.6,13.4,116.26
1045.7,12.8,116.26
1045.8,13.4,116.26
1045.9,13.6,116.26
1046.0,13.4,116.26
1046.1,13.6,116.26
1046.2,13.0,116.26
1046.3,12.8,116.26
1046.4,13.5,116.26
1046.5,14.2,116.26
1046.6,13.6,116.26
1046.7,26.4,116.26
1046.8,13.4,116.26
1046.9,13.7,116.26
1047.0,13.8,116.26
1047.1,0.0,116.26
1047.2,13.2,116.26
1047.3,25.1,116.26
1047.4,26.2,116.26
1047.5,12.6,116.26
1047.6,0.0,116.26
1047.7,24.9,116.26
1047.8,0.0,116.26
1047.9,13.4,116.26
1048.0,13.6,116.26
1048.1,13.6,116.26
1048.2,13.7,116.26
1048.3,13.7,116.26
1048.4,13.5,116.26
1048.5,0.0,116.26
1048.6,13.1,116.26
1048.7,13.3,116.26
1048.8,13.1,116.26
1048.9,0.0,116.26
1049.0,13.5,116.26
1049.1,11.9,116.26
1049.2,25.8,116.26
1049.3,12.7,116.26
1049.4,12.6,116.26
1049.5,14.1,116.26
1049.6,13.5,116.26
1049.7,14.6,116.26
1049.8,14.0,116.26
1049.9,25.6,116.26
1050.0,25.7,116.26
1050.1,14.2,116.26
1050.2,13.8,116.26
1050.3,13.5,116.26
1050.4,13.8,116.26
1050.5,13.2,116.26
1050.6,13.6,116.26
1050.7,14.0,116.26
1050.8,12.9,116.26
1050.9,13.3,116.26
1051.0,14.3,116.26
1051.1,14.7,116.26
1051.2,13.0,116.26
1051.3,13.4,116.26
1051.4,14.5,116.26
1051.5,13.5,116.26
1051.6,12.6,116.26
1051.7,12.7,116.26
1051.8,13.9,116.26
1051.9,13.5,116.26
1052.0,27.2,116.26
1052.1,13.6,116.26
1052.2,0.0,116.26
1052.3,13.5,116.26
1052.4,13.4,116.26
1052.5,0.0,116.26
1052.6,13.5,116.26
1052.7,13.0,116.26
1052.8,0.0,116.26
1052.9,14.3,116.26
1053.0,12.8,116.26
1053.1,13.5,116.26
1053.2,13.6,116.26
1053.3,12.7,116.26
1053.4,0.0,116.26
1053.5,0.0,116.26
1053.6,13.5,116.26
1053.7,13.8,116.26
1053.8,0.0,116.26
1053.9,13.6,116.26
1054.0,13.6,116.26
1054.1,13.2,116.26
1054.2,0.0,116.26
1054.3,13.6,116.26
1054.4,25.1,116.26
1054.5,13.7,116.26
1054.6,25.5,116.26
1054.7,13.7,116.26
1054.8,13.5,116.26
1054.9,14.3,116.26
1055.0,13.4,116.26
1055.1,13.8,116.26
1055.2,0.0,116.26
1055.3,12.8,116.26
1055.4,24.5,116.26
1055.5,26.2,116.26
1055.6,14.5,116.26
1055.7,13.6,116.26
1055.8,13.3,116.26
1055.9,13.2,116.26
1056.0,25.6,116.26
1056.1,13.3,116.26
1056.2,13.4,116.26
1056.3,25.4,116.26
1056.4,13.1,116.26
1056.5,13.3,116.26
1056.6,13.2,116.26
1056.7,13.6,116.26
1056.8,13.5,116.26
1056.9,25.0,116.26
1057.0,25.1,116.27
1057.1,37.3,116.27
1057.2,14.4,116.27
1057.3,14.1,116.27
1057.4,0.0,116.27
1057.5,13.6,116.27
1057.6,13.5,116.27
1057.7,12.8,116.27
1057.8,13.4,116.27
1057.9,13.8,116.27
1058.0,0.0,116.27
1058.1,13.0,116.27
1058.2,27.0,116.27
1058.3,0.0,116.27
1058.4,13.8,116.27
1058.5,12.9,116.27
1058.6,0.0,116.27
1058.7,12.5,116.27
1058.8,13.6,116.27
1058.9,13.8,116.27
1059.0,13.8,116.27
1059.1,13.6,116.27
1059.2,13.4,116.27
1059.3,25.1,116.27
1059.4,0.0,116.27
1059.5,0.0,116.27
1059.6,12.9,116.27
1059.7,13.4,116.27
1059.8,13.4,116.27
1059.9,13.8,116.27
1060.0,0.0,116.27
1060.1,0.0,116.27
1060.2,0.0,116.27
1060.3,13.5,116.27
1060.4,14.5,116.27
1060.5,13.9,116.27
1060.6,13.4,116.27
1060.7,0.0,116.27
1060.8,0.0,116.27
1060.9,13.4,116.27
1061.0,13.7,116.27
1061.1,13.5,116.27
1061.2,13.6,116.27
1061.3,13.3,116.27
1061.4,13.6,116.27
1061.5,25.9,116.27
1061.6,12.7,116.27
1061.7,13.7,116.27
1061.8,13.4,116.27
1061.9,0.0,116.27
1062.0,13.2,116.27
1062.1,13.5,116.27
1062.2,0.0,116.27
1062.3,13.6,116.27
1062.4,25.1,116.27
1062.5,25.5,116.27
1062.6,24.9,116.27
1062.7,24.7,116.27
1062.8,13.0,116.27
1062.9,13.5,116.27
1063.0,14.0,116.27
1063.1,25.6,116.27
1063.2,13.2,116.27
1063.3,0.0,116.27
1063.4,13.3,116.33
1063.5,13.4,116.33
1063.6,25.5,116.33
1063.7,14.2,116.33
1063.8,13.9,116.33
1063.9,26.0,116.33
1064.0,0.0,116.33
1064.1,13.8,116.33
1064.2,14.1,116.33
1064.3,13.6,116.33
1064.4,13.4,116.33
1064.5,13.7,116.33
1064.6,25.0,116.33
1064.7,25.8,116.33
1064.8,13.3,116.33
1064.9,13.1,116.33
1065.0,12.8,116.33
1065.1,13.2,116.33
1065.2,12.7,116.33
1065.3,13.9,116.33
1065.4,0.0,116.33
1065.5,13.3,116.33
1065.6,24.7,116.33
1065.7,13.3,116.33
1065.8,12.7,116.33
1065.9,0.0,116.33
1066.0,13.5,116.33
1066.1,13.5,116.33
1066.2,13.2,116.33
1066.3,13.2,116.33
1066.4,14.0,116.33
1066.5,13.1,116.33
1066.6,12.1,116.33
1066.7,13.6,116.33
1066.8,13.8,116.33
1066.9,26.5,116.33
1067.0,12.7,116.33
1067.1,13.2,116.33
1067.2,13.7,116.33
1067.3,13.1,116.33
1067.4,13.3,116.33
1067.5,13.3,116.33
1067.6,13.5,116.33
1067.7,12.6,116.33
1067.8,12.6,116.33
1067.9,13.5,116.33
1068.0,13.1,116.33
1068.1,13.3,116.33
1068.2,13.7,116.33
1068.3,25.4,116.33
1068.4,13.5,116.33
1068.5,13.6,116.33
1068.6,13.3,116.33
1068.7,12.9,116.33
1068.8,13.4,116.33
1068.9,12.6,116.33
1069.0,12.6,116.33
1069.1,13.6,116.33
1069.2,13.3,116.33
1069.3,12.1,116.33
1069.4,12.6,116.33
1069.5,13.5,116.33
1069.6,0.0,116.33
1069.7,12.5,116.33
1069.8,13.2,116.33
1069.9,13.4,116.33
1070.0,24.5,116.33
1070.1,24.7,116.33
1070.2,12.8,116.33
1070.3,13.5,116.33
1070.4,25.2,116.33
1070.5,13.5,116.33
1070.6,13.4,116.33
1070.7,13.8,116.33
1070.8,26.5,116.33
1070.9,13.3,116.33
1071.0,13.8,116.33
1071.1,12.9,116.33
1071.2,26.6,116.33
1071.3,12.7,116.33
1071.4,0.0,116.33
1071.5,13.6,116.33
1071.6,14.0,116.33
1071.7,13.9,116.33
1071.8,0.0,116.33
1071.9,13.1,116.33
1072.0,13.9,116.33
1072.1,13.6,116.33
1072.2,12.8,116.33
1072.3,12.6,116.33
1072.4,12.6,116.33
1072.5,26.4,116.33
1072.6,0.0,116.33
1072.7,13.2,116.33
1072.8,14.6,116.33
1072.9,13.8,116.33
1073.0,13.3,116.33
1073.1,14.3,116.33
1073.2,14.1,116.33
1073.3,14.1,116.33
1073.4,14.3,116.33
1073.5,13.0,116.33
1073.6,13.3,116.33
1073.7,13.5,116.33
1073.8,13.2,116.33
1073.9,13.6,116.33
1074.0,13.4,116.33
1074.1,25.2,116.33
1074.2,13.4,116.33
1074.3,0.0,116.33
1074.4,13.4,116.33
1074.5,13.0,116.33
1074.6,13.5,116.33
1074.7,38.6,116.33
1074.8,13.2,116.33
1074.9,13.5,116.33
1075.0,25.3,116.33
1075.1,13.1,116.33
1075.2,13.5,116.33
1075.3,13.2,116.33
1075.4,24.7,116.33
1075.5,12.4,116.33
1075.6,13.3,116.33
1075.7,13.9,116.33
1075.8,14.0,116.33
1075.9,13.4,116.33
1076.0,13.0,116.33
1076.1,13.5,116.33
1076.2,13.8,116.33
1076.3,13.5,116.33
1076.4,13.4,116.33
1076.5,13.6,116.33
1076.6,12.6,116.33
1076.7,13.4,116.33
1076.8,13.8,116.33
1076.9,25.3,116.33
1077.0,13.5,116.33
1077.1,0.0,116.33
1077.2,13.2,116.33
1077.3,13.5,116.33
1077.4,13.3,116.33
1077.5,24.8,116.33
1077.6,13.4,116.33
1077.7,0.0,116.33
1077.8,13.5,116.33
1077.9,13.5,116.33
1078.0,13.5,116.33
1078.1,14.2,116.33
1078.2,25.5,116.33
1078.3,13.6,116.33
1078.4,25.3,116.33
1078.5,13.3,116.33
1078.6,13.4,116.33
1078.7,13.3,116.33
1078.8,12.4,116.33
1078.9,13.0,116.33
1079.0,12.4,116.33
1079.1,0.0,116.33
1079.2,12.2,116.33
1079.3,13.7,116.33
1079.4,12.6,116.33
1079.5,13.2,116.33
1079.6,24.6,116.33
1079.7,12.5,116.33
1079.8,0.0,116.33
1079.9,12.9,116.33
1080.0,0.0,116.33
1080.1,12.8,116.33
1080.2,13.7,116.33
1080.3,14.0,116.33
1080.4,13.5,116.33
1080.5,13.4,116.33
1080.6,13.4,116.33
1080.7,25.5,116.33
1080.8,13.5,116.33
1080.9,12.4,116.33
1081.0,0.0,116.33
1081.1,13.3,116.33
1081.2,0.0,116.33
1081.3,13.0,116.33
1081.4,13.1,116.33
1081.5,23.9,116.33
1081.6,24.6,116.33
1081.7,12.8,116.33
1081.8,12.5,116.33
1081.9,12.5,116.33
1082.0,13.8,116.33
1082.1,12.7,116.33
1082.2,13.2,116.33
1082.3,12.5,116.33
1082.4,26.4,116.33
1082.5,24.9,116.33
1082.6,24.9,116.33
1082.7,13.5,116.33
1082.8,13.2,116.33
1082.9,13.4,116.33
1083.0,0.0,116.33
1083.1,0.0,116.33
1083.2,0.0,116.33
1083.3,13.5,116.33
1083.4,13.6,116.33
1083.5,13.4,116.33
1083.6,13.6,116.33
1083.7,13.5,116.33
1083.8,13.2,116.33
1083.9,12.9,116.33
1084.0,13.6,116.33
1084.1,12.6,116.33
1084.2,12.8,116.33
1084.3,12.6,116.33
1084.4,13.7,116.33
1084.5,12.7,116.33
1084.6,13.5,116.33
1084.7,13.4,116.33
1084.8,12.9,116.33
1084.9,25.5,116.33
1085.0,25.3,116.33
1085.1,13.8,116.33
1085.2,13.9,116.33
1085.3,13.7,116.33
1085.4,13.4,116.33
1085.5,13.4,116.33
1085.6,12.8,116.33
1085.7,13.6,116.33
1085.8,13.5,116.33
1085.9,26.8,116.33
1086.0,12.7,116.33
1086.1,13.6,116.33
1086.2,25.4,116.33
1086.3,25.3,116.33
1086.4,25.0,116.33
1086.5,13.9,116.33
1086.6,14.1,116.33
1086.7,13.5,116.33
1086.8,12.7,116.33
1086.9,13.3,116.33
1087.0,12.8,116.33
1087.1,12.8,116.33
1087.2,12.7,116.33
1087.3,12.8,116.33
1087.4,13.6,116.33
1087.5,13.1,116.33
1087.6,13.9,116.33
1087.7,13.1,116.33
1087.8,13.5,116.33
1087.9,13.6,116.33
1088.0,13.3,116.33
1088.1,13.5,116.33
1088.2,13.3,116.33
1088.3,0.0,116.33
1088.4,13.6,116.33
1088.5,13.1,116.33
1088.6,13.4,116.33
1088.7,0.0,116.33
1088.8,13.6,116.33
1088.9,13.8,116.33
1089.0,26.4,116.33
1089.1,13.4,116.33
1089.2,26.4,116.33
1089.3,14.1,116.33
1089.4,25.3,116.33
1089.5,13.7,116.33
1089.6,13.6,116.33
1089.7,13.5,116.33
1089.8,13.6,116.33
1089.9,26.5,116.33
1090.0,14.3,116.33
1090.1,14.3,116.33
1090.2,14.3,116.33
1090.3,25.8,116.33
1090.4,13.5,116.33
1090.5,13.9,116.33
1090.6,13.3,116.33
1090.7,13.4,116.33
1090.8,13.6,116.33
1090.9,13.0,116.33
1091.0,13.4,116.33
1091.1,13.0,116.33
1091.2,13.3,116.33
1091.3,13.6,116.33
1091.4,13.6,116.33
1091.5,13.2,116.33
1091.6,13.9,116.33
1091.7,13.6,116.33
1091.8,12.6,116.33
1091.9,13.5,116.33
1092.0,24.7,116.33
1092.1,12.7,116.33
1092.2,13.4,116.33
1092.3,13.5,116.33
1092.4,13.4,116.33
1092.5,26.6,116.33
1092.6,0.0,116.33
1092.7,25.9,116.33
1092.8,13.9,116.33
1092.9,13.5,116.33
1093.0,13.6,116.33
1093.1,25.2,116.33
1093.2,0.0,116.33
1093.3,12.7,116.33
1093.4,13.4,116.33
1093.5,26.6,116.33
1093.6,13.4,116.33
1093.7,12.6,116.33
1093.8,13.8,116.33
1093.9,12.5,116.33
1094.0,13.5,116.33
1094.1,13.4,116.33
1094.2,12.8,116.33
1094.3,13.5,116.33
1094.4,25.2,116.33
1094.5,13.7,116.33
1094.6,13.7,116.33
1094.7,13.5,116.33
1094.8,13.4,116.33
1094.9,13.3,116.33
1095.0,13.3,116.33
1095.1,13.5,116.33
1095.2,25.1,116.33
1095.3,13.2,116.33
1095.4,13.3,116.33
1095.5,12.8,116.33
1095.6,12.9,116.33
1095.7,13.6,116.33
1095.8,13.5,116.33
1095.9,25.5,116.33
1096.0,25.4,116.33
1096.1,0.0,116.33
1096.2,13.7,116.33
1096.3,13.6,116.33
1096.4,13.4,116.33
1096.5,13.5,116.33
1096.6,13.4,116.33
1096.7,12.8,116.33
1096.8,0.0,116.33
1096.9,13.8,116.33
1097.0,13.5,116.33
1097.1,13.6,116.33
1097.2,13.7,116.33
1097.3,12.7,116.33
1097.4,26.6,116.33
1097.5,13.6,116.33
1097.6,13.5,116.33
1097.7,13.3,116.33
1097.8,12.6,116.33
1097.9,14.1,116.33
1098.0,13.5,116.33
1098.1,13.6,116.33
1098.2,13.4,116.33
1098.3,0.0,116.33
1098.4,12.7,116.33
1098.5,13.6,116.33
1098.6,13.6,116.33
1098.7,13.4,116.33
1098.8,13.4,116.33
1098.9,13.4,116.33
1099.0,13.4,116.33
1099.1,25.5,116.33
1099.2,13.4,116.33
1099.3,0.0,116.33
1099.4,12.7,116.33
1099.5,12.5,116.33
1099.6,0.0,116.33
1099.7,13.5,116.33
1099.8,13.4,116.33
1099.9,12.9,116.33
1100.0,13.4,116.33
1100.1,13.6,116.33
1100.2,12.9,116.33
1100.3,26.0,116.33
1100.4,13.5,116.33
1100.5,13.3,116.33
1100.6,12.7,116.33
1100.7,13.5,116.33
1100.8,25.5,116.33
1100.9,13.5,116.33
1101.0,13.7,116.33
1101.1,13.5,116.33
1101.2,25.1,116.33
1101.3,13.5,116.33
1101.4,12.7,116.33
1101.5,13.8,116.33
1101.6,13.5,116.33
1101.7,13.9,116.33
1101.8,24.9,116.33
1101.9,25.5,116.33
1102.0,24.7,116.33
1102.1,13.4,116.33
1102.2,12.6,116.33
1102.3,13.7,116.33
1102.4,13.8,116.33
1102.5,13.4,116.33
1102.6,13.4,116.33
1102.7,13.8,116.33
1102.8,25.8,116.33
1102.9,26.8,116.33
1103.0,12.7,116.33
1103.1,12.6,116.33
1103.2,13.4,116.33
1103.3,25.2,116.33
1103.4,13.7,116.33
1103.5,13.9,116.33
1103.6,13.6,116.33
1103.7,13.2,116.33
1103.8,25.4,116.33
1103.9,13.2,116.33
1104.0,12.7,116.33
1104.1,13.3,116.33
1104.2,13.5,116.33
1104.3,0.0,116.33
1104.4,25.4,116.33
1104.5,13.5,116.33
1104.6,25.7,116.33
1104.7,13.4,116.33
1104.8,12.7,116.33
1104.9,13.2,116.33
1105.0,34.2,116.33
1105.1,13.7,116.33
1105.2,13.8,116.33
1105.3,13.8,116.33
1105.4,13.2,116.33
1105.5,25.3,116.33
1105.6,13.5,116.33
1105.7,13.5,116.33
1105.8,13.1,116.33
1105.9,12.5,116.33
1106.0,0.0,116.33
1106.1,12.8,116.33
1106.2,13.5,116.33
1106.3,12.6,116.33
1106.4,13.5,116.33
1106.5,25.7,116.33
1106.6,13.4,116.33
1106.7,13.4,116.33
1106.8,13.5,116.33
1106.9,25.3,116.33
1107.0,25.6,116.33
1107.1,0.0,116.33
1107.2,13.3,116.33
1107.3,13.6,116.33
1107.4,12.6,116.33
1107.5,0.0,116.33
1107.6,13.5,116.33
1107.7,25.5,116.33
1107.8,13.6,116.33
1107.9,13.5,116.33
1108.0,13.2,116.33
1108.1,13.2,116.33
1108.2,13.4,116.33
1108.3,14.1,116.33
1108.4,13.5,116.33
1108.5,13.7,116.33
1108.6,13.5,116.33
1108.7,12.7,116.33
1108.8,25.7,116.33
1108.9,13.4,116.33
1109.0,12.6,116.33
1109.1,12.7,116.33
1109.2,13.5,116.33
1109.3,12.6,116.33
1109.4,13.4,116.33
1109.5,25.1,116.33
1109.6,25.0,116.33
1109.7,24.8,116.33
1109.8,13.8,116.33
1109.9,12.9,116.33
1110.0,13.4,116.33
1110.1,13.8,116.33
1110.2,13.9,116.33
1110.3,13.1,116.33
1110.4,13.5,116.33
1110.5,13.4,116.33
1110.6,13.5,116.33
1110.7,13.4,116.33
1110.8,13.2,116.33
1110.9,13.4,116.33
1111.0,13.5,116.33
1111.1,13.0,116.33
1111.2,12.6,116.33
1111.3,13.3,116.33
1111.4,12.7,116.33
1111.5,13.5,116.33
1111.6,13.0,116.33
1111.7,13.4,116.33
1111.8,13.1,116.33
1111.9,26.4,116.33
1112.0,13.5,116.33
1112.1,13.4,116.33
1112.2,13.8,116.33
1112.3,13.5,116.33
1112.4,25.0,116.33
1112.5,26.6,116.33
1112.6,13.3,116.33
1112.7,13.5,116.33
1112.8,13.8,116.33
1112.9,13.5,116.33
1113.0,13.2,116.33
1113.1,25.3,116.33
1113.2,13.4,116.33
1113.3,0.0,116.33
1113.4,13.4,116.33
1113.5,25.1,116.33
1113.6,25.2,116.33
1113.7,13.4,116.33
1113.8,12.7,116.33
1113.9,13.3,116.33
1114.0,12.7,116.33
1114.1,12.9,116.33
1114.2,12.6,116.33
1114.3,13.4,116.33
1114.4,13.5,116.33
1114.5,25.6,116.33
1114.6,25.2,116.33
1114.7,13.3,116.33
1114.8,13.4,116.33
1114.9,25.5,116.33
1115.0,25.1,116.33
1115.1,13.0,116.33
1115.2,12.8,116.33
1115.3,12.8,116.33
1115.4,13.5,116.33
1115.5,0.0,116.33
1115.6,13.6,116.33
1115.7,25.4,116.33
1115.8,13.3,116.33
1115.9,13.6,116.33
1116.0,13.5,116.33
1116.1,13.5,116.33
1116.2,12.9,116.33
1116.3,14.2,116.33
1116.4,13.5,116.33
1116.5,12.7,116.33
1116.6,13.4,116.33
1116.7,13.6,116.33
1116.8,0.0,116.33
1116.9,12.7,116.33
1117.0,13.3,116.33
1117.1,13.5,116.33
1117.2,13.4,116.33
1117.3,13.3,116.33
1117.4,13.4,116.33
1117.5,13.9,116.33
1117.6,25.1,116.33
1117.7,13.3,116.33
1117.8,13.5,116.33
1117.9,12.9,116.33
1118.0,12.7,116.33
1118.1,13.3,116.33
1118.2,25.1,116.33
1118.3,13.5,116.33
1118.4,26.3,116.33
1118.5,24.8,116.33
1118.6,12.9,116.33
1118.7,13.5,116.33
1118.8,24.3,116.33
1118.9,13.4,116.33
1119.0,13.4,116.33
1119.1,25.1,116.33
1119.2,26.4,116.33
1119.3,12.7,116.33
1119.4,13.5,116.33
1119.5,13.6,116.33
1119.6,13.4,116.33
1119.7,13.3,116.33
1119.8,0.0,116.33
1119.9,14.2,116.33
1120.0,14.2,116.33
1120.1,13.5,116.33
1120.2,13.6,116.33
1120.3,13.3,116.33
1120.4,0.0,116.33
1120.5,13.5,116.33
1120.6,13.4,116.33
1120.7,13.2,116.33
1120.8,13.4,116.33
1120.9,25.4,116.33
1121.0,14.4,116.33
1121.1,13.6,116.33
1121.2,25.3,116.33
1121.3,25.4,116.33
1121.4,13.3,116.33
1121.5,13.3,116.33
1121.6,25.9,116.33
1121.7,14.3,116.33
1121.8,13.5,116.33
1121.9,25.3,116.33
1122.0,13.4,116.33
1122.1,12.9,116.33
1122.2,13.3,116.33
1122.3,13.5,116.33
1122.4,26.1,116.33
1122.5,25.1,116.33
1122.6,13.3,116.33
1122.7,0.0,116.33
1122.8,13.3,116.33
1122.9,26.0,116.33
1123.0,13.4,116.33
1123.1,13.5,116.33
1123.2,13.7,116.33
1123.3,13.4,116.33
1123.4,12.5,116.33
1123.5,13.3,116.33
1123.6,13.5,116.33
1123.7,14.1,116.33
1123.8,13.4,116.33
1123.9,13.0,116.33
1124.0,24.8,116.33
1124.1,0.0,116.33
1124.2,13.4,116.33
1124.3,14.3,116.33
1124.4,24.8,116.33
1124.5,13.0,116.33
1124.6,13.5,116.33
1124.7,13.1,116.33
1124.8,14.1,116.33
1124.9,13.5,116.33
1125.0,13.4,116.33
1125.1,13.4,116.33
1125.2,13.3,116.33
1125.3,13.6,116.33
1125.4,13.3,116.33
1125.5,13.3,116.33
1125.6,25.5,116.33
1125.7,13.7,116.33
1125.8,26.2,116.33
1125.9,13.1,116.33
1126.0,12.7,116.33
1126.1,13.2,116.33
1126.2,13.3,116.33
1126.3,13.3,116.33
1126.4,13.5,116.33
1126.5,12.3,116.33
1126.6,13.3,116.33
1126.7,13.4,116.33
1126.8,12.5,116.33
1126.9,13.2,116.33
1127.0,25.0,116.33
1127.1,13.1,116.33
1127.2,12.5,116.33
1127.3,13.4,116.33
1127.4,26.2,116.33
1127.5,13.2,116.33
1127.6,0.0,116.33
1127.7,13.2,116.33
1127.8,13.4,116.33
1127.9,12.7,116.33
1128.0,25.4,116.33
1128.1,14.1,116.33
1128.2,26.6,116.33
1128.3,13.5,116.33
1128.4,24.8,116.33
1128.5,26.6,116.33
1128.6,13.5,116.33
1128.7,25.7,116.33
1128.8,13.4,116.33
1128.9,0.0,116.33
1129.0,0.0,116.33
1129.1,13.2,116.33
1129.2,13.3,116.33
1129.3,13.4,116.33
1129.4,25.2,116.33
1129.5,13.4,116.33
1129.6,13.5,116.33
1129.7,13.4,116.33
1129.8,12.6,116.33
1129.9,12.8,116.33
1130.0,13.4,116.33
1130.1,13.4,116.33
1130.2,13.6,116.33
1130.3,13.4,116.33
1130.4,12.9,116.33
1130.5,13.6,116.33
1130.6,13.1,116.33
1130.7,13.5,116.33
1130.8,13.5,116.33
1130.9,12.9,116.33
1131.0,13.9,116.33
1131.1,13.0,116.33
1131.2,13.4,116.33
1131.3,12.5,116.33
1131.4,13.5,116.33
1131.5,25.2,116.33
1131.6,13.5,116.33
1131.7,12.8,116.33
1131.8,13.4,116.33
1131.9,13.4,116.33
1132.0,13.2,116.33
1132.1,13.4,116.33
1132.2,13.2,116.33
1132.3,13.7,116.33
1132.4,14.4,116.33
1132.5,14.3,116.33
1132.6,25.1,116.33
1132.7,13.5,116.33
1132.8,12.7,116.33
1132.9,0.0,116.33
1133.0,13.4,116.33
1133.1,13.7,116.33
1133.2,13.6,116.33
1133.3,12.7,116.33
1133.4,13.4,116.33
1133.5,26.2,116.33
1133.6,13.2,116.33
1133.7,12.9,116.33
1133.8,25.7,116.33
1133.9,13.3,116.33
1134.0,13.7,116.33
1134.1,13.4,116.33
1134.2,13.3,116.33
1134.3,12.5,116.33
1134.4,12.7,116.33
1134.5,12.6,116.33
1134.6,0.0,116.33
1134.7,13.5,116.33
1134.8,13.3,116.33
1134.9,13.6,116.33
1135.0,13.4,116.33
1135.1,13.4,116.33
1135.2,13.5,116.33
1135.3,13.3,116.33
1135.4,12.7,116.33
1135.5,13.4,116.33
1135.6,13.5,116.33
1135.7,13.1,116.33
1135.8,25.7,116.33
1135.9,13.4,116.33
1136.0,14.3,116.33
1136.1,13.5,116.33
1136.2,13.6,116.33
1136.3,13.4,116.33
1136.4,12.9,116.33
1136.5,13.4,116.33
1136.6,13.1,116.33
1136.7,13.4,116.33
1136.8,14.1,116.33
1136.9,13.4,116.33
1137.0,25.0,116.33
1137.1,13.7,116.33
1137.2,13.5,116.33
1137.3,13.5,116.33
1137.4,13.4,116.33
1137.5,13.5,116.33
1137.6,13.5,116.33
1137.7,12.4,116.33
1137.8,13.4,116.33
1137.9,13.5,116.33
1138.0,13.3,116.33
1138.1,13.3,116.33
1138.2,13.1,116.33
1138.3,25.3,116.33
1138.4,0.0,116.33
1138.5,0.0,116.33
1138.6,13.5,116.33
1138.7,25.7,116.33
1138.8,25.1,116.33
1138.9,14.2,116.33
1139.0,25.4,116.33
1139.1,13.0,116.33
1139.2,12.8,116.33
1139.3,14.2,116.33
1139.4,24.9,116.33
1139.5,12.6,116.33
1139.6,26.4,116.33
1139.7,13.2,116.33
1139.8,0.0,116.33
1139.9,14.1,116.33
1140.0,13.7,116.33
1140.1,13.6,116.33
1140.2,0.0,116.33
1140.3,0.0,116.33
1140.4,12.7,116.33
1140.5,12.7,116.33
1140.6,12.4,116.33
1140.7,13.3,116.33
1140.8,13.5,116.33
1140.9,13.6,116.33
1141.0,14.4,116.33
1141.1,14.0,116.33
1141.2,13.6,116.33
1141.3,13.1,116.33
1141.4,13.6,116.33
1141.5,25.8,116.33
1141.6,13.5,116.33
1141.7,0.0,116.33
1141.8,12.4,116.33
1141.9,12.4,116.33
1142.0,0.0,116.33
1142.1,0.0,116.33
1142.2,13.3,116.33
1142.3,25.8,116.33
1142.4,14.0,116.33
1142.5,13.7,116.33
1142.6,0.0,116.33
1142.7,12.6,116.33
1142.8,13.4,116.33
1142.9,13.6,116.33
1143.0,13.2,116.33
1143.1,14.3,116.33
1143.2,13.6,116.33
1143.3,13.1,116.33
1143.4,13.3,116.33
1143.5,13.2,116.33
1143.6,13.4,116.33
1143.7,12.7,116.33
1143.8,13.5,116.33
1143.9,13.5,116.33
1144.0,13.8,116.33
1144.1,13.3,116.33
1144.2,25.9,116.33
1144.3,14.0,116.33
1144.4,13.3,116.33
1144.5,13.5,116.33
1144.6,13.4,116.33
1144.7,13.5,116.33
1144.8,13.3,116.33
1144.9,13.4,116.33
1145.0,13.0,116.33
1145.1,25.1,116.33
1145.2,13.6,116.33
1145.3,12.6,116.33
1145.4,12.8,116.33
1145.5,13.3,116.33
1145.6,13.8,116.33
1145.7,13.4,116.33
1145.8,13.4,116.33
1145.9,24.8,116.33
1146.0,13.9,116.33
1146.1,13.7,116.33
1146.2,13.0,116.33
1146.3,14.3,116.33
1146.4,26.1,116.33
1146.5,13.5,116.33
1146.6,13.5,116.33
1146.7,13.5,116.33
1146.8,13.4,116.33
1146.9,13.4,116.33
1147.0,13.4,116.33
1147.1,13.5,116.33
1147.2,13.2,116.33
1147.3,13.5,116.33
1147.4,13.4,116.33
1147.5,12.6,116.33
1147.6,0.0,116.33
1147.7,13.5,116.33
1147.8,13.5,116.33
1147.9,24.9,116.33
1148.0,25.1,116.33
1148.1,25.2,116.33
1148.2,0.0,116.33
1148.3,13.4,116.33
1148.4,0.0,116.33
1148.5,13.4,116.33
1148.6,13.5,116.33
1148.7,25.0,116.33
1148.8,13.5,116.33
1148.9,13.0,116.33
1149.0,13.3,116.33
1149.1,24.7,116.33
1149.2,13.4,116.33
1149.3,12.9,116.33
1149.4,25.5,116.33
1149.5,24.6,116.33
1149.6,25.2,116.33
1149.7,24.7,116.33
1149.8,13.2,116.33
1149.9,13.4,116.33
1150.0,13.5,116.33
1150.1,13.4,116.33
1150.2,25.2,116.33
1150.3,13.5,116.33
1150.4,12.6,116.33
1150.5,26.9,116.33
1150.6,13.5,116.33
1150.7,0.0,116.33
1150.8,13.6,116.33
1150.9,13.5,116.33
1151.0,13.4,116.33
1151.1,13.5,116.33
1151.2,27.4,116.33
1151.3,13.5,116.33
1151.4,13.5,116.33
1151.5,13.5,116.33
1151.6,13.2,116.33
1151.7,26.3,116.33
1151.8,13.9,116.33
1151.9,13.5,116.33
1152.0,13.4,116.33
1152.1,13.3,116.33
1152.2,13.2,116.33
1152.3,25.0,116.33
1152.4,13.4,116.33
1152.5,13.5,116.33
1152.6,13.4,116.33
1152.7,0.0,116.33
1152.8,13.5,116.33
1152.9,13.2,116.33
1153.0,13.4,116.33
1153.1,13.4,116.33
1153.2,11.5,116.33
1153.3,0.0,116.33
1153.4,13.5,116.33
1153.5,12.8,116.33
1153.6,13.5,116.33
1153.7,12.7,116.33
1153.8,13.3,116.33
1153.9,13.4,116.33
1154.0,13.9,116.33
1154.1,13.5,116.33
1154.2,0.0,116.33
1154.3,13.5,116.33
1154.4,13.3,116.33
1154.5,13.6,116.33
1154.6,13.3,116.33
1154.7,12.6,116.33
1154.8,13.4,116.33
1154.9,13.5,116.33
1155.0,13.5,116.33
1155.1,13.5,116.33
1155.2,14.0,116.33
1155.3,25.3,116.33
1155.4,13.5,116.33
1155.5,24.3,116.33
1155.6,12.9,116.33
1155.7,12.9,116.33
1155.8,26.7,116.33
1155.9,13.6,116.33
1156.0,13.4,116.33
1156.1,13.5,116.33
1156.2,25.3,116.33
1156.3,12.6,116.33
1156.4,25.3,116.33
1156.5,14.0,116.33
1156.6,25.1,116.33
1156.7,13.6,116.33
1156.8,25.2,116.33
1156.9,26.4,116.33
1157.0,13.4,116.33
1157.1,0.0,116.33
1157.2,13.3,116.33
1157.3,13.5,116.33
1157.4,13.2,116.33
1157.5,13.6,116.33
1157.6,12.9,116.33
1157.7,13.0,116.33
1157.8,25.3,116.33
1157.9,13.6,116.33
1158.0,26.4,116.33
1158.1,25.0,116.33
1158.2,12.9,116.33
1158.3,12.7,116.33
1158.4,0.0,116.33
1158.5,21.5,116.33
1158.6,13.5,116.33
1158.7,12.6,116.33
1158.8,13.5,116.33
1158.9,12.6,116.33
1159.0,13.5,116.33
1159.1,13.4,116.33
1159.2,13.5,116.33
1159.3,25.5,116.33
1159.4,13.5,116.33
1159.5,13.5,116.33
1159.6,13.7,116.33
1159.7,25.1,116.33
1159.8,13.1,116.33
1159.9,13.0,116.33
1160.0,13.5,116.33
1160.1,13.5,116.33
1160.2,13.5,116.33
1160.3,0.0,116.33
1160.4,0.0,116.33
1160.5,0.0,116.33
1160.6,13.7,116.33
1160.7,14.1,116.33
1160.8,24.5,116.33
1160.9,26.6,116.33
1161.0,0.0,116.33
1161.1,13.3,116.33
1161.2,13.7,116.33
1161.3,25.3,116.33
1161.4,13.1,116.33
1161.5,12.7,116.33
1161.6,13.5,116.33
1161.7,13.6,116.33
1161.8,13.5,116.33
1161.9,11.9,116.33
1162.0,33.7,116.33
1162.1,13.8,116.33
1162.2,0.0,116.33
1162.3,13.3,116.33
1162.4,13.7,116.33
1162.5,13.4,116.33
1162.6,27.5,116.33
1162.7,26.1,116.33
1162.8,13.5,116.33
1162.9,0.0,116.33
1163.0,13.4,116.33
1163.1,26.6,116.33
1163.2,14.0,116.33
1163.3,12.5,116.33
1163.4,25.1,116.33
1163.5,13.5,116.33
1163.6,13.5,116.33
1163.7,13.3,116.33
1163.8,13.5,116.33
1163.9,13.6,116.33
1164.0,13.4,116.33
1164.1,0.0,116.33
1164.2,24.8,116.33
1164.3,13.5,116.33
1164.4,26.1,116.33
1164.5,13.2,116.33
1164.6,13.3,116.33
1164.7,13.6,116.33
1164.8,13.5,116.33
1164.9,12.5,116.33
1165.0,13.3,116.33
1165.1,38.1,116.33
1165.2,0.0,116.33
1165.3,13.4,116.33
1165.4,25.7,116.33
1165.5,12.8,116.33
1165.6,14.0,116.33
1165.7,13.9,116.33
1165.8,25.7,116.33
1165.9,13.2,116.33
1166.0,13.3,116.33
1166.1,24.7,116.33
1166.2,13.3,116.33
1166.3,13.2,116.33
1166.4,13.6,116.33
1166.5,26.3,116.33
1166.6,24.9,116.33
1166.7,13.2,116.33
1166.8,0.0,116.33
1166.9,13.6,116.33
1167.0,13.5,116.33
1167.1,13.6,116.33
1167.2,12.6,116.33
1167.3,13.3,116.33
1167.4,12.8,116.33
1167.5,25.8,116.33
1167.6,13.6,116.33
1167.7,13.7,116.33
1167.8,12.8,116.33
1167.9,13.2,116.33
1168.0,13.7,116.33
1168.1,13.4,116.33
1168.2,13.5,116.33
1168.3,13.5,116.33
1168.4,26.4,116.33
1168.5,13.4,116.33
1168.6,13.5,116.33
1168.7,13.6,116.33
1168.8,13.4,116.33
1168.9,12.6,116.33
1169.0,13.3,116.33
1169.1,12.9,116.33
1169.2,0.0,116.33
1169.3,12.9,116.33
1169.4,13.9,116.33
1169.5,26.4,116.33
1169.6,24.6,116.33
1169.7,13.7,116.33
1169.8,13.9,116.33
1169.9,13.5,116.33
1170.0,25.2,116.33
1170.1,13.5,116.33
1170.2,25.2,116.33
1170.3,25.2,116.33
1170.4,13.3,116.33
1170.5,13.6,116.33
1170.6,25.3,116.33
1170.7,13.4,116.33
1170.8,12.8,116.33
1170.9,13.6,116.33
1171.0,13.3,116.33
1171.1,13.4,116.33
1171.2,12.6,116.33
1171.3,12.6,116.33
1171.4,0.0,116.33
1171.5,12.6,116.33
1171.6,13.1,116.34
1171.7,13.5,116.34
1171.8,13.5,116.34
1171.9,13.3,116.34
1172.0,12.5,116.34
1172.1,0.0,116.34
1172.2,13.1,116.34
1172.3,13.6,116.34
1172.4,12.9,116.34
1172.5,12.5,116.34
1172.6,13.4,116.34
1172.7,13.5,116.34
1172.8,13.3,116.34
1172.9,13.5,116.34
1173.0,25.3,116.34
1173.1,13.4,116.34
1173.2,12.6,116.34
1173.3,13.2,116.34
1173.4,14.3,116.34
1173.5,13.5,116.34
1173.6,13.4,116.34
1173.7,13.6,116.34
1173.8,13.1,116.34
1173.9,13.6,116.34
1174.0,13.4,116.34
1174.1,0.0,116.34
1174.2,0.0,116.34
1174.3,13.5,116.34
1174.4,13.5,116.34
1174.5,25.4,116.34
1174.6,13.2,116.34
1174.7,13.6,116.34
1174.8,13.3,116.34
1174.9,13.8,116.34
1175.0,13.5,116.34
1175.1,13.6,116.34
1175.2,13.0,116.34
1175.3,13.3,116.34
1175.4,12.6,116.34
1175.5,13.5,116.34
1175.6,13.6,116.34
1175.7,13.6,116.34
1175.8,24.9,116.34
1175.9,13.4,116.34
1176.0,0.0,116.34
1176.1,13.6,116.34
1176.2,13.5,116.34
1176.3,13.4,116.34
1176.4,12.7,116.34
1176.5,13.3,116.34
1176.6,12.7,116.34
1176.7,13.4,116.34
1176.8,13.8,116.34
1176.9,12.7,116.34
1177.0,13.4,116.34
1177.1,0.0,116.34
1177.2,13.2,116.34
1177.3,13.5,116.34
1177.4,13.5,116.34
1177.5,13.3,116.34
1177.6,13.4,116.34
1177.7,12.9,116.34
1177.8,13.6,116.34
1177.9,24.4,116.34
1178.0,13.4,116.34
1178.1,13.1,116.34
1178.2,0.0,116.34
1178.3,26.3,116.34
1178.4,13.4,116.34
1178.5,0.0,116.34
1178.6,13.6,116.34
1178.7,13.5,116.34
1178.8,13.5,116.34
1178.9,13.6,116.34
1179.0,13.7,116.34
1179.1,13.5,116.34
1179.2,13.1,116.34
1179.3,26.3,116.34
1179.4,13.5,116.34
1179.5,13.2,116.34
1179.6,12.7,116.34
1179.7,13.8,116.34
1179.8,25.3,116.34
1179.9,13.5,116.34
1180.0,13.4,116.34
1180.1,12.7,116.34
1180.2,13.2,116.34
1180.3,24.9,116.34
1180.4,25.1,116.34
1180.5,25.2,116.34
1180.6,13.5,116.34
1180.7,13.2,116.34
1180.8,13.7,116.34
1180.9,12.2,116.34
1181.0,13.5,116.34
1181.1,13.0,116.34
1181.2,13.6,116.34
1181.3,13.6,116.34
1181.4,12.6,116.34
1181.5,26.8,116.34
1181.6,13.5,116.34
1181.7,13.4,116.34
1181.8,12.7,116.34
1181.9,13.2,116.34
1182.0,13.4,116.34
1182.1,13.2,116.34
1182.2,13.5,116.34
1182.3,13.5,116.34
1182.4,25.2,116.34
1182.5,13.5,116.34
1182.6,24.7,116.34
1182.7,0.0,116.34
1182.8,13.0,116.34
1182.9,25.9,116.34
1183.0,25.3,116.34
1183.1,13.5,116.34
1183.2,13.6,116.34
1183.3,13.7,116.34
1183.4,13.5,116.34
1183.5,26.7,116.34
1183.6,13.5,116.34
1183.7,13.3,116.34
1183.8,13.4,116.34
1183.9,13.4,116.34
1184.0,13.4,116.34
1184.1,13.2,116.34
1184.2,13.4,116.34
1184.3,25.1,116.34
1184.4,26.1,116.34
1184.5,12.8,116.34
1184.6,12.9,116.34
1184.7,13.8,116.34
1184.8,13.5,116.34
1184.9,13.4,116.34
1185.0,0.0,116.34
1185.1,13.6,116.34
1185.2,25.5,116.34
1185.3,12.9,116.34
1185.4,12.5,116.34
1185.5,12.8,116.34
1185.6,13.3,116.34
1185.7,25.6,116.34
1185.8,13.3,116.34
1185.9,13.7,116.34
1186.0,13.4,116.34
1186.1,13.6,116.34
1186.2,13.6,116.34
1186.3,12.6,116.34
1186.4,13.5,116.34
1186.5,13.8,116.34
1186.6,13.9,116.34
1186.7,13.4,116.34
1186.8,13.7,116.34
1186.9,14.3,116.34
1187.0,13.5,116.34
1187.1,13.5,116.34
1187.2,25.3,116.34
1187.3,13.4,116.34
1187.4,13.5,116.34
1187.5,13.5,116.34
1187.6,14.1,116.34
1187.7,13.1,116.34
1187.8,13.5,116.34
1187.9,13.3,116.34
1188.0,24.6,116.34
1188.1,13.8,116.34
1188.2,26.0,116.34
1188.3,25.4,116.34
1188.4,24.9,116.34
1188.5,13.6,116.34
1188.6,26.2,116.34
1188.7,25.3,116.34
1188.8,13.5,116.34
1188.9,25.3,116.34
1189.0,13.8,116.34
1189.1,13.4,116.34
1189.2,13.5,116.34
1189.3,14.4,116.34
1189.4,25.6,116.34
1189.5,14.3,116.34
1189.6,13.2,116.34
1189.7,0.0,116.34
1189.8,13.6,116.34
1189.9,0.0,116.34
1190.0,25.2,116.34
1190.1,27.2,116.34
1190.2,14.3,116.34
1190.3,14.5,116.34
1190.4,25.3,116.34
1190.5,25.5,116.34
1190.6,13.5,116.34
1190.7,26.6,116.34
1190.8,14.2,116.35
1190.9,13.9,116.35
1191.0,13.7,116.35
1191.1,25.9,116.35
1191.2,14.4,116.35
1191.3,12.4,116.35
1191.4,13.2,116.35
1191.5,13.5,116.35
1191.6,13.8,116.35
1191.7,13.5,116.35
1191.8,12.7,116.35
1191.9,12.6,116.35
1192.0,13.4,116.35
1192.1,25.3,116.35
1192.2,13.7,116.35
1192.3,25.2,116.35
1192.4,13.5,116.35
1192.5,12.5,116.35
1192.6,12.7,116.35
1192.7,12.8,116.35
1192.8,13.8,116.35
1192.9,26.9,116.35
1193.0,13.1,116.35
1193.1,13.2,116.35
1193.2,25.3,116.35
1193.3,13.6,116.35
1193.4,13.7,116.35
1193.5,13.5,116.35
1193.6,14.1,116.35
1193.7,13.5,116.35
1193.8,13.3,116.35
1193.9,13.3,116.35
1194.0,13.5,116.35
1194.1,13.6,116.35
1194.2,13.8,116.35
1194.3,13.3,116.35
1194.4,0.0,116.35
1194.5,13.6,116.35
1194.6,13.3,116.35
1194.7,25.0,116.35
1194.8,13.6,116.35
1194.9,12.7,116.35
1195.0,13.5,116.35
1195.1,24.8,116.35
1195.2,14.3,116.35
1195.3,25.4,116.35
1195.4,12.9,116.35
1195.5,12.5,116.35
1195.6,13.5,116.35
1195.7,13.4,116.35
1195.8,13.5,116.35
1195.9,13.5,116.35
1196.0,13.5,116.35
1196.1,0.0,116.35
1196.2,13.5,116.35
1196.3,13.5,116.35
1196.4,12.6,116.35
1196.5,13.5,116.35
1196.6,12.5,116.35
1196.7,0.0,116.35
1196.8,12.9,116.35
1196.9,12.9,116.35
1197.0,13.5,116.35
1197.1,12.6,116.35
1197.2,13.1,116.35
1197.3,13.6,116.35
1197.4,13.5,116.35
1197.5,38.1,116.35
1197.6,13.5,116.35
1197.7,25.4,116.35
1197.8,13.5,116.35
1197.9,13.1,116.35
1198.0,13.5,116.35
1198.1,13.0,116.35
1198.2,13.2,116.34
1198.3,13.7,116.34
1198.4,13.6,116.34
1198.5,13.2,116.34
1198.6,12.5,116.34
1198.7,13.3,116.34
1198.8,24.5,116.34
1198.9,12.8,116.34
1199.0,13.4,116.34
1199.1,13.5,116.34
1199.2,13.5,116.34
1199.3,14.3,116.34
1199.4,13.5,116.34
1199.5,25.1,116.34
1199.6,26.8,116.34
1199.7,0.0,116.34
1199.8,25.0,116.34
1199.9,13.5,116.34
1200.0,13.0,116.34
1200.1,13.0,116.34
1200.2,13.2,116.34
1200.3,13.5,116.34
1200.4,25.3,116.34
1200.5,13.3,116.34
1200.6,13.5,116.34
1200.7,13.5,116.34
1200.8,26.7,116.34
1200.9,13.7,116.34
1201.0,13.5,116.34
1201.1,13.6,116.34
1201.2,13.5,116.34
1201.3,26.2,116.34
1201.4,13.5,116.34
1201.5,26.6,116.34
1201.6,25.0,116.34
1201.7,0.0,116.34
1201.8,13.4,116.34
1201.9,13.6,116.34
1202.0,13.6,116.34
1202.1,13.2,116.34
1202.2,13.9,116.34
1202.3,25.4,116.34
1202.4,13.5,116.34
1202.5,13.2,116.34
1202.6,13.5,116.34
1202.7,13.4,116.34
1202.8,13.4,116.34
1202.9,0.0,116.34
1203.0,13.2,116.34
1203.1,13.5,116.34
1203.2,13.4,116.34
1203.3,13.0,116.34
1203.4,13.1,116.34
1203.5,14.2,116.34
1203.6,13.7,116.34
1203.7,13.3,116.34
1203.8,13.7,116.34
1203.9,13.4,116.34
1204.0,13.4,116.34
1204.1,25.5,116.34
1204.2,13.5,116.34
1204.3,13.0,116.34
1204.4,25.2,116.34
1204.5,13.1,116.34
1204.6,13.4,116.34
1204.7,13.3,116.34
1204.8,13.5,116.34
1204.9,13.6,116.34
1205.0,12.8,116.34
1205.1,13.3,116.34
1205.2,13.5,116.34
1205.3,13.6,116.34
1205.4,0.0,116.34
1205.5,13.3,116.34
1205.6,24.9,116.34
1205.7,0.0,116.34
1205.8,13.4,116.34
1205.9,13.5,116.34
1206.0,13.4,116.34
1206.1,25.7,116.34
1206.2,13.1,116.34
1206.3,13.5,116.34
1206.4,13.9,116.34
1206.5,13.8,116.34
1206.6,13.5,116.34
1206.7,12.6,116.34
1206.8,13.6,116.34
1206.9,13.5,116.34
1207.0,13.4,116.34
1207.1,13.8,116.34
1207.2,13.4,116.34
1207.3,26.6,116.34
1207.4,25.1,116.34
1207.5,24.5,116.34
1207.6,13.6,116.34
1207.7,13.3,116.34
1207.8,26.2,116.34
1207.9,13.8,116.34
1208.0,25.4,116.34
1208.1,13.3,116.34
1208.2,26.9,116.34
1208.3,13.1,116.34
1208.4,13.5,116.34
1208.5,13.6,116.34
1208.6,25.1,116.34
1208.7,13.7,116.34
1208.8,13.4,116.34
1208.9,13.1,116.34
1209.0,13.2,116.34
1209.1,14.1,116.34
1209.2,25.9,116.34
1209.3,25.3,116.34
1209.4,13.0,116.34
1209.5,13.0,116.34
1209.6,25.0,116.34
1209.7,26.2,116.34
1209.8,13.1,116.34
1209.9,13.5,116.34
1210.0,13.4,116.34
1210.1,13.4,116.34
1210.2,13.5,116.34
1210.3,13.4,116.34
1210.4,13.6,116.34
1210.5,13.5,116.34
1210.6,13.4,116.34
1210.7,13.4,116.34
1210.8,13.5,116.34
1210.9,12.9,116.34
1211.0,13.4,116.34
1211.1,25.4,116.34
1211.2,13.9,116.34
1211.3,13.5,116.34
1211.4,13.3,116.34
1211.5,13.4,116.34
1211.6,13.3,116.34
1211.7,25.2,116.34
1211.8,13.8,116.34
1211.9,13.3,116.34
1212.0,13.3,116.34
1212.1,25.6,116.34
1212.2,13.2,116.34
1212.3,13.1,116.34
1212.4,25.1,116.34
1212.5,13.3,116.34
1212.6,24.4,116.34
1212.7,13.2,116.34
1212.8,12.7,116.34
1212.9,24.5,116.34
1213.0,13.2,116.34
1213.1,13.6,116.34
1213.2,12.4,116.34
1213.3,0.0,116.34
1213.4,13.4,116.34
1213.5,13.9,116.34
1213.6,13.4,116.34
1213.7,13.6,116.34
1213.8,13.4,116.34
1213.9,13.5,116.34
1214.0,13.2,116.34
1214.1,12.5,116.34
1214.2,0.0,116.34
1214.3,13.2,116.34
1214.4,26.2,116.34
1214.5,13.5,116.34
1214.6,25.2,116.34
1214.7,13.2,116.34
1214.8,14.1,116.34
1214.9,14.2,116.34
1215.0,13.7,116.34
1215.1,13.4,116.34
1215.2,12.7,116.34
1215.3,0.0,116.34
1215.4,13.2,116.34
1215.5,13.9,116.34
1215.6,26.3,116.34
1215.7,13.2,116.34
1215.8,13.4,116.34
1215.9,13.5,116.34
1216.0,26.2,116.34
1216.1,13.5,116.34
1216.2,13.3,116.34
1216.3,12.7,116.35
1216.4,12.8,116.35
1216.5,12.6,116.35
1216.6,13.6,116.35
1216.7,13.5,116.35
1216.8,25.3,116.35
1216.9,13.5,116.35
1217.0,13.4,116.35
1217.1,24.9,116.35
1217.2,13.6,116.35
1217.3,13.6,116.35
1217.4,0.0,116.35
1217.5,13.4,116.35
1217.6,13.7,116.35
1217.7,13.2,116.35
1217.8,25.5,116.35
1217.9,13.5,116.35
1218.0,13.5,116.35
1218.1,13.6,116.35
1218.2,13.1,116.35
1218.3,12.6,116.35
1218.4,13.7,116.35
1218.5,13.5,116.35
1218.6,12.6,116.35
1218.7,26.6,116.35
1218.8,14.2,116.35
1218.9,13.3,116.35
1219.0,12.5,116.35
1219.1,12.8,116.35
1219.2,24.9,116.35
1219.3,13.5,116.35
1219.4,13.1,116.35
1219.5,24.9,116.35
1219.6,13.5,116.35
1219.7,13.6,116.35
1219.8,0.0,116.35
1219.9,12.8,116.35
1220.0,26.6,116.35
1220.1,13.8,116.35
1220.2,13.5,116.35
1220.3,13.5,116.35
1220.4,13.6,116.35
1220.5,13.5,116.35
1220.6,12.7,116.35
1220.7,12.7,116.35
1220.8,13.5,116.35
1220.9,13.4,116.35
1221.0,13.9,116.35
1221.1,26.8,116.35
1221.2,13.5,116.35
1221.3,13.4,116.35
1221.4,13.7,116.35
1221.5,13.5,116.35
1221.6,13.3,116.35
1221.7,13.6,116.35
1221.8,13.4,116.35
1221.9,13.5,116.35
1222.0,0.0,116.35
1222.1,13.5,116.35
1222.2,13.4,116.35
1222.3,13.6,116.35
1222.4,13.6,116.35
1222.5,13.5,116.35
1222.6,13.8,116.35
1222.7,13.5,116.35
1222.8,13.2,116.35
1222.9,13.5,116.35
1223.0,26.9,116.35
1223.1,13.7,116.35
1223.2,13.2,116.35
1223.3,13.5,116.35
1223.4,13.6,116.35
1223.5,13.1,116.35
1223.6,13.0,116.35
1223.7,13.5,116.35
1223.8,13.6,116.35
1223.9,13.2,116.35
1224.0,13.5,116.35
1224.1,12.8,116.35
1224.2,13.3,116.35
1224.3,13.6,116.35
1224.4,25.4,116.35
1224.5,13.3,116.35
1224.6,13.4,116.35
1224.7,13.6,116.35
1224.8,26.5,116.35
1224.9,12.7,116.35
1225.0,13.3,116.35
1225.1,25.2,116.35
1225.2,13.6,116.35
1225.3,0.0,116.35
1225.4,13.6,116.35
1225.5,25.4,116.35
1225.6,13.4,116.35
1225.7,0.0,116.35
1225.8,13.5,116.35
1225.9,25.3,116.35
1226.0,13.5,116.35
1226.1,13.5,116.35
1226.2,12.5,116.35
1226.3,13.1,116.35
1226.4,13.5,116.35
1226.5,13.1,116.35
1226.6,0.0,116.35
1226.7,0.0,116.35
1226.8,25.3,116.35
1226.9,0.0,116.35
1227.0,0.0,116.35
1227.1,13.5,116.35
1227.2,13.5,116.35
1227.3,13.5,116.35
1227.4,13.6,116.35
1227.5,25.7,116.35
1227.6,13.4,116.35
1227.7,13.4,116.35
1227.8,24.7,116.35
1227.9,13.5,116.35
1228.0,12.8,116.35
1228.1,13.5,116.35
1228.2,12.3,116.35
1228.3,13.6,116.35
1228.4,13.8,116.35
1228.5,12.9,116.35
1228.6,26.6,116.35
1228.7,12.8,116.35
1228.8,13.8,116.35
1228.9,13.6,116.35
1229.0,26.4,116.36
1229.1,25.1,116.36
1229.2,25.0,116.36
1229.3,13.4,116.36
1229.4,13.3,116.36
1229.5,13.1,116.36
1229.6,13.4,116.36
1229.7,12.9,116.36
1229.8,13.5,116.36
1229.9,25.1,116.36
1230.0,25.1,116.36
1230.1,13.0,116.36
1230.2,13.3,116.36
1230.3,13.3,116.36
1230.4,13.0,116.36
1230.5,13.5,116.36
1230.6,0.0,116.36
1230.7,13.2,116.36
1230.8,0.0,116.36
1230.9,0.0,116.36
1231.0,13.7,116.36
1231.1,25.3,116.36
1231.2,14.1,116.36
1231.3,13.6,116.36
1231.4,13.3,116.36
1231.5,13.3,116.36
1231.6,13.5,116.36
1231.7,13.5,116.36
1231.8,13.6,116.36
1231.9,13.3,116.36
1232.0,13.5,116.36
1232.1,12.6,116.36
1232.2,0.0,116.36
1232.3,13.5,116.36
1232.4,14.0,116.36
1232.5,13.7,116.36
1232.6,13.4,116.36
1232.7,13.1,116.36
1232.8,13.5,116.36
1232.9,13.6,116.36
1233.0,13.9,116.36
1233.1,13.2,116.36
1233.2,13.4,116.36
1233.3,13.1,116.36
1233.4,13.4,116.36
1233.5,13.4,116.36
1233.6,13.0,116.36
1233.7,13.0,116.36
1233.8,12.7,116.36
1233.9,12.6,116.36
1234.0,0.0,116.36
1234.1,13.9,116.36
1234.2,12.7,116.36
1234.3,12.6,116.36
1234.4,26.6,116.36
1234.5,24.8,116.36
1234.6,25.2,116.36
1234.7,0.0,116.36
1234.8,13.7,116.36
1234.9,12.8,116.36
1235.0,25.3,116.36
1235.1,13.5,116.36
1235.2,13.6,116.36
1235.3,13.2,116.36
1235.4,0.0,116.36
1235.5,12.6,116.36
1235.6,13.4,116.36
1235.7,13.1,116.36
1235.8,12.8,116.36
1235.9,12.5,116.36
1236.0,12.5,116.36
1236.1,12.6,116.36
1236.2,13.5,116.36
1236.3,13.3,116.36
1236.4,26.4,116.36
1236.5,13.4,116.36
1236.6,13.1,116.36
1236.7,12.5,116.36
1236.8,13.3,116.36
1236.9,13.2,116.36
1237.0,25.7,116.36
1237.1,13.4,116.36
1237.2,12.7,116.36
1237.3,13.4,116.36
1237.4,12.6,116.36
1237.5,13.5,116.36
1237.6,25.0,116.36
1237.7,25.6,116.36
1237.8,13.6,116.36
1237.9,13.6,116.36
1238.0,13.3,116.36
1238.1,24.9,116.36
1238.2,26.0,116.36
1238.3,13.5,116.36
1238.4,24.8,116.36
1238.5,13.8,116.36
1238.6,12.8,116.36
1238.7,13.8,116.36
1238.8,0.0,116.36
1238.9,13.5,116.36
1239.0,13.3,116.36
1239.1,25.5,116.36
1239.2,24.8,116.36
1239.3,13.4,116.36
1239.4,13.5,116.36
1239.5,13.5,116.36
1239.6,13.5,116.36
1239.7,13.6,116.36
1239.8,13.5,116.36
1239.9,12.6,116.36
1240.0,0.0,116.36
1240.1,13.8,116.36
1240.2,13.9,116.36
1240.3,13.4,116.36
1240.4,13.6,116.36
1240.5,13.8,116.36
1240.6,13.9,116.36
1240.7,13.8,116.36
1240.8,13.0,116.36
1240.9,13.4,116.36
1241.0,13.4,116.36
1241.1,14.2,116.36
1241.2,25.9,116.36
1241.3,13.6,116.36
1241.4,25.2,116.36
1241.5,14.1,116.36
1241.6,98.5,116.47
1241.7,103.8,116.47
1241.8,114.2,116.48
1241.9,42.8,116.5
1242.0,13.9,116.51
1242.1,13.5,116.51
1242.2,13.4,116.51
1242.3,13.6,116.51
1242.4,12.5,116.51
1242.5,13.5,116.51
1242.6,13.2,116.51
1242.7,12.4,116.51
1242.8,12.7,116.51
1242.9,13.1,116.51
1243.0,13.5,116.51
1243.1,13.4,116.51
1243.2,13.6,116.51
1243.3,13.5,116.51
1243.4,13.6,116.51
1243.5,13.6,116.51
1243.6,13.6,116.51
1243.7,13.3,116.51
1243.8,12.2,116.51
1243.9,12.9,116.51
1244.0,13.4,116.51
1244.1,13.7,116.51
1244.2,13.2,116.51
1244.3,13.2,116.51
1244.4,13.2,116.51
1244.5,14.1,116.51
1244.6,13.6,116.51
1244.7,26.0,116.51
1244.8,12.9,116.51
1244.9,12.7,116.51
1245.0,13.3,116.51
1245.1,13.0,116.51
1245.2,12.6,116.51
1245.3,12.6,116.51
1245.4,13.6,116.51
1245.5,25.4,116.51
1245.6,13.3,116.51
1245.7,13.5,116.51
1245.8,13.5,116.51
1245.9,25.9,116.51
1246.0,13.5,116.51
1246.1,13.4,116.51
1246.2,13.7,116.51
1246.3,13.0,116.51
1246.4,13.3,116.51
1246.5,13.5,116.51
1246.6,13.6,116.51
1246.7,25.4,116.51
1246.8,14.0,116.51
1246.9,13.6,116.51
1247.0,0.0,116.51
1247.1,12.9,116.51
1247.2,13.5,116.51
1247.3,13.5,116.51
1247.4,12.4,116.51
1247.5,13.2,116.51
1247.6,81.1,116.51
1247.7,114.5,116.51
1247.8,95.8,116.52
1247.9,14.5,116.52
1248.0,13.5,116.52
1248.1,12.6,116.52
1248.2,13.1,116.52
1248.3,13.4,116.52
1248.4,13.6,116.52
1248.5,13.5,116.52
1248.6,13.5,116.52
1248.7,13.4,116.52
1248.8,13.1,116.52
1248.9,13.4,116.52
1249.0,13.3,116.52
1249.1,25.1,116.52
1249.2,13.5,116.52
1249.3,13.4,116.52
1249.4,25.1,116.52
1249.5,13.1,116.52
1249.6,0.0,116.52
1249.7,12.8,116.52
1249.8,13.0,116.52
1249.9,13.5,116.52
1250.0,12.6,116.52
1250.1,13.5,116.52
1250.2,25.8,116.52
1250.3,13.5,116.52
1250.4,0.0,116.52
1250.5,0.0,116.52
1250.6,0.0,116.52
1250.7,0.0,116.52
1250.8,14.7,116.52
1250.9,14.6,116.52
1251.0,0.0,116.52
1251.1,14.7,117.93
1251.2,0.0,117.93
1251.3,0.0,117.93
1251.4,14.7,117.93
1251.5,14.3,117.93
1251.6,14.3,117.93
1251.7,14.8,117.93
1251.8,12.8,117.93
1251.9,13.8,117.93
1252.0,13.2,117.93
1252.1,13.2,117.93
1252.2,14.3,117.93
1252.3,13.6,117.93
1252.4,14.3,117.93
1252.5,13.0,117.93
1252.6,13.4,117.93
1252.7,13.5,117.93
1252.8,13.6,117.93
1252.9,12.9,117.93
1253.0,14.3,117.93
1253.1,13.5,117.93
1253.2,13.7,117.93
1253.3,24.8,117.93
1253.4,13.6,117.93
1253.5,25.4,117.93
1253.6,14.4,117.93
1253.7,14.4,117.93
1253.8,14.3,117.93
1253.9,14.0,117.93
1254.0,13.6,117.93
1254.1,13.5,117.93
1254.2,25.5,117.93
1254.3,0.0,117.93
1254.4,13.0,117.93
1254.5,13.3,117.93
1254.6,0.0,117.93
1254.7,0.0,117.93
1254.8,13.6,117.93
1254.9,13.5,117.93
1255.0,13.4,117.93
1255.1,25.2,117.93
1255.2,13.6,117.93
1255.3,12.5,117.93
1255.4,13.4,117.93
1255.5,13.5,117.93
1255.6,0.0,117.93
1255.7,12.4,117.93
1255.8,13.6,117.93
1255.9,13.6,117.93
1256.0,13.5,117.93
1256.1,13.6,117.93
1256.2,13.2,117.93
1256.3,13.2,117.93
1256.4,25.7,117.93
1256.5,13.4,117.93
1256.6,13.4,117.93
1256.7,25.4,117.93
1256.8,13.2,117.93
1256.9,13.3,117.93
1257.0,25.5,117.93
1257.1,13.3,117.93
1257.2,13.6,117.93
1257.3,0.0,117.93
1257.4,27.6,142.76
1257.5,67.5,150.97
1257.6,91.6,167.55
1257.7,105.9,187.75
1257.8,38.9,118.22
1257.9,38.3,118.22
1258.0,25.8,118.22
1258.1,13.8,118.22
1258.2,13.6,118.22
1258.3,13.5,118.22
1258.4,14.1,118.22
1258.5,13.0,118.22
1258.6,13.1,118.22
1258.7,14.0,118.22
1258.8,12.3,118.22
1258.9,13.8,118.22
1259.0,14.1,118.22
1259.1,14.2,118.22
1259.2,14.2,118.22
1259.3,24.7,118.22
1259.4,14.7,118.22
1259.5,13.8,118.22
1259.6,13.7,118.22
1259.7,13.6,118.22
1259.8,13.6,118.22
1259.9,13.7,118.22
1260.0,0.0,118.22
1260.1,13.8,118.22
1260.2,14.1,118.22
1260.3,13.5,118.22
1260.4,0.0,118.22
1260.5,12.4,118.22
1260.6,13.3,118.22
1260.7,25.2,118.22
1260.8,13.5,118.22
1260.9,13.9,118.22
1261.0,0.0,118.22
1261.1,0.0,118.22
1261.2,13.5,118.22
1261.3,13.7,118.22
1261.4,25.9,118.22
1261.5,12.8,118.22
1261.6,12.5,118.22
1261.7,13.5,118.22
1261.8,25.4,118.22
1261.9,13.4,118.22
1262.0,12.6,118.22
1262.1,26.7,118.22
1262.2,13.5,118.22
1262.3,14.2,118.22
1262.4,14.2,118.22
1262.5,14.0,118.22
1262.6,0.0,118.22
1262.7,0.0,118.22
1262.8,0.0,118.22
1262.9,0.0,118.22
1263.0,14.0,118.22
1263.1,14.3,118.22
1263.2,14.2,118.22
1263.3,13.5,118.22
1263.4,14.1,118.22
1263.5,0.0,118.22
1263.6,14.7,118.22
1263.7,14.4,118.22
1263.8,14.6,118.22
1263.9,12.7,118.22
1264.0,13.1,118.22
1264.1,12.7,118.22
1264.2,13.8,118.22
1264.3,12.8,118.22
1264.4,13.4,118.22
1264.5,14.2,118.22
1264.6,13.4,118.22
1264.7,13.1,118.22
1264.8,12.9,118.22
1264.9,14.2,118.22
1265.0,12.8,118.22
1265.1,13.8,118.22
1265.2,12.8,118.22
1265.3,12.6,118.22
1265.4,13.4,118.22
1265.5,13.6,118.22
1265.6,13.1,118.22
1265.7,13.4,118.22
1265.8,0.0,118.22
1265.9,13.3,118.22
1266.0,12.8,118.22
1266.1,13.5,118.22
1266.2,27.3,147.43
1266.3,106.2,168.86
1266.4,95.9,188.83
1266.5,27.1,118.23
1266.6,38.6,117.89
1266.7,13.3,117.89
1266.8,13.3,117.89
1266.9,13.7,117.89
1267.0,37.5,117.89
1267.1,0.0,117.89
1267.2,13.2,117.89
1267.3,13.0,117.89
1267.4,22.7,117.89
1267.5,28.3,117.89
1267.6,14.0,117.89
1267.7,13.0,117.89
1267.8,0.0,117.89
1267.9,12.4,117.89
