time_offset_sec,cpu_percent,memory_rss_mb
0.0,77.0,41.04
0.1,103.4,46.88
0.2,59.3,50.53
0.3,58.9,54.12
0.4,73.7,59.3
0.5,102.6,62.53
0.6,73.6,62.79
0.7,0.0,62.84
0.8,13.7,62.84
0.9,13.6,62.84
1.0,12.6,63.67
1.1,99.0,68.55
1.2,103.7,73.47
1.3,103.8,80.59
1.4,0.0,83.17
1.5,29.5,84.38
1.6,0.0,84.38
1.7,0.0,84.38
1.8,13.8,84.39
1.9,13.8,84.39
2.0,13.8,84.39
2.1,0.0,84.39
2.2,13.6,84.39
2.3,13.6,84.39
2.4,0.0,84.39
2.5,13.7,84.39
2.6,13.5,84.39
2.7,13.3,84.39
2.8,13.6,84.43
2.9,14.1,84.43
3.0,0.0,84.43
3.1,0.0,84.43
3.2,13.6,84.43
3.3,13.3,84.43
3.4,0.0,84.43
3.5,13.6,84.43
3.6,13.6,84.43
3.7,0.0,84.43
3.8,13.8,84.43
3.9,25.6,84.43
4.0,13.6,84.43
4.1,13.8,84.43
4.2,0.0,84.43
4.3,12.9,84.43
4.4,0.0,84.43
4.5,14.0,84.43
4.6,13.2,84.43
4.7,13.7,84.43
4.8,14.4,84.43
4.9,13.5,84.43
5.0,0.0,84.43
5.1,13.7,84.43
5.2,25.7,84.43
5.3,12.7,84.43
5.4,13.8,84.43
5.5,13.6,84.43
5.6,13.6,84.43
5.7,0.0,84.43
5.8,13.4,84.43
5.9,27.0,84.43
6.0,13.8,84.43
6.1,13.6,84.43
6.2,13.7,84.43
6.3,13.0,84.43
6.4,13.2,84.43
6.5,13.6,84.43
6.6,12.9,84.43
6.7,14.2,84.43
6.8,13.5,84.43
6.9,27.3,84.62
7.0,13.8,84.63
7.1,26.5,84.63
7.2,0.0,84.63
7.3,26.1,84.63
7.4,81.1,84.74
7.5,108.9,84.8
7.6,99.1,84.95
7.7,105.7,85.19
7.8,41.1,85.26
7.9,0.0,85.27
8.0,13.3,85.27
8.1,14.3,85.27
8.2,51.6,85.87
8.3,38.6,86.13
8.4,12.6,86.14
8.5,0.0,86.14
8.6,13.5,86.14
8.7,13.6,86.14
8.8,13.0,86.14
8.9,26.6,86.14
9.0,13.5,86.14
9.1,14.1,86.16
9.2,26.5,86.17
9.3,13.7,86.17
9.4,13.8,86.21
9.5,13.5,86.25
9.6,0.0,86.26
9.7,13.6,86.26
9.8,12.8,86.26
9.9,13.4,86.28
10.0,0.0,86.29
10.1,0.0,86.29
10.2,0.0,86.29
10.3,13.0,86.29
10.4,0.0,86.29
10.5,26.6,86.29
10.6,13.6,86.29
10.7,0.0,86.29
10.8,13.6,86.29
10.9,13.5,86.29
11.0,13.0,86.29
11.1,13.7,86.29
11.2,26.8,86.29
11.3,13.7,86.29
11.4,13.9,86.29
11.5,13.5,86.29
11.6,13.4,86.29
11.7,13.4,86.29
11.8,13.6,86.29
11.9,13.7,86.29
12.0,13.3,86.29
12.1,13.2,86.29
12.2,0.0,86.29
12.3,13.5,86.29
12.4,13.6,86.29
12.5,13.1,86.29
12.6,14.2,86.29
12.7,26.2,86.29
12.8,13.5,86.29
12.9,13.6,86.29
13.0,13.7,86.29
13.1,13.0,86.29
13.2,13.6,86.29
13.3,13.8,86.29
13.4,12.9,86.3
13.5,0.0,86.3
13.6,14.2,86.3
13.7,13.4,86.3
13.8,0.0,86.3
13.9,13.6,86.3
14.0,13.9,86.3
14.1,13.6,86.3
14.2,14.3,86.3
14.3,13.4,86.3
14.4,12.7,86.3
14.5,13.7,86.3
14.6,13.5,86.3
14.7,13.7,86.3
14.8,13.6,86.3
14.9,13.7,86.3
15.0,13.6,86.3
15.1,13.2,86.3
15.2,14.2,86.3
15.3,41.5,86.38
15.4,0.0,86.38
15.5,27.2,86.51
15.6,25.6,86.51
15.7,14.0,86.51
15.8,13.6,86.51
15.9,12.4,86.51
16.0,13.5,86.51
16.1,13.1,86.51
16.2,14.4,86.52
16.3,13.9,86.53
16.4,13.1,86.53
16.5,12.5,86.53
16.6,14.3,86.53
16.7,13.2,86.53
16.8,13.6,86.55
16.9,14.3,86.56
17.0,14.0,86.56
17.1,14.3,86.56
17.2,13.9,86.56
17.3,0.0,86.56
17.4,0.0,86.56
17.5,0.0,86.56
17.6,0.0,86.56
17.7,13.4,86.56
17.8,25.4,86.56
17.9,14.3,86.56
18.0,12.8,86.56
18.1,12.6,86.56
18.2,0.0,86.56
18.3,12.8,86.56
18.4,0.0,86.56
18.5,0.0,86.56
18.6,14.1,86.56
18.7,13.1,86.56
18.8,12.7,86.56
18.9,12.9,86.56
19.0,12.6,86.56
19.1,0.0,86.56
19.2,13.0,86.56
19.3,13.1,86.56
19.4,13.7,86.56
19.5,28.0,86.61
19.6,0.0,86.61
19.7,13.7,86.61
19.8,13.4,86.61
19.9,12.6,86.61
20.0,25.1,86.61
20.1,26.6,86.61
20.2,13.2,86.61
20.3,0.0,86.61
20.4,0.0,86.62
20.5,12.8,86.63
20.6,13.7,86.63
20.7,12.6,86.63
20.8,25.6,86.63
20.9,14.4,86.7
21.0,13.7,86.7
21.1,12.2,86.7
21.2,26.2,86.7
21.3,0.0,86.7
21.4,12.9,86.7
21.5,0.0,86.7
21.6,12.7,86.7
21.7,26.5,86.71
21.8,12.9,86.71
21.9,0.0,86.71
22.0,12.7,86.71
22.1,13.1,86.71
22.2,14.3,86.71
22.3,13.3,86.74
22.4,13.1,86.75
22.5,26.4,86.75
22.6,13.4,86.75
22.7,25.8,86.75
22.8,13.5,86.75
22.9,0.0,86.75
23.0,13.1,86.75
23.1,25.5,86.75
23.2,14.2,86.75
23.3,25.0,86.76
23.4,38.6,86.7
23.5,12.9,86.71
23.6,12.4,86.71
23.7,12.7,86.71
23.8,13.1,86.72
23.9,13.8,86.73
24.0,0.0,86.73
24.1,13.1,86.73
24.2,13.0,86.73
24.3,13.4,86.73
24.4,12.5,86.73
24.5,13.2,86.73
24.6,13.6,86.73
24.7,12.7,86.73
24.8,38.6,86.73
24.9,25.2,86.66
25.0,24.8,86.66
25.1,13.1,86.66
25.2,13.8,86.66
25.3,12.9,86.66
25.4,12.6,86.66
25.5,12.6,86.66
25.6,0.0,86.66
25.7,12.8,86.66
25.8,12.5,86.66
25.9,13.0,86.66
26.0,13.3,86.66
26.1,12.4,86.66
26.2,13.3,86.66
26.3,25.5,86.66
26.4,25.2,86.66
26.5,12.9,86.66
26.6,12.6,86.66
26.7,13.1,86.66
26.8,26.8,86.66
26.9,12.9,86.66
27.0,12.6,86.66
27.1,13.2,86.66
27.2,12.7,86.66
27.3,25.4,86.66
27.4,12.9,86.66
27.5,12.7,86.66
27.6,25.0,86.58
27.7,12.8,86.58
27.8,13.6,86.58
27.9,13.7,86.58
28.0,14.2,86.58
28.1,0.0,86.58
28.2,14.3,86.58
28.3,14.1,86.58
28.4,13.8,86.58
28.5,0.0,86.58
28.6,12.9,86.58
28.7,25.3,86.5
28.8,14.0,86.5
28.9,12.9,86.5
29.0,14.1,86.5
29.1,14.2,86.5
29.2,78.9,86.67
29.3,114.4,86.72
29.4,113.2,86.83
29.5,14.4,86.83
29.6,13.5,86.83
29.7,0.0,86.83
29.8,12.9,86.83
29.9,37.6,123.72
30.0,207.6,88.55
30.1,378.4,89.23
30.2,398.7,90.11
30.3,412.8,91.04
30.4,85.7,91.47
30.5,14.3,91.47
30.6,14.4,91.47
30.7,14.0,91.47
30.8,14.2,91.47
30.9,13.3,91.47
31.0,13.9,91.47
31.1,23.3,91.47
31.2,13.2,91.48
31.3,25.4,91.48
31.4,13.8,91.5
31.5,14.2,91.5
31.6,26.4,91.53
31.7,13.1,91.53
31.8,0.0,91.53
31.9,25.3,91.53
32.0,13.2,91.53
32.1,12.8,91.54
32.2,12.8,91.54
32.3,25.4,91.54
32.4,13.7,91.54
32.5,13.2,91.54
32.6,14.2,91.54
32.7,13.1,91.54
32.8,0.0,91.54
32.9,13.3,91.54
33.0,13.4,91.54
33.1,0.0,91.54
33.2,13.1,91.54
33.3,38.5,91.58
33.4,13.5,91.59
33.5,12.7,91.59
33.6,25.5,91.59
33.7,14.2,91.59
33.8,13.2,91.59
33.9,25.7,91.59
34.0,25.5,91.59
34.1,14.4,91.59
34.2,26.4,91.59
34.3,12.4,91.59
34.4,13.8,91.59
34.5,13.4,91.59
34.6,13.4,91.59
34.7,13.7,91.59
34.8,13.1,91.59
34.9,25.7,91.59
35.0,12.7,91.59
35.1,12.1,91.59
35.2,14.1,91.59
35.3,13.3,91.59
35.4,12.4,91.59
35.5,12.8,91.59
35.6,13.0,91.59
35.7,25.4,91.59
35.8,13.6,91.59
35.9,13.3,91.59
36.0,12.8,91.59
36.1,13.1,91.59
36.2,13.4,91.59
36.3,25.1,91.59
36.4,25.0,91.59
36.5,13.4,91.59
36.6,12.9,91.59
36.7,25.0,91.59
36.8,13.9,91.59
36.9,26.7,91.59
37.0,13.9,91.59
37.1,13.3,91.59
37.2,12.5,91.59
37.3,0.0,91.59
37.4,13.6,91.59
37.5,13.0,91.59
37.6,12.6,91.59
37.7,12.9,91.59
37.8,25.3,91.6
37.9,25.9,91.6
38.0,13.6,91.6
38.1,36.9,91.6
38.2,14.0,91.6
38.3,13.3,91.6
38.4,0.0,91.6
38.5,13.5,91.6
38.6,13.1,91.6
38.7,14.2,91.6
38.8,25.7,91.6
38.9,13.2,91.6
39.0,13.6,91.6
39.1,12.9,91.6
39.2,13.3,91.6
39.3,13.2,91.6
39.4,13.1,91.6
39.5,14.3,91.6
39.6,12.7,91.6
39.7,13.1,91.6
39.8,12.7,91.6
39.9,13.9,91.6
40.0,13.1,91.6
40.1,0.0,91.6
40.2,12.3,91.6
40.3,13.8,91.6
40.4,13.9,91.6
40.5,14.2,91.6
40.6,13.9,91.6
40.7,13.3,91.6
40.8,13.2,91.6
40.9,24.3,91.6
41.0,14.0,91.6
41.1,25.5,91.6
41.2,12.7,91.6
41.3,12.5,91.6
41.4,13.9,91.6
41.5,12.7,91.6
41.6,24.9,91.6
41.7,13.3,91.6
41.8,13.6,91.6
41.9,13.6,91.6
42.0,13.9,91.6
42.1,14.0,91.6
42.2,13.4,91.6
42.3,14.0,91.6
42.4,23.3,91.6
42.5,13.4,91.6
42.6,14.0,91.6
42.7,25.9,91.6
42.8,12.8,91.6
42.9,13.2,91.6
43.0,13.2,91.6
43.1,0.0,91.6
43.2,12.8,91.6
43.3,25.2,91.6
43.4,13.4,91.6
43.5,0.0,91.6
43.6,13.3,91.6
43.7,12.5,91.6
43.8,12.9,91.6
43.9,13.1,91.6
44.0,12.6,91.6
44.1,13.1,91.6
44.2,25.7,91.6
44.3,11.5,91.6
44.4,13.5,91.6
44.5,25.6,91.6
44.6,14.0,91.6
44.7,25.1,91.6
44.8,25.8,91.6
44.9,0.0,91.6
45.0,12.9,91.6
45.1,0.0,91.6
45.2,13.1,91.6
45.3,14.1,91.6
45.4,13.5,91.6
45.5,27.3,91.6
45.6,0.0,91.6
45.7,0.0,91.6
45.8,12.7,91.6
45.9,13.9,91.6
46.0,0.0,91.6
46.1,12.7,91.6
46.2,14.4,91.6
46.3,12.8,91.6
46.4,12.8,91.6
46.5,0.0,91.6
46.6,13.1,91.6
46.7,12.5,91.6
46.8,12.9,91.6
46.9,25.7,91.6
47.0,0.0,91.6
47.1,12.5,91.6
47.2,0.0,91.6
47.3,0.0,91.6
47.4,0.0,91.6
47.5,13.7,91.6
47.6,12.1,91.6
47.7,13.2,91.6
47.8,13.5,91.6
47.9,13.4,91.6
48.0,13.8,91.6
48.1,0.0,91.6
48.2,12.7,91.6
48.3,14.4,91.6
48.4,26.5,91.6
48.5,13.5,91.6
48.6,13.7,91.6
48.7,13.3,91.6
48.8,12.7,91.6
48.9,12.9,91.6
49.0,12.7,91.6
49.1,13.5,91.6
49.2,13.6,91.6
49.3,25.8,91.6
49.4,14.0,91.6
49.5,25.5,91.6
49.6,13.5,91.6
49.7,13.5,91.6
49.8,13.0,91.6
49.9,12.8,91.6
50.0,13.4,91.6
50.1,13.3,91.6
50.2,0.0,91.6
50.3,13.3,91.6
50.4,13.6,91.6
50.5,13.5,91.6
50.6,25.5,91.6
50.7,0.0,91.6
50.8,14.1,91.6
50.9,25.9,91.6
51.0,13.4,91.6
51.1,13.4,91.6
51.2,12.9,91.54
51.3,13.4,91.54
51.4,13.6,91.54
51.5,13.6,91.54
51.6,13.0,91.54
51.7,13.5,91.54
51.8,13.5,91.54
51.9,25.7,91.54
52.0,14.0,91.55
52.1,14.1,91.55
52.2,0.0,91.55
52.3,14.4,91.55
52.4,26.0,91.55
52.5,14.0,91.55
52.6,14.0,91.55
52.7,13.6,91.55
52.8,0.0,91.55
52.9,13.3,91.55
53.0,13.6,91.55
53.1,13.6,91.55
53.2,13.6,91.55
53.3,26.1,91.55
53.4,13.6,91.55
53.5,26.1,91.55
53.6,13.2,91.55
53.7,13.5,91.55
53.8,13.7,91.55
53.9,13.8,91.55
54.0,0.0,91.55
54.1,12.9,91.55
54.2,13.1,91.55
54.3,14.1,91.55
54.4,14.6,91.55
54.5,13.7,91.55
54.6,13.1,91.55
54.7,25.9,91.55
54.8,13.5,91.55
54.9,13.6,91.55
55.0,13.6,91.55
55.1,13.5,91.55
55.2,13.6,91.55
55.3,13.4,91.55
55.4,13.7,91.55
55.5,0.0,91.55
55.6,13.6,91.55
55.7,26.0,91.55
55.8,13.7,91.55
55.9,14.3,91.55
56.0,14.3,91.55
56.1,13.6,91.55
56.2,13.6,91.55
56.3,13.7,91.55
56.4,13.6,91.55
56.5,12.7,91.55
56.6,13.6,91.55
56.7,13.4,91.55
56.8,25.8,91.55
56.9,13.5,91.55
57.0,25.7,91.55
57.1,13.7,91.55
57.2,13.0,91.55
57.3,13.6,91.55
57.4,13.7,91.55
57.5,13.6,91.55
57.6,13.6,91.55
57.7,13.4,91.55
57.8,13.2,91.55
57.9,0.0,91.55
58.0,13.5,91.55
58.1,0.0,91.55
58.2,0.0,91.55
58.3,13.6,91.55
58.4,13.7,91.55
58.5,13.0,91.55
58.6,13.5,91.55
58.7,0.0,91.55
58.8,12.9,91.55
58.9,13.4,91.55
59.0,12.8,91.55
59.1,13.6,91.55
59.2,13.4,91.55
59.3,13.6,91.55
59.4,13.4,91.55
59.5,0.0,91.55
59.6,13.6,91.55
59.7,13.5,91.55
59.8,13.9,91.55
59.9,0.0,91.55
60.0,12.9,91.55
60.1,13.5,91.55
60.2,12.8,91.55
60.3,12.7,91.55
60.4,25.9,91.55
60.5,13.5,91.55
60.6,12.8,91.55
60.7,26.8,91.56
60.8,0.0,91.56
60.9,26.6,91.56
61.0,13.6,91.56
61.1,25.4,91.56
61.2,13.6,91.56
61.3,12.8,91.56
61.4,25.7,91.56
61.5,0.0,91.56
61.6,13.4,91.56
61.7,13.1,91.56
61.8,13.7,91.56
61.9,14.4,91.56
62.0,13.6,91.56
62.1,0.0,91.56
62.2,0.0,91.56
62.3,14.1,91.56
62.4,12.8,91.56
62.5,0.0,91.56
62.6,13.9,91.56
62.7,13.6,91.56
62.8,13.3,91.56
62.9,13.4,91.56
63.0,13.7,91.56
63.1,13.7,91.56
63.2,27.2,91.56
63.3,13.4,91.56
63.4,13.5,91.56
63.5,13.4,91.56
63.6,13.6,91.56
63.7,13.6,91.56
63.8,13.8,91.56
63.9,13.1,91.56
64.0,13.3,91.56
64.1,13.6,91.56
64.2,0.0,91.56
64.3,13.6,91.56
64.4,25.8,91.56
64.5,13.3,91.56
64.6,25.9,91.56
64.7,12.7,91.56
64.8,0.0,91.56
64.9,13.4,91.56
65.0,13.6,91.56
65.1,13.6,91.56
65.2,13.5,91.56
65.3,13.4,91.56
65.4,13.9,91.56
65.5,0.0,91.56
65.6,14.1,91.56
65.7,13.6,91.56
65.8,13.6,91.56
65.9,13.5,91.56
66.0,0.0,91.56
66.1,26.9,91.56
66.2,13.5,91.56
66.3,13.5,91.56
66.4,12.7,91.56
66.5,0.0,91.56
66.6,23.8,91.56
66.7,25.3,91.56
66.8,13.7,91.56
66.9,13.3,91.56
67.0,0.0,91.56
67.1,0.0,91.57
67.2,0.0,91.57
67.3,13.6,91.57
67.4,0.0,91.57
67.5,13.6,91.57
67.6,14.1,91.57
67.7,13.6,91.57
67.8,13.7,91.57
67.9,13.4,91.57
68.0,25.4,91.57
68.1,13.9,91.57
68.2,14.2,91.57
68.3,0.0,91.57
68.4,12.9,91.57
68.5,0.0,91.57
68.6,13.5,91.57
68.7,13.5,91.57
68.8,13.6,91.57
68.9,13.5,91.57
69.0,13.6,91.57
69.1,13.5,91.57
69.2,13.0,91.57
69.3,13.3,91.57
69.4,13.2,91.57
69.5,13.5,91.57
69.6,13.6,91.57
69.7,13.7,91.57
69.8,13.5,91.57
69.9,13.6,91.57
70.0,13.3,91.57
70.1,13.3,91.57
70.2,13.6,91.57
70.3,13.9,91.57
70.4,13.6,91.57
70.5,0.0,91.57
70.6,13.4,91.57
70.7,13.7,91.57
70.8,26.1,91.57
70.9,14.4,91.57
71.0,13.0,91.57
71.1,0.0,91.57
71.2,13.3,91.57
71.3,13.7,91.57
71.4,0.0,91.57
71.5,14.0,91.57
71.6,13.4,91.57
71.7,14.2,91.57
71.8,13.5,91.57
71.9,13.8,91.57
72.0,14.5,91.57
72.1,13.9,91.57
72.2,13.4,91.57
72.3,0.0,91.57
72.4,0.0,91.57
72.5,13.3,91.57
72.6,26.4,91.57
72.7,13.9,91.57
72.8,13.6,91.57
72.9,0.0,91.57
73.0,0.0,91.57
73.1,13.6,91.57
73.2,13.5,91.57
73.3,14.4,91.57
73.4,25.2,91.57
73.5,25.5,91.57
73.6,25.5,91.57
73.7,13.4,91.57
73.8,13.8,91.57
73.9,0.0,91.57
74.0,13.4,91.57
74.1,13.4,91.57
74.2,13.8,91.57
74.3,13.9,91.57
74.4,0.0,91.57
74.5,13.6,91.57
74.6,12.9,91.57
74.7,13.1,91.57
74.8,13.6,91.57
74.9,13.7,91.57
75.0,13.6,91.57
75.1,0.0,91.57
75.2,13.6,91.57
75.3,14.0,91.57
75.4,13.5,91.57
75.5,12.9,91.57
75.6,13.5,91.57
75.7,13.2,91.57
75.8,14.0,91.57
75.9,0.0,91.57
76.0,0.0,91.57
76.1,13.5,91.57
76.2,13.7,91.57
76.3,13.6,91.57
76.4,13.4,91.57
76.5,13.7,91.57
76.6,12.9,91.57
76.7,26.4,91.57
76.8,14.1,91.57
76.9,13.2,91.57
77.0,13.6,91.57
77.1,13.9,91.57
77.2,13.5,91.57
77.3,13.2,91.57
77.4,13.3,91.57
77.5,13.7,91.57
77.6,13.1,91.57
77.7,12.8,91.57
77.8,13.4,91.57
77.9,13.3,91.57
78.0,0.0,91.57
78.1,13.7,91.57
78.2,25.7,91.57
78.3,13.6,91.57
78.4,25.5,91.57
78.5,13.5,91.57
78.6,13.7,91.57
78.7,13.3,91.57
78.8,26.4,91.57
78.9,13.7,91.57
79.0,14.4,91.57
79.1,14.6,91.57
79.2,14.2,91.57
79.3,25.6,91.57
79.4,13.6,91.57
79.5,13.8,91.57
79.6,0.0,91.57
79.7,13.5,91.57
79.8,13.6,91.57
79.9,0.0,91.57
80.0,13.6,91.57
80.1,13.5,91.57
80.2,13.0,91.57
80.3,13.3,91.57
80.4,13.5,91.57
80.5,13.6,91.57
80.6,13.7,91.57
80.7,13.0,91.57
80.8,0.0,91.57
80.9,13.4,91.57
81.0,13.6,91.57
81.1,0.0,91.57
81.2,13.8,91.57
81.3,13.6,91.57
81.4,14.0,91.57
81.5,0.0,91.57
81.6,14.7,91.57
81.7,14.6,91.57
81.8,0.0,91.57
81.9,0.0,91.58
82.0,0.0,91.58
82.1,0.0,91.58
82.2,29.5,91.58
82.3,0.0,91.58
82.4,0.0,91.58
82.5,13.6,91.58
82.6,14.0,91.58
82.7,27.0,91.58
82.8,0.0,91.58
82.9,13.7,91.58
83.0,13.1,91.58
83.1,13.8,91.58
83.2,13.6,91.58
83.3,13.5,91.58
83.4,13.7,91.58
83.5,0.0,91.58
83.6,0.0,91.58
83.7,13.3,91.58
83.8,26.1,91.58
83.9,13.9,91.58
84.0,13.8,91.58
84.1,0.0,91.58
84.2,0.0,91.58
84.3,13.7,91.58
84.4,12.1,91.58
84.5,24.2,91.58
84.6,13.6,91.58
84.7,13.7,91.58
84.8,13.6,91.58
84.9,0.0,91.58
85.0,0.0,91.58
85.1,0.0,91.58
85.2,13.7,91.58
85.3,13.6,91.58
85.4,13.9,91.58
85.5,13.5,91.58
85.6,13.6,91.58
85.7,13.8,91.58
85.8,0.0,91.58
85.9,13.6,91.58
86.0,14.3,91.58
86.1,13.5,91.58
86.2,13.6,91.58
86.3,12.8,91.58
86.4,0.0,91.58
86.5,13.6,91.59
86.6,13.7,91.59
86.7,26.6,91.59
86.8,13.6,91.59
86.9,13.2,91.59
87.0,13.0,91.59
87.1,0.0,91.59
87.2,13.7,91.59
87.3,13.6,91.59
87.4,13.7,91.59
87.5,13.5,91.59
87.6,14.1,91.59
87.7,14.0,91.59
87.8,14.1,91.59
87.9,14.3,91.59
88.0,14.4,91.59
88.1,14.0,91.59
88.2,26.1,91.59
88.3,13.4,91.59
88.4,0.0,91.59
88.5,13.0,91.59
88.6,14.0,91.59
88.7,13.5,91.59
88.8,13.3,91.59
88.9,13.6,91.59
89.0,13.8,91.59
89.1,13.8,91.59
89.2,12.7,91.59
89.3,13.5,91.59
89.4,0.0,91.59
89.5,0.0,91.59
89.6,14.4,91.59
89.7,14.3,91.59
89.8,14.7,91.59
89.9,14.6,91.59
90.0,13.7,91.59
90.1,0.0,91.59
90.2,13.7,91.59
90.3,13.6,91.59
90.4,13.6,91.59
90.5,13.6,91.59
90.6,13.6,91.59
90.7,13.3,91.59
90.8,13.2,91.59
90.9,25.5,91.59
91.0,13.5,91.59
91.1,0.0,91.59
91.2,13.5,91.59
91.3,13.4,91.59
91.4,13.7,91.59
91.5,14.1,91.59
91.6,12.3,91.59
91.7,13.6,91.59
91.8,0.0,91.59
91.9,0.0,91.59
92.0,13.6,91.59
92.1,13.6,91.59
92.2,0.0,91.59
92.3,0.0,91.59
92.4,0.0,91.59
92.5,13.6,91.59
92.6,26.6,91.59
92.7,13.5,91.59
92.8,14.3,91.59
92.9,13.6,91.59
93.0,13.1,91.59
93.1,13.7,91.59
93.2,0.0,91.59
93.3,0.0,91.59
93.4,0.0,91.59
93.5,0.0,91.59
93.6,0.0,91.59
93.7,13.6,91.59
93.8,13.8,91.59
93.9,14.5,91.59
94.0,13.7,91.59
94.1,13.4,91.59
94.2,14.0,91.59
94.3,13.6,91.59
94.4,0.0,91.59
94.5,13.4,91.59
94.6,14.4,91.59
94.7,13.6,91.59
94.8,13.5,91.59
94.9,13.7,91.59
95.0,13.0,91.59
95.1,13.6,91.59
95.2,13.8,91.59
95.3,26.2,91.59
95.4,13.2,91.59
95.5,13.5,91.59
95.6,14.0,91.59
95.7,13.4,91.59
95.8,13.6,91.59
95.9,13.6,91.59
96.0,14.2,91.59
96.1,13.5,91.59
96.2,13.7,91.59
96.3,14.1,91.59
96.4,13.7,91.59
96.5,25.8,91.59
96.6,13.8,91.59
96.7,68.2,91.71
96.8,112.5,91.73
96.9,104.0,91.81
97.0,115.2,92.01
97.1,14.5,92.12
97.2,13.7,92.12
97.3,0.0,92.12
97.4,13.3,92.12
97.5,13.5,92.12
97.6,0.0,92.12
97.7,13.2,92.12
97.8,13.5,92.12
97.9,13.1,92.12
98.0,13.7,92.12
98.1,0.0,92.12
98.2,0.0,92.12
98.3,0.0,92.12
98.4,0.0,92.17
98.5,13.6,92.18
98.6,13.6,92.18
98.7,0.0,92.19
98.8,13.2,92.19
98.9,25.9,92.19
99.0,13.2,92.19
99.1,0.0,92.19
99.2,13.7,92.19
99.3,14.2,92.19
99.4,13.0,92.19
99.5,13.6,92.19
99.6,0.0,92.19
99.7,13.7,92.19
99.8,14.0,92.19
99.9,13.5,92.19
100.0,13.7,92.19
100.1,90.9,92.23
100.2,107.2,92.4
100.3,112.7,92.44
100.4,41.9,92.72
100.5,27.5,92.73
100.6,0.0,92.73
100.7,0.0,92.73
100.8,13.5,92.73
100.9,13.6,92.73
101.0,14.0,92.73
101.1,13.5,92.73
101.2,12.8,92.73
101.3,13.7,92.73
101.4,13.5,92.73
101.5,13.5,92.73
101.6,13.5,92.73
101.7,13.6,92.73
101.8,0.0,92.73
101.9,13.4,92.73
102.0,27.9,92.73
102.1,0.0,92.73
102.2,13.7,92.73
102.3,13.7,92.73
102.4,13.9,92.73
102.5,0.0,92.73
102.6,0.0,92.73
102.7,0.0,92.73
102.8,13.8,92.73
102.9,13.0,92.73
103.0,13.4,92.73
103.1,25.3,92.73
103.2,13.6,92.73
103.3,13.6,92.73
103.4,13.7,92.73
103.5,26.0,92.73
103.6,13.6,92.73
103.7,13.7,92.73
103.8,0.0,92.73
103.9,13.6,92.73
104.0,13.7,92.73
104.1,0.0,92.73
104.2,13.7,92.73
104.3,13.7,92.73
104.4,13.6,92.73
104.5,13.0,92.73
104.6,13.5,92.73
104.7,14.0,92.73
104.8,14.2,92.73
104.9,13.6,92.73
105.0,14.4,92.73
105.1,14.4,92.73
105.2,14.8,92.73
105.3,14.2,92.73
105.4,0.0,92.73
105.5,14.5,92.73
105.6,14.2,92.73
105.7,13.6,92.73
105.8,13.7,92.73
105.9,13.7,92.73
106.0,13.6,92.73
106.1,0.0,92.75
106.2,14.0,92.78
106.3,14.0,92.78
106.4,14.0,92.78
106.5,14.1,92.78
106.6,13.6,92.78
106.7,0.0,92.78
106.8,14.2,92.78
106.9,13.8,92.78
107.0,13.5,92.78
107.1,13.2,92.78
107.2,26.7,93.45
107.3,114.5,94.33
107.4,98.3,94.32
107.5,42.2,94.32
107.6,13.4,94.33
107.7,13.7,94.33
107.8,12.9,94.33
107.9,13.9,94.33
108.0,13.3,94.33
108.1,13.0,94.33
108.2,13.4,94.33
108.3,26.6,94.33
108.4,13.0,94.33
108.5,13.3,94.33
108.6,13.4,94.33
108.7,12.8,94.33
108.8,14.0,94.33
108.9,13.4,94.33
109.0,0.0,94.33
109.1,0.0,94.33
109.2,0.0,94.33
109.3,0.0,94.33
109.4,14.8,94.33
109.5,0.0,94.33
109.6,0.0,94.33
109.7,0.0,94.33
109.8,0.0,94.33
109.9,0.0,94.33
110.0,14.3,94.33
110.1,14.8,94.34
110.2,0.0,94.34
110.3,0.0,94.34
110.4,0.0,94.34
110.5,0.0,94.34
110.6,14.4,94.34
110.7,14.8,94.34
110.8,14.8,94.34
110.9,0.0,94.35
111.0,0.0,94.35
111.1,14.2,94.35
111.2,14.4,94.35
111.3,14.7,94.35
111.4,13.9,94.35
111.5,14.3,94.35
111.6,14.3,94.35
111.7,13.7,94.35
111.8,13.8,94.35
111.9,0.0,94.35
112.0,14.0,94.35
112.1,13.4,94.35
112.2,13.9,94.35
112.3,26.5,94.35
112.4,13.5,94.35
112.5,13.3,94.35
112.6,14.3,94.35
112.7,25.1,94.35
112.8,13.9,94.35
112.9,14.7,94.35
113.0,13.5,94.35
113.1,13.5,94.35
113.2,13.8,94.35
113.3,13.5,94.35
113.4,13.7,94.35
113.5,13.6,94.35
113.6,13.4,94.35
113.7,13.5,94.35
113.8,14.3,94.35
113.9,13.4,94.35
114.0,0.0,94.35
114.1,13.6,94.35
114.2,13.6,94.35
114.3,0.0,94.35
114.4,13.5,94.35
114.5,0.0,94.35
114.6,13.7,94.35
114.7,13.7,94.35
114.8,14.5,94.35
114.9,0.0,94.35
115.0,13.6,94.35
115.1,0.0,94.35
115.2,12.9,94.35
115.3,13.7,94.35
115.4,44.4,95.33
115.5,25.9,95.33
115.6,12.3,95.33
115.7,13.2,95.31
115.8,13.4,95.31
115.9,13.5,95.31
116.0,13.6,95.31
116.1,13.4,95.31
116.2,13.3,95.31
116.3,13.5,95.31
116.4,0.0,95.31
116.5,13.6,95.31
116.6,13.5,95.31
116.7,26.7,95.31
116.8,13.7,95.31
116.9,13.2,95.31
117.0,12.9,95.31
117.1,13.6,95.32
117.2,12.8,95.32
117.3,13.5,95.32
117.4,25.5,95.32
117.5,14.0,95.32
117.6,14.1,95.32
117.7,14.1,95.32
117.8,14.5,95.32
117.9,13.9,95.32
118.0,14.2,95.32
118.1,0.0,95.32
118.2,13.4,95.32
118.3,13.6,95.32
118.4,25.7,95.32
118.5,0.0,95.32
118.6,13.9,95.32
118.7,13.3,95.32
118.8,14.0,95.32
118.9,14.7,95.32
119.0,14.7,95.32
119.1,14.4,95.32
119.2,13.9,95.32
119.3,13.3,95.32
119.4,0.0,95.32
119.5,14.1,95.32
119.6,0.0,95.32
119.7,14.1,95.32
119.8,14.2,95.32
119.9,27.5,95.32
120.0,13.9,95.32
120.1,13.2,95.32
120.2,13.3,95.32
120.3,13.0,95.32
120.4,13.4,95.32
120.5,0.0,95.32
120.6,13.7,95.32
120.7,0.0,95.32
120.8,14.1,95.32
120.9,14.2,95.32
121.0,13.0,95.32
121.1,0.0,95.32
121.2,13.3,95.32
121.3,14.4,95.32
121.4,14.3,95.32
121.5,13.6,95.32
121.6,13.6,95.32
121.7,14.3,95.32
121.8,13.2,95.32
121.9,0.0,95.32
122.0,13.0,95.32
122.1,13.6,95.32
122.2,12.9,95.32
122.3,13.5,95.32
122.4,0.0,95.32
122.5,13.5,95.32
122.6,13.5,95.32
122.7,13.7,95.32
122.8,13.7,95.32
122.9,14.1,95.32
123.0,14.2,95.32
123.1,27.1,95.37
123.2,13.5,122.15
123.3,27.7,127.97
123.4,111.7,153.01
123.5,88.8,170.48
123.6,29.5,107.24
123.7,65.8,94.39
123.8,107.9,94.68
123.9,85.0,94.87
124.0,14.1,94.97
124.1,12.8,94.97
124.2,0.0,94.97
124.3,13.6,94.98
124.4,24.8,94.98
124.5,13.7,94.98
124.6,13.9,94.98
124.7,0.0,94.98
124.8,13.0,94.98
124.9,25.7,94.98
125.0,14.0,94.98
125.1,13.2,94.98
125.2,12.7,94.98
125.3,0.0,94.98
125.4,14.0,94.98
125.5,0.0,94.98
125.6,14.3,94.98
125.7,14.0,94.98
125.8,14.3,94.98
125.9,13.9,94.98
126.0,0.0,94.98
126.1,0.0,94.98
126.2,0.0,94.98
126.3,13.3,94.98
126.4,25.8,94.98
126.5,13.3,94.98
126.6,12.8,94.98
126.7,14.3,95.01
126.8,14.1,95.01
126.9,13.6,95.01
127.0,0.0,95.01
127.1,13.8,95.01
127.2,14.3,95.01
127.3,12.9,95.01
127.4,13.4,95.01
127.5,13.4,95.01
127.6,13.3,95.01
127.7,13.4,95.01
127.8,13.7,95.01
127.9,13.7,95.01
128.0,13.6,95.01
128.1,13.6,95.01
128.2,13.5,95.01
128.3,0.0,95.01
128.4,13.7,95.01
128.5,13.9,95.01
128.6,26.4,95.01
128.7,13.8,95.01
128.8,13.6,95.01
128.9,13.2,95.01
129.0,13.7,95.01
129.1,26.8,95.01
129.2,13.4,95.01
129.3,13.6,95.01
129.4,13.4,95.01
129.5,13.4,95.01
129.6,13.6,95.01
129.7,13.6,95.01
129.8,13.6,95.01
129.9,12.7,95.01
130.0,13.5,95.01
130.1,13.6,95.01
130.2,13.6,95.01
130.3,13.5,95.01
130.4,13.5,95.01
130.5,0.0,95.01
130.6,12.8,95.01
130.7,12.8,95.01
130.8,13.3,95.01
130.9,13.8,95.01
131.0,13.3,95.01
131.1,13.6,95.01
131.2,13.6,95.01
131.3,26.2,95.01
131.4,13.7,95.01
131.5,25.9,95.01
131.6,13.6,95.01
131.7,14.4,95.01
131.8,13.7,95.01
131.9,13.1,95.01
132.0,13.6,95.01
132.1,13.7,95.01
132.2,13.6,95.01
132.3,13.8,95.01
132.4,0.0,95.01
132.5,12.7,95.01
132.6,13.5,95.01
132.7,14.2,95.01
132.8,13.4,95.01
132.9,13.5,95.01
133.0,13.6,95.01
133.1,27.6,95.01
133.2,13.7,95.01
133.3,14.0,95.01
133.4,25.5,95.01
133.5,14.0,95.01
133.6,13.8,95.01
133.7,26.4,95.01
133.8,13.5,95.01
133.9,14.1,95.01
134.0,25.5,95.01
134.1,12.8,95.01
134.2,13.7,95.01
134.3,14.3,95.01
134.4,26.6,95.01
134.5,13.8,95.01
134.6,13.0,95.01
134.7,12.8,95.01
134.8,13.5,95.01
134.9,13.0,95.01
135.0,0.0,95.01
135.1,14.2,95.01
135.2,13.4,95.01
135.3,25.7,95.01
135.4,13.5,95.01
135.5,13.6,95.01
135.6,27.2,95.01
135.7,25.7,95.01
135.8,13.5,95.01
135.9,26.6,95.01
136.0,13.6,95.01
136.1,13.6,95.01
136.2,13.6,95.01
136.3,13.5,95.01
136.4,13.7,95.01
136.5,13.1,95.01
136.6,13.4,95.01
136.7,12.2,95.01
136.8,13.3,95.01
136.9,0.0,95.01
137.0,13.0,95.01
137.1,13.5,95.01
137.2,13.5,95.01
137.3,13.6,95.01
137.4,13.7,95.01
137.5,13.8,95.01
137.6,13.6,95.01
137.7,13.6,95.01
137.8,13.5,95.01
137.9,13.9,95.01
138.0,13.9,95.01
138.1,0.0,95.01
138.2,0.0,95.01
138.3,13.1,95.01
138.4,13.5,95.01
138.5,12.5,95.01
138.6,13.6,95.01
138.7,13.5,95.01
138.8,26.8,95.01
138.9,13.4,95.01
139.0,13.5,95.01
139.1,13.0,95.01
139.2,12.7,95.01
139.3,13.7,95.01
139.4,13.6,95.01
139.5,13.6,95.01
139.6,13.8,95.01
139.7,26.2,95.01
139.8,25.4,95.01
139.9,13.8,95.01
140.0,13.4,95.01
140.1,13.5,95.01
140.2,13.5,95.01
140.3,13.6,95.01
140.4,13.3,95.01
140.5,13.7,95.02
140.6,13.5,95.02
140.7,13.6,95.02
140.8,13.5,95.02
140.9,13.7,95.02
141.0,13.5,95.02
141.1,13.6,95.02
141.2,0.0,95.02
141.3,12.7,95.02
141.4,13.6,95.02
141.5,13.3,95.02
141.6,13.5,95.02
141.7,13.5,95.02
141.8,13.3,95.02
141.9,13.5,95.02
142.0,14.4,95.02
142.1,13.2,95.02
142.2,13.6,95.02
142.3,13.6,95.02
142.4,13.4,95.02
142.5,13.4,95.02
142.6,25.5,95.02
142.7,13.3,95.02
142.8,13.2,95.02
142.9,13.6,95.02
143.0,13.5,95.02
143.1,37.2,95.02
143.2,13.5,95.02
143.3,0.0,95.02
143.4,13.5,95.02
143.5,25.2,95.02
143.6,14.0,95.02
143.7,25.8,95.02
143.8,13.2,95.02
143.9,13.2,95.02
144.0,13.4,95.02
144.1,13.4,95.02
144.2,13.1,95.02
144.3,0.0,95.02
144.4,13.4,95.02
144.5,13.8,95.02
144.6,13.6,95.02
144.7,12.8,95.02
144.8,13.6,95.02
144.9,14.2,95.02
145.0,13.6,95.02
145.1,13.7,95.02
145.2,13.1,95.02
145.3,13.7,95.02
145.4,0.0,95.02
145.5,0.0,95.02
145.6,13.6,95.02
145.7,25.1,95.02
145.8,13.6,95.02
145.9,13.6,95.02
146.0,13.8,95.02
146.1,13.3,95.02
146.2,13.5,95.02
146.3,13.7,95.02
146.4,25.1,95.02
146.5,25.6,95.02
146.6,13.0,95.02
146.7,14.1,95.02
146.8,12.9,95.02
146.9,13.4,95.02
147.0,13.6,95.02
147.1,13.5,95.02
147.2,13.4,95.02
147.3,13.4,95.02
147.4,27.2,95.02
147.5,13.5,95.02
147.6,13.5,95.02
147.7,27.3,95.02
147.8,13.5,95.02
147.9,13.5,95.02
148.0,13.6,95.02
148.1,13.6,95.02
148.2,13.5,95.02
148.3,13.5,95.02
148.4,13.7,95.02
148.5,13.3,95.02
148.6,27.1,95.02
148.7,13.4,95.02
148.8,13.5,95.02
148.9,13.5,95.02
149.0,13.6,95.02
149.1,13.5,95.02
149.2,13.4,95.02
149.3,13.6,95.02
149.4,13.4,95.02
149.5,13.5,95.02
149.6,0.0,95.02
149.7,13.3,95.02
149.8,13.5,95.02
149.9,13.4,95.02
150.0,13.1,95.02
150.1,12.8,95.02
150.2,0.0,95.02
150.3,13.0,95.02
150.4,13.6,95.02
150.5,13.4,95.02
150.6,12.8,95.02
150.7,12.7,95.02
150.8,13.5,95.02
150.9,13.5,95.02
151.0,13.7,95.02
151.1,12.6,95.02
151.2,13.4,95.02
151.3,13.6,95.02
151.4,13.6,95.02
151.5,0.0,95.02
151.6,13.5,95.02
151.7,0.0,95.02
151.8,13.2,95.02
151.9,13.5,95.02
152.0,12.6,95.02
152.1,13.6,95.02
152.2,12.9,95.02
152.3,13.1,95.02
152.4,13.6,95.02
152.5,13.7,95.02
152.6,13.8,95.02
152.7,13.6,95.02
152.8,13.7,95.02
152.9,13.3,95.02
153.0,0.0,95.02
153.1,13.7,95.02
153.2,13.9,95.02
153.3,13.3,95.02
153.4,13.6,95.02
153.5,13.5,95.02
153.6,13.6,95.02
153.7,13.6,95.02
153.8,13.8,95.02
153.9,0.0,95.02
154.0,13.7,95.02
154.1,13.6,95.02
154.2,0.0,95.02
154.3,13.6,95.02
154.4,25.9,95.02
154.5,13.6,95.02
154.6,27.1,95.03
154.7,13.6,95.03
154.8,13.6,95.03
154.9,13.5,95.03
155.0,13.6,95.03
155.1,13.5,95.03
155.2,0.0,95.03
155.3,13.5,95.03
155.4,13.6,95.03
155.5,13.7,95.03
155.6,13.5,95.03
155.7,25.3,95.03
155.8,14.1,95.03
155.9,13.4,95.03
156.0,13.2,95.03
156.1,13.6,95.03
156.2,12.9,95.03
156.3,26.3,95.03
156.4,13.2,95.03
156.5,13.0,95.03
156.6,13.4,95.03
156.7,13.8,95.03
156.8,13.2,95.03
156.9,12.9,95.03
157.0,25.5,95.03
157.1,25.9,95.03
157.2,13.7,95.03
157.3,13.2,95.03
157.4,13.4,95.03
157.5,13.7,95.03
157.6,0.0,95.03
157.7,13.7,95.03
157.8,13.6,95.03
157.9,14.2,95.03
158.0,13.6,95.03
158.1,13.3,95.03
158.2,26.2,95.03
158.3,13.6,95.03
158.4,0.0,95.03
158.5,13.6,95.03
158.6,13.7,95.03
158.7,13.3,95.04
158.8,13.6,95.04
158.9,25.6,95.04
159.0,13.6,95.04
159.1,13.6,95.04
159.2,13.4,95.04
159.3,13.7,95.04
159.4,27.1,95.04
159.5,13.6,95.04
159.6,13.4,95.04
159.7,0.0,95.04
159.8,13.6,95.04
159.9,0.0,95.04
160.0,26.6,95.04
160.1,13.6,95.04
160.2,26.0,95.04
160.3,12.9,95.04
160.4,13.4,95.04
160.5,25.7,95.04
160.6,13.5,95.04
160.7,13.6,95.04
160.8,0.0,95.04
160.9,0.0,95.04
161.0,13.8,95.04
161.1,13.0,95.04
161.2,13.5,95.04
161.3,25.9,95.04
161.4,13.3,95.04
161.5,13.5,95.04
161.6,0.0,95.04
161.7,13.6,95.04
161.8,13.6,95.04
161.9,25.8,95.04
162.0,13.4,95.04
162.1,0.0,95.04
162.2,13.4,95.04
162.3,13.6,95.04
162.4,13.3,95.04
162.5,13.5,95.04
162.6,26.5,95.04
162.7,13.5,95.04
162.8,14.0,95.04
162.9,0.0,95.04
163.0,13.3,95.04
163.1,13.5,95.04
163.2,0.0,95.04
163.3,13.6,95.04
163.4,12.7,95.04
163.5,13.9,95.04
163.6,13.2,95.04
163.7,13.6,95.04
163.8,13.5,95.04
163.9,13.6,95.04
164.0,13.8,95.04
164.1,13.7,95.04
164.2,11.9,95.04
164.3,12.9,95.04
164.4,25.7,95.04
164.5,13.2,95.04
164.6,0.0,95.04
164.7,13.6,95.04
164.8,13.4,95.04
164.9,14.0,95.04
165.0,13.3,95.04
165.1,0.0,95.04
165.2,13.6,95.04
165.3,13.1,95.04
165.4,0.0,95.04
165.5,0.0,95.04
165.6,13.7,95.04
165.7,13.5,95.04
165.8,13.6,95.04
165.9,13.7,95.04
166.0,14.2,95.04
166.1,13.6,95.04
166.2,13.7,95.04
166.3,13.1,95.04
166.4,12.9,95.04
166.5,13.5,95.04
166.6,13.6,95.04
166.7,13.7,95.04
166.8,13.4,95.04
166.9,13.5,95.04
167.0,13.7,95.04
167.1,13.7,95.04
167.2,13.6,95.04
167.3,13.5,95.04
167.4,13.7,95.04
167.5,13.0,95.04
167.6,13.3,95.04
167.7,13.3,95.04
167.8,13.6,95.04
167.9,13.5,95.04
168.0,13.0,95.04
168.1,13.6,95.04
168.2,13.4,95.04
168.3,27.2,95.04
168.4,25.5,95.04
168.5,13.7,95.04
168.6,13.1,95.04
168.7,13.5,95.04
168.8,13.6,95.04
168.9,13.0,95.04
169.0,12.7,95.04
169.1,26.0,95.04
169.2,13.3,95.04
169.3,0.0,95.04
169.4,25.3,95.04
169.5,0.0,95.04
169.6,13.3,95.04
169.7,13.6,95.04
169.8,13.6,95.04
169.9,13.4,95.04
170.0,13.5,95.04
170.1,13.5,95.04
170.2,13.7,95.04
170.3,25.8,95.04
170.4,13.1,95.04
170.5,12.9,95.04
170.6,0.0,95.04
170.7,12.9,95.04
170.8,0.0,95.04
170.9,13.6,95.04
171.0,13.2,95.04
171.1,12.9,95.04
171.2,0.0,95.04
171.3,14.0,95.04
171.4,13.0,95.04
171.5,0.0,95.04
171.6,13.6,95.04
171.7,25.9,95.04
171.8,13.2,95.04
171.9,12.6,95.04
172.0,13.5,95.04
172.1,13.4,95.04
172.2,14.1,95.04
172.3,13.4,95.04
172.4,0.0,95.04
172.5,0.0,95.04
172.6,14.0,95.04
172.7,13.8,95.04
172.8,27.3,95.04
172.9,0.0,95.04
173.0,13.5,95.04
173.1,13.8,95.04
173.2,13.9,95.04
173.3,12.8,95.04
173.4,26.5,95.04
173.5,12.9,95.04
173.6,12.8,95.02
173.7,26.6,95.02
173.8,13.6,95.02
173.9,13.7,95.02
174.0,13.6,95.02
174.1,14.2,95.02
174.2,13.6,95.02
174.3,13.6,95.02
174.4,0.0,95.02
174.5,13.7,95.02
174.6,14.3,95.02
174.7,13.6,95.02
174.8,0.0,95.02
174.9,13.9,95.02
175.0,13.2,95.02
175.1,13.0,95.02
175.2,13.4,95.02
175.3,13.7,95.02
175.4,13.6,95.02
175.5,13.9,95.02
175.6,0.0,95.02
175.7,40.9,95.02
175.8,14.0,95.02
175.9,14.3,95.02
176.0,13.4,95.02
176.1,13.7,95.02
176.2,13.6,95.02
176.3,14.3,95.02
176.4,14.1,95.02
176.5,0.0,95.02
176.6,13.2,95.02
176.7,28.7,95.04
176.8,105.8,95.12
176.9,102.8,95.25
177.0,85.7,95.63
177.1,13.6,95.7
177.2,13.1,95.73
177.3,0.0,95.73
177.4,0.0,95.73
177.5,13.3,95.73
177.6,13.6,95.73
177.7,12.8,95.73
177.8,0.0,95.73
177.9,0.0,95.73
178.0,13.4,95.73
178.1,13.6,95.73
178.2,13.4,95.73
178.3,25.4,95.73
178.4,13.5,95.77
178.5,0.0,95.77
178.6,13.4,95.77
178.7,13.9,95.77
178.8,13.6,95.77
178.9,13.7,95.79
179.0,13.7,95.79
179.1,14.0,95.79
179.2,13.6,95.79
179.3,13.7,95.79
179.4,13.7,95.79
179.5,13.6,95.8
179.6,0.0,95.8
179.7,13.9,95.8
179.8,13.9,95.8
179.9,13.6,95.8
180.0,0.0,95.8
180.1,0.0,95.8
180.2,14.1,95.8
180.3,13.5,95.8
180.4,13.7,95.8
180.5,14.1,95.8
180.6,25.8,95.8
180.7,14.2,95.8
180.8,13.6,95.8
180.9,13.6,95.8
181.0,13.6,95.8
181.1,13.6,95.8
181.2,0.0,95.8
181.3,13.7,95.8
181.4,13.5,95.8
181.5,13.1,95.8
181.6,13.4,95.8
181.7,12.8,95.8
181.8,25.9,95.8
181.9,14.3,95.8
182.0,14.2,95.8
182.1,13.6,95.8
182.2,12.9,95.8
182.3,25.4,95.8
182.4,13.4,95.8
182.5,13.6,95.8
182.6,13.4,95.8
182.7,13.5,95.8
182.8,12.5,95.8
182.9,12.8,95.8
183.0,13.6,95.8
183.1,13.4,95.8
183.2,25.8,95.8
183.3,92.6,95.87
183.4,98.6,96.15
183.5,70.0,96.44
183.6,13.7,96.45
183.7,13.5,96.45
183.8,12.9,96.45
183.9,0.0,96.45
184.0,13.5,96.45
184.1,13.6,96.45
184.2,0.0,96.45
184.3,13.2,96.45
184.4,13.4,96.45
184.5,13.5,96.45
184.6,13.4,96.45
184.7,13.6,96.45
184.8,13.2,96.45
184.9,13.3,96.45
185.0,13.6,96.45
185.1,13.6,96.45
185.2,13.6,96.45
185.3,13.4,96.45
185.4,0.0,96.45
185.5,13.5,96.46
185.6,13.6,96.46
185.7,13.6,96.46
185.8,13.1,96.46
185.9,13.5,96.46
186.0,13.6,96.46
186.1,13.2,96.46
186.2,0.0,96.46
186.3,13.6,96.46
186.4,13.0,96.46
186.5,13.4,96.46
186.6,13.8,96.46
186.7,0.0,96.46
186.8,13.7,96.46
186.9,13.8,96.46
187.0,13.6,96.46
187.1,13.0,96.46
187.2,0.0,96.46
187.3,26.1,96.46
187.4,25.9,96.46
187.5,13.2,96.46
187.6,13.6,96.46
187.7,13.5,96.46
187.8,13.4,96.46
187.9,13.6,96.49
188.0,13.6,96.49
188.1,13.4,96.49
188.2,13.0,96.49
188.3,13.6,96.49
188.4,13.8,96.49
188.5,26.5,96.49
188.6,12.7,96.49
188.7,13.1,96.49
188.8,37.8,97.82
188.9,41.4,97.87
189.0,13.5,97.87
189.1,14.0,97.87
189.2,13.7,97.87
189.3,13.5,97.87
189.4,13.3,97.87
189.5,12.8,97.87
189.6,13.6,97.87
189.7,13.5,97.87
189.8,14.2,97.87
189.9,13.6,97.87
190.0,13.7,97.87
190.1,12.9,97.87
190.2,13.4,97.87
190.3,13.6,97.88
190.4,13.7,97.88
190.5,14.4,97.88
190.6,13.6,97.88
190.7,12.9,97.88
190.8,0.0,97.88
190.9,12.7,97.88
191.0,12.6,97.88
191.1,13.5,97.88
191.2,13.5,97.88
191.3,13.5,97.88
191.4,13.5,97.88
191.5,13.9,97.88
191.6,13.5,97.88
191.7,0.0,97.88
191.8,25.5,97.88
191.9,13.5,97.88
192.0,14.7,97.88
192.1,14.3,97.88
192.2,13.5,97.88
192.3,0.0,97.88
192.4,13.4,97.88
192.5,13.5,97.88
192.6,13.4,97.88
192.7,13.6,97.88
192.8,0.0,97.88
192.9,12.8,97.88
193.0,13.6,97.88
193.1,12.6,97.88
193.2,13.3,97.88
193.3,13.4,97.88
193.4,13.3,97.88
193.5,0.0,97.88
193.6,13.5,97.88
193.7,13.4,97.88
193.8,12.9,97.88
193.9,14.2,97.88
194.0,0.0,97.88
194.1,13.9,97.88
194.2,13.9,97.88
194.3,14.3,97.88
194.4,13.6,97.88
194.5,13.4,97.88
194.6,13.3,97.88
194.7,13.3,97.88
194.8,14.4,97.88
194.9,12.8,97.88
195.0,13.1,97.88
195.1,26.2,97.88
195.2,13.1,97.88
195.3,13.1,97.88
195.4,13.9,97.88
195.5,0.0,97.88
195.6,12.6,97.88
195.7,12.6,97.88
195.8,13.2,97.88
195.9,25.5,97.88
196.0,13.0,97.88
196.1,13.2,97.88
196.2,13.3,97.88
196.3,13.4,97.88
196.4,13.6,97.88
196.5,26.1,97.88
196.6,13.6,97.88
196.7,0.0,97.88
196.8,13.2,97.88
196.9,26.5,97.88
197.0,13.7,97.88
197.1,14.1,97.88
197.2,13.5,97.88
197.3,13.7,97.88
197.4,13.7,97.88
197.5,13.6,97.88
197.6,13.4,97.88
197.7,13.5,97.88
197.8,13.4,97.88
197.9,13.8,97.88
198.0,14.2,97.88
198.1,13.6,97.88
198.2,13.6,97.88
198.3,13.6,97.88
198.4,13.5,97.88
198.5,13.6,97.88
198.6,27.2,97.88
198.7,0.0,97.88
198.8,12.3,97.88
198.9,13.6,97.88
199.0,13.6,97.88
199.1,13.6,97.88
199.2,13.5,97.88
199.3,27.2,97.88
199.4,0.0,97.88
199.5,25.7,97.88
199.6,13.4,97.88
199.7,13.5,97.88
199.8,13.6,97.88
199.9,13.6,97.88
200.0,12.9,97.88
200.1,13.4,97.88
200.2,13.4,97.88
200.3,25.8,97.88
200.4,13.5,97.88
200.5,13.7,97.88
200.6,13.5,97.88
200.7,13.5,97.88
200.8,13.5,97.88
200.9,13.7,97.88
201.0,13.5,97.88
201.1,13.6,97.88
201.2,13.0,97.88
201.3,13.4,97.88
201.4,13.7,97.88
201.5,26.6,97.88
201.6,0.0,97.88
201.7,26.2,97.88
201.8,25.6,97.88
201.9,13.0,97.88
202.0,13.7,97.88
202.1,13.4,97.88
202.2,26.6,97.88
202.3,13.6,97.88
202.4,26.2,97.88
202.5,13.1,97.88
202.6,12.7,97.88
202.7,14.2,97.88
202.8,14.3,97.88
202.9,12.8,97.88
203.0,13.1,97.88
203.1,13.6,97.88
203.2,28.3,118.18
203.3,42.5,131.08
203.4,27.6,144.0
203.5,99.6,166.37
203.6,28.7,98.21
203.7,0.0,98.21
203.8,13.6,98.21
203.9,13.7,98.21
204.0,13.7,98.21
204.1,14.1,98.21
204.2,14.2,98.21
204.3,14.4,98.21
204.4,13.6,98.21
204.5,13.6,98.21
204.6,13.4,98.21
204.7,13.6,98.21
204.8,13.6,98.21
204.9,13.1,98.21
205.0,13.5,98.21
205.1,13.7,98.21
205.2,13.3,98.21
205.3,13.7,98.21
205.4,13.7,98.21
205.5,13.6,98.21
205.6,12.6,98.21
205.7,12.9,98.21
205.8,13.6,98.21
205.9,12.8,98.21
206.0,12.4,98.21
206.1,13.4,98.21
206.2,13.6,98.21
206.3,26.6,98.21
206.4,13.6,98.21
206.5,25.7,98.21
206.6,13.5,98.21
206.7,13.6,98.21
206.8,13.5,98.21
206.9,13.3,98.21
207.0,13.6,98.21
207.1,13.4,98.21
207.2,13.5,98.21
207.3,13.6,98.21
207.4,13.4,98.21
207.5,13.6,98.21
207.6,13.6,98.21
207.7,13.6,98.21
207.8,13.1,98.21
207.9,26.6,98.21
208.0,13.4,98.21
208.1,13.6,98.21
208.2,13.4,98.21
208.3,13.2,98.21
208.4,0.0,98.21
208.5,13.4,98.21
208.6,13.7,98.21
208.7,13.6,98.21
208.8,13.7,98.21
208.9,13.6,98.21
209.0,13.2,98.21
209.1,13.4,98.21
209.2,0.0,98.21
209.3,13.6,98.21
209.4,0.0,98.21
209.5,12.4,98.21
209.6,13.0,98.21
209.7,13.5,98.21
209.8,14.0,98.21
209.9,13.0,98.21
210.0,13.1,98.21
210.1,26.6,98.21
210.2,12.9,98.21
210.3,13.2,98.21
210.4,12.7,98.21
210.5,13.0,98.21
210.6,0.0,98.21
210.7,13.7,98.21
210.8,14.3,98.21
210.9,12.8,98.21
211.0,13.9,98.21
211.1,25.7,98.21
211.2,13.7,98.21
211.3,13.1,98.21
211.4,12.5,98.21
211.5,0.0,98.21
211.6,0.0,98.21
211.7,13.8,98.21
211.8,24.8,98.21
211.9,13.7,98.21
212.0,13.5,98.21
212.1,13.6,98.21
212.2,13.5,98.21
212.3,13.6,98.21
212.4,13.6,98.21
212.5,13.7,98.21
212.6,13.5,98.21
212.7,13.1,98.21
212.8,13.1,98.21
212.9,13.0,98.21
213.0,13.0,98.21
213.1,13.5,98.21
213.2,13.8,98.21
213.3,13.6,98.21
213.4,13.4,98.21
213.5,13.6,98.21
213.6,13.9,98.21
213.7,0.0,98.21
213.8,14.0,98.21
213.9,13.2,98.21
214.0,13.1,98.21
214.1,13.2,98.21
214.2,13.6,98.21
214.3,25.5,98.21
214.4,13.2,98.21
214.5,13.4,98.21
214.6,13.5,98.21
214.7,13.6,98.21
214.8,12.8,98.21
214.9,82.6,98.29
215.0,71.4,98.29
215.1,97.6,98.28
215.2,124.8,98.28
215.3,109.0,98.29
215.4,27.8,98.31
215.5,13.6,98.31
215.6,13.7,98.31
215.7,13.4,98.32
215.8,0.0,98.32
215.9,0.0,98.32
216.0,12.7,98.32
216.1,0.0,98.32
216.2,0.0,98.32
216.3,0.0,98.32
216.4,0.0,98.32
216.5,0.0,98.32
216.6,0.0,98.32
216.7,13.5,98.32
216.8,25.6,98.32
216.9,13.4,98.32
217.0,12.2,98.32
217.1,13.3,98.32
217.2,13.6,98.32
217.3,12.6,98.32
217.4,0.0,98.32
217.5,0.0,98.32
217.6,26.8,98.32
217.7,24.7,98.32
217.8,25.3,98.32
217.9,13.6,98.32
218.0,13.3,98.32
218.1,12.9,98.32
218.2,0.0,98.32
218.3,13.1,98.32
218.4,13.9,98.32
218.5,13.7,98.32
218.6,0.0,98.32
218.7,12.8,98.32
218.8,13.5,98.32
218.9,13.1,98.32
219.0,13.5,98.32
219.1,12.9,98.32
219.2,13.3,98.32
219.3,25.7,98.32
219.4,13.6,98.32
219.5,13.6,98.32
219.6,13.0,98.32
219.7,12.8,98.32
219.8,25.4,98.32
219.9,13.2,98.32
220.0,13.6,98.32
220.1,13.5,98.32
220.2,0.0,98.32
220.3,13.5,98.32
220.4,12.8,98.32
220.5,13.6,98.32
220.6,12.9,98.32
220.7,13.3,98.32
220.8,13.6,98.32
220.9,0.0,98.32
221.0,0.0,98.32
221.1,27.2,98.32
221.2,14.1,98.32
221.3,14.0,98.32
221.4,14.1,98.32
221.5,13.5,98.32
221.6,13.3,98.32
221.7,13.9,98.32
221.8,13.2,98.32
221.9,0.0,98.32
222.0,13.7,98.32
222.1,13.5,98.32
222.2,25.4,98.32
222.3,25.7,98.32
222.4,12.8,98.32
222.5,13.4,98.32
222.6,25.7,98.32
222.7,13.6,98.32
222.8,13.6,98.32
222.9,13.8,98.32
223.0,13.5,98.32
223.1,13.6,98.32
223.2,13.0,98.32
223.3,13.5,98.32
223.4,13.3,98.32
223.5,14.0,98.32
223.6,13.4,98.32
223.7,0.0,98.32
223.8,12.8,98.32
223.9,13.2,98.32
224.0,13.6,98.32
224.1,13.1,98.32
224.2,13.5,98.32
224.3,0.0,98.32
224.4,13.0,98.32
224.5,25.5,98.32
224.6,13.4,98.32
224.7,13.2,98.32
224.8,13.5,98.32
224.9,13.6,98.32
225.0,12.9,98.32
225.1,14.1,98.32
225.2,13.4,98.32
225.3,13.6,98.32
225.4,13.6,98.32
225.5,13.2,98.32
225.6,0.0,98.32
225.7,13.7,98.32
225.8,13.7,98.32
225.9,13.5,98.32
226.0,13.5,98.32
226.1,25.7,98.32
226.2,13.3,98.32
226.3,13.1,98.32
226.4,13.8,98.32
226.5,14.5,98.32
226.6,13.9,98.32
226.7,14.8,98.32
226.8,14.3,98.32
226.9,13.8,98.32
227.0,14.5,98.32
227.1,14.5,98.32
227.2,13.8,98.32
227.3,25.0,98.32
227.4,13.6,98.32
227.5,13.3,98.32
227.6,13.6,98.32
227.7,13.4,98.32
227.8,25.7,98.32
227.9,13.5,98.32
228.0,13.7,98.32
228.1,0.0,98.32
228.2,13.7,98.32
228.3,14.5,98.32
228.4,27.3,98.32
228.5,14.1,98.32
228.6,13.5,98.32
228.7,0.0,98.32
228.8,13.6,98.32
228.9,26.5,98.32
229.0,13.5,98.32
229.1,13.3,98.32
229.2,25.5,98.32
229.3,14.1,98.32
229.4,13.6,98.32
229.5,13.6,98.32
229.6,13.5,98.32
229.7,13.6,98.32
229.8,25.8,98.32
229.9,13.5,98.32
230.0,0.0,98.32
230.1,13.7,98.32
230.2,12.5,98.32
230.3,12.6,98.32
230.4,12.8,98.32
230.5,0.0,98.32
230.6,13.3,98.32
230.7,13.6,98.32
230.8,13.6,98.32
230.9,13.5,98.32
231.0,13.3,98.32
231.1,13.9,98.32
231.2,13.4,98.32
231.3,13.6,98.32
231.4,13.6,98.32
231.5,12.9,98.32
231.6,0.0,98.32
231.7,13.4,98.32
231.8,13.8,98.32
231.9,13.8,98.32
232.0,13.7,98.32
232.1,13.6,98.32
232.2,13.6,98.32
232.3,13.3,98.32
232.4,14.1,98.32
232.5,13.6,98.32
232.6,25.8,98.32
232.7,13.1,98.32
232.8,13.4,98.32
232.9,13.6,98.32
233.0,13.3,98.32
233.1,13.3,98.32
233.2,13.0,98.32
233.3,13.6,98.32
233.4,13.7,98.32
233.5,13.0,98.32
233.6,0.0,98.32
233.7,13.4,98.32
233.8,0.0,98.32
233.9,13.3,98.32
234.0,14.0,98.32
234.1,13.4,98.32
234.2,12.8,98.32
234.3,12.6,98.32
234.4,12.6,98.32
234.5,12.9,98.32
234.6,26.2,98.32
234.7,13.4,98.32
234.8,26.5,98.32
234.9,13.5,98.32
235.0,14.2,98.32
235.1,13.6,98.32
235.2,13.8,98.32
235.3,13.6,98.32
235.4,25.2,98.32
235.5,12.4,98.32
235.6,25.7,98.32
235.7,13.2,98.32
235.8,12.5,98.32
235.9,13.5,98.32
236.0,13.8,98.32
236.1,24.8,98.32
236.2,13.4,98.32
236.3,13.5,98.32
236.4,25.0,98.32
236.5,25.4,98.32
236.6,13.2,98.32
236.7,13.0,98.32
236.8,13.5,98.32
236.9,13.1,98.32
237.0,13.3,98.32
237.1,14.0,98.32
237.2,14.2,98.32
237.3,26.1,98.32
237.4,0.0,98.32
237.5,13.2,98.32
237.6,25.9,98.32
237.7,13.0,98.32
237.8,14.1,98.32
237.9,13.8,98.32
238.0,13.8,98.32
238.1,13.6,98.32
238.2,13.8,98.32
238.3,13.7,98.32
238.4,14.4,98.32
238.5,13.9,98.32
238.6,13.8,98.32
238.7,0.0,98.32
238.8,27.1,98.32
238.9,13.8,98.32
239.0,25.5,98.32
239.1,13.3,98.32
239.2,13.6,98.32
239.3,13.2,98.32
239.4,0.0,98.32
239.5,0.0,98.32
239.6,13.9,98.32
239.7,0.0,98.32
239.8,13.5,98.32
239.9,0.0,98.32
240.0,12.5,98.32
240.1,12.8,98.32
240.2,13.6,98.32
240.3,0.0,98.32
240.4,92.0,98.32
240.5,109.4,98.32
240.6,112.9,98.32
240.7,14.2,98.32
240.8,0.0,98.32
240.9,13.8,98.32
241.0,13.6,98.32
241.1,13.8,98.32
241.2,0.0,98.32
241.3,14.0,98.32
241.4,13.5,98.32
241.5,13.6,98.32
241.6,14.4,98.32
241.7,13.6,98.32
241.8,13.5,98.32
241.9,24.5,98.32
242.0,14.2,98.32
242.1,14.7,98.32
242.2,0.0,98.32
242.3,14.2,98.36
242.4,13.9,98.36
242.5,14.6,98.36
242.6,0.0,98.36
242.7,14.0,98.36
242.8,13.4,98.36
242.9,14.1,98.36
243.0,14.1,98.38
243.1,84.1,98.58
243.2,112.8,98.86
243.3,76.2,99.07
243.4,14.1,99.09
243.5,13.5,99.09
243.6,13.5,99.09
243.7,13.6,99.09
243.8,13.7,99.09
243.9,13.8,99.09
244.0,13.6,99.09
244.1,13.9,99.09
244.2,0.0,99.09
244.3,14.7,99.09
244.4,12.9,99.09
244.5,13.0,99.09
244.6,25.6,99.09
244.7,0.0,99.09
244.8,13.5,99.09
244.9,0.0,99.09
245.0,12.7,99.09
245.1,13.5,99.09
245.2,13.5,99.09
245.3,13.6,99.09
245.4,12.9,99.09
245.5,0.0,99.09
245.6,0.0,99.09
245.7,13.0,99.09
245.8,13.5,99.09
245.9,13.4,99.09
246.0,0.0,99.09
246.1,13.5,99.09
246.2,13.6,99.09
246.3,25.1,99.09
246.4,13.5,99.09
246.5,0.0,99.09
246.6,14.2,99.09
246.7,13.3,99.09
246.8,13.5,99.09
246.9,26.0,99.09
247.0,13.6,99.09
247.1,0.0,99.09
247.2,12.8,99.09
247.3,13.6,99.09
247.4,14.3,99.09
247.5,13.3,99.09
247.6,0.0,99.09
247.7,13.6,99.09
247.8,13.1,99.09
247.9,12.9,99.09
248.0,13.2,99.09
248.1,13.5,99.09
248.2,13.6,99.09
248.3,13.6,99.09
248.4,13.5,99.09
248.5,12.9,99.09
248.6,13.3,99.09
248.7,12.9,99.09
248.8,13.5,99.16
248.9,25.5,99.16
249.0,13.8,99.16
249.1,0.0,99.16
249.2,13.3,99.16
249.3,13.6,99.16
249.4,13.5,99.16
249.5,13.6,99.16
249.6,13.6,99.16
249.7,0.0,99.16
249.8,13.0,99.16
249.9,13.5,99.16
250.0,12.8,99.16
250.1,13.6,99.16
250.2,26.1,99.16
250.3,13.4,99.16
250.4,13.6,99.16
250.5,0.0,99.16
250.6,13.3,99.16
250.7,13.2,99.16
250.8,25.4,99.16
250.9,13.0,99.16
251.0,13.4,99.16
251.1,64.2,100.07
251.2,13.1,100.07
251.3,12.8,100.07
251.4,14.2,100.07
251.5,12.8,100.07
251.6,13.5,100.07
251.7,12.9,100.07
251.8,14.0,100.07
251.9,13.6,100.07
252.0,13.9,100.07
252.1,12.4,100.07
252.2,13.3,100.07
252.3,13.3,100.07
252.4,13.7,100.07
252.5,13.1,100.07
252.6,25.7,100.07
252.7,13.7,100.07
252.8,25.3,100.07
252.9,13.6,100.07
253.0,25.8,100.07
253.1,13.8,100.07
253.2,25.3,100.07
253.3,13.6,100.07
253.4,13.5,100.07
253.5,13.0,100.07
253.6,13.5,100.07
253.7,13.6,100.07
253.8,12.6,100.07
253.9,13.0,100.07
254.0,13.3,100.07
254.1,13.7,100.07
254.2,13.6,100.07
254.3,13.6,100.07
254.4,13.4,100.07
254.5,13.6,100.07
254.6,13.6,100.07
254.7,13.7,100.07
254.8,25.9,100.07
254.9,12.8,100.07
255.0,14.0,100.07
255.1,14.4,100.07
255.2,13.8,100.07
255.3,13.6,100.07
255.4,12.9,100.07
255.5,13.7,100.07
255.6,13.6,100.07
255.7,12.5,100.07
255.8,12.7,100.07
255.9,13.5,100.07
256.0,13.6,100.07
256.1,13.7,100.07
256.2,12.9,100.07
256.3,0.0,100.07
256.4,13.6,100.07
256.5,14.2,100.07
256.6,26.0,100.07
256.7,13.9,100.07
256.8,26.4,100.07
256.9,14.2,100.07
257.0,13.6,100.07
257.1,25.5,100.07
257.2,13.6,100.07
257.3,12.7,100.07
257.4,13.6,100.07
257.5,12.8,100.07
257.6,13.5,100.07
257.7,12.8,100.07
257.8,27.0,100.07
257.9,12.8,100.07
258.0,13.5,100.07
258.1,0.0,100.07
258.2,13.6,100.07
258.3,13.7,100.07
258.4,25.3,100.07
258.5,25.5,100.07
258.6,25.6,100.07
258.7,13.6,100.07
258.8,13.7,100.07
258.9,13.6,100.2
259.0,12.8,100.2
259.1,13.6,100.2
259.2,13.2,100.2
259.3,12.9,100.2
259.4,13.2,100.2
259.5,27.5,127.74
259.6,80.4,147.77
259.7,114.2,167.68
259.8,111.2,114.29
259.9,41.6,101.09
260.0,13.5,101.09
260.1,12.7,101.09
260.2,13.6,101.09
260.3,38.3,101.09
260.4,13.4,101.09
260.5,25.3,101.09
260.6,13.5,101.09
260.7,27.1,101.09
260.8,13.7,101.09
260.9,26.6,101.09
261.0,13.8,101.09
261.1,27.0,101.09
261.2,12.9,101.09
261.3,13.5,101.09
261.4,12.8,101.09
261.5,13.3,101.09
261.6,25.4,101.09
261.7,0.0,101.09
261.8,13.5,101.09
261.9,13.4,101.09
262.0,13.5,101.09
262.1,13.7,101.09
262.2,13.1,101.09
262.3,14.0,101.09
262.4,13.7,101.09
262.5,0.0,101.09
262.6,0.0,101.09
262.7,25.5,101.09
262.8,13.4,101.09
262.9,13.3,101.09
263.0,0.0,101.09
263.1,13.6,101.09
263.2,13.6,101.09
263.3,13.5,101.09
263.4,12.9,101.09
263.5,26.2,101.09
263.6,13.0,101.09
263.7,13.4,101.09
263.8,12.9,101.09
263.9,13.3,101.09
264.0,25.5,101.09
264.1,13.5,101.09
264.2,12.8,101.09
264.3,38.9,101.09
264.4,13.9,101.09
264.5,13.5,101.09
264.6,14.4,101.09
264.7,13.6,101.09
264.8,25.5,101.09
264.9,13.4,101.09
265.0,25.1,101.09
265.1,26.5,101.09
265.2,13.7,101.09
265.3,13.3,101.09
265.4,13.6,101.09
265.5,25.5,101.09
265.6,13.5,101.09
265.7,14.1,101.09
265.8,14.4,101.09
265.9,13.5,101.09
266.0,13.7,101.09
266.1,12.8,101.09
266.2,13.4,101.09
266.3,26.2,101.09
266.4,13.7,101.09
266.5,27.3,101.09
266.6,0.0,101.09
266.7,0.0,101.09
266.8,13.1,101.09
266.9,13.5,101.09
267.0,13.7,101.09
267.1,27.3,101.09
267.2,26.8,101.09
267.3,13.5,101.09
267.4,25.8,101.09
267.5,12.9,101.09
267.6,12.6,101.09
267.7,13.5,101.09
267.8,27.2,115.0
267.9,55.7,134.96
268.0,87.4,159.2
268.1,101.4,174.88
268.2,14.5,115.17
268.3,87.0,101.24
268.4,80.5,101.24
268.5,112.7,101.24
268.6,57.1,101.24
268.7,12.8,101.24
268.8,13.1,101.24
268.9,14.1,101.24
269.0,13.8,101.24
269.1,0.0,101.24
269.2,0.0,101.24
269.3,13.2,101.24
269.4,13.3,101.24
269.5,13.2,101.24
269.6,13.2,101.24
269.7,25.6,101.24
269.8,12.5,101.24
269.9,12.8,101.24
270.0,13.6,101.24
270.1,13.6,101.24
270.2,13.9,101.24
270.3,14.1,101.24
270.4,24.8,101.24
270.5,26.1,101.24
270.6,0.0,101.24
270.7,13.1,101.24
270.8,13.5,101.24
270.9,13.7,101.24
271.0,13.9,101.24
271.1,13.6,101.24
271.2,13.5,101.24
271.3,13.6,101.24
271.4,13.3,101.24
271.5,12.8,101.24
271.6,13.6,101.24
271.7,12.4,101.24
271.8,13.5,101.24
271.9,12.8,101.24
272.0,13.5,101.24
272.1,13.7,101.24
272.2,13.9,101.24
272.3,25.8,101.24
272.4,13.7,101.24
272.5,13.7,101.24
272.6,12.9,101.24
272.7,13.7,101.24
272.8,13.6,101.24
272.9,13.6,101.24
273.0,26.3,101.24
273.1,13.1,101.24
273.2,13.5,101.24
273.3,27.4,101.24
273.4,14.1,101.24
273.5,13.4,101.24
273.6,13.7,101.24
273.7,25.5,101.24
273.8,13.6,101.24
273.9,26.2,101.24
274.0,13.6,101.24
274.1,13.7,101.24
274.2,13.6,101.24
274.3,12.8,101.24
274.4,13.7,101.24
274.5,0.0,101.24
274.6,0.0,101.24
274.7,13.5,101.24
274.8,13.7,101.24
274.9,12.9,101.24
275.0,25.7,101.24
275.1,13.9,101.24
275.2,13.6,101.24
275.3,13.6,101.24
275.4,24.8,101.24
275.5,13.5,101.24
275.6,13.6,101.24
275.7,13.5,101.24
275.8,24.6,101.24
275.9,13.7,101.24
276.0,13.2,101.24
276.1,13.6,101.24
276.2,0.0,101.24
276.3,13.6,101.24
276.4,13.6,101.24
276.5,0.0,101.24
276.6,13.5,101.24
276.7,25.6,101.24
276.8,13.3,101.24
276.9,12.8,101.24
277.0,13.8,101.24
277.1,0.0,101.24
277.2,0.0,101.24
277.3,0.0,101.24
277.4,0.0,101.24
277.5,0.0,101.24
277.6,12.8,101.24
277.7,13.5,101.24
277.8,13.0,101.24
277.9,13.7,101.24
278.0,13.7,101.24
278.1,14.0,101.24
278.2,13.7,101.24
278.3,13.7,101.24
278.4,27.4,101.24
278.5,0.0,101.24
278.6,0.0,101.24
278.7,13.5,101.24
278.8,14.0,101.24
278.9,25.9,101.24
279.0,14.1,101.24
279.1,13.5,101.24
279.2,0.0,101.24
279.3,13.9,101.24
279.4,13.5,101.24
279.5,25.7,101.24
279.6,12.9,101.24
279.7,0.0,101.24
279.8,13.7,101.24
279.9,13.7,101.24
280.0,13.6,101.24
280.1,0.0,101.24
280.2,13.7,101.24
280.3,13.5,101.24
280.4,0.0,101.24
280.5,13.7,101.24
280.6,13.0,101.24
280.7,13.4,101.24
280.8,26.2,101.24
280.9,13.5,101.24
281.0,26.4,101.24
281.1,0.0,101.24
281.2,13.3,101.24
281.3,14.2,101.24
281.4,13.5,101.24
281.5,13.6,101.24
281.6,25.7,101.24
281.7,13.2,101.24
281.8,13.6,101.24
281.9,13.0,101.24
282.0,13.6,101.24
282.1,13.5,101.24
282.2,13.6,101.24
282.3,13.6,101.24
282.4,12.9,101.24
282.5,13.2,101.24
282.6,12.8,101.24
282.7,13.4,101.24
282.8,13.5,101.24
282.9,13.4,101.24
283.0,25.4,101.24
283.1,25.8,101.24
283.2,12.8,101.24
283.3,13.3,101.24
283.4,13.6,101.24
283.5,13.6,101.24
283.6,12.9,101.24
283.7,13.5,101.24
283.8,13.6,101.24
283.9,26.0,101.24
284.0,13.7,101.24
284.1,13.6,101.25
284.2,13.8,101.25
284.3,25.4,101.25
284.4,13.6,101.25
284.5,13.6,101.25
284.6,13.6,101.25
284.7,12.8,101.25
284.8,13.4,101.25
284.9,25.4,101.25
285.0,25.7,101.25
285.1,12.9,101.25
285.2,13.6,101.25
285.3,37.7,101.25
285.4,13.0,101.25
285.5,13.5,101.25
285.6,14.4,101.25
285.7,13.6,101.25
285.8,13.7,101.25
285.9,13.6,101.25
286.0,13.9,101.25
286.1,25.9,101.25
286.2,12.8,101.25
286.3,13.4,101.25
286.4,25.2,101.25
286.5,13.6,101.25
286.6,13.1,101.25
286.7,13.4,101.25
286.8,13.2,101.25
286.9,13.4,101.25
287.0,13.3,101.25
287.1,25.5,101.25
287.2,13.5,101.25
287.3,13.6,101.25
287.4,13.7,101.25
287.5,25.5,101.25
287.6,0.0,101.25
287.7,12.7,101.25
287.8,14.4,101.25
287.9,13.4,101.25
288.0,0.0,101.25
288.1,0.0,101.25
288.2,13.3,101.25
288.3,13.7,101.25
288.4,13.0,101.25
288.5,13.7,101.25
288.6,12.8,101.25
288.7,0.0,101.25
288.8,13.6,101.25
288.9,13.8,101.25
289.0,12.9,101.25
289.1,14.2,101.25
289.2,13.5,101.25
289.3,12.8,101.25
289.4,13.4,101.25
289.5,13.3,101.25
289.6,12.7,101.25
289.7,13.5,101.25
289.8,13.6,101.25
289.9,25.8,101.25
290.0,13.6,101.25
290.1,13.9,101.25
290.2,0.0,101.25
290.3,13.6,101.25
290.4,25.4,101.25
290.5,12.8,101.25
290.6,13.4,101.25
290.7,25.9,101.25
290.8,13.6,101.25
290.9,26.2,101.25
291.0,13.4,101.25
291.1,13.6,101.25
291.2,12.8,101.25
291.3,13.6,101.25
291.4,25.9,101.25
291.5,98.1,101.25
291.6,111.5,101.25
291.7,109.9,101.25
291.8,38.2,101.27
291.9,13.6,101.28
292.0,13.6,101.28
292.1,13.7,101.28
292.2,13.4,101.28
292.3,13.0,101.28
292.4,13.6,101.28
292.5,12.9,101.28
292.6,13.6,101.28
292.7,13.4,101.28
292.8,13.5,101.28
292.9,12.8,101.28
293.0,13.7,101.28
293.1,13.5,101.28
293.2,14.0,101.28
293.3,13.6,101.28
293.4,0.0,101.28
293.5,27.2,101.28
293.6,13.4,101.28
293.7,13.0,101.28
293.8,13.4,101.28
293.9,0.0,101.28
294.0,13.6,101.28
294.1,13.1,101.28
294.2,13.6,101.28
294.3,13.6,101.28
294.4,13.6,101.28
294.5,13.6,101.28
294.6,13.2,101.28
294.7,53.8,101.28
294.8,84.6,101.28
294.9,97.1,101.64
295.0,27.7,101.79
295.1,13.5,101.79
295.2,13.5,101.79
295.3,25.7,101.79
295.4,25.4,101.79
295.5,13.6,101.79
295.6,0.0,101.79
295.7,25.8,101.79
295.8,13.5,101.79
295.9,13.3,101.79
296.0,13.6,101.79
296.1,0.0,101.79
296.2,12.8,101.79
296.3,12.5,101.79
296.4,13.2,101.79
296.5,25.7,101.79
296.6,14.2,101.79
296.7,13.7,101.79
296.8,25.5,101.79
296.9,13.7,101.79
297.0,25.7,101.79
297.1,0.0,101.79
297.2,12.8,101.79
297.3,13.5,101.79
297.4,0.0,101.79
297.5,0.0,101.79
297.6,13.0,101.79
297.7,0.0,101.79
297.8,13.0,101.79
297.9,14.4,101.79
298.0,14.4,101.79
298.1,13.9,101.79
298.2,25.4,101.79
298.3,25.7,101.79
298.4,13.6,101.79
298.5,13.5,101.79
298.6,13.2,101.79
298.7,13.6,101.79
298.8,13.6,101.79
298.9,13.2,101.79
299.0,0.0,101.79
299.1,13.5,101.79
299.2,13.1,101.79
299.3,13.6,101.79
299.4,14.0,101.79
299.5,13.6,101.79
299.6,0.0,101.79
299.7,0.0,101.79
299.8,12.7,101.79
299.9,14.2,101.79
300.0,14.2,101.79
300.1,13.7,101.83
300.2,13.5,101.83
300.3,13.2,101.83
300.4,13.4,101.83
300.5,13.7,101.83
300.6,12.6,101.83
300.7,25.3,101.83
300.8,13.3,101.83
300.9,12.8,101.83
301.0,13.4,101.83
301.1,12.8,101.83
301.2,13.6,101.83
301.3,25.7,101.83
301.4,0.0,101.83
301.5,13.9,101.83
301.6,13.5,101.83
301.7,52.0,103.3
301.8,12.4,103.3
301.9,24.8,103.3
302.0,13.6,103.3
302.1,13.6,103.3
302.2,14.4,103.3
302.3,0.0,103.3
302.4,13.1,103.3
302.5,25.8,103.3
302.6,13.3,103.3
302.7,13.5,103.3
302.8,12.8,103.3
302.9,27.1,103.3
303.0,13.3,103.3
303.1,12.8,103.3
303.2,13.6,103.3
303.3,13.5,103.3
303.4,13.8,103.3
303.5,13.0,103.3
303.6,13.4,103.3
303.7,12.9,103.3
303.8,13.4,103.3
303.9,13.7,103.3
304.0,13.5,103.3
304.1,13.3,103.3
304.2,13.6,103.3
304.3,12.4,103.3
304.4,12.7,103.3
304.5,12.5,103.3
304.6,13.1,103.3
304.7,13.1,103.3
304.8,13.6,103.3
304.9,12.9,103.3
305.0,13.1,103.3
305.1,13.3,103.3
305.2,27.2,103.3
305.3,26.1,103.3
305.4,25.4,103.3
305.5,13.5,103.3
305.6,26.0,103.3
305.7,13.6,103.3
305.8,0.0,103.3
305.9,13.6,103.3
306.0,13.3,103.3
306.1,0.0,103.3
306.2,13.1,103.3
306.3,13.5,103.3
306.4,12.9,103.3
306.5,25.6,103.3
306.6,13.4,103.3
306.7,12.9,103.3
306.8,25.7,103.3
306.9,0.0,103.3
307.0,13.2,103.3
307.1,14.3,103.3
307.2,25.6,103.3
307.3,12.7,103.3
307.4,13.2,103.3
307.5,13.9,103.3
307.6,0.0,103.3
307.7,13.3,103.3
307.8,26.3,103.3
307.9,13.8,103.3
308.0,0.0,103.3
308.1,12.8,103.3
308.2,26.3,117.41
308.3,42.3,103.88
308.4,13.4,103.88
308.5,0.0,103.88
308.6,0.0,103.88
308.7,0.0,103.88
308.8,12.8,103.88
308.9,0.0,103.88
309.0,13.0,103.88
309.1,13.4,103.88
309.2,13.6,103.88
309.3,13.8,103.88
309.4,12.4,103.88
309.5,13.4,103.88
309.6,27.3,103.88
309.7,25.6,103.88
309.8,25.7,103.88
309.9,13.6,103.88
310.0,13.4,103.88
310.1,12.9,103.88
310.2,12.8,103.88
310.3,25.2,103.88
310.4,13.6,103.88
310.5,13.6,103.88
310.6,13.7,103.88
310.7,13.6,103.88
310.8,13.4,103.88
310.9,25.4,103.88
311.0,13.2,103.88
311.1,13.6,103.88
311.2,13.0,103.88
311.3,13.6,103.88
311.4,13.6,103.88
311.5,13.6,103.88
311.6,12.8,103.88
311.7,12.7,103.88
311.8,13.6,103.88
311.9,0.0,103.88
312.0,12.9,103.88
312.1,0.0,103.88
312.2,12.7,103.88
312.3,13.9,103.88
312.4,13.6,103.88
312.5,13.6,103.88
312.6,13.6,103.88
312.7,25.6,103.88
312.8,12.9,103.88
312.9,13.6,103.88
313.0,13.5,103.88
313.1,13.6,103.88
313.2,13.5,103.88
313.3,25.5,103.88
313.4,13.7,103.88
313.5,13.5,103.88
313.6,13.2,103.88
313.7,25.0,103.88
313.8,13.2,103.88
313.9,12.7,103.88
314.0,13.0,103.88
314.1,13.3,103.88
314.2,13.0,103.88
314.3,0.0,103.88
314.4,12.8,103.88
314.5,13.3,103.88
314.6,26.3,103.88
314.7,13.6,103.88
314.8,13.6,103.88
314.9,13.6,103.88
315.0,13.5,103.88
315.1,12.8,103.88
315.2,13.2,103.88
315.3,13.7,103.88
315.4,13.4,103.88
315.5,27.0,103.88
315.6,0.0,103.88
315.7,12.8,103.88
315.8,13.2,103.88
315.9,26.0,103.88
316.0,13.9,103.88
316.1,25.4,103.88
316.2,0.0,103.88
316.3,25.6,103.88
316.4,14.5,103.88
316.5,25.6,103.88
316.6,13.5,103.88
316.7,13.9,103.88
316.8,13.1,103.88
316.9,13.1,103.88
317.0,13.5,103.88
317.1,13.5,103.88
317.2,13.6,103.88
317.3,13.9,103.88
317.4,13.4,103.9
317.5,40.8,104.19
317.6,51.5,104.21
317.7,105.3,104.21
317.8,114.1,104.21
317.9,68.8,104.24
318.0,25.3,104.24
318.1,24.6,104.24
318.2,0.0,104.24
318.3,0.0,104.24
318.4,0.0,104.24
318.5,13.3,104.24
318.6,24.7,104.24
318.7,13.3,104.24
318.8,13.9,104.24
318.9,14.4,104.24
319.0,12.7,104.24
319.1,13.0,104.24
319.2,12.9,104.24
319.3,25.8,104.24
319.4,13.9,104.24
319.5,25.4,104.24
319.6,25.6,104.24
319.7,12.9,104.24
319.8,0.0,104.24
319.9,0.0,104.24
320.0,13.7,104.24
320.1,25.8,104.24
320.2,12.7,104.24
320.3,13.2,104.24
320.4,25.7,104.24
320.5,13.4,104.24
320.6,12.7,104.24
320.7,13.6,104.24
320.8,13.9,104.24
320.9,13.5,104.24
321.0,13.0,104.24
321.1,24.4,104.24
321.2,13.3,104.24
321.3,26.7,104.24
321.4,13.6,104.24
321.5,12.8,104.24
321.6,14.1,104.24
321.7,0.0,104.24
321.8,38.3,104.24
321.9,25.4,104.24
322.0,13.1,104.24
322.1,12.7,104.24
322.2,13.4,104.24
322.3,0.0,104.24
322.4,13.4,104.24
322.5,25.8,104.24
322.6,13.3,104.24
322.7,26.3,104.24
322.8,13.0,104.24
322.9,13.3,104.24
323.0,14.2,104.24
323.1,13.9,104.25
323.2,13.2,104.25
323.3,13.1,104.25
323.4,0.0,104.25
323.5,13.1,104.25
323.6,13.9,104.25
323.7,13.7,104.25
323.8,13.1,104.25
323.9,26.1,104.25
324.0,14.0,104.25
324.1,13.4,104.25
324.2,13.0,104.25
324.3,14.7,104.25
324.4,13.3,104.25
324.5,0.0,104.25
324.6,0.0,104.25
324.7,13.3,104.25
324.8,12.8,104.25
324.9,12.8,104.25
325.0,13.5,104.25
325.1,25.3,104.25
325.2,13.3,104.25
325.3,12.2,104.25
325.4,0.0,104.25
325.5,13.5,104.25
325.6,26.1,104.25
325.7,14.0,104.25
325.8,13.0,104.25
325.9,12.9,104.25
326.0,25.6,104.25
326.1,26.2,104.25
326.2,13.6,104.25
326.3,14.2,104.25
326.4,25.9,104.25
326.5,13.6,104.25
326.6,26.6,104.25
326.7,13.3,104.25
326.8,25.8,104.25
326.9,13.0,104.25
327.0,13.2,104.25
327.1,25.8,104.25
327.2,13.6,104.25
327.3,12.9,104.25
327.4,26.2,104.25
327.5,12.9,104.25
327.6,13.7,104.25
327.7,12.9,104.25
327.8,13.6,104.25
327.9,13.5,104.25
328.0,12.8,104.25
328.1,25.4,104.25
328.2,14.1,104.25
328.3,13.6,104.25
328.4,13.4,104.25
328.5,13.2,104.25
328.6,0.0,104.25
328.7,13.5,104.25
328.8,13.0,104.25
328.9,13.6,104.25
329.0,13.0,104.25
329.1,0.0,104.25
329.2,13.2,104.25
329.3,13.8,104.25
329.4,0.0,104.25
329.5,0.0,104.25
329.6,13.1,104.25
329.7,0.0,104.25
329.8,13.8,104.25
329.9,14.0,104.25
330.0,14.1,104.25
330.1,13.2,104.25
330.2,13.5,104.25
330.3,12.9,104.25
330.4,13.7,104.25
330.5,13.6,104.25
330.6,0.0,104.25
330.7,13.5,104.25
330.8,13.2,104.25
330.9,0.0,104.25
331.0,13.2,104.25
331.1,14.3,104.25
331.2,14.0,104.25
331.3,14.0,104.25
331.4,13.6,104.25
331.5,27.7,104.25
331.6,13.7,104.25
331.7,13.4,104.25
331.8,13.1,104.25
331.9,13.5,104.25
332.0,13.5,104.25
332.1,13.9,104.25
332.2,13.3,104.25
332.3,13.6,104.25
332.4,13.6,104.25
332.5,12.7,104.25
332.6,26.4,104.25
332.7,12.7,104.25
332.8,12.5,104.25
332.9,12.8,104.25
333.0,13.3,104.25
333.1,25.1,104.25
333.2,13.6,104.25
333.3,25.5,104.25
333.4,13.8,104.25
333.5,13.5,104.25
333.6,13.7,104.25
333.7,13.2,104.25
333.8,13.0,104.25
333.9,13.2,104.25
334.0,12.8,104.25
334.1,13.6,104.25
334.2,25.4,104.25
334.3,13.6,104.25
334.4,13.2,104.25
334.5,13.0,104.25
334.6,13.5,104.25
334.7,25.5,104.25
334.8,13.4,104.25
334.9,0.0,104.25
335.0,13.8,104.25
335.1,12.8,104.25
335.2,13.6,104.25
335.3,25.5,104.25
335.4,50.2,104.25
335.5,27.2,104.25
335.6,13.6,104.25
335.7,12.9,104.25
335.8,13.0,104.25
335.9,38.4,104.25
336.0,13.5,104.25
336.1,13.7,104.25
336.2,13.2,104.25
336.3,13.4,104.25
336.4,0.0,104.25
336.5,0.0,104.25
336.6,13.2,104.25
336.7,13.9,104.25
336.8,12.7,104.25
336.9,12.9,104.25
337.0,25.9,104.25
337.1,13.5,104.25
337.2,25.6,104.25
337.3,14.1,104.25
337.4,0.0,104.25
337.5,13.6,104.25
337.6,14.2,104.25
337.7,13.1,104.25
337.8,12.7,104.25
337.9,13.3,104.25
338.0,13.5,104.25
338.1,0.0,104.25
338.2,12.7,104.25
338.3,0.0,104.25
338.4,12.9,104.25
338.5,13.4,104.25
338.6,13.6,104.25
338.7,25.7,104.25
338.8,13.7,104.25
338.9,26.4,104.25
339.0,13.5,104.25
339.1,0.0,104.25
339.2,13.4,104.25
339.3,13.2,104.25
339.4,14.0,104.25
339.5,12.9,104.25
339.6,0.0,104.25
339.7,25.5,104.25
339.8,12.8,104.25
339.9,13.6,104.25
340.0,13.6,104.25
340.1,13.7,104.25
340.2,13.6,104.25
340.3,13.5,104.25
340.4,13.3,104.25
340.5,13.1,104.25
340.6,13.7,104.25
340.7,14.2,104.25
340.8,13.1,104.25
340.9,13.7,104.25
341.0,13.3,104.25
341.1,0.0,104.25
341.2,13.5,104.25
341.3,25.7,104.25
341.4,12.8,104.25
341.5,12.7,104.25
341.6,13.5,104.25
341.7,13.5,104.25
341.8,13.7,104.25
341.9,12.6,104.25
342.0,13.4,104.25
342.1,14.1,104.25
342.2,13.0,104.25
342.3,12.8,104.25
342.4,13.5,104.25
342.5,14.3,104.25
342.6,13.7,104.25
342.7,13.6,104.25
342.8,12.9,104.25
342.9,14.5,104.25
343.0,25.6,104.25
343.1,13.9,104.25
343.2,25.3,104.25
343.3,25.2,104.25
343.4,25.0,104.25
343.5,13.9,104.25
343.6,14.5,104.25
343.7,14.0,104.25
343.8,13.4,104.25
343.9,13.6,104.25
344.0,13.3,104.25
344.1,13.6,104.25
344.2,13.5,104.25
344.3,12.7,104.25
344.4,13.5,104.25
344.5,12.4,104.25
344.6,12.8,104.25
344.7,27.0,104.25
344.8,13.4,104.25
344.9,0.0,104.25
345.0,13.4,104.25
345.1,13.5,104.25
345.2,0.0,104.25
345.3,0.0,104.25
345.4,12.8,104.25
345.5,0.0,104.25
345.6,13.5,104.25
345.7,13.4,104.25
345.8,13.4,104.25
345.9,13.6,104.25
346.0,0.0,104.25
346.1,0.0,104.21
346.2,13.4,104.21
346.3,13.2,104.21
346.4,0.0,104.21
346.5,0.0,104.21
346.6,13.6,104.21
346.7,13.9,104.21
346.8,13.9,104.21
346.9,12.8,104.21
347.0,25.7,104.21
347.1,25.7,104.21
347.2,13.7,104.21
347.3,13.8,104.21
347.4,13.5,104.21
347.5,13.7,104.21
347.6,13.2,104.21
347.7,0.0,104.21
347.8,12.8,104.21
347.9,13.6,104.21
348.0,12.9,104.21
348.1,13.5,104.21
348.2,25.7,104.21
348.3,24.7,104.21
348.4,25.6,104.21
348.5,13.2,104.21
348.6,0.0,104.21
348.7,0.0,104.21
348.8,13.7,104.21
348.9,25.5,104.21
349.0,12.8,104.21
349.1,14.2,104.21
349.2,13.5,104.21
349.3,24.8,104.21
349.4,0.0,104.21
349.5,13.7,104.21
349.6,13.7,104.21
349.7,26.5,104.21
349.8,13.5,104.21
349.9,13.2,104.21
350.0,13.5,104.21
350.1,12.6,104.21
350.2,13.9,104.21
350.3,13.6,104.21
350.4,12.7,104.21
350.5,25.3,104.21
350.6,13.6,104.21
350.7,12.7,104.21
350.8,12.8,104.21
350.9,13.6,104.21
351.0,13.6,104.21
351.1,13.7,104.21
351.2,12.7,104.21
351.3,13.6,104.21
351.4,13.6,104.21
351.5,13.6,104.21
351.6,12.6,104.21
351.7,14.2,104.21
351.8,12.5,104.21
351.9,25.5,104.21
352.0,26.0,104.21
352.1,13.1,104.21
352.2,13.5,104.21
352.3,12.9,104.21
352.4,13.8,104.21
352.5,13.9,104.21
352.6,13.6,104.21
352.7,12.9,104.21
352.8,13.6,104.21
352.9,13.0,104.21
353.0,26.0,104.21
353.1,12.8,104.21
353.2,13.4,104.21
353.3,14.3,104.21
353.4,13.5,104.21
353.5,13.0,104.21
353.6,13.4,104.21
353.7,13.5,104.21
353.8,13.7,104.21
353.9,0.0,104.21
354.0,25.2,104.21
354.1,13.7,104.21
354.2,12.7,104.21
354.3,13.5,104.21
354.4,14.1,104.21
354.5,26.0,104.21
354.6,14.0,104.21
354.7,13.5,104.21
354.8,0.0,104.21
354.9,13.5,104.21
355.0,13.8,104.21
355.1,25.5,104.21
355.2,13.5,104.21
355.3,12.8,104.21
355.4,13.5,104.21
355.5,0.0,104.21
355.6,13.4,104.21
355.7,13.4,104.21
355.8,12.7,104.21
355.9,25.7,104.21
356.0,13.4,104.21
356.1,12.7,104.21
356.2,12.9,104.21
356.3,12.5,104.21
356.4,12.9,104.21
356.5,13.1,104.21
356.6,13.7,104.21
356.7,14.0,104.21
356.8,13.7,104.21
356.9,13.4,104.21
357.0,12.8,104.21
357.1,13.5,104.21
357.2,13.6,104.21
357.3,0.0,104.21
357.4,13.9,104.21
357.5,14.1,104.21
357.6,13.0,104.21
357.7,12.7,104.21
357.8,12.3,104.21
357.9,13.6,104.21
358.0,13.2,104.21
358.1,13.4,104.21
358.2,13.2,104.21
358.3,13.9,104.21
358.4,13.4,104.21
358.5,13.7,104.21
358.6,12.7,104.21
358.7,13.2,104.21
358.8,25.7,104.21
358.9,27.2,104.21
359.0,13.4,104.21
359.1,12.8,104.21
359.2,12.8,104.21
359.3,13.9,104.21
359.4,13.7,104.21
359.5,0.0,104.21
359.6,13.9,104.21
359.7,12.9,104.21
359.8,25.4,104.21
359.9,13.4,104.21
360.0,12.8,104.21
360.1,0.0,104.21
360.2,13.5,104.21
360.3,13.6,104.21
360.4,12.8,104.21
360.5,0.0,104.21
360.6,13.0,104.21
360.7,13.8,104.21
360.8,26.6,104.21
360.9,13.6,104.21
361.0,13.4,104.21
361.1,13.4,104.21
361.2,13.6,104.21
361.3,13.7,104.21
361.4,13.6,104.21
361.5,13.9,104.21
361.6,13.6,104.21
361.7,12.9,104.21
361.8,13.5,104.21
361.9,12.9,104.21
362.0,13.6,104.21
362.1,13.5,104.21
362.2,13.7,104.21
362.3,13.2,104.21
362.4,0.0,104.21
362.5,13.3,104.21
362.6,25.8,104.21
362.7,13.6,104.21
362.8,13.7,104.21
362.9,12.9,104.21
363.0,0.0,104.21
363.1,14.1,104.21
363.2,13.8,104.21
363.3,13.3,104.21
363.4,12.6,104.21
363.5,13.2,104.21
363.6,13.2,104.21
363.7,0.0,104.21
363.8,13.4,104.21
363.9,13.4,104.21
364.0,13.5,104.21
364.1,13.6,104.21
364.2,25.7,104.21
364.3,13.6,104.21
364.4,0.0,104.21
364.5,13.4,104.21
364.6,0.0,104.21
364.7,13.6,104.21
364.8,0.0,104.21
364.9,13.7,104.21
365.0,12.7,104.21
365.1,14.0,104.21
365.2,25.6,104.21
365.3,12.9,104.21
365.4,12.9,104.21
365.5,13.5,104.21
365.6,13.3,104.21
365.7,13.3,104.21
365.8,12.8,104.21
365.9,0.0,104.21
366.0,0.0,104.21
366.1,13.8,104.21
366.2,0.0,104.21
366.3,0.0,104.21
366.4,13.2,104.21
366.5,13.7,104.21
366.6,13.0,104.21
366.7,13.7,104.21
366.8,13.7,104.21
366.9,12.9,104.21
367.0,13.4,104.21
367.1,13.1,104.21
367.2,0.0,104.21
367.3,13.2,104.21
367.4,12.9,104.21
367.5,13.1,104.21
367.6,13.3,104.21
367.7,13.6,104.21
367.8,25.5,104.21
367.9,13.5,104.21
368.0,12.9,104.21
368.1,0.0,104.21
368.2,12.8,104.21
368.3,13.5,104.21
368.4,14.1,104.21
368.5,13.5,104.21
368.6,13.8,104.21
368.7,0.0,104.21
368.8,13.3,104.21
368.9,13.6,104.21
369.0,13.5,104.21
369.1,13.4,104.21
369.2,13.6,104.21
369.3,24.8,104.21
369.4,26.9,104.21
369.5,13.7,104.21
369.6,25.8,104.21
369.7,12.7,104.21
369.8,12.9,104.21
369.9,13.0,104.21
370.0,25.4,104.21
370.1,13.5,104.21
370.2,13.5,104.21
370.3,13.7,104.21
370.4,25.2,104.21
370.5,0.0,104.21
370.6,12.8,104.21
370.7,13.6,104.21
370.8,13.9,104.21
370.9,13.7,104.21
371.0,25.4,104.21
371.1,24.9,104.21
371.2,25.6,104.21
371.3,13.4,104.21
371.4,25.7,104.21
371.5,13.6,104.21
371.6,0.0,104.21
371.7,0.0,104.21
371.8,25.8,104.21
371.9,13.4,104.21
372.0,25.4,104.21
372.1,25.4,104.21
372.2,13.6,104.21
372.3,13.0,104.21
372.4,0.0,104.21
372.5,12.6,104.21
372.6,13.5,104.21
372.7,25.2,104.21
372.8,13.8,104.21
372.9,13.4,104.21
373.0,0.0,104.21
373.1,13.5,104.21
373.2,13.6,104.21
373.3,13.5,104.21
373.4,12.8,104.21
373.5,13.5,104.21
373.6,25.7,104.21
373.7,13.2,104.21
373.8,0.0,104.21
373.9,13.1,104.21
374.0,25.8,104.21
374.1,13.1,104.21
374.2,13.3,104.21
374.3,38.5,104.21
374.4,12.8,104.21
374.5,12.7,104.21
374.6,13.6,104.21
374.7,13.3,104.21
374.8,0.0,104.21
374.9,0.0,104.21
375.0,12.8,104.21
375.1,13.2,104.21
375.2,13.2,104.21
375.3,40.9,104.21
375.4,125.0,104.21
375.5,98.8,104.21
375.6,108.1,104.21
375.7,0.0,104.21
375.8,0.0,104.21
375.9,13.5,104.22
376.0,12.8,104.22
376.1,13.3,104.22
376.2,13.5,104.22
376.3,13.4,104.22
376.4,13.5,104.22
376.5,26.1,104.22
376.6,13.4,104.22
376.7,0.0,104.22
376.8,13.5,104.22
376.9,13.2,104.22
377.0,13.6,104.22
377.1,13.1,104.22
377.2,12.6,104.22
377.3,12.9,104.22
377.4,99.0,104.22
377.5,107.2,104.22
377.6,127.8,104.22
377.7,118.1,104.29
377.8,13.6,104.29
377.9,0.0,104.29
378.0,13.8,104.29
378.1,13.9,104.29
378.2,13.7,104.29
378.3,0.0,104.29
378.4,13.6,104.29
378.5,25.2,104.29
378.6,13.6,104.29
378.7,14.1,104.29
378.8,13.5,104.29
378.9,12.8,104.29
379.0,13.0,104.29
379.1,13.5,104.29
379.2,13.4,104.29
379.3,13.8,104.29
379.4,12.9,104.29
379.5,13.3,104.29
379.6,13.6,104.29
379.7,14.5,104.29
379.8,14.0,104.29
379.9,13.8,104.29
380.0,13.4,104.29
380.1,12.9,104.29
380.2,13.8,104.29
380.3,14.2,104.29
380.4,14.0,104.29
380.5,13.5,104.29
380.6,0.0,104.29
380.7,0.0,104.29
380.8,13.3,104.29
380.9,14.3,104.29
381.0,13.7,104.29
381.1,13.4,104.29
381.2,14.1,104.29
381.3,13.7,104.29
381.4,0.0,104.29
381.5,13.8,104.29
381.6,0.0,104.29
381.7,13.8,104.29
381.8,14.0,104.29
381.9,14.2,104.29
382.0,14.6,104.29
382.1,13.3,104.29
382.2,0.0,104.29
382.3,0.0,104.29
382.4,13.5,104.29
382.5,13.7,104.29
382.6,0.0,104.29
382.7,0.0,104.29
382.8,13.9,104.29
382.9,13.5,104.29
383.0,0.0,104.29
383.1,13.9,104.29
383.2,13.6,104.3
383.3,25.6,104.3
383.4,25.5,104.3
383.5,14.4,104.3
383.6,13.3,104.3
383.7,13.6,104.3
383.8,12.8,104.3
383.9,13.5,104.3
384.0,13.2,104.3
384.1,12.7,104.3
384.2,13.5,104.3
384.3,13.6,104.3
384.4,13.5,104.3
384.5,13.6,104.3
384.6,13.2,104.3
384.7,12.9,104.3
384.8,0.0,104.3
384.9,12.8,104.3
385.0,0.0,104.3
385.1,65.1,104.47
385.2,116.1,104.56
385.3,109.6,104.68
385.4,127.8,104.79
385.5,12.9,105.04
385.6,0.0,105.04
385.7,0.0,105.04
385.8,0.0,105.04
385.9,13.9,105.04
386.0,14.4,105.04
386.1,14.2,105.04
386.2,13.1,105.04
386.3,0.0,105.04
386.4,24.8,105.04
386.5,13.1,105.04
386.6,0.0,105.04
386.7,12.8,105.04
386.8,13.3,105.07
386.9,25.5,105.07
387.0,14.0,105.07
387.1,14.2,105.07
387.2,13.3,105.07
387.3,0.0,105.07
387.4,13.9,105.07
387.5,13.9,105.07
387.6,13.5,105.07
387.7,0.0,105.07
387.8,12.9,105.07
387.9,13.6,105.07
388.0,12.9,105.07
388.1,13.4,105.07
388.2,12.9,105.07
388.3,13.7,105.07
388.4,13.7,105.07
388.5,13.7,105.07
388.6,13.0,105.07
388.7,26.1,105.07
388.8,13.6,105.07
388.9,12.8,105.07
389.0,13.6,105.07
389.1,13.0,105.07
389.2,13.7,105.07
389.3,0.0,105.07
389.4,12.4,105.07
389.5,25.4,105.07
389.6,14.3,105.07
389.7,13.5,105.07
389.8,14.4,105.07
389.9,12.6,105.07
390.0,0.0,105.07
390.1,25.4,105.07
390.2,25.7,105.07
390.3,12.7,105.07
390.4,13.1,105.07
390.5,13.1,105.07
390.6,13.6,105.07
390.7,13.3,105.07
390.8,13.1,105.07
390.9,0.0,105.07
391.0,13.1,105.07
391.1,26.6,105.07
391.2,13.5,105.07
391.3,13.9,105.07
391.4,12.9,105.07
391.5,0.0,105.07
391.6,13.7,105.07
391.7,13.6,105.07
391.8,13.6,105.07
391.9,13.4,105.07
392.0,13.9,105.07
392.1,13.7,105.07
392.2,0.0,105.07
392.3,13.6,105.07
392.4,13.9,105.07
392.5,13.7,105.07
392.6,0.0,105.07
392.7,13.1,105.07
392.8,13.5,105.07
392.9,12.6,105.07
393.0,13.3,105.07
393.1,13.3,105.07
393.2,13.5,105.07
393.3,12.9,105.07
393.4,13.4,105.07
393.5,0.0,105.07
393.6,13.5,105.07
393.7,13.8,105.07
393.8,13.6,105.07
393.9,13.6,105.07
394.0,12.7,105.07
394.1,13.7,105.07
394.2,25.7,105.07
394.3,13.6,105.07
394.4,13.7,105.07
394.5,13.4,105.07
394.6,12.9,105.07
394.7,13.8,105.07
394.8,13.2,105.07
394.9,13.2,105.07
395.0,25.5,105.07
395.1,13.7,105.07
395.2,13.8,105.07
395.3,25.4,105.07
395.4,0.0,105.07
395.5,13.7,105.07
395.6,13.9,105.07
395.7,12.8,105.07
395.8,13.6,105.07
395.9,13.4,105.07
396.0,13.5,105.07
396.1,13.7,105.07
396.2,12.8,105.07
396.3,13.7,105.07
396.4,13.5,105.07
396.5,13.0,105.07
396.6,0.0,105.07
396.7,13.4,105.07
396.8,25.4,105.07
396.9,0.0,105.07
397.0,14.1,105.07
397.1,13.3,105.07
397.2,13.6,105.07
397.3,13.7,105.07
397.4,13.5,105.07
397.5,13.5,105.07
397.6,13.7,105.07
397.7,0.0,105.07
397.8,13.2,105.07
397.9,13.7,105.07
398.0,13.4,105.07
398.1,25.9,105.07
398.2,13.5,105.07
398.3,12.8,105.07
398.4,13.6,105.07
398.5,13.6,105.07
398.6,12.9,105.07
398.7,13.6,105.07
398.8,13.9,105.07
398.9,26.3,105.07
399.0,13.4,105.07
399.1,13.5,105.07
399.2,12.9,105.07
399.3,13.5,105.07
399.4,12.6,105.07
399.5,13.7,105.07
399.6,25.6,105.07
399.7,13.0,105.07
399.8,12.9,105.07
399.9,0.0,105.07
400.0,12.8,105.07
400.1,0.0,105.07
400.2,12.6,105.07
400.3,13.4,105.07
400.4,0.0,105.07
400.5,0.0,105.07
400.6,13.6,105.07
400.7,12.8,105.07
400.8,0.0,105.07
400.9,12.9,105.07
401.0,12.9,105.07
401.1,25.7,105.07
401.2,13.3,105.07
401.3,12.8,105.07
401.4,13.7,105.07
401.5,12.6,105.07
401.6,13.5,105.07
401.7,13.4,105.07
401.8,12.7,105.07
401.9,25.4,105.07
402.0,14.1,105.07
402.1,13.7,105.07
402.2,12.6,105.07
402.3,12.3,105.07
402.4,13.4,105.07
402.5,13.9,105.07
402.6,13.4,105.07
402.7,13.8,105.07
402.8,13.7,105.07
402.9,0.0,105.07
403.0,0.0,105.07
403.1,0.0,105.07
403.2,25.3,105.07
403.3,13.2,105.07
403.4,13.6,105.07
403.5,13.6,105.07
403.6,12.7,105.07
403.7,13.6,105.07
403.8,12.5,105.07
403.9,13.6,105.07
404.0,13.6,105.07
404.1,25.8,105.07
404.2,13.5,105.07
404.3,12.8,105.07
404.4,26.6,105.07
404.5,12.8,105.07
404.6,13.5,105.07
404.7,25.6,105.07
404.8,13.7,105.07
404.9,25.6,105.07
405.0,13.6,105.07
405.1,13.6,105.07
405.2,13.6,105.07
405.3,25.1,105.07
405.4,13.5,105.07
405.5,25.2,105.07
405.6,13.5,105.07
405.7,13.5,105.07
405.8,25.8,105.07
405.9,13.4,105.07
406.0,13.6,105.07
406.1,13.7,105.07
406.2,25.6,105.07
406.3,12.9,105.07
406.4,13.6,105.07
406.5,13.4,105.07
406.6,26.0,105.07
406.7,13.5,105.07
406.8,0.0,105.07
406.9,27.2,105.07
407.0,13.6,105.07
407.1,12.9,105.07
407.2,13.6,105.07
407.3,12.9,105.07
407.4,12.8,105.07
407.5,12.8,105.07
407.6,25.9,105.07
407.7,13.0,105.07
407.8,13.7,105.07
407.9,25.3,105.07
408.0,13.5,105.07
408.1,0.0,105.07
408.2,13.3,105.07
408.3,14.0,105.07
408.4,13.7,105.07
408.5,13.6,105.07
408.6,14.0,105.07
408.7,13.3,105.07
408.8,13.6,105.07
408.9,13.0,105.07
409.0,13.4,105.07
409.1,13.6,105.07
409.2,12.0,105.07
409.3,13.0,105.07
409.4,13.6,105.07
409.5,14.0,105.07
409.6,13.7,105.07
409.7,12.8,105.07
409.8,12.7,105.07
409.9,25.9,105.07
410.0,14.1,105.07
410.1,12.9,105.07
410.2,13.6,105.07
410.3,25.7,105.07
410.4,12.9,105.07
410.5,12.7,105.07
410.6,12.7,105.07
410.7,13.8,105.07
410.8,13.5,105.07
410.9,13.0,105.07
411.0,13.5,105.07
411.1,13.0,105.07
411.2,12.8,105.07
411.3,13.3,105.07
411.4,12.9,105.07
411.5,0.0,105.07
411.6,13.0,105.07
411.7,13.7,105.07
411.8,12.9,105.07
411.9,13.6,105.07
412.0,0.0,105.07
412.1,0.0,105.07
412.2,25.8,105.07
412.3,13.2,105.07
412.4,13.4,105.07
412.5,13.7,105.14
412.6,0.0,105.14
412.7,13.4,105.14
412.8,12.5,105.14
412.9,13.6,105.14
413.0,14.0,105.14
413.1,12.9,105.14
413.2,0.0,105.14
413.3,12.8,105.14
413.4,13.7,105.14
413.5,12.8,105.14
413.6,26.0,105.14
413.7,25.4,105.14
413.8,13.8,105.14
413.9,14.0,105.14
414.0,13.3,105.14
414.1,13.6,105.14
414.2,13.7,105.14
414.3,0.0,105.14
414.4,12.8,105.14
414.5,13.2,105.14
414.6,13.6,105.14
414.7,13.6,105.14
414.8,13.7,105.14
414.9,13.6,105.14
415.0,13.7,105.14
415.1,13.3,105.14
415.2,25.9,105.14
415.3,0.0,105.14
415.4,26.9,105.14
415.5,0.0,105.14
415.6,13.6,105.14
415.7,13.5,105.14
415.8,13.7,105.14
415.9,13.4,105.14
416.0,13.6,105.14
416.1,0.0,105.14
416.2,27.5,105.14
416.3,14.0,105.14
416.4,14.0,105.14
416.5,25.6,105.14
416.6,25.8,105.14
416.7,13.1,105.14
416.8,13.5,105.14
416.9,13.3,105.14
417.0,12.8,105.14
417.1,13.4,105.14
417.2,13.6,105.14
417.3,13.7,105.14
417.4,25.8,105.14
417.5,0.0,105.14
417.6,25.5,105.15
417.7,0.0,105.15
417.8,12.8,105.15
417.9,0.0,105.15
418.0,12.8,105.15
418.1,13.8,105.15
418.2,12.8,105.15
418.3,13.5,105.15
418.4,0.0,105.15
418.5,13.6,105.15
418.6,13.6,105.15
418.7,25.7,105.15
418.8,0.0,105.15
418.9,12.8,105.15
419.0,13.5,105.15
419.1,13.5,105.15
419.2,14.4,105.15
419.3,0.0,105.15
419.4,14.2,105.15
419.5,13.5,105.15
419.6,13.8,105.15
419.7,13.5,105.15
419.8,12.9,105.15
419.9,13.5,105.15
420.0,12.8,105.15
420.1,13.4,105.15
420.2,25.5,105.15
420.3,13.5,105.15
420.4,13.1,105.15
420.5,13.5,105.15
420.6,13.0,105.15
420.7,12.7,105.15
420.8,25.6,105.15
420.9,13.8,105.15
421.0,25.7,105.15
421.1,13.5,105.15
421.2,26.0,105.15
421.3,13.1,105.15
421.4,12.4,105.15
421.5,13.9,105.15
421.6,14.2,105.15
421.7,13.9,105.15
421.8,14.5,105.15
421.9,13.4,105.15
422.0,13.7,105.15
422.1,13.9,105.15
422.2,13.3,105.15
422.3,13.7,105.15
422.4,0.0,105.15
422.5,13.9,105.15
422.6,0.0,105.15
422.7,13.6,105.15
422.8,13.7,105.15
422.9,0.0,105.15
423.0,13.6,105.15
423.1,13.8,105.15
423.2,13.8,105.15
423.3,13.6,105.15
423.4,13.8,105.15
423.5,13.8,105.15
423.6,14.1,105.15
423.7,0.0,105.15
423.8,13.8,105.15
423.9,14.0,105.15
424.0,14.0,105.15
424.1,13.5,105.15
424.2,12.8,105.15
424.3,25.9,105.15
424.4,13.5,105.15
424.5,13.5,105.15
424.6,13.0,105.15
424.7,13.5,105.15
424.8,13.5,105.15
424.9,14.4,105.15
425.0,26.1,105.15
425.1,13.4,105.15
425.2,0.0,105.15
425.3,26.3,105.15
425.4,13.2,105.15
425.5,12.9,105.15
425.6,13.7,105.15
425.7,13.7,105.15
425.8,13.3,105.15
425.9,0.0,105.15
426.0,13.5,105.15
426.1,13.2,105.15
426.2,12.8,105.15
426.3,12.9,105.15
426.4,13.2,105.15
426.5,12.9,105.15
426.6,13.2,105.15
426.7,14.2,105.15
426.8,25.6,105.15
426.9,26.3,105.15
427.0,12.9,105.15
427.1,13.5,105.15
427.2,13.4,105.15
427.3,13.8,105.15
427.4,25.3,105.15
427.5,13.4,105.15
427.6,12.6,105.15
427.7,12.9,105.15
427.8,26.2,105.15
427.9,13.7,105.15
428.0,13.4,105.15
428.1,13.4,105.15
428.2,14.0,105.15
428.3,25.6,105.15
428.4,13.6,105.15
428.5,0.0,105.15
428.6,0.0,105.15
428.7,12.7,105.15
428.8,13.7,105.15
428.9,12.8,105.15
429.0,13.6,105.15
429.1,13.5,105.15
429.2,13.7,105.15
429.3,0.0,105.15
429.4,13.1,105.15
429.5,0.0,105.15
429.6,12.7,105.15
429.7,0.0,105.15
429.8,25.3,105.15
429.9,13.7,105.15
430.0,12.7,105.15
430.1,13.6,105.15
430.2,13.4,105.15
430.3,14.0,105.15
430.4,12.7,105.15
430.5,11.6,105.15
430.6,12.8,105.15
430.7,12.9,105.15
430.8,13.4,105.15
430.9,0.0,105.15
431.0,12.7,105.15
431.1,12.8,105.15
431.2,13.5,105.15
431.3,13.5,105.15
431.4,14.0,105.15
431.5,25.3,105.15
431.6,13.3,105.15
431.7,13.7,105.15
431.8,14.4,105.15
431.9,13.5,105.15
432.0,14.3,105.15
432.1,14.5,105.15
432.2,26.0,105.15
432.3,13.7,105.15
432.4,25.9,105.15
432.5,13.7,105.15
432.6,14.5,105.15
432.7,13.6,105.15
432.8,0.0,105.15
432.9,13.0,105.15
433.0,0.0,105.15
433.1,13.6,105.15
433.2,13.5,105.15
433.3,13.5,105.15
433.4,13.9,105.15
433.5,14.1,105.15
433.6,14.2,105.15
433.7,14.0,105.15
433.8,25.7,105.15
433.9,14.0,105.15
434.0,13.5,105.15
434.1,13.5,105.15
434.2,13.6,105.15
434.3,13.9,105.15
434.4,0.0,105.15
434.5,13.7,105.15
434.6,25.3,105.15
434.7,12.8,105.15
434.8,0.0,105.15
434.9,0.0,105.15
435.0,13.1,105.15
435.1,13.6,105.15
435.2,12.6,105.15
435.3,13.7,105.15
435.4,0.0,105.15
435.5,13.6,105.15
435.6,13.6,105.15
435.7,12.8,105.15
435.8,0.0,105.15
435.9,12.9,105.15
436.0,27.1,105.15
436.1,12.9,105.15
436.2,13.7,105.15
436.3,12.9,105.15
436.4,13.0,105.15
436.5,13.8,105.15
436.6,27.2,105.15
436.7,13.4,105.15
436.8,13.6,105.15
436.9,13.6,105.15
437.0,13.1,105.15
437.1,0.0,105.15
437.2,13.6,105.15
437.3,13.6,105.15
437.4,25.8,105.15
437.5,13.7,105.15
437.6,0.0,105.15
437.7,13.2,105.15
437.8,13.5,105.15
437.9,13.0,105.15
438.0,0.0,105.15
438.1,0.0,105.15
438.2,14.0,105.15
438.3,13.6,105.15
438.4,13.7,105.15
438.5,13.8,105.15
438.6,0.0,105.15
438.7,13.4,105.15
438.8,13.9,105.15
438.9,0.0,105.15
439.0,13.2,105.15
439.1,25.9,105.15
439.2,13.7,105.15
439.3,26.3,105.15
439.4,13.4,105.15
439.5,13.4,105.15
439.6,13.5,105.15
439.7,13.8,105.15
439.8,12.9,105.15
439.9,13.6,105.15
440.0,13.7,105.15
440.1,13.5,105.15
440.2,13.7,105.15
440.3,27.1,105.15
440.4,13.1,105.15
440.5,13.4,105.15
440.6,13.9,105.15
440.7,25.7,105.15
440.8,13.6,105.15
440.9,13.1,105.15
441.0,13.6,105.15
441.1,0.0,105.15
441.2,0.0,105.15
441.3,13.6,105.15
441.4,13.7,105.15
441.5,13.6,105.15
441.6,13.3,105.15
441.7,13.6,105.15
441.8,14.6,105.15
441.9,14.4,105.15
442.0,13.6,105.15
442.1,0.0,105.15
442.2,13.6,105.15
442.3,13.8,105.15
442.4,25.5,105.15
442.5,13.6,105.15
442.6,12.6,105.15
442.7,0.0,105.15
442.8,13.1,105.15
442.9,13.6,105.15
443.0,13.7,105.15
443.1,14.1,105.15
443.2,13.9,105.15
443.3,12.7,105.15
443.4,13.6,105.15
443.5,12.5,105.15
443.6,13.5,105.15
443.7,13.7,105.15
443.8,13.2,105.15
443.9,0.0,105.15
444.0,13.6,105.15
444.1,13.6,105.15
444.2,0.0,105.15
444.3,14.1,105.15
444.4,0.0,105.15
444.5,0.0,105.15
444.6,13.6,105.15
444.7,13.1,105.15
444.8,13.5,105.16
444.9,14.2,105.16
445.0,14.2,105.16
445.1,14.2,105.16
445.2,13.5,105.16
445.3,0.0,105.16
445.4,13.1,105.16
445.5,13.7,105.16
445.6,13.8,105.16
445.7,12.2,105.16
445.8,12.9,105.16
445.9,13.6,105.16
446.0,0.0,105.16
446.1,13.4,105.16
446.2,13.4,105.16
446.3,13.0,105.16
446.4,13.0,105.16
446.5,13.6,105.16
446.6,14.4,105.16
446.7,13.1,105.16
446.8,13.0,105.16
446.9,12.8,105.16
447.0,13.6,105.16
447.1,13.4,105.16
447.2,25.4,105.16
447.3,13.5,105.16
447.4,25.6,105.16
447.5,0.0,105.16
447.6,25.4,105.16
447.7,13.4,105.16
447.8,12.6,105.16
447.9,0.0,105.16
448.0,13.4,105.16
448.1,13.6,105.16
448.2,13.6,105.16
448.3,24.9,105.16
448.4,14.2,105.16
448.5,13.8,105.16
448.6,13.5,105.16
448.7,12.7,105.16
448.8,0.0,105.16
448.9,13.3,105.16
449.0,13.4,105.16
449.1,12.6,105.16
449.2,12.8,105.16
449.3,12.6,105.16
449.4,13.8,105.16
449.5,0.0,105.16
449.6,13.5,105.16
449.7,13.6,105.16
449.8,13.2,105.16
449.9,14.1,105.16
450.0,14.3,105.16
450.1,14.4,105.16
450.2,13.2,105.16
450.3,0.0,105.16
450.4,12.9,105.16
450.5,13.6,105.16
450.6,13.0,105.16
450.7,13.4,105.16
450.8,13.7,105.16
450.9,25.7,105.16
451.0,13.5,105.16
451.1,26.0,105.16
451.2,13.7,105.16
451.3,13.6,105.16
451.4,13.8,105.16
451.5,13.6,105.16
451.6,13.5,105.16
451.7,13.3,105.16
451.8,12.6,105.16
451.9,25.7,105.16
452.0,13.4,105.16
452.1,25.5,105.16
452.2,25.3,105.16
452.3,13.6,105.16
452.4,13.1,105.16
452.5,13.0,105.16
452.6,13.8,105.16
452.7,12.9,105.16
452.8,13.6,105.16
452.9,14.2,105.16
453.0,12.8,105.16
453.1,13.3,105.16
453.2,13.6,105.16
453.3,25.4,105.16
453.4,12.8,105.16
453.5,13.2,105.16
453.6,12.6,105.16
453.7,0.0,105.16
453.8,13.4,105.16
453.9,0.0,105.16
454.0,13.6,105.16
454.1,12.9,105.16
454.2,13.3,105.16
454.3,14.3,105.16
454.4,14.0,105.16
454.5,24.8,105.16
454.6,13.6,105.16
454.7,12.8,105.16
454.8,13.6,105.16
454.9,13.6,105.16
455.0,13.6,105.16
455.1,0.0,105.16
455.2,13.7,105.16
455.3,13.9,105.16
455.4,14.1,105.16
455.5,13.0,105.16
455.6,0.0,105.16
455.7,14.1,105.16
455.8,14.4,105.16
455.9,13.5,105.16
456.0,0.0,105.16
456.1,13.4,105.16
456.2,13.3,105.16
456.3,13.6,105.16
456.4,13.4,105.16
456.5,0.0,105.16
456.6,0.0,105.16
456.7,12.8,105.16
456.8,13.5,105.16
456.9,28.2,105.16
457.0,13.5,105.16
457.1,13.0,105.16
457.2,13.7,105.16
457.3,13.6,105.16
457.4,14.0,105.16
457.5,12.9,105.16
457.6,13.4,105.16
457.7,13.5,105.16
457.8,12.9,105.16
457.9,13.4,105.16
458.0,13.6,105.16
458.1,13.3,105.16
458.2,12.9,105.16
458.3,13.2,105.16
458.4,12.9,105.16
458.5,13.6,105.16
458.6,25.5,105.16
458.7,13.9,105.16
458.8,13.6,105.16
458.9,12.9,105.16
459.0,24.6,105.16
459.1,26.4,105.16
459.2,13.6,105.16
459.3,26.0,105.16
459.4,13.8,105.16
459.5,25.8,105.16
459.6,13.4,105.16
459.7,0.0,105.16
459.8,13.0,105.16
459.9,13.6,105.16
460.0,13.3,105.16
460.1,25.6,105.16
460.2,13.5,105.16
460.3,13.4,105.16
460.4,14.2,105.16
460.5,24.9,105.16
460.6,25.7,105.16
460.7,13.1,105.16
460.8,13.5,105.16
460.9,0.0,105.16
461.0,26.0,105.16
461.1,13.6,105.16
461.2,25.4,105.16
461.3,13.6,105.16
461.4,13.7,105.16
461.5,14.3,105.16
461.6,13.5,105.16
461.7,13.6,105.16
461.8,13.0,105.16
461.9,14.1,105.16
462.0,0.0,105.16
462.1,13.3,105.16
462.2,13.3,105.16
462.3,12.8,105.16
462.4,25.8,105.16
462.5,13.3,105.16
462.6,13.6,105.16
462.7,12.9,105.16
462.8,13.7,105.16
462.9,14.1,105.16
463.0,0.0,105.16
463.1,12.9,105.16
463.2,13.9,105.16
463.3,13.3,105.16
463.4,13.5,105.16
463.5,13.5,105.16
463.6,13.6,105.16
463.7,13.7,105.16
463.8,0.0,105.16
463.9,13.5,105.16
464.0,13.6,105.16
464.1,13.7,105.16
464.2,13.4,105.16
464.3,13.1,105.16
464.4,12.6,105.16
464.5,13.4,105.16
464.6,25.5,105.16
464.7,13.9,105.16
464.8,25.9,105.16
464.9,13.4,105.16
465.0,13.8,105.16
465.1,0.0,105.16
465.2,0.0,105.16
465.3,12.7,105.16
465.4,13.6,105.16
465.5,25.9,105.16
465.6,13.3,105.16
465.7,12.8,105.16
465.8,25.8,105.16
465.9,13.7,105.16
466.0,27.5,105.16
466.1,0.0,105.16
466.2,13.6,105.16
466.3,13.5,105.16
466.4,13.6,105.16
466.5,13.3,105.16
466.6,0.0,105.16
466.7,13.6,105.16
466.8,13.5,105.16
466.9,0.0,105.16
467.0,13.6,105.16
467.1,13.4,105.16
467.2,12.9,105.16
467.3,14.1,105.16
467.4,12.9,105.16
467.5,13.6,105.16
467.6,12.6,105.16
467.7,13.6,105.16
467.8,13.3,105.16
467.9,26.3,105.16
468.0,13.4,105.16
468.1,12.9,105.16
468.2,13.6,105.16
468.3,13.7,105.16
468.4,13.7,105.16
468.5,25.7,105.16
468.6,0.0,105.16
468.7,13.2,105.16
468.8,13.5,105.16
468.9,13.5,105.16
469.0,25.4,105.16
469.1,26.0,105.16
469.2,13.6,105.16
469.3,13.5,105.16
469.4,12.6,105.16
469.5,13.5,105.16
469.6,13.7,105.16
469.7,27.0,105.16
469.8,12.8,105.16
469.9,13.6,105.16
470.0,12.9,105.16
470.1,13.6,105.16
470.2,13.6,105.16
470.3,0.0,105.16
470.4,13.6,105.16
470.5,14.1,105.16
470.6,13.5,105.16
470.7,13.3,105.16
470.8,13.3,105.16
470.9,12.7,105.16
471.0,25.9,105.16
471.1,13.6,105.16
471.2,13.6,105.16
471.3,12.7,105.16
471.4,12.6,105.16
471.5,12.9,105.16
471.6,27.1,105.16
471.7,12.8,105.16
471.8,0.0,105.16
471.9,0.0,105.16
472.0,14.1,105.16
472.1,0.0,105.16
472.2,13.1,105.16
472.3,13.5,105.16
472.4,13.6,105.16
472.5,0.0,105.16
472.6,14.1,105.16
472.7,25.5,105.16
472.8,25.2,105.16
472.9,25.1,105.16
473.0,13.6,105.16
473.1,12.6,105.16
473.2,0.0,105.16
473.3,12.7,105.16
473.4,25.3,105.16
473.5,13.4,105.16
473.6,13.3,105.16
473.7,13.8,105.16
473.8,13.5,105.16
473.9,24.5,105.16
474.0,25.4,105.16
474.1,14.3,105.16
474.2,13.6,105.16
474.3,26.2,105.16
474.4,13.2,105.16
474.5,25.9,105.16
474.6,25.3,105.16
474.7,13.0,105.16
474.8,0.0,105.16
474.9,13.3,105.16
475.0,13.5,105.16
475.1,13.6,105.16
475.2,25.5,105.16
475.3,12.7,105.16
475.4,12.7,105.16
475.5,12.8,105.16
475.6,12.7,105.16
475.7,26.4,105.16
475.8,13.1,105.16
475.9,12.9,105.16
476.0,25.5,105.16
476.1,12.4,105.16
476.2,25.4,105.16
476.3,13.1,105.16
476.4,13.6,105.16
476.5,13.5,105.16
476.6,13.0,105.16
476.7,25.6,105.16
476.8,13.6,105.16
476.9,25.5,105.16
477.0,24.9,105.16
477.1,13.4,105.16
477.2,13.7,105.16
477.3,13.4,105.16
477.4,0.0,105.16
477.5,0.0,105.16
477.6,0.0,105.16
477.7,12.7,105.16
477.8,13.0,105.16
477.9,14.1,105.16
478.0,13.8,105.16
478.1,0.0,105.16
478.2,13.2,105.16
478.3,25.4,105.16
478.4,13.8,105.16
478.5,13.6,105.16
478.6,13.4,105.16
478.7,13.2,105.16
478.8,12.6,105.16
478.9,13.6,105.16
479.0,12.9,105.16
479.1,13.6,105.16
479.2,25.5,105.16
479.3,13.6,105.16
479.4,13.6,105.16
479.5,13.4,105.16
479.6,0.0,105.16
479.7,12.5,105.16
479.8,12.8,105.16
479.9,13.4,105.16
480.0,12.9,105.16
480.1,12.8,105.16
480.2,13.3,105.16
480.3,0.0,105.16
480.4,0.0,105.16
480.5,13.1,105.16
480.6,0.0,105.16
480.7,12.8,105.16
480.8,13.9,105.16
480.9,13.8,105.16
481.0,14.5,105.16
481.1,24.7,105.16
481.2,25.4,105.16
481.3,12.9,105.16
481.4,12.7,105.16
481.5,13.2,105.16
481.6,13.5,105.16
481.7,12.6,105.16
481.8,13.7,105.16
481.9,13.3,105.16
482.0,13.9,105.16
482.1,0.0,105.16
482.2,12.9,105.16
482.3,13.5,105.16
482.4,25.6,105.16
482.5,0.0,105.16
482.6,12.7,105.16
482.7,13.6,105.16
482.8,27.1,105.16
482.9,13.5,105.16
483.0,13.1,105.16
483.1,13.0,105.16
483.2,12.7,105.16
483.3,0.0,105.16
483.4,0.0,105.16
483.5,13.4,105.16
483.6,13.7,105.16
483.7,13.5,105.16
483.8,13.6,105.16
483.9,25.9,105.16
484.0,13.4,105.16
484.1,13.7,105.16
484.2,0.0,105.16
484.3,13.7,105.16
484.4,13.3,105.16
484.5,13.4,105.16
484.6,0.0,105.16
484.7,0.0,105.16
484.8,13.7,105.16
484.9,14.3,105.16
485.0,13.2,105.16
485.1,0.0,105.16
485.2,12.7,105.16
485.3,0.0,105.16
485.4,13.5,105.16
485.5,13.4,105.16
485.6,13.2,105.16
485.7,13.6,105.16
485.8,13.6,105.16
485.9,12.8,105.16
486.0,12.9,105.16
486.1,25.7,105.16
486.2,24.9,105.16
486.3,13.5,105.16
486.4,12.7,105.16
486.5,12.7,105.16
486.6,13.8,105.16
486.7,13.5,105.16
486.8,13.1,105.16
486.9,12.5,105.16
487.0,0.0,105.16
487.1,13.4,105.16
487.2,25.9,105.16
487.3,12.9,105.16
487.4,13.5,105.16
487.5,13.7,105.16
487.6,25.4,105.16
487.7,13.8,105.16
487.8,13.3,105.16
487.9,13.7,105.16
488.0,13.4,105.16
488.1,13.2,105.16
488.2,13.5,105.16
488.3,12.5,105.16
488.4,13.4,105.16
488.5,13.3,105.16
488.6,13.5,105.16
488.7,14.3,105.16
488.8,12.5,105.16
488.9,25.9,105.16
489.0,0.0,105.16
489.1,12.7,105.16
489.2,0.0,105.16
489.3,0.0,105.16
489.4,13.6,105.16
489.5,13.4,105.16
489.6,12.8,105.16
489.7,12.9,105.16
489.8,25.5,105.16
489.9,13.5,105.16
490.0,24.9,105.16
490.1,13.5,105.16
490.2,12.5,105.16
490.3,12.8,105.16
490.4,13.4,105.16
490.5,14.3,105.16
490.6,13.9,105.16
490.7,13.2,105.16
490.8,13.3,105.16
490.9,13.8,105.16
491.0,12.4,105.16
491.1,13.4,105.16
491.2,13.6,105.16
491.3,12.9,105.16
491.4,13.4,105.16
491.5,13.4,105.16
491.6,13.4,105.16
491.7,13.4,105.16
491.8,13.4,105.16
491.9,13.6,105.16
492.0,13.9,105.16
492.1,0.0,105.16
492.2,25.9,105.16
492.3,13.6,105.16
492.4,13.6,105.16
492.5,14.3,105.16
492.6,0.0,105.16
492.7,13.5,105.16
492.8,26.8,105.16
492.9,12.7,105.16
493.0,13.3,105.16
493.1,13.3,105.16
493.2,0.0,105.16
493.3,13.7,105.16
493.4,12.9,105.16
493.5,0.0,105.16
493.6,12.7,105.16
493.7,12.5,105.16
493.8,12.9,105.16
493.9,24.9,105.16
494.0,13.5,105.16
494.1,13.3,105.16
494.2,24.9,105.16
494.3,25.9,105.16
494.4,25.2,105.16
494.5,12.6,105.16
494.6,12.7,105.16
494.7,13.3,105.16
494.8,13.6,105.16
494.9,13.2,105.16
495.0,27.1,105.16
495.1,13.6,105.16
495.2,12.8,105.16
495.3,13.5,105.16
495.4,14.3,105.16
495.5,25.5,105.16
495.6,13.3,105.16
495.7,12.8,105.16
495.8,13.7,105.16
495.9,12.7,105.16
496.0,12.2,105.16
496.1,12.8,105.16
496.2,0.0,105.16
496.3,13.6,105.16
496.4,13.2,105.16
496.5,12.8,105.16
496.6,12.5,105.16
496.7,12.7,105.16
496.8,25.4,105.16
496.9,13.5,105.16
497.0,12.8,105.16
497.1,13.6,105.16
497.2,12.8,105.16
497.3,13.5,105.16
497.4,12.8,105.16
497.5,13.4,105.16
497.6,25.5,105.16
497.7,25.1,105.16
497.8,13.1,105.16
497.9,13.6,105.16
498.0,25.2,105.16
498.1,25.1,105.16
498.2,25.0,105.16
498.3,13.8,105.16
498.4,24.5,105.16
498.5,0.0,105.16
498.6,13.5,105.16
498.7,13.2,105.16
498.8,13.5,105.16
498.9,25.9,105.16
499.0,13.5,105.16
499.1,38.4,105.17
499.2,13.5,105.17
499.3,12.8,105.17
499.4,0.0,105.17
499.5,13.8,105.17
499.6,13.5,105.17
499.7,12.7,105.17
499.8,25.6,105.17
499.9,25.2,105.17
500.0,13.5,105.17
500.1,12.8,105.17
500.2,13.6,105.17
500.3,13.1,105.17
500.4,14.0,105.17
500.5,13.1,105.17
500.6,13.6,105.17
500.7,13.4,105.17
500.8,0.0,105.17
500.9,13.1,105.17
501.0,25.5,105.17
501.1,27.3,105.17
501.2,12.9,105.17
501.3,13.5,105.17
501.4,12.8,105.17
501.5,25.5,105.17
501.6,13.3,105.17
501.7,13.4,105.17
501.8,13.6,105.17
501.9,12.7,105.17
502.0,0.0,105.17
502.1,13.6,105.17
502.2,13.6,105.17
502.3,13.6,105.17
502.4,14.1,105.17
502.5,13.6,105.17
502.6,13.5,105.17
502.7,13.8,105.17
502.8,13.6,105.17
502.9,14.0,105.17
503.0,13.5,105.17
503.1,13.6,105.17
503.2,13.5,105.17
503.3,12.8,105.17
503.4,13.3,105.17
503.5,13.6,105.17
503.6,13.9,105.17
503.7,13.4,105.17
503.8,0.0,105.17
503.9,13.6,105.17
504.0,12.7,105.17
504.1,13.4,105.17
504.2,13.1,105.17
504.3,27.3,105.17
504.4,13.6,105.17
504.5,13.6,105.17
504.6,13.2,105.17
504.7,13.3,105.17
504.8,13.2,105.17
504.9,26.1,105.17
505.0,12.7,105.17
505.1,13.7,105.17
505.2,0.0,105.17
505.3,13.7,105.17
505.4,12.9,105.17
505.5,12.5,105.17
505.6,0.0,105.17
505.7,13.3,105.17
505.8,25.5,105.17
505.9,13.4,105.17
506.0,12.9,105.17
506.1,0.0,105.17
506.2,26.2,105.17
506.3,14.3,105.17
506.4,14.3,105.17
506.5,13.6,105.17
506.6,13.5,105.17
506.7,13.3,105.17
506.8,13.3,105.18
506.9,13.7,105.18
507.0,13.8,105.18
507.1,26.5,105.18
507.2,12.8,105.18
507.3,12.6,105.18
507.4,13.4,105.18
507.5,13.1,105.18
507.6,13.3,105.18
507.7,13.4,105.18
507.8,13.8,105.18
507.9,13.9,105.18
508.0,13.7,105.18
508.1,13.4,105.18
508.2,13.3,105.18
508.3,12.8,105.18
508.4,13.4,105.18
508.5,13.7,105.18
508.6,13.6,105.18
508.7,13.3,105.18
508.8,13.6,105.18
508.9,13.4,105.18
509.0,13.6,105.18
509.1,13.3,105.18
509.2,13.3,105.18
509.3,14.2,105.18
509.4,13.4,105.18
509.5,13.5,105.18
509.6,13.5,105.18
509.7,0.0,105.18
509.8,13.5,105.18
509.9,13.6,105.18
510.0,25.8,105.18
510.1,0.0,105.18
510.2,13.6,105.18
510.3,13.5,105.18
510.4,14.6,105.18
510.5,14.2,105.18
510.6,13.2,105.18
510.7,13.9,105.18
510.8,13.6,105.18
510.9,13.5,105.18
511.0,13.6,105.18
511.1,0.0,105.18
511.2,13.3,105.18
511.3,13.5,105.18
511.4,13.6,105.18
511.5,14.3,105.18
511.6,27.3,105.18
511.7,13.7,105.18
511.8,12.9,105.18
511.9,12.8,105.18
512.0,12.8,105.18
512.1,25.1,105.18
512.2,13.8,105.18
512.3,13.8,105.18
512.4,13.3,105.18
512.5,13.2,105.18
512.6,13.7,105.18
512.7,13.5,105.18
512.8,13.5,105.18
512.9,13.7,105.18
513.0,13.6,105.18
513.1,0.0,105.18
513.2,13.2,105.18
513.3,24.7,105.18
513.4,13.8,105.18
513.5,13.4,105.18
513.6,13.6,105.18
513.7,26.7,105.18
513.8,27.5,105.18
513.9,13.6,105.18
514.0,13.6,105.18
514.1,13.6,105.18
514.2,13.4,105.18
514.3,13.6,105.18
514.4,13.6,105.18
514.5,26.8,105.18
514.6,12.9,105.19
514.7,0.0,105.19
514.8,0.0,105.19
514.9,12.7,105.19
515.0,0.0,105.19
515.1,13.2,105.19
515.2,25.4,105.19
515.3,13.3,105.19
515.4,0.0,105.21
515.5,13.5,105.21
515.6,13.4,105.21
515.7,13.0,105.21
515.8,13.6,105.21
515.9,13.6,105.21
516.0,13.0,105.21
516.1,13.3,105.21
516.2,13.6,105.21
516.3,0.0,105.21
516.4,13.0,105.21
516.5,12.8,105.21
516.6,13.6,105.21
516.7,0.0,105.21
516.8,13.8,105.21
516.9,25.7,105.21
517.0,13.4,105.21
517.1,13.4,105.21
517.2,13.2,105.21
517.3,13.2,105.21
517.4,13.5,105.21
517.5,13.2,105.21
517.6,13.7,105.21
517.7,13.6,105.21
517.8,13.6,105.21
517.9,13.7,105.21
518.0,13.4,105.21
518.1,13.5,105.21
518.2,13.1,105.21
518.3,25.5,105.21
518.4,0.0,105.21
518.5,13.5,105.21
518.6,13.0,105.21
518.7,13.6,105.21
518.8,13.8,105.21
518.9,25.9,105.21
519.0,13.4,105.21
519.1,13.8,105.21
519.2,14.3,105.21
519.3,0.0,105.22
519.4,13.7,105.22
519.5,13.4,105.22
519.6,13.6,105.22
519.7,13.9,105.22
519.8,13.4,105.22
519.9,13.7,105.22
520.0,13.6,105.22
520.1,25.7,105.22
520.2,13.4,105.22
520.3,0.0,105.22
520.4,13.1,105.22
520.5,26.5,105.22
520.6,12.9,105.22
520.7,13.0,105.22
520.8,14.4,105.22
520.9,26.5,105.22
521.0,13.5,105.22
521.1,13.6,105.22
521.2,13.5,105.22
521.3,13.3,105.22
521.4,13.4,105.22
521.5,13.4,105.22
521.6,12.6,105.22
521.7,13.7,105.22
521.8,13.2,105.22
521.9,13.5,105.22
522.0,0.0,105.22
522.1,26.8,105.22
522.2,13.7,105.22
522.3,0.0,105.22
522.4,12.8,105.22
522.5,13.6,105.22
522.6,13.6,105.22
522.7,26.8,105.22
522.8,12.9,105.22
522.9,12.6,105.22
523.0,0.0,105.22
523.1,13.5,105.22
523.2,13.3,105.22
523.3,13.6,105.22
523.4,13.6,105.22
523.5,13.4,105.22
523.6,13.3,105.22
523.7,13.5,105.22
523.8,14.0,105.22
523.9,13.3,105.22
524.0,13.7,105.22
524.1,12.8,105.22
524.2,13.6,105.22
524.3,13.8,105.22
524.4,25.1,105.22
524.5,13.4,105.22
524.6,0.0,105.22
524.7,13.0,105.22
524.8,13.3,105.22
524.9,13.6,105.22
525.0,13.5,105.22
525.1,13.6,105.22
525.2,13.2,105.22
525.3,13.9,105.22
525.4,0.0,105.22
525.5,13.6,105.22
525.6,13.6,105.22
525.7,26.1,105.22
525.8,13.6,105.22
525.9,25.6,105.23
526.0,13.4,105.23
526.1,12.8,105.23
526.2,14.6,105.23
526.3,13.7,105.23
526.4,27.4,105.23
526.5,13.4,105.23
526.6,13.8,105.23
526.7,13.2,105.23
526.8,13.4,105.23
526.9,13.6,105.23
527.0,0.0,105.23
527.1,13.1,105.23
527.2,12.9,105.23
527.3,12.7,105.23
527.4,13.4,105.23
527.5,13.7,105.23
527.6,39.9,105.23
527.7,13.6,105.23
527.8,13.5,105.23
527.9,12.4,105.23
528.0,0.0,105.23
528.1,13.6,105.23
528.2,13.5,105.23
528.3,0.0,105.23
528.4,0.0,105.23
528.5,13.7,105.23
528.6,12.8,105.23
528.7,12.8,105.23
528.8,13.3,105.23
528.9,13.7,105.23
529.0,13.6,105.23
529.1,13.8,105.23
529.2,13.9,105.23
529.3,13.2,105.23
529.4,12.9,105.23
529.5,0.0,105.23
529.6,13.8,105.23
529.7,25.6,105.23
529.8,13.8,105.23
529.9,13.1,105.23
530.0,13.9,105.23
530.1,13.4,105.23
530.2,13.5,105.23
530.3,13.0,105.23
530.4,12.8,105.23
530.5,13.3,105.23
530.6,0.0,105.23
530.7,13.7,105.23
530.8,13.7,105.23
530.9,13.4,105.23
531.0,13.6,105.23
531.1,13.0,105.23
531.2,0.0,105.23
531.3,13.6,105.23
531.4,13.7,105.23
531.5,13.5,105.23
531.6,13.7,105.23
531.7,13.6,105.23
531.8,13.5,105.23
531.9,13.5,105.23
532.0,13.7,105.23
532.1,13.5,105.23
532.2,14.2,105.23
532.3,25.5,105.23
532.4,13.5,105.23
532.5,13.6,105.23
532.6,13.5,105.23
532.7,13.5,105.23
532.8,13.0,105.23
532.9,13.7,105.23
533.0,13.5,105.23
533.1,13.6,105.23
533.2,24.5,105.23
533.3,13.4,105.23
533.4,13.6,105.23
533.5,13.4,105.23
533.6,13.5,105.23
533.7,13.6,105.23
533.8,13.4,105.23
533.9,13.5,105.23
534.0,14.0,105.23
534.1,13.5,105.23
534.2,13.2,105.23
534.3,0.0,105.23
534.4,13.4,105.23
534.5,13.6,105.23
534.6,25.7,105.23
534.7,14.2,105.23
534.8,14.4,105.23
534.9,14.0,105.23
535.0,26.4,105.23
535.1,13.7,105.23
535.2,13.9,105.23
535.3,13.4,105.23
535.4,13.6,105.23
535.5,12.8,105.23
535.6,13.7,105.23
535.7,25.0,105.23
535.8,14.0,105.23
535.9,13.6,105.23
536.0,13.6,105.23
536.1,13.7,105.23
536.2,0.0,105.23
536.3,13.6,105.23
536.4,14.3,105.23
536.5,14.6,105.23
536.6,13.5,105.23
536.7,13.7,105.23
536.8,12.7,105.23
536.9,0.0,105.23
537.0,26.7,105.23
537.1,25.6,105.23
537.2,13.2,105.23
537.3,12.9,105.23
537.4,12.8,105.23
537.5,0.0,105.24
537.6,13.5,105.24
537.7,13.4,105.24
537.8,13.3,105.24
537.9,0.0,105.24
538.0,13.6,105.24
538.1,12.9,105.24
538.2,12.7,105.24
538.3,13.6,105.24
538.4,13.3,105.24
538.5,0.0,105.24
538.6,13.7,105.24
538.7,25.6,105.24
538.8,13.7,105.24
538.9,13.4,105.24
539.0,13.5,105.24
539.1,13.6,105.24
539.2,12.9,105.24
539.3,13.4,105.24
539.4,13.7,105.24
539.5,13.6,105.24
539.6,26.3,105.24
539.7,12.8,105.24
539.8,27.1,105.24
539.9,13.8,105.24
540.0,26.5,105.24
540.1,0.0,105.24
540.2,13.5,105.24
540.3,25.3,105.24
540.4,13.5,105.24
540.5,13.8,105.24
540.6,0.0,105.24
540.7,13.4,105.24
540.8,13.8,105.24
540.9,13.6,105.24
541.0,13.5,105.24
541.1,13.5,105.24
541.2,13.4,105.24
541.3,13.3,105.24
541.4,13.1,105.24
541.5,13.5,105.24
541.6,13.6,105.24
541.7,13.9,105.24
541.8,25.5,105.24
541.9,13.6,105.24
542.0,13.6,105.24
542.1,13.6,105.24
542.2,13.3,105.24
542.3,26.2,105.24
542.4,13.4,105.24
542.5,14.0,105.24
542.6,13.9,105.24
542.7,25.8,105.24
542.8,13.6,105.24
542.9,13.5,105.24
543.0,13.0,105.24
543.1,26.0,105.24
543.2,0.0,105.24
543.3,12.7,105.24
543.4,26.1,105.24
543.5,13.7,105.24
543.6,13.6,105.24
543.7,13.2,105.24
543.8,13.5,105.24
543.9,13.3,105.24
544.0,13.6,105.24
544.1,0.0,105.24
544.2,13.6,105.24
544.3,13.6,105.24
544.4,13.2,105.24
544.5,25.8,105.24
544.6,13.8,105.24
544.7,13.5,105.24
544.8,13.1,105.24
544.9,13.7,105.24
545.0,13.3,105.25
545.1,13.6,105.25
545.2,13.7,105.25
545.3,13.6,105.25
545.4,13.3,105.25
545.5,0.0,105.25
545.6,12.8,105.25
545.7,13.9,105.25
545.8,0.0,105.25
545.9,0.0,105.25
546.0,0.0,105.25
546.1,12.8,105.25
546.2,13.5,105.25
546.3,13.7,105.25
546.4,13.6,105.25
546.5,13.7,105.25
546.6,13.3,105.25
546.7,12.7,105.25
546.8,13.5,105.25
546.9,13.2,105.25
547.0,14.3,105.25
547.1,13.8,105.25
547.2,13.5,105.25
547.3,13.8,105.25
547.4,13.2,105.25
547.5,13.0,105.25
547.6,13.5,105.25
547.7,13.8,105.25
547.8,0.0,105.25
547.9,13.1,105.25
548.0,13.3,105.25
548.1,13.6,105.25
548.2,13.4,105.25
548.3,13.6,105.25
548.4,13.4,105.25
548.5,13.4,105.25
548.6,13.6,105.25
548.7,13.7,105.25
548.8,13.2,105.25
548.9,38.5,105.25
549.0,13.6,105.25
549.1,0.0,105.25
549.2,13.6,105.25
549.3,13.6,105.25
549.4,13.4,105.25
549.5,13.6,105.25
549.6,13.7,105.25
549.7,13.6,105.25
549.8,13.4,105.25
549.9,13.6,105.25
550.0,0.0,105.25
550.1,27.3,105.25
550.2,13.6,105.25
550.3,13.9,105.25
550.4,12.0,105.25
550.5,12.2,105.25
550.6,13.7,105.25
550.7,13.5,105.25
550.8,13.6,105.25
550.9,13.6,105.25
551.0,12.9,105.25
551.1,25.8,105.25
551.2,13.0,105.25
551.3,13.6,105.25
551.4,13.3,105.26
551.5,13.6,105.26
551.6,13.5,105.26
551.7,13.7,105.26
551.8,13.6,105.26
551.9,13.2,105.26
552.0,13.3,105.26
552.1,25.9,105.26
552.2,13.4,105.26
552.3,26.1,105.26
552.4,13.6,105.26
552.5,13.4,105.26
552.6,13.0,105.26
552.7,13.5,105.26
552.8,13.0,105.26
552.9,13.5,105.26
553.0,13.6,105.26
553.1,13.9,105.26
553.2,13.6,105.26
553.3,13.6,105.26
553.4,14.2,105.26
553.5,13.6,105.26
553.6,13.4,105.26
553.7,13.7,105.26
553.8,25.9,105.27
553.9,0.0,105.27
554.0,0.0,105.27
554.1,13.5,105.27
554.2,13.1,105.27
554.3,12.8,105.27
554.4,26.1,105.27
554.5,12.8,105.27
554.6,14.1,105.27
554.7,12.8,105.27
554.8,0.0,105.27
554.9,13.5,105.27
555.0,13.9,105.27
555.1,13.5,105.27
555.2,13.5,105.27
555.3,25.7,105.27
555.4,13.5,105.27
555.5,0.0,105.27
555.6,13.3,105.27
555.7,26.1,105.27
555.8,13.6,105.27
555.9,13.8,105.27
556.0,13.6,105.27
556.1,27.3,105.27
556.2,13.4,105.27
556.3,13.6,105.27
556.4,13.9,105.27
556.5,13.4,105.27
556.6,13.3,105.27
556.7,13.9,105.27
556.8,13.7,105.27
556.9,13.1,105.27
557.0,13.6,105.27
557.1,13.5,105.27
557.2,27.2,105.27
557.3,13.2,105.27
557.4,13.6,105.27
557.5,13.8,105.27
557.6,13.0,105.27
557.7,13.7,105.27
557.8,13.4,105.27
557.9,13.6,105.27
558.0,0.0,105.27
558.1,0.0,105.27
558.2,13.8,105.27
558.3,13.0,105.27
558.4,13.6,105.27
558.5,0.0,105.27
558.6,13.7,105.27
558.7,0.0,105.27
558.8,0.0,105.27
558.9,13.0,105.27
559.0,12.7,105.27
559.1,25.5,105.27
559.2,25.5,105.27
559.3,14.3,105.27
559.4,13.7,105.27
559.5,26.4,105.27
559.6,13.5,105.27
559.7,26.2,105.27
559.8,12.8,105.27
559.9,13.0,105.27
560.0,13.4,105.27
560.1,28.3,105.27
560.2,14.2,105.27
560.3,25.6,105.27
560.4,13.0,105.27
560.5,12.9,105.27
560.6,13.9,105.27
560.7,13.1,105.27
560.8,13.5,105.27
560.9,0.0,105.27
561.0,13.2,105.27
561.1,25.3,105.27
561.2,13.7,105.27
561.3,13.3,105.27
561.4,24.8,105.27
561.5,14.4,105.27
561.6,14.2,105.27
561.7,13.5,105.27
561.8,0.0,105.27
561.9,0.0,105.27
562.0,13.9,105.27
562.1,13.6,105.27
562.2,13.6,105.27
562.3,13.6,105.27
562.4,13.5,105.27
562.5,13.5,105.27
562.6,0.0,105.27
562.7,13.8,105.27
562.8,13.5,105.27
562.9,26.8,105.27
563.0,13.2,105.27
563.1,0.0,105.27
563.2,13.5,105.27
563.3,25.9,105.27
563.4,13.1,105.27
563.5,0.0,105.27
563.6,13.5,105.27
563.7,13.2,105.27
563.8,0.0,105.27
563.9,13.6,105.27
564.0,13.5,105.27
564.1,13.6,105.28
564.2,0.0,105.28
564.3,13.5,105.28
564.4,13.8,105.28
564.5,13.5,105.28
564.6,12.7,105.28
564.7,13.7,105.28
564.8,13.5,105.28
564.9,13.7,105.28
565.0,13.5,105.28
565.1,13.6,105.28
565.2,25.5,105.28
565.3,13.6,105.28
565.4,13.6,105.28
565.5,13.6,105.28
565.6,25.9,105.28
565.7,13.7,105.28
565.8,13.2,105.28
565.9,13.6,105.28
566.0,26.1,105.28
566.1,13.5,105.28
566.2,13.5,105.28
566.3,0.0,105.28
566.4,13.3,105.28
566.5,13.1,105.28
566.6,13.6,105.28
566.7,0.0,105.28
566.8,13.7,105.28
566.9,13.5,105.28
567.0,13.7,105.28
567.1,13.2,105.28
567.2,13.7,105.28
567.3,13.6,105.28
567.4,12.9,105.28
567.5,0.0,105.28
567.6,13.8,105.28
567.7,13.6,105.28
567.8,26.7,105.28
567.9,13.6,105.28
568.0,13.4,105.28
568.1,13.2,105.28
568.2,26.0,105.28
568.3,13.3,105.28
568.4,13.4,105.28
568.5,13.4,105.28
568.6,25.1,105.28
568.7,13.5,105.28
568.8,13.2,105.28
568.9,14.2,105.28
569.0,13.8,105.28
569.1,13.6,105.28
569.2,13.4,105.28
569.3,13.5,105.28
569.4,13.3,105.28
569.5,26.1,105.28
569.6,13.5,105.28
569.7,13.4,105.28
569.8,13.7,105.28
569.9,12.4,105.28
570.0,26.5,105.28
570.1,13.2,105.28
570.2,12.7,105.28
570.3,13.5,105.28
570.4,13.9,105.28
570.5,13.9,105.29
570.6,13.7,105.29
570.7,12.8,105.29
570.8,13.9,105.29
570.9,0.0,105.29
571.0,13.6,105.29
571.1,13.7,105.29
571.2,0.0,105.29
571.3,13.3,105.29
571.4,13.6,105.29
571.5,13.3,105.29
571.6,13.8,105.29
571.7,12.8,105.29
571.8,25.9,105.29
571.9,13.6,105.29
572.0,13.8,105.29
572.1,12.8,105.29
572.2,13.4,105.29
572.3,13.2,105.29
572.4,13.5,105.29
572.5,13.7,105.29
572.6,13.6,105.29
572.7,13.6,105.29
572.8,13.6,105.29
572.9,25.8,105.29
573.0,13.6,105.29
573.1,13.4,105.29
573.2,13.1,105.29
573.3,13.4,105.29
573.4,13.3,105.29
573.5,13.7,105.29
573.6,0.0,105.29
573.7,13.5,105.29
573.8,13.9,105.29
573.9,12.7,105.29
574.0,0.0,105.29
574.1,13.4,105.29
574.2,13.4,105.29
574.3,26.1,105.29
574.4,13.5,105.29
574.5,0.0,105.29
574.6,0.0,105.29
574.7,13.9,105.29
574.8,13.5,105.29
574.9,13.5,105.29
575.0,13.7,105.29
575.1,13.7,105.29
575.2,13.5,105.29
575.3,13.1,105.29
575.4,13.3,105.29
575.5,13.7,105.29
575.6,13.3,105.26
575.7,25.3,105.26
575.8,13.6,105.26
575.9,13.6,105.26
576.0,12.6,105.26
576.1,13.5,105.26
576.2,13.6,105.26
576.3,13.6,105.26
576.4,13.5,105.26
576.5,12.6,105.26
576.6,13.1,105.26
576.7,0.0,105.26
576.8,12.9,105.26
576.9,0.0,105.27
577.0,13.7,105.27
577.1,12.9,105.27
577.2,13.7,105.27
577.3,14.2,105.27
577.4,14.0,105.27
577.5,14.2,105.27
577.6,26.4,105.27
577.7,13.4,105.27
577.8,13.9,105.27
577.9,13.2,105.27
578.0,13.4,105.27
578.1,13.5,105.27
578.2,13.8,105.27
578.3,13.2,105.27
578.4,0.0,105.27
578.5,13.7,105.27
578.6,0.0,105.27
578.7,13.6,105.27
578.8,13.9,105.27
578.9,25.7,105.27
579.0,13.6,105.27
579.1,13.5,105.27
579.2,13.7,105.27
579.3,13.6,105.27
579.4,0.0,105.27
579.5,0.0,105.27
579.6,13.6,105.27
579.7,13.5,105.27
579.8,13.5,105.27
579.9,13.4,105.27
580.0,26.3,105.27
580.1,13.4,105.27
580.2,13.5,105.27
580.3,0.0,105.27
580.4,0.0,105.27
580.5,13.6,105.27
580.6,13.2,105.27
580.7,13.1,105.27
580.8,13.7,105.27
580.9,13.4,105.27
581.0,13.4,105.27
581.1,13.4,105.27
581.2,13.0,105.27
581.3,0.0,105.27
581.4,13.6,105.27
581.5,12.8,105.27
581.6,13.3,105.27
581.7,13.4,105.27
581.8,13.7,105.27
581.9,13.1,105.27
582.0,25.6,105.27
582.1,13.6,105.27
582.2,0.0,105.27
582.3,13.5,105.27
582.4,13.1,105.27
582.5,12.7,105.27
582.6,13.4,105.27
582.7,13.5,105.27
582.8,13.6,105.27
582.9,13.7,105.27
583.0,25.8,105.27
583.1,13.5,105.27
583.2,13.6,105.27
583.3,13.6,105.27
583.4,13.7,105.27
583.5,13.4,105.27
583.6,14.3,105.27
583.7,13.9,105.27
583.8,14.1,105.27
583.9,0.0,105.27
584.0,13.6,105.28
584.1,12.9,105.28
584.2,12.9,105.28
584.3,0.0,105.28
584.4,13.4,105.28
584.5,13.6,105.28
584.6,13.2,105.28
584.7,13.8,105.28
584.8,0.0,105.28
584.9,13.5,105.28
585.0,13.5,105.28
585.1,13.6,105.28
585.2,13.4,105.28
585.3,26.3,105.28
585.4,13.3,105.28
585.5,0.0,105.28
585.6,12.9,105.28
585.7,13.4,105.28
585.8,13.2,105.28
585.9,13.6,105.28
586.0,12.6,105.28
586.1,0.0,105.28
586.2,0.0,105.28
586.3,13.2,105.28
586.4,25.9,105.28
586.5,13.6,105.28
586.6,13.7,105.28
586.7,13.8,105.28
586.8,13.4,105.28
586.9,26.2,105.28
587.0,13.4,105.28
587.1,13.4,105.28
587.2,13.7,105.28
587.3,13.9,105.28
587.4,13.5,105.28
587.5,13.2,105.28
587.6,26.7,105.28
587.7,0.0,105.28
587.8,26.1,105.28
587.9,12.8,105.28
588.0,0.0,105.28
588.1,13.7,105.28
588.2,13.9,105.28
588.3,13.4,105.28
588.4,13.6,105.28
588.5,24.5,105.28
588.6,13.7,105.28
588.7,13.8,105.28
588.8,13.7,105.28
588.9,13.1,105.32
589.0,13.4,105.32
589.1,13.6,105.32
589.2,13.7,105.32
589.3,12.9,105.32
589.4,13.7,105.32
589.5,13.6,105.32
589.6,13.3,105.33
589.7,13.3,105.33
589.8,13.6,105.33
589.9,13.5,105.33
590.0,13.5,105.33
590.1,26.1,105.33
590.2,0.0,105.33
590.3,13.6,105.33
590.4,13.3,105.33
590.5,13.6,105.33
590.6,13.9,105.33
590.7,13.7,105.33
590.8,13.7,105.33
590.9,13.5,105.33
591.0,13.6,105.33
591.1,13.5,105.33
591.2,13.8,105.33
591.3,13.3,105.33
591.4,13.6,105.33
591.5,13.1,105.33
591.6,13.1,105.33
591.7,13.7,105.33
591.8,13.4,105.33
591.9,13.7,105.33
592.0,13.9,105.33
592.1,0.0,105.33
592.2,13.7,105.33
592.3,27.2,105.33
592.4,0.0,105.33
592.5,0.0,105.34
592.6,13.6,105.34
592.7,0.0,105.34
592.8,12.9,105.34
592.9,13.7,105.34
593.0,13.8,105.34
593.1,13.3,105.34
593.2,13.6,105.34
593.3,13.6,105.34
593.4,14.0,105.34
593.5,12.9,105.34
593.6,13.5,105.34
593.7,13.9,105.34
593.8,13.6,105.34
593.9,13.5,105.34
594.0,13.5,105.34
594.1,12.9,105.34
594.2,12.9,105.34
594.3,13.7,105.34
594.4,12.9,105.34
594.5,25.5,105.34
594.6,13.0,105.34
594.7,13.4,105.34
594.8,13.6,105.34
594.9,13.4,105.34
595.0,13.7,105.34
595.1,13.7,105.34
595.2,13.4,105.34
595.3,13.5,105.34
595.4,0.0,105.34
595.5,12.9,105.34
595.6,0.0,105.34
595.7,13.5,105.34
595.8,13.6,105.34
595.9,13.4,105.34
596.0,13.6,105.34
596.1,0.0,105.34
596.2,12.7,105.34
596.3,12.8,105.34
596.4,13.7,105.34
596.5,12.9,105.34
596.6,26.6,105.34
596.7,12.9,105.34
596.8,0.0,105.34
596.9,13.5,105.34
597.0,13.3,105.34
597.1,12.7,105.34
597.2,25.7,105.34
597.3,13.1,105.34
597.4,12.9,105.34
597.5,13.0,105.34
597.6,14.4,105.34
597.7,14.4,105.34
597.8,13.5,105.34
597.9,0.0,105.34
598.0,13.2,105.34
598.1,25.7,105.34
598.2,14.0,105.34
598.3,26.4,105.34
598.4,26.7,105.34
598.5,26.0,105.34
598.6,13.0,105.34
598.7,13.0,105.34
598.8,13.2,105.34
598.9,26.8,105.34
599.0,0.0,105.34
599.1,13.6,105.34
599.2,25.5,105.34
599.3,13.6,105.34
599.4,13.6,105.34
599.5,27.2,105.34
599.6,13.6,105.34
599.7,13.6,105.34
599.8,13.5,105.34
599.9,13.9,105.34
600.0,27.3,105.34
600.1,13.8,105.34
600.2,13.2,105.34
600.3,0.0,105.34
600.4,13.5,105.34
600.5,13.7,105.34
600.6,13.0,105.34
600.7,13.6,105.34
600.8,13.8,105.34
600.9,13.8,105.34
601.0,13.5,105.34
601.1,0.0,105.34
601.2,13.6,105.34
601.3,13.7,105.34
601.4,0.0,105.34
601.5,13.4,105.34
601.6,13.6,105.34
601.7,13.4,105.34
601.8,13.7,105.34
601.9,0.0,105.34
602.0,13.7,105.34
602.1,13.5,105.34
602.2,0.0,105.34
602.3,13.1,105.34
602.4,0.0,105.35
602.5,12.8,105.35
602.6,13.1,105.35
602.7,13.5,105.35
602.8,13.6,105.35
602.9,13.7,105.35
603.0,26.0,105.35
603.1,13.6,105.35
603.2,13.6,105.35
603.3,13.5,105.35
603.4,25.6,105.35
603.5,14.0,105.35
603.6,13.5,105.35
603.7,12.5,105.35
603.8,13.1,105.35
603.9,13.3,105.35
604.0,13.2,105.35
604.1,25.9,105.35
604.2,13.8,105.35
604.3,13.2,105.35
604.4,13.0,105.35
604.5,26.5,105.35
604.6,12.7,105.35
604.7,12.6,105.35
604.8,12.7,105.35
604.9,12.7,105.35
605.0,13.5,105.35
605.1,13.6,105.35
605.2,24.8,105.35
605.3,13.3,105.35
605.4,12.5,105.35
605.5,13.4,105.35
605.6,13.1,105.35
605.7,13.4,105.35
605.8,25.4,105.35
605.9,14.1,105.35
606.0,13.6,105.35
606.1,12.9,105.35
606.2,12.5,105.35
606.3,13.1,105.35
606.4,13.3,105.35
606.5,13.4,105.35
606.6,24.4,105.35
606.7,13.2,105.35
606.8,13.0,105.35
606.9,13.5,105.35
607.0,25.2,105.35
607.1,13.7,105.35
607.2,13.3,105.35
607.3,12.5,105.35
607.4,12.7,105.35
607.5,13.2,105.35
607.6,13.5,105.35
607.7,12.4,105.35
607.8,13.2,105.35
607.9,13.3,105.35
608.0,13.1,105.35
608.1,26.3,105.35
608.2,0.0,105.35
608.3,0.0,105.35
608.4,13.3,105.35
608.5,13.2,105.35
608.6,12.4,105.35
608.7,12.8,105.35
608.8,12.9,105.41
608.9,13.4,105.41
609.0,0.0,105.41
609.1,13.3,105.41
609.2,13.3,105.41
609.3,0.0,105.41
609.4,12.8,105.41
609.5,13.4,105.41
609.6,13.0,105.41
609.7,13.6,105.41
609.8,24.9,105.41
609.9,13.6,105.41
610.0,26.4,105.41
610.1,13.3,105.41
610.2,13.5,105.41
610.3,13.3,105.41
610.4,24.3,105.41
610.5,13.1,105.41
610.6,13.1,105.41
610.7,11.5,105.41
610.8,12.0,105.41
610.9,13.1,105.41
611.0,12.4,105.41
611.1,12.7,105.41
611.2,13.2,105.41
611.3,25.1,105.41
611.4,13.1,105.41
611.5,12.7,105.41
611.6,13.5,105.41
611.7,13.1,105.41
611.8,12.5,105.41
611.9,13.4,105.41
612.0,12.9,105.41
612.1,13.0,105.41
612.2,25.7,105.41
612.3,14.2,105.41
612.4,13.4,105.41
612.5,0.0,105.41
612.6,26.1,105.41
612.7,25.0,105.41
612.8,0.0,105.41
612.9,25.3,105.41
613.0,25.6,105.41
613.1,14.2,105.41
613.2,26.5,105.41
613.3,13.6,105.41
613.4,13.7,105.41
613.5,13.9,105.41
613.6,13.4,105.41
613.7,13.1,105.41
613.8,12.9,105.41
613.9,0.0,105.41
614.0,13.6,105.41
614.1,24.7,105.41
614.2,24.7,105.41
614.3,13.9,105.41
614.4,13.6,105.41
614.5,13.3,105.41
614.6,14.2,105.41
614.7,12.8,105.41
614.8,25.2,105.41
614.9,13.8,105.41
615.0,26.3,105.41
615.1,13.3,105.41
615.2,12.5,105.41
615.3,13.5,105.41
615.4,0.0,105.41
615.5,13.3,105.41
615.6,13.3,105.41
615.7,13.4,105.41
615.8,13.2,105.41
615.9,26.7,105.41
616.0,13.1,105.41
616.1,13.0,105.41
616.2,13.5,105.41
616.3,13.4,105.41
616.4,13.6,105.41
616.5,0.0,105.41
616.6,13.6,105.41
616.7,13.8,105.41
616.8,28.4,105.41
616.9,25.5,105.41
617.0,13.4,105.41
617.1,13.9,105.41
617.2,13.4,105.41
617.3,12.9,105.41
617.4,13.5,105.41
617.5,13.6,105.41
617.6,13.5,105.41
617.7,25.1,105.41
617.8,13.8,105.41
617.9,0.0,105.41
618.0,0.0,105.41
618.1,13.4,105.41
618.2,12.6,105.41
618.3,13.5,105.41
618.4,25.4,105.41
618.5,13.9,105.41
618.6,25.8,105.41
618.7,24.7,105.41
618.8,13.4,105.41
618.9,13.3,105.41
619.0,12.9,105.41
619.1,13.8,105.41
619.2,13.5,105.41
619.3,12.9,105.41
619.4,25.8,105.41
619.5,12.8,105.41
619.6,13.1,105.41
619.7,13.2,105.41
619.8,26.7,105.41
619.9,13.5,105.41
620.0,24.8,105.41
620.1,13.1,105.41
620.2,12.5,105.41
620.3,0.0,105.41
620.4,13.7,105.41
620.5,13.3,105.41
620.6,13.7,105.41
620.7,13.8,105.41
620.8,12.9,105.41
620.9,0.0,105.41
621.0,13.5,105.41
621.1,13.6,105.41
621.2,13.2,105.41
621.3,12.8,105.41
621.4,13.4,105.41
621.5,13.4,105.41
621.6,12.6,105.41
621.7,13.4,105.41
621.8,12.3,105.41
621.9,13.5,105.41
622.0,0.0,105.41
622.1,12.8,105.41
622.2,24.0,105.41
622.3,25.1,105.41
622.4,13.3,105.41
622.5,26.7,105.41
622.6,13.4,105.41
622.7,14.0,105.41
622.8,0.0,105.41
622.9,0.0,105.41
623.0,12.9,105.41
623.1,12.7,105.41
623.2,13.7,105.41
623.3,12.7,105.41
623.4,13.1,105.41
623.5,13.7,105.41
623.6,0.0,105.41
623.7,0.0,105.41
623.8,25.7,105.41
623.9,25.1,105.41
624.0,13.8,105.41
624.1,13.6,105.41
624.2,12.9,105.41
624.3,0.0,105.41
624.4,13.8,105.41
624.5,13.2,105.41
624.6,26.3,105.41
624.7,25.0,105.41
624.8,12.9,105.41
624.9,0.0,105.41
625.0,13.6,105.41
625.1,0.0,105.41
625.2,24.8,105.41
625.3,13.6,105.41
625.4,13.8,105.41
625.5,25.2,105.41
625.6,14.1,105.41
625.7,13.7,105.41
625.8,25.7,105.41
625.9,13.0,105.41
626.0,13.0,105.41
626.1,12.4,105.41
626.2,13.5,105.41
626.3,24.7,105.41
626.4,0.0,105.41
626.5,0.0,105.41
626.6,12.8,105.41
626.7,24.9,105.41
626.8,13.5,105.41
626.9,12.4,105.41
627.0,13.3,105.41
627.1,13.3,105.41
627.2,13.3,105.41
627.3,25.6,105.41
627.4,24.8,105.41
627.5,13.2,105.41
627.6,13.3,105.41
627.7,25.8,105.41
627.8,13.1,105.41
627.9,12.8,105.41
628.0,12.4,105.41
628.1,13.4,105.41
628.2,12.8,105.41
628.3,13.9,105.41
628.4,13.7,105.41
628.5,26.2,105.41
628.6,12.7,105.41
628.7,13.3,105.41
628.8,12.3,105.41
628.9,13.3,105.41
629.0,13.0,105.41
629.1,13.8,105.41
629.2,12.6,105.41
629.3,12.6,105.41
629.4,13.1,105.41
629.5,14.1,105.41
629.6,0.0,105.41
629.7,13.2,105.41
629.8,13.4,105.41
629.9,12.6,105.41
630.0,13.6,105.41
630.1,14.2,105.41
630.2,24.9,105.41
630.3,25.9,105.41
630.4,13.3,105.41
630.5,12.6,105.41
630.6,25.1,105.41
630.7,25.4,105.41
630.8,25.3,105.41
630.9,25.1,105.41
631.0,24.9,105.41
631.1,13.6,105.41
631.2,13.6,105.41
631.3,13.8,105.41
631.4,13.3,105.41
631.5,13.6,105.41
631.6,12.8,105.41
631.7,12.6,105.41
631.8,12.9,105.41
631.9,25.5,105.41
632.0,13.7,105.41
632.1,12.4,105.41
632.2,13.1,105.41
632.3,13.6,105.41
632.4,13.1,105.41
632.5,13.2,105.41
632.6,13.6,105.41
632.7,24.8,105.41
632.8,24.8,105.41
632.9,13.5,105.41
633.0,13.0,105.41
633.1,24.2,105.41
633.2,12.9,105.41
633.3,24.4,105.41
633.4,0.0,105.41
633.5,13.1,105.41
633.6,25.6,105.41
633.7,13.3,105.41
633.8,13.3,105.41
633.9,12.9,105.41
634.0,12.7,105.41
634.1,13.3,105.41
634.2,26.2,105.41
634.3,12.7,105.41
634.4,12.6,105.41
634.5,13.5,105.41
634.6,24.4,105.41
634.7,13.8,105.41
634.8,13.6,105.41
634.9,26.0,105.41
635.0,13.1,105.41
635.1,12.6,105.41
635.2,13.4,105.41
635.3,13.6,105.41
635.4,12.9,105.41
635.5,13.0,105.41
635.6,26.6,105.41
635.7,13.3,105.41
635.8,12.1,105.41
635.9,12.7,105.41
636.0,13.0,105.41
636.1,26.1,105.41
636.2,13.3,105.41
636.3,0.0,105.41
636.4,13.3,105.41
636.5,13.4,105.41
636.6,0.0,105.41
636.7,13.4,105.41
636.8,12.8,105.41
636.9,13.6,105.41
637.0,13.5,105.41
637.1,26.1,105.41
637.2,13.4,105.41
637.3,13.6,105.41
637.4,13.7,105.41
637.5,13.0,105.41
637.6,13.9,105.41
637.7,13.5,105.41
637.8,14.2,105.41
637.9,0.0,105.41
638.0,0.0,105.41
638.1,13.6,105.41
638.2,14.3,105.41
638.3,13.6,105.41
638.4,0.0,105.41
638.5,0.0,105.41
638.6,13.6,105.41
638.7,13.5,105.41
638.8,0.0,105.41
638.9,13.7,105.41
639.0,13.7,105.41
639.1,13.7,105.41
639.2,0.0,105.41
639.3,12.5,105.41
639.4,0.0,105.41
639.5,13.1,105.41
639.6,13.3,105.41
639.7,12.4,105.41
639.8,13.5,105.41
639.9,25.3,105.41
640.0,13.8,105.41
640.1,25.7,105.41
640.2,13.9,105.41
640.3,14.2,105.41
640.4,24.7,105.41
640.5,13.5,105.41
640.6,13.8,105.41
640.7,13.5,105.41
640.8,25.1,105.41
640.9,26.5,105.41
641.0,13.4,105.41
641.1,14.0,105.41
641.2,12.5,105.41
641.3,25.6,105.41
641.4,26.5,105.41
641.5,25.0,105.41
641.6,13.5,105.41
641.7,13.3,105.41
641.8,13.1,105.41
641.9,12.9,105.41
642.0,25.3,105.4
642.1,13.5,105.4
642.2,12.8,105.4
642.3,26.0,105.4
642.4,25.3,105.4
642.5,13.4,105.4
642.6,0.0,105.4
642.7,13.6,105.4
642.8,13.3,105.4
642.9,12.4,105.4
643.0,13.4,105.4
643.1,24.8,105.4
643.2,13.7,105.4
643.3,0.0,105.4
643.4,13.6,105.4
643.5,13.4,105.4
643.6,13.3,105.4
643.7,13.4,105.4
643.8,13.1,105.4
643.9,25.7,105.4
644.0,24.6,105.4
644.1,13.2,105.4
644.2,12.6,105.4
644.3,13.5,105.4
644.4,13.4,105.4
644.5,13.0,105.4
644.6,12.4,105.4
644.7,13.9,105.4
644.8,12.3,105.4
644.9,13.4,105.4
645.0,13.1,105.4
645.1,13.3,105.4
645.2,13.2,105.4
645.3,13.4,105.4
645.4,13.8,105.4
645.5,13.3,105.4
645.6,13.2,105.4
645.7,12.3,105.4
645.8,12.5,105.4
645.9,27.1,105.4
646.0,25.5,105.4
646.1,13.2,105.4
646.2,0.0,105.4
646.3,13.4,105.4
646.4,13.2,105.4
646.5,13.4,105.4
646.6,24.7,105.4
646.7,26.2,105.4
646.8,13.2,105.4
646.9,13.3,105.4
647.0,24.8,105.4
647.1,25.1,105.4
647.2,13.5,105.4
647.3,13.6,105.4
647.4,13.1,105.4
647.5,13.6,105.4
647.6,13.6,105.4
647.7,13.0,105.4
647.8,12.9,105.4
647.9,13.4,105.4
648.0,13.3,105.4
648.1,13.3,105.4
648.2,25.4,105.4
648.3,12.7,105.4
648.4,14.1,105.4
648.5,14.2,105.4
648.6,0.0,105.4
648.7,13.7,105.4
648.8,25.6,105.4
648.9,13.1,105.4
649.0,13.3,105.4
649.1,13.5,105.4
649.2,13.2,105.4
649.3,13.8,105.4
649.4,26.1,105.4
649.5,13.7,105.4
649.6,27.2,105.4
649.7,12.8,105.4
649.8,24.9,105.4
649.9,26.6,105.4
650.0,12.7,105.4
650.1,0.0,105.4
650.2,13.1,105.4
650.3,24.9,105.4
650.4,12.5,105.4
650.5,12.5,105.4
650.6,13.2,105.4
650.7,14.2,105.4
650.8,25.5,105.4
650.9,13.2,105.4
651.0,13.0,105.4
651.1,13.1,105.4
651.2,13.4,105.4
651.3,13.3,105.4
651.4,13.0,105.4
651.5,13.1,105.4
651.6,13.5,105.4
651.7,0.0,105.4
651.8,13.4,105.4
651.9,13.3,105.4
652.0,13.2,105.4
652.1,24.5,105.4
652.2,24.6,105.4
652.3,13.8,105.4
652.4,12.9,105.4
652.5,24.4,105.4
652.6,11.8,105.4
652.7,13.4,105.4
652.8,12.6,105.4
652.9,13.4,105.4
653.0,13.6,105.4
653.1,0.0,105.4
653.2,12.6,105.4
653.3,12.8,105.4
653.4,13.9,105.4
653.5,13.4,105.4
653.6,13.1,105.4
653.7,13.4,105.4
653.8,25.2,105.4
653.9,13.6,105.4
654.0,13.6,105.4
654.1,13.3,105.4
654.2,13.1,105.4
654.3,12.6,105.4
654.4,13.6,105.4
654.5,14.0,105.4
654.6,14.2,105.4
654.7,13.3,105.4
654.8,13.3,105.4
654.9,13.6,105.4
655.0,13.4,105.4
655.1,13.7,105.4
655.2,26.4,105.4
655.3,13.0,105.4
655.4,13.3,105.4
655.5,13.5,105.4
655.6,12.7,105.4
655.7,12.6,105.4
655.8,13.4,105.4
655.9,13.4,105.4
656.0,26.4,105.4
656.1,13.1,105.4
656.2,27.1,105.4
656.3,13.5,105.4
656.4,13.5,105.4
656.5,12.8,105.4
656.6,0.0,105.4
656.7,13.3,105.4
656.8,13.3,105.4
656.9,13.1,105.4
657.0,0.0,105.4
657.1,12.9,105.4
657.2,13.3,105.4
657.3,25.0,105.4
657.4,24.4,105.4
657.5,24.6,105.4
657.6,13.4,105.4
657.7,12.8,105.4
657.8,0.0,105.4
657.9,12.9,105.4
658.0,13.2,105.4
658.1,24.7,105.4
658.2,13.9,105.4
658.3,13.2,105.4
658.4,25.2,105.4
658.5,13.3,105.4
658.6,13.1,105.4
658.7,25.2,105.4
658.8,13.4,105.4
658.9,13.1,105.4
659.0,25.3,105.4
659.1,13.7,105.4
659.2,13.3,105.4
659.3,13.3,105.4
659.4,26.4,105.4
659.5,13.0,105.4
659.6,0.0,105.4
659.7,13.5,105.4
659.8,13.3,105.41
659.9,13.2,105.41
660.0,25.6,105.41
660.1,13.0,105.41
660.2,13.5,105.41
660.3,13.5,105.41
660.4,13.2,105.41
660.5,13.7,105.41
660.6,12.3,105.41
660.7,12.6,105.41
660.8,0.0,105.41
660.9,12.4,105.41
661.0,12.4,105.41
661.1,24.7,105.41
661.2,13.0,105.41
661.3,13.2,105.41
661.4,24.8,105.41
661.5,13.3,105.41
661.6,13.3,105.41
661.7,26.4,105.41
661.8,25.1,105.41
661.9,13.7,105.41
662.0,13.3,105.41
662.1,12.9,105.41
662.2,26.5,105.41
662.3,13.9,105.41
662.4,13.3,105.41
662.5,13.7,105.41
662.6,13.5,105.41
662.7,12.3,105.41
662.8,13.3,105.41
662.9,13.2,105.41
663.0,25.6,105.41
663.1,0.0,105.41
663.2,12.6,105.41
663.3,12.6,105.41
663.4,12.8,105.41
663.5,0.0,105.41
663.6,12.7,105.41
663.7,0.0,105.41
663.8,13.5,105.41
663.9,13.4,105.41
664.0,13.4,105.41
664.1,13.2,105.41
664.2,13.4,105.41
664.3,12.9,105.41
664.4,12.6,105.41
664.5,0.0,105.41
664.6,13.4,105.41
664.7,13.3,105.41
664.8,12.3,105.41
664.9,13.3,105.41
665.0,13.4,105.41
665.1,13.1,105.41
665.2,13.5,105.41
665.3,13.3,105.41
665.4,25.1,105.41
665.5,26.7,105.41
665.6,13.4,105.41
665.7,13.4,105.41
665.8,13.3,105.41
665.9,13.7,105.41
666.0,13.3,105.41
666.1,13.9,105.41
666.2,13.8,105.41
666.3,0.0,105.41
666.4,13.0,105.41
666.5,0.0,105.41
666.6,13.3,105.41
666.7,14.2,105.41
666.8,26.5,105.41
666.9,13.1,105.41
667.0,26.7,105.41
667.1,13.4,105.41
667.2,13.5,105.41
667.3,13.0,105.41
667.4,12.8,105.41
667.5,24.4,105.41
667.6,12.5,105.41
667.7,12.4,105.41
667.8,12.7,105.41
667.9,12.3,105.41
668.0,13.6,105.41
668.1,13.6,105.41
668.2,12.3,105.41
668.3,0.0,105.41
668.4,13.3,105.41
668.5,14.2,105.41
668.6,13.5,105.41
668.7,13.6,105.41
668.8,13.3,105.41
668.9,13.2,105.41
669.0,27.5,105.41
669.1,25.2,105.41
669.2,13.7,105.41
669.3,13.1,105.41
669.4,14.0,105.41
669.5,13.4,105.41
669.6,13.4,105.41
669.7,26.5,105.41
669.8,25.4,105.41
669.9,13.4,105.41
670.0,24.8,105.41
670.1,13.6,105.41
670.2,13.3,105.41
670.3,0.0,105.41
670.4,13.0,105.41
670.5,26.8,105.41
670.6,24.8,105.41
670.7,12.7,105.41
670.8,13.4,105.41
670.9,13.1,105.41
671.0,13.7,105.41
671.1,13.5,105.41
671.2,0.0,105.41
671.3,13.2,105.41
671.4,13.5,105.41
671.5,13.4,105.41
671.6,25.3,105.41
671.7,12.6,105.41
671.8,24.3,105.41
671.9,26.5,105.41
672.0,13.4,105.41
672.1,26.6,105.41
672.2,13.2,105.41
672.3,26.1,105.41
672.4,13.3,105.41
672.5,12.5,105.41
672.6,13.5,105.41
672.7,13.4,105.41
672.8,13.0,105.41
672.9,25.7,105.41
673.0,13.2,105.41
673.1,13.5,105.41
673.2,13.1,105.41
673.3,13.0,105.41
673.4,25.9,105.41
673.5,13.2,105.41
673.6,13.4,105.41
673.7,13.5,105.41
673.8,13.4,105.41
673.9,13.8,105.41
674.0,13.3,105.41
674.1,13.8,105.41
674.2,12.3,105.41
674.3,13.8,105.41
674.4,13.5,105.41
674.5,12.5,105.41
674.6,13.5,105.41
674.7,13.3,105.42
674.8,13.3,105.42
674.9,24.7,105.42
675.0,13.6,105.47
675.1,0.0,105.47
675.2,13.0,105.47
675.3,0.0,105.47
675.4,12.5,105.47
675.5,13.2,105.47
675.6,25.4,105.47
675.7,14.6,105.47
675.8,13.6,105.47
675.9,14.3,105.47
676.0,25.4,105.47
676.1,13.3,105.47
676.2,12.6,105.47
676.3,13.5,105.47
676.4,13.5,105.47
676.5,13.5,105.47
676.6,13.4,105.47
676.7,26.7,105.47
676.8,13.3,105.47
676.9,12.9,105.47
677.0,13.4,105.47
677.1,13.4,105.47
677.2,13.4,105.47
677.3,0.0,105.47
677.4,38.0,105.47
677.5,14.2,105.47
677.6,13.4,105.47
677.7,13.6,105.47
677.8,13.4,105.47
677.9,13.6,105.47
678.0,13.3,105.47
678.1,13.3,105.47
678.2,13.0,105.47
678.3,13.8,105.47
678.4,12.5,105.47
678.5,13.2,105.47
678.6,13.8,105.47
678.7,24.0,105.47
678.8,11.5,105.47
678.9,13.4,105.47
679.0,13.6,105.47
679.1,13.3,105.47
679.2,12.4,105.47
679.3,24.2,105.47
679.4,24.8,105.47
679.5,13.5,105.47
679.6,13.4,105.47
679.7,24.8,105.47
679.8,13.1,105.47
679.9,13.4,105.47
680.0,25.8,105.47
680.1,13.5,105.47
680.2,14.0,105.47
680.3,13.2,105.47
680.4,13.4,105.47
680.5,12.4,105.47
680.6,13.4,105.47
680.7,13.8,105.47
680.8,13.4,105.47
680.9,13.3,105.47
681.0,14.1,105.47
681.1,26.0,105.47
681.2,25.6,105.47
681.3,13.1,105.47
681.4,13.1,105.47
681.5,13.3,105.47
681.6,13.2,105.47
681.7,12.1,105.47
681.8,13.4,105.48
681.9,13.2,105.48
682.0,0.0,105.48
682.1,13.4,105.48
682.2,13.3,105.48
682.3,13.6,105.48
682.4,24.9,105.48
682.5,13.7,105.48
682.6,12.5,105.48
682.7,0.0,105.48
682.8,27.9,105.48
682.9,13.6,105.48
683.0,26.1,105.48
683.1,12.8,105.48
683.2,27.2,105.48
683.3,13.8,105.48
683.4,13.9,105.48
683.5,13.3,105.48
683.6,13.1,105.48
683.7,12.7,105.48
683.8,13.2,105.48
683.9,13.3,105.48
684.0,13.4,105.48
684.1,13.4,105.48
684.2,13.0,105.48
684.3,26.4,105.48
684.4,13.6,105.48
684.5,13.2,105.48
684.6,13.3,105.48
684.7,25.4,105.48
684.8,14.3,105.48
684.9,13.1,105.48
685.0,12.6,105.48
685.1,13.1,105.48
685.2,25.3,105.48
685.3,13.9,105.48
685.4,13.2,105.49
685.5,14.4,105.49
685.6,25.4,105.49
685.7,13.1,105.49
685.8,13.4,105.49
685.9,12.9,105.49
686.0,13.1,105.49
686.1,13.4,105.49
686.2,13.8,105.49
686.3,25.2,105.49
686.4,27.4,105.49
686.5,13.4,105.49
686.6,13.4,105.49
686.7,13.3,105.49
686.8,13.1,105.49
686.9,14.2,105.49
687.0,13.2,105.49
687.1,24.6,105.49
687.2,14.4,105.49
687.3,14.2,105.49
687.4,13.3,105.49
687.5,13.4,105.49
687.6,13.9,105.49
687.7,13.4,105.49
687.8,13.6,105.49
687.9,13.2,105.49
688.0,0.0,105.49
688.1,13.6,105.49
688.2,13.5,105.49
688.3,12.6,105.49
688.4,13.2,105.49
688.5,12.9,105.49
688.6,13.6,105.49
688.7,13.9,105.49
688.8,13.7,105.49
688.9,0.0,105.49
689.0,12.9,105.49
689.1,0.0,105.49
689.2,13.3,105.49
689.3,25.8,105.49
689.4,13.2,105.49
689.5,0.0,105.5
689.6,13.4,105.5
689.7,26.1,105.5
689.8,13.5,105.5
689.9,14.2,105.5
690.0,13.6,105.5
690.1,13.6,105.5
690.2,13.4,105.5
690.3,0.0,105.5
690.4,13.3,105.5
690.5,13.2,105.5
690.6,12.7,105.5
690.7,0.0,105.5
690.8,0.0,105.5
690.9,25.7,105.5
691.0,13.9,105.5
691.1,13.5,105.5
691.2,13.2,105.5
691.3,25.6,105.5
691.4,13.2,105.5
691.5,13.4,105.5
691.6,13.8,105.5
691.7,25.2,105.5
691.8,26.1,105.5
691.9,25.0,105.5
692.0,13.3,105.5
692.1,13.6,105.5
692.2,14.0,105.5
692.3,13.9,105.5
692.4,13.3,105.5
692.5,12.8,105.5
692.6,13.3,105.5
692.7,25.3,105.5
692.8,25.3,105.5
692.9,13.7,105.5
693.0,13.6,105.5
693.1,0.0,105.5
693.2,25.0,105.5
693.3,26.2,105.5
693.4,13.2,105.5
693.5,13.2,105.5
693.6,25.3,105.5
693.7,13.6,105.5
693.8,13.3,105.5
693.9,13.8,105.5
694.0,12.8,105.5
694.1,13.9,105.5
694.2,13.3,105.5
694.3,13.7,105.5
694.4,13.6,105.5
694.5,26.2,105.5
694.6,13.6,105.5
694.7,13.5,105.5
694.8,13.4,105.5
694.9,24.4,105.5
695.0,26.4,105.5
695.1,13.1,105.5
695.2,13.2,105.5
695.3,13.7,105.5
695.4,26.7,105.5
695.5,13.3,105.5
695.6,12.3,105.5
695.7,13.2,105.5
695.8,13.3,105.5
695.9,13.4,105.5
696.0,13.3,105.5
696.1,12.9,105.5
696.2,12.8,105.5
696.3,0.0,105.5
696.4,26.5,105.5
696.5,13.5,105.5
696.6,13.3,105.5
696.7,13.3,105.5
696.8,13.5,105.5
696.9,13.4,105.5
697.0,25.5,105.5
697.1,13.2,105.5
697.2,13.3,105.5
697.3,13.3,105.5
697.4,12.5,105.5
697.5,27.3,105.5
697.6,13.1,105.5
697.7,13.4,105.5
697.8,13.8,105.5
697.9,13.6,105.5
698.0,13.1,105.5
698.1,13.7,105.51
698.2,25.0,105.51
698.3,12.9,105.51
698.4,26.4,105.51
698.5,26.1,105.51
698.6,13.4,105.51
698.7,13.6,105.51
698.8,12.5,105.51
698.9,12.4,105.51
699.0,13.1,105.51
699.1,13.5,105.51
699.2,13.2,105.51
699.3,12.9,105.51
699.4,13.5,105.51
699.5,13.3,105.51
699.6,13.3,105.51
699.7,13.4,105.51
699.8,14.0,105.51
699.9,13.6,105.51
700.0,25.3,105.51
700.1,13.8,105.51
700.2,26.6,105.51
700.3,13.3,105.51
700.4,26.6,105.51
700.5,13.1,105.51
700.6,13.5,105.51
700.7,24.5,105.51
700.8,13.1,105.51
700.9,12.7,105.51
701.0,13.8,105.51
701.1,14.1,105.51
701.2,12.9,105.51
701.3,13.4,105.51
701.4,26.2,105.51
701.5,12.9,105.51
701.6,13.3,105.51
701.7,14.2,105.51
701.8,13.4,105.51
701.9,13.4,105.51
702.0,13.4,105.51
702.1,0.0,105.51
702.2,13.9,105.51
702.3,13.5,105.51
702.4,26.2,105.51
702.5,13.5,105.51
702.6,26.8,105.51
702.7,13.1,105.51
702.8,12.9,105.51
702.9,13.4,105.51
703.0,12.8,105.51
703.1,12.9,105.51
703.2,26.5,105.51
703.3,13.4,105.51
703.4,25.0,105.51
703.5,13.6,105.51
703.6,24.3,105.51
703.7,12.7,105.51
703.8,13.3,105.51
703.9,14.0,105.51
704.0,0.0,105.51
704.1,13.4,105.51
704.2,24.6,105.51
704.3,13.2,105.51
704.4,13.1,105.51
704.5,13.3,105.51
704.6,12.7,105.52
704.7,13.1,105.52
704.8,0.0,105.52
704.9,13.0,105.52
705.0,12.9,105.52
705.1,25.8,105.52
705.2,0.0,105.52
705.3,13.3,105.52
705.4,24.4,105.52
705.5,13.3,105.52
705.6,13.3,105.52
705.7,13.3,105.52
705.8,13.3,105.52
705.9,13.1,105.52
706.0,13.8,105.52
706.1,25.2,105.52
706.2,26.3,105.52
706.3,13.4,105.52
706.4,13.6,105.52
706.5,13.3,105.52
706.6,13.1,105.52
706.7,12.6,105.52
706.8,13.3,105.52
706.9,13.4,105.52
707.0,13.1,105.52
707.1,26.8,105.52
707.2,13.1,105.52
707.3,13.6,105.52
707.4,12.9,105.52
707.5,12.9,105.52
707.6,13.6,105.52
707.7,13.0,105.52
707.8,13.4,105.52
707.9,13.5,105.52
708.0,13.7,105.52
708.1,13.6,105.52
708.2,13.4,105.52
708.3,12.6,105.52
708.4,13.4,105.52
708.5,13.5,105.52
708.6,25.2,105.52
708.7,13.3,105.52
708.8,13.4,105.52
708.9,13.5,105.52
709.0,12.4,105.52
709.1,13.4,105.52
709.2,12.4,105.52
709.3,25.7,105.52
709.4,13.5,105.52
709.5,14.1,105.52
709.6,13.1,105.52
709.7,13.3,105.52
709.8,27.3,105.52
709.9,13.6,105.52
710.0,13.3,105.52
710.1,12.8,105.52
710.2,12.7,105.52
710.3,0.0,105.52
710.4,13.4,105.52
710.5,25.9,105.52
710.6,24.9,105.52
710.7,25.2,105.52
710.8,13.9,105.52
710.9,13.6,105.52
711.0,0.0,105.52
711.1,13.1,105.52
711.2,13.3,105.52
711.3,13.3,105.52
711.4,24.6,105.52
711.5,13.3,105.52
711.6,13.3,105.52
711.7,13.3,105.52
711.8,13.3,105.52
711.9,13.4,105.52
712.0,13.6,105.52
712.1,26.0,105.52
712.2,25.3,105.52
712.3,14.2,105.52
712.4,12.9,105.52
712.5,14.0,105.52
712.6,12.5,105.52
712.7,12.5,105.52
712.8,13.2,105.52
712.9,26.6,105.52
713.0,13.4,105.52
713.1,13.8,105.52
713.2,0.0,105.52
713.3,13.5,105.52
713.4,13.4,105.52
713.5,13.4,105.52
713.6,13.0,105.52
713.7,25.9,105.52
713.8,25.0,105.52
713.9,13.4,105.52
714.0,13.3,105.52
714.1,13.3,105.52
714.2,13.4,105.52
714.3,24.2,105.52
714.4,36.6,105.52
714.5,0.0,105.52
714.6,13.2,105.52
714.7,13.8,105.52
714.8,13.6,105.52
714.9,13.5,105.52
715.0,13.5,105.52
715.1,13.4,105.52
715.2,26.6,105.52
715.3,13.2,105.52
715.4,13.5,105.52
715.5,13.3,105.52
715.6,13.3,105.52
715.7,13.2,105.52
715.8,39.3,105.52
715.9,13.8,105.52
716.0,25.4,105.52
716.1,13.9,105.52
716.2,13.7,105.52
716.3,13.3,105.52
716.4,12.8,105.52
716.5,13.1,105.52
716.6,12.5,105.52
716.7,12.6,105.52
716.8,12.9,105.52
716.9,13.2,105.52
717.0,13.2,105.52
717.1,13.5,105.52
717.2,13.4,105.53
717.3,14.1,105.53
717.4,14.3,105.53
717.5,13.8,105.53
717.6,13.4,105.53
717.7,13.3,105.53
717.8,12.7,105.53
717.9,13.8,105.53
718.0,13.6,105.53
718.1,13.7,105.53
718.2,13.4,105.53
718.3,13.3,105.53
718.4,24.4,105.53
718.5,0.0,105.53
718.6,13.4,105.53
718.7,13.7,105.53
718.8,13.2,105.53
718.9,13.3,105.53
719.0,13.2,105.53
719.1,13.7,105.53
719.2,13.2,105.53
719.3,0.0,105.53
719.4,12.9,105.53
719.5,13.6,105.53
719.6,26.1,105.53
719.7,13.4,105.53
719.8,13.3,105.53
719.9,13.5,105.53
720.0,14.3,105.53
720.1,26.7,105.53
720.2,13.3,105.53
720.3,26.6,105.53
720.4,13.4,105.53
720.5,26.6,105.53
720.6,12.7,105.53
720.7,13.3,105.53
720.8,13.4,105.53
720.9,0.0,105.53
721.0,13.9,105.53
721.1,13.5,105.53
721.2,12.8,105.53
721.3,14.4,105.53
721.4,26.0,105.53
721.5,12.9,105.53
721.6,13.1,105.53
721.7,25.4,105.53
721.8,13.4,105.53
721.9,24.3,105.53
722.0,12.7,105.53
722.1,13.3,105.53
722.2,13.5,105.53
722.3,13.0,105.53
722.4,22.7,105.53
722.5,25.6,105.53
722.6,13.3,105.53
722.7,13.2,105.53
722.8,13.4,105.53
722.9,13.2,105.53
723.0,13.0,105.53
723.1,12.6,105.53
723.2,13.1,105.53
723.3,25.4,105.53
723.4,26.2,105.53
723.5,13.5,105.53
723.6,14.1,105.54
723.7,13.7,105.54
723.8,13.2,105.54
723.9,25.7,105.54
724.0,13.2,105.54
724.1,0.0,105.54
724.2,13.3,105.54
724.3,13.9,105.54
724.4,25.5,105.54
724.5,25.3,105.54
724.6,13.8,105.54
724.7,13.5,105.54
724.8,12.6,105.54
724.9,13.0,105.54
725.0,26.1,105.54
725.1,24.9,105.54
725.2,25.0,105.54
725.3,13.4,105.54
725.4,25.5,105.54
725.5,0.0,105.54
725.6,13.7,105.54
725.7,13.7,105.54
725.8,13.2,105.54
725.9,26.4,105.54
726.0,0.0,105.54
726.1,13.5,105.54
726.2,13.4,105.54
726.3,26.0,105.54
726.4,13.5,105.54
726.5,12.2,105.54
726.6,13.2,105.54
726.7,13.6,105.54
726.8,0.0,105.54
726.9,24.6,105.54
727.0,26.6,105.54
727.1,13.7,105.54
727.2,13.2,105.54
727.3,37.0,105.54
727.4,13.5,105.54
727.5,12.3,105.54
727.6,0.0,105.54
727.7,14.2,105.54
727.8,13.3,105.54
727.9,13.4,105.54
728.0,25.0,105.54
728.1,13.2,105.54
728.2,13.3,105.54
728.3,24.8,105.54
728.4,13.3,105.54
728.5,13.0,105.54
728.6,13.3,105.54
728.7,13.9,105.54
728.8,12.2,105.54
728.9,26.5,105.54
729.0,13.0,105.54
729.1,13.2,105.54
729.2,24.9,105.54
729.3,25.4,105.54
729.4,13.6,105.54
729.5,13.3,105.54
729.6,12.6,105.54
729.7,13.3,105.54
729.8,13.4,105.54
729.9,13.6,105.54
730.0,13.4,105.54
730.1,24.6,105.54
730.2,14.2,105.54
730.3,13.5,105.54
730.4,14.2,105.54
730.5,39.7,105.54
730.6,0.0,105.56
730.7,12.6,105.56
730.8,13.8,105.56
730.9,14.2,105.56
731.0,14.4,105.56
731.1,0.0,105.56
731.2,25.5,105.56
731.3,13.9,105.56
731.4,13.5,105.56
731.5,13.3,105.56
731.6,14.0,105.56
731.7,13.2,105.56
731.8,13.1,105.56
731.9,13.5,105.56
732.0,13.2,105.56
732.1,13.9,105.56
732.2,12.9,105.56
732.3,13.0,105.56
732.4,13.6,105.56
732.5,13.0,105.56
732.6,25.7,105.56
732.7,13.6,105.56
732.8,13.2,105.56
732.9,13.7,105.56
733.0,14.3,105.56
733.1,14.4,105.56
733.2,14.3,105.56
733.3,14.3,105.56
733.4,25.3,105.56
733.5,13.7,105.56
733.6,26.0,105.56
733.7,13.4,105.56
733.8,13.2,105.56
733.9,13.3,105.56
734.0,0.0,105.56
734.1,13.1,105.56
734.2,13.6,105.56
734.3,13.0,105.56
734.4,13.4,105.56
734.5,13.3,105.56
734.6,13.3,105.56
734.7,25.5,105.56
734.8,24.5,105.56
734.9,25.8,105.56
735.0,24.3,105.56
735.1,13.7,105.56
735.2,13.3,105.56
735.3,13.4,105.56
735.4,12.6,105.56
735.5,12.9,105.56
735.6,39.1,105.56
735.7,12.9,105.56
735.8,13.5,105.56
735.9,13.7,105.56
736.0,13.1,105.56
736.1,13.3,105.56
736.2,0.0,105.56
736.3,13.8,105.56
736.4,13.6,105.57
736.5,13.1,105.57
736.6,25.3,105.57
736.7,13.2,105.57
736.8,13.4,105.57
736.9,13.6,105.57
737.0,13.5,105.57
737.1,13.7,105.57
737.2,25.1,105.57
737.3,13.6,105.57
737.4,13.2,105.57
737.5,13.2,105.57
737.6,0.0,105.57
737.7,24.9,105.57
737.8,12.5,105.57
737.9,13.6,105.57
738.0,13.3,105.57
738.1,25.7,105.57
738.2,13.6,105.57
738.3,26.5,105.57
738.4,0.0,105.57
738.5,0.0,105.57
738.6,13.3,105.57
738.7,27.2,105.57
738.8,14.3,105.57
738.9,13.5,105.57
739.0,13.0,105.57
739.1,13.7,105.57
739.2,13.9,105.57
739.3,13.6,105.57
739.4,13.5,105.57
739.5,13.9,105.57
739.6,13.5,105.57
739.7,0.0,105.57
739.8,13.3,105.57
739.9,13.4,105.57
740.0,13.6,105.57
740.1,13.5,105.57
740.2,0.0,105.57
740.3,13.7,105.57
740.4,13.1,105.57
740.5,13.3,105.57
740.6,13.6,105.57
740.7,26.8,105.57
740.8,13.5,105.57
740.9,13.3,105.57
741.0,13.5,105.57
741.1,24.6,105.57
741.2,13.4,105.57
741.3,13.2,105.57
741.4,25.8,105.57
741.5,13.3,105.57
741.6,13.0,105.57
741.7,24.8,105.57
741.8,26.3,105.57
741.9,25.0,105.57
742.0,25.5,105.57
742.1,13.4,105.57
742.2,26.0,105.57
742.3,26.5,105.57
742.4,13.4,105.57
742.5,0.0,105.57
742.6,13.4,105.57
742.7,13.6,105.57
742.8,13.9,105.57
742.9,12.3,105.57
743.0,13.1,105.57
743.1,13.2,105.57
743.2,24.9,105.57
743.3,12.8,105.57
743.4,13.8,105.57
743.5,24.6,105.57
743.6,13.5,105.57
743.7,0.0,105.57
743.8,12.8,105.57
743.9,13.4,105.57
744.0,13.6,105.57
744.1,26.3,105.57
744.2,13.2,105.57
744.3,13.0,105.57
744.4,26.1,105.57
744.5,24.9,105.57
744.6,13.2,105.57
744.7,13.4,105.57
744.8,13.6,105.57
744.9,25.1,105.57
745.0,13.8,105.57
745.1,12.6,105.57
745.2,13.2,105.57
745.3,25.1,105.57
745.4,25.6,105.57
745.5,25.0,105.57
745.6,13.1,105.57
745.7,0.0,105.57
745.8,13.5,105.57
745.9,13.1,105.57
746.0,13.4,105.57
746.1,25.2,105.69
746.2,14.2,105.69
746.3,13.2,105.69
746.4,13.8,105.69
746.5,13.3,105.69
746.6,13.2,105.69
746.7,25.4,105.69
746.8,12.8,105.69
746.9,13.4,105.69
747.0,13.1,105.69
747.1,13.3,105.69
747.2,25.6,105.69
747.3,12.2,105.7
747.4,13.3,105.7
747.5,13.6,105.7
747.6,25.1,105.7
747.7,24.5,105.7
747.8,13.7,105.7
747.9,13.5,105.7
748.0,25.1,105.7
748.1,13.0,105.7
748.2,0.0,105.7
748.3,13.2,105.7
748.4,12.7,105.7
748.5,11.8,105.7
748.6,0.0,105.7
748.7,26.5,105.7
748.8,13.3,105.7
748.9,0.0,105.7
749.0,13.8,105.7
749.1,13.1,105.7
749.2,12.7,105.7
749.3,13.5,105.7
749.4,13.0,105.7
749.5,0.0,105.7
749.6,13.5,105.7
749.7,13.4,105.7
749.8,13.5,105.7
749.9,24.7,105.7
750.0,25.1,105.7
750.1,12.9,105.7
750.2,13.5,105.7
750.3,25.2,105.7
750.4,13.3,105.7
750.5,13.2,105.7
750.6,25.9,105.7
750.7,13.2,105.7
750.8,13.4,105.7
750.9,25.0,105.7
751.0,13.1,105.7
751.1,13.3,105.7
751.2,24.4,105.7
751.3,13.6,105.7
751.4,0.0,105.7
751.5,13.3,105.7
751.6,26.2,105.7
751.7,13.6,105.7
751.8,13.8,105.7
751.9,13.3,105.7
752.0,13.7,105.7
752.1,25.2,105.7
752.2,13.6,105.7
752.3,24.3,105.7
752.4,12.7,105.7
752.5,13.3,105.7
752.6,12.3,105.7
752.7,26.6,105.7
752.8,0.0,105.7
752.9,12.6,105.7
753.0,12.8,105.7
753.1,13.4,105.7
753.2,24.4,105.7
753.3,13.5,105.7
753.4,25.0,105.7
753.5,13.4,105.7
753.6,12.9,105.7
753.7,12.3,105.7
753.8,12.3,105.7
753.9,24.6,105.7
754.0,12.6,105.7
754.1,13.3,105.7
754.2,24.7,105.7
754.3,0.0,105.7
754.4,12.2,105.7
754.5,12.5,105.7
754.6,13.5,105.7
754.7,24.0,105.7
754.8,13.3,105.7
754.9,14.1,105.7
755.0,24.9,105.7
755.1,13.0,105.7
755.2,12.7,105.7
755.3,0.0,105.7
755.4,13.1,105.7
755.5,13.7,105.71
755.6,0.0,105.71
755.7,13.5,105.71
755.8,25.9,105.71
755.9,13.4,105.71
756.0,27.1,105.71
756.1,12.6,105.71
756.2,12.9,105.72
756.3,25.8,105.72
756.4,25.0,105.72
756.5,14.1,105.72
756.6,12.7,105.72
756.7,13.5,105.72
756.8,12.7,105.73
756.9,13.3,105.73
757.0,13.3,105.73
757.1,0.0,105.73
757.2,13.8,105.73
757.3,13.2,105.73
757.4,13.3,105.73
757.5,13.2,105.73
757.6,13.6,105.73
757.7,13.5,105.73
757.8,14.1,105.73
757.9,0.0,105.73
758.0,25.6,105.73
758.1,13.5,105.73
758.2,13.2,105.73
758.3,13.7,105.73
758.4,24.5,105.73
758.5,13.6,105.73
758.6,13.7,105.73
758.7,13.8,105.73
758.8,25.6,105.73
758.9,25.4,105.73
759.0,24.6,105.73
759.1,24.7,105.73
759.2,14.1,105.73
759.3,13.4,105.73
759.4,12.7,105.73
759.5,0.0,105.73
759.6,0.0,105.73
759.7,13.1,105.73
759.8,0.0,105.73
759.9,12.7,105.73
760.0,13.1,105.73
760.1,13.8,105.73
760.2,24.7,105.73
760.3,12.9,105.73
760.4,13.8,105.73
760.5,12.9,105.73
760.6,13.8,105.73
760.7,13.4,105.73
760.8,25.1,105.73
760.9,13.0,105.73
761.0,13.2,105.73
761.1,13.2,105.73
761.2,0.0,105.73
761.3,14.4,105.73
761.4,25.6,105.73
761.5,14.4,105.73
761.6,25.6,105.73
761.7,25.3,105.73
761.8,0.0,105.73
761.9,13.0,105.73
762.0,13.6,105.73
762.1,13.8,105.73
762.2,13.5,105.73
762.3,13.0,105.73
762.4,25.3,105.73
762.5,13.6,105.73
762.6,12.9,105.73
762.7,13.5,105.73
762.8,12.5,105.73
762.9,0.0,105.73
763.0,25.3,105.73
763.1,13.2,105.73
763.2,13.2,105.73
763.3,26.5,105.73
763.4,14.3,105.73
763.5,12.8,105.73
763.6,24.0,105.73
763.7,12.8,105.73
763.8,13.1,105.73
763.9,13.0,105.73
764.0,14.1,105.73
764.1,13.4,105.73
764.2,13.7,105.73
764.3,24.5,105.73
764.4,13.2,105.73
764.5,13.6,105.73
764.6,13.3,105.73
764.7,12.8,105.73
764.8,0.0,105.73
764.9,13.2,105.73
765.0,25.2,105.74
765.1,24.3,105.74
765.2,12.8,105.74
765.3,13.4,105.74
765.4,13.3,105.74
765.5,13.8,105.74
765.6,13.3,105.74
765.7,13.4,105.74
765.8,0.0,105.74
765.9,13.0,105.74
766.0,13.5,105.74
766.1,13.0,105.74
766.2,13.0,105.74
766.3,24.7,105.74
766.4,13.2,105.74
766.5,13.5,105.74
766.6,25.0,105.74
766.7,13.5,105.74
766.8,12.7,105.74
766.9,12.5,105.74
767.0,13.2,105.74
767.1,37.0,105.74
767.2,24.7,105.74
767.3,26.5,105.74
767.4,13.1,105.74
767.5,12.8,105.74
767.6,14.0,105.74
767.7,0.0,105.74
767.8,13.4,105.74
767.9,13.4,105.74
768.0,25.8,105.74
768.1,13.1,105.74
768.2,12.5,105.75
768.3,13.3,105.75
768.4,13.4,105.75
768.5,13.2,105.75
768.6,13.4,105.75
768.7,13.5,105.75
768.8,13.0,105.75
768.9,12.3,105.75
769.0,24.8,105.75
769.1,13.3,105.75
769.2,0.0,105.75
769.3,13.6,105.75
769.4,25.0,105.75
769.5,13.2,105.75
769.6,13.0,105.75
769.7,14.4,105.75
769.8,13.5,105.75
769.9,13.3,105.75
770.0,13.6,105.75
770.1,13.5,105.75
770.2,25.1,105.75
770.3,13.1,105.75
770.4,13.3,105.75
770.5,13.4,105.75
770.6,0.0,105.75
770.7,12.9,105.75
770.8,25.8,105.75
770.9,13.1,105.75
771.0,12.7,105.75
771.1,0.0,105.75
771.2,12.7,105.75
771.3,13.3,105.75
771.4,13.3,105.75
771.5,13.1,105.75
771.6,24.9,105.75
771.7,13.4,105.75
771.8,13.3,105.75
771.9,24.6,105.75
772.0,26.9,105.75
772.1,13.3,105.75
772.2,24.4,105.75
772.3,0.0,105.75
772.4,13.3,105.75
772.5,13.4,105.75
772.6,13.3,105.75
772.7,26.1,105.75
772.8,13.1,105.75
772.9,13.4,105.75
773.0,13.3,105.75
773.1,13.0,105.75
773.2,12.8,105.75
773.3,13.4,105.75
773.4,0.0,105.75
773.5,26.5,105.75
773.6,0.0,105.75
773.7,13.4,105.75
773.8,12.2,105.75
773.9,24.7,105.75
774.0,26.6,105.75
774.1,24.5,105.75
774.2,13.4,105.75
774.3,12.9,105.75
774.4,13.4,105.75
774.5,24.2,105.75
774.6,25.2,105.75
774.7,12.6,105.75
774.8,24.9,105.75
774.9,13.3,105.75
775.0,13.5,105.75
775.1,13.4,105.75
775.2,26.3,105.75
775.3,13.1,105.75
775.4,13.2,105.75
775.5,13.6,105.76
775.6,13.2,105.76
775.7,13.3,105.76
775.8,13.3,105.76
775.9,13.4,105.76
776.0,12.0,105.76
776.1,13.3,105.76
776.2,26.6,105.76
776.3,13.3,105.76
776.4,24.9,105.76
776.5,13.1,105.76
776.6,13.5,105.76
776.7,13.4,105.76
776.8,13.4,105.76
776.9,13.3,105.76
777.0,12.9,105.76
777.1,13.4,105.76
777.2,12.1,105.76
777.3,13.0,105.76
777.4,13.7,105.76
777.5,13.8,105.76
777.6,13.3,105.76
777.7,26.9,105.76
777.8,12.9,105.76
777.9,14.3,105.76
778.0,13.1,105.76
778.1,0.0,105.76
778.2,13.5,105.76
778.3,26.7,105.76
778.4,13.2,105.76
778.5,13.3,105.76
778.6,12.8,105.76
778.7,12.6,105.76
778.8,13.3,105.76
778.9,12.0,105.76
779.0,24.6,105.76
779.1,0.0,105.76
779.2,24.6,105.76
779.3,24.4,105.76
779.4,13.7,105.76
779.5,22.9,105.76
779.6,12.3,105.76
779.7,24.7,105.76
779.8,24.1,105.76
779.9,0.0,105.76
780.0,12.1,105.76
780.1,26.0,105.76
780.2,13.6,105.76
780.3,13.4,105.76
780.4,13.4,105.76
780.5,24.5,105.76
780.6,24.8,105.76
780.7,13.7,105.76
780.8,13.6,105.76
780.9,12.3,105.76
781.0,13.7,105.77
781.1,13.1,105.77
781.2,12.5,105.77
781.3,11.6,105.77
781.4,13.0,105.77
781.5,13.4,105.77
781.6,13.6,105.77
781.7,13.5,105.77
781.8,12.6,105.77
781.9,0.0,105.77
782.0,13.3,105.77
782.1,13.3,105.77
782.2,13.3,105.77
782.3,13.3,105.77
782.4,13.4,105.77
782.5,13.0,105.77
782.6,13.5,105.77
782.7,13.5,105.77
782.8,0.0,105.77
782.9,25.8,105.77
783.0,26.9,105.77
783.1,13.2,105.77
783.2,13.5,105.77
783.3,13.9,105.77
783.4,12.8,105.77
783.5,14.0,105.77
783.6,13.5,105.77
783.7,25.6,105.77
783.8,13.3,105.77
783.9,13.2,105.77
784.0,26.1,105.77
784.1,24.5,105.77
784.2,13.3,105.77
784.3,0.0,105.77
784.4,12.8,105.77
784.5,13.3,105.77
784.6,13.3,105.77
784.7,13.4,105.77
784.8,13.4,105.77
784.9,13.9,105.77
785.0,13.4,105.77
785.1,12.9,105.77
785.2,13.0,105.77
785.3,13.3,105.77
785.4,13.1,105.77
785.5,13.4,105.77
785.6,26.5,105.77
785.7,26.8,105.77
785.8,13.3,105.77
785.9,13.2,105.77
786.0,13.3,105.77
786.1,12.8,105.77
786.2,13.4,105.77
786.3,13.8,105.77
786.4,13.3,105.77
786.5,0.0,105.77
786.6,0.0,105.77
786.7,0.0,105.77
786.8,0.0,105.77
786.9,24.5,105.77
787.0,0.0,105.77
787.1,13.3,105.77
787.2,13.6,105.77
787.3,13.8,105.77
787.4,12.3,105.77
787.5,13.8,105.77
787.6,24.3,105.77
787.7,13.5,105.77
787.8,13.3,105.77
787.9,13.1,105.77
788.0,13.6,105.77
788.1,13.2,105.77
788.2,13.5,105.77
788.3,13.0,105.77
788.4,12.7,105.77
788.5,13.2,105.77
788.6,13.6,105.77
788.7,13.2,105.77
788.8,12.7,105.77
788.9,13.4,105.77
789.0,25.6,105.77
789.1,14.4,105.77
789.2,13.6,105.77
789.3,0.0,105.77
789.4,0.0,105.77
789.5,13.7,105.77
789.6,13.2,105.77
789.7,13.6,105.77
789.8,0.0,105.77
789.9,12.6,105.77
790.0,25.0,105.77
790.1,13.6,105.77
790.2,0.0,105.77
790.3,13.5,105.77
790.4,13.3,105.77
790.5,12.9,105.77
790.6,13.5,105.77
790.7,0.0,105.77
790.8,13.6,105.77
790.9,13.7,105.77
791.0,26.6,105.77
791.1,0.0,105.77
791.2,14.0,105.77
791.3,13.5,105.77
791.4,13.4,105.77
791.5,26.6,105.77
791.6,0.0,105.77
791.7,12.4,105.77
791.8,27.2,105.77
791.9,25.8,105.77
792.0,13.1,105.77
792.1,13.5,105.77
792.2,13.3,105.77
792.3,13.3,105.77
792.4,13.3,105.77
792.5,13.3,105.77
792.6,13.3,105.77
792.7,13.4,105.77
792.8,13.3,105.77
792.9,0.0,105.77
793.0,13.0,105.77
793.1,13.2,105.77
793.2,13.5,105.77
793.3,13.7,105.77
793.4,13.3,105.77
793.5,13.5,105.77
793.6,12.9,105.78
793.7,25.4,105.78
793.8,13.1,105.78
793.9,25.7,105.78
794.0,13.4,105.78
794.1,13.5,105.78
794.2,14.2,105.78
794.3,13.3,105.78
794.4,14.2,105.78
794.5,13.9,105.78
794.6,13.3,105.78
794.7,13.2,105.78
794.8,25.6,105.78
794.9,24.5,105.78
795.0,24.9,105.78
795.1,24.5,105.78
795.2,0.0,105.78
795.3,13.8,105.78
795.4,13.1,105.78
795.5,13.3,105.78
795.6,13.3,105.78
795.7,12.7,105.78
795.8,13.4,105.78
795.9,13.0,105.78
796.0,13.4,105.78
796.1,26.0,105.78
796.2,24.7,105.78
796.3,24.6,105.78
796.4,25.5,105.78
796.5,25.2,105.78
796.6,13.2,105.78
796.7,13.1,105.78
796.8,13.3,105.78
796.9,12.6,105.78
797.0,12.8,105.78
797.1,26.3,105.78
797.2,27.1,105.78
797.3,26.6,105.78
797.4,13.5,105.78
797.5,24.6,105.78
797.6,13.2,105.78
797.7,14.1,105.78
797.8,24.9,105.78
797.9,13.5,105.78
798.0,13.1,105.78
798.1,26.0,105.78
798.2,27.3,105.78
798.3,13.1,105.78
798.4,13.2,105.78
798.5,26.2,105.78
798.6,25.3,105.78
798.7,13.1,105.78
798.8,12.8,105.78
798.9,26.2,105.78
799.0,13.2,105.78
799.1,0.0,105.78
799.2,12.7,105.78
799.3,13.4,105.78
799.4,25.0,105.78
799.5,13.4,105.78
799.6,12.6,105.78
799.7,12.6,105.78
799.8,26.7,105.78
799.9,13.4,105.78
800.0,13.3,105.79
800.1,12.7,105.79
800.2,13.0,105.79
800.3,0.0,105.79
800.4,0.0,105.79
800.5,12.9,105.79
800.6,12.7,105.79
800.7,12.7,105.79
800.8,14.8,105.79
800.9,13.4,105.79
801.0,13.1,105.79
801.1,13.4,105.79
801.2,12.3,105.79
801.3,13.6,105.79
801.4,24.9,105.79
801.5,13.2,105.79
801.6,12.6,105.79
801.7,12.8,105.79
801.8,13.3,105.79
801.9,13.3,105.79
802.0,13.5,105.79
802.1,27.1,105.79
802.2,13.4,105.79
802.3,13.6,105.79
802.4,14.2,105.79
802.5,13.0,105.79
802.6,13.4,105.79
802.7,25.1,105.79
802.8,25.9,105.79
802.9,13.6,105.79
803.0,25.8,105.79
803.1,24.7,105.79
803.2,13.3,105.79
803.3,0.0,105.79
803.4,13.0,105.79
803.5,25.5,105.79
803.6,13.5,105.79
803.7,0.0,105.79
803.8,12.9,105.79
803.9,24.5,105.79
804.0,25.1,105.79
804.1,13.6,105.79
804.2,0.0,105.79
804.3,12.8,105.79
804.4,0.0,105.79
804.5,13.2,105.79
804.6,13.4,105.79
804.7,13.3,105.79
804.8,13.3,105.79
804.9,13.1,105.79
805.0,13.5,105.79
805.1,13.3,105.79
805.2,13.1,105.79
805.3,13.3,105.79
805.4,25.1,105.79
805.5,13.4,105.79
805.6,13.5,105.79
805.7,13.5,105.79
805.8,13.0,105.79
805.9,13.6,105.79
806.0,13.4,105.79
806.1,13.9,105.79
806.2,13.2,105.79
806.3,13.3,105.79
806.4,13.4,105.79
806.5,13.4,105.79
806.6,25.7,105.79
806.7,13.4,105.79
806.8,0.0,105.79
806.9,13.6,105.79
807.0,13.6,105.79
807.1,13.4,105.79
807.2,0.0,105.79
807.3,13.6,105.79
807.4,13.4,105.79
807.5,12.6,105.79
807.6,13.6,105.79
807.7,24.0,105.79
807.8,24.5,105.79
807.9,13.7,105.79
808.0,13.3,105.79
808.1,13.2,105.79
808.2,13.4,105.79
808.3,13.3,105.79
808.4,12.9,105.79
808.5,13.1,105.79
808.6,25.2,105.79
808.7,13.3,105.79
808.8,12.9,105.79
808.9,25.7,105.79
809.0,24.8,105.79
809.1,13.2,105.79
809.2,13.6,105.79
809.3,25.7,105.79
809.4,0.0,105.79
809.5,0.0,105.79
809.6,24.1,105.79
809.7,24.5,105.79
809.8,13.6,105.79
809.9,13.6,105.79
810.0,13.5,105.79
810.1,26.4,105.79
810.2,12.7,105.8
810.3,13.5,105.8
810.4,13.5,105.8
810.5,13.5,105.8
810.6,13.9,105.8
810.7,24.9,105.8
810.8,13.2,105.8
810.9,13.4,105.8
811.0,24.9,105.8
811.1,0.0,105.8
811.2,13.4,105.8
811.3,12.7,105.8
811.4,13.0,105.8
811.5,13.7,105.8
811.6,0.0,105.8
811.7,13.2,105.8
811.8,26.2,105.8
811.9,13.2,105.8
812.0,12.8,105.8
812.1,24.9,105.8
812.2,13.7,105.8
812.3,13.5,105.8
812.4,13.3,105.8
812.5,13.5,105.8
812.6,14.3,105.8
812.7,24.6,105.8
812.8,13.3,105.8
812.9,12.7,105.8
813.0,12.9,105.8
813.1,26.4,105.8
813.2,12.7,105.8
813.3,13.5,105.8
813.4,25.3,105.8
813.5,13.5,105.8
813.6,12.6,105.8
813.7,13.3,105.8
813.8,12.5,105.8
813.9,13.5,105.8
814.0,13.3,105.8
814.1,13.3,105.8
814.2,13.3,105.8
814.3,24.7,105.8
814.4,13.3,105.8
814.5,13.5,105.8
814.6,25.0,105.8
814.7,12.7,105.8
814.8,24.6,105.8
814.9,13.3,105.8
815.0,12.6,105.8
815.1,13.1,105.8
815.2,26.0,105.8
815.3,13.3,105.8
815.4,13.0,105.8
815.5,13.2,105.8
815.6,12.4,105.8
815.7,13.0,105.8
815.8,13.5,105.8
815.9,12.6,105.8
816.0,12.9,105.8
816.1,0.0,105.8
816.2,0.0,105.8
816.3,13.1,105.8
816.4,12.8,105.8
816.5,26.3,105.8
816.6,13.1,105.8
816.7,12.9,105.8
816.8,26.1,105.8
816.9,13.2,105.8
817.0,12.6,105.8
817.1,12.7,105.8
817.2,25.7,105.8
817.3,13.1,105.8
817.4,12.9,105.8
817.5,13.3,105.8
817.6,12.5,105.81
817.7,12.9,105.81
817.8,0.0,105.81
817.9,12.9,105.81
818.0,0.0,105.81
818.1,12.7,105.81
818.2,25.6,105.81
818.3,14.1,105.81
818.4,13.5,105.81
818.5,12.5,105.81
818.6,13.1,105.81
818.7,25.5,105.81
818.8,25.3,105.81
818.9,27.6,105.81
819.0,26.6,105.82
819.1,14.2,105.82
819.2,13.4,105.82
819.3,0.0,105.82
819.4,24.2,105.82
819.5,13.0,105.82
819.6,0.0,105.82
819.7,0.0,105.82
819.8,25.5,105.82
819.9,14.3,105.82
820.0,24.7,105.82
820.1,13.4,105.82
820.2,12.9,105.82
820.3,12.3,105.82
820.4,12.7,105.82
820.5,12.9,105.82
820.6,0.0,105.82
820.7,12.6,105.82
820.8,13.6,105.82
820.9,13.6,105.82
821.0,12.3,105.82
821.1,13.4,105.82
821.2,0.0,105.82
821.3,0.0,105.82
821.4,0.0,105.82
821.5,0.0,105.82
821.6,0.0,105.82
821.7,13.8,105.82
821.8,14.5,105.82
821.9,13.0,105.82
822.0,12.7,105.82
822.1,12.4,105.82
822.2,13.1,105.82
822.3,25.3,105.82
822.4,13.3,105.82
822.5,0.0,105.82
822.6,12.8,105.82
822.7,0.0,105.82
822.8,13.0,105.82
822.9,13.4,105.82
823.0,12.0,105.82
823.1,12.4,105.82
823.2,12.2,105.82
823.3,13.2,105.82
823.4,13.3,105.82
823.5,13.6,105.82
823.6,24.7,105.82
823.7,13.5,105.82
823.8,12.9,105.82
823.9,13.4,105.82
824.0,13.2,105.82
824.1,12.4,105.82
824.2,13.8,105.82
824.3,13.5,105.82
824.4,13.9,105.82
824.5,0.0,105.82
824.6,13.0,105.82
824.7,25.4,105.82
824.8,25.3,105.82
824.9,25.1,105.82
825.0,13.4,105.82
825.1,13.4,105.82
825.2,13.5,105.82
825.3,13.7,105.82
825.4,0.0,105.82
825.5,13.4,105.82
825.6,14.1,105.82
825.7,26.5,105.82
825.8,13.3,105.82
825.9,13.2,105.82
826.0,24.9,105.82
826.1,13.6,105.82
826.2,12.4,105.82
826.3,12.5,105.82
826.4,12.7,105.82
826.5,25.9,105.82
826.6,13.2,105.82
826.7,12.9,105.82
826.8,25.8,105.82
826.9,26.0,105.82
827.0,13.2,105.82
827.1,12.4,105.82
827.2,12.6,105.82
827.3,13.2,105.82
827.4,14.2,105.82
827.5,13.6,105.82
827.6,26.5,105.82
827.7,13.6,105.82
827.8,13.4,105.82
827.9,13.2,105.82
828.0,13.7,105.82
828.1,12.7,105.82
828.2,23.9,105.82
828.3,12.9,105.82
828.4,13.2,105.82
828.5,14.3,105.82
828.6,13.2,105.82
828.7,13.8,105.82
828.8,13.2,105.82
828.9,13.4,105.82
829.0,24.1,105.82
829.1,0.0,105.82
829.2,13.2,105.82
829.3,13.6,105.82
829.4,0.0,105.82
829.5,13.1,105.82
829.6,0.0,105.82
829.7,12.8,105.82
829.8,12.9,105.82
829.9,24.4,105.82
830.0,0.0,105.82
830.1,25.0,105.82
830.2,24.9,105.82
830.3,13.4,105.82
830.4,25.9,105.82
830.5,25.5,105.82
830.6,0.0,105.82
830.7,13.8,105.82
830.8,13.6,105.82
830.9,0.0,105.82
831.0,12.6,105.82
831.1,12.9,105.82
831.2,13.6,105.82
831.3,0.0,105.82
831.4,25.7,105.82
831.5,13.0,105.82
831.6,13.4,105.82
831.7,13.2,105.83
831.8,13.6,105.83
831.9,13.4,105.83
832.0,13.3,105.83
832.1,25.8,105.83
832.2,13.1,105.83
832.3,13.4,105.83
832.4,24.8,105.83
832.5,13.9,105.83
832.6,25.1,105.83
832.7,13.2,105.83
832.8,12.8,105.83
832.9,13.1,105.83
833.0,12.5,105.83
833.1,13.3,105.83
833.2,0.0,105.83
833.3,24.2,105.83
833.4,0.0,105.83
833.5,0.0,105.83
833.6,13.9,105.83
833.7,13.5,105.83
833.8,26.2,105.83
833.9,13.3,105.83
834.0,12.9,105.83
834.1,24.4,105.83
834.2,26.3,105.83
834.3,13.1,105.83
834.4,13.4,105.83
834.5,13.5,105.83
834.6,0.0,105.83
834.7,12.5,105.83
834.8,13.4,105.83
834.9,13.6,105.83
835.0,12.6,105.83
835.1,13.4,105.83
835.2,13.4,105.83
835.3,0.0,105.83
835.4,13.1,105.83
835.5,12.5,105.83
835.6,13.3,105.83
835.7,13.7,105.83
835.8,13.4,105.83
835.9,12.7,105.83
836.0,13.7,105.83
836.1,14.2,105.83
836.2,13.2,105.83
836.3,13.3,105.83
836.4,13.7,105.83
836.5,24.6,105.83
836.6,0.0,105.83
836.7,13.3,105.83
836.8,13.4,105.83
836.9,13.0,105.83
837.0,12.1,105.83
837.1,12.6,105.83
837.2,13.0,105.83
837.3,25.1,105.83
837.4,14.4,105.83
837.5,13.2,105.83
837.6,0.0,105.83
837.7,0.0,105.83
837.8,13.5,105.83
837.9,27.4,105.83
838.0,12.9,105.83
838.1,13.6,105.84
838.2,0.0,105.84
838.3,13.5,105.84
838.4,25.5,105.84
838.5,13.6,105.84
838.6,13.6,105.84
838.7,26.0,105.84
838.8,13.3,105.84
838.9,13.9,105.84
839.0,13.4,105.84
839.1,0.0,105.84
839.2,13.0,105.84
839.3,13.0,105.84
839.4,26.0,105.84
839.5,13.4,105.84
839.6,14.7,105.84
839.7,13.8,105.98
839.8,13.6,105.98
839.9,13.4,105.98
840.0,13.6,105.98
840.1,0.0,105.98
840.2,0.0,105.98
840.3,0.0,105.98
840.4,13.3,105.98
840.5,0.0,105.98
840.6,13.2,105.98
840.7,12.9,105.98
840.8,13.6,105.98
840.9,25.4,105.98
841.0,14.1,105.98
841.1,14.2,105.98
841.2,13.6,105.98
841.3,0.0,105.98
841.4,13.5,105.98
841.5,13.7,105.98
841.6,0.0,105.98
841.7,13.8,105.98
841.8,13.7,105.98
841.9,25.4,105.98
842.0,25.4,105.98
842.1,13.7,105.98
842.2,13.9,105.98
842.3,0.0,105.98
842.4,13.4,105.98
842.5,26.3,105.98
842.6,12.8,105.98
842.7,0.0,105.98
842.8,13.2,105.98
842.9,25.1,105.98
843.0,14.2,105.98
843.1,13.6,105.98
843.2,12.4,105.98
843.3,12.7,105.98
843.4,13.1,105.98
843.5,13.3,105.98
843.6,12.6,105.98
843.7,12.2,105.98
843.8,13.5,105.98
843.9,13.2,105.98
844.0,13.8,105.98
844.1,14.0,105.98
844.2,24.5,105.98
844.3,13.1,105.98
844.4,13.3,105.98
844.5,13.2,105.98
844.6,13.3,105.99
844.7,13.3,105.99
844.8,26.1,105.99
844.9,13.4,105.99
845.0,25.1,105.99
845.1,24.8,105.99
845.2,13.6,105.99
845.3,25.8,105.99
845.4,12.5,105.99
845.5,13.4,105.99
845.6,13.4,105.99
845.7,26.5,105.99
845.8,13.6,105.99
845.9,24.4,105.99
846.0,12.3,105.99
846.1,13.1,105.99
846.2,12.5,105.99
846.3,13.2,105.99
846.4,13.3,105.99
846.5,25.2,105.99
846.6,13.5,105.99
846.7,13.9,105.99
846.8,13.6,105.99
846.9,25.7,105.99
847.0,25.2,105.99
847.1,24.9,105.99
847.2,13.6,105.99
847.3,25.7,105.99
847.4,25.2,106.0
847.5,38.0,106.0
847.6,13.2,106.0
847.7,13.2,106.0
847.8,13.3,106.0
847.9,13.5,106.0
848.0,13.6,106.0
848.1,26.4,106.0
848.2,24.3,106.0
848.3,12.9,106.0
848.4,13.8,106.0
848.5,24.5,106.0
848.6,26.1,106.0
848.7,0.0,106.0
848.8,13.2,106.0
848.9,24.6,106.0
849.0,14.0,106.0
849.1,24.6,106.0
849.2,0.0,106.0
849.3,13.1,106.0
849.4,13.4,106.0
849.5,12.6,106.0
849.6,13.4,106.0
849.7,13.5,106.0
849.8,13.1,106.0
849.9,39.7,106.0
850.0,13.1,106.0
850.1,12.9,106.0
850.2,24.7,106.0
850.3,26.7,106.0
850.4,13.1,106.0
850.5,12.9,106.0
850.6,13.6,106.0
850.7,13.7,106.0
850.8,13.5,106.0
850.9,25.2,106.0
851.0,25.9,106.0
851.1,24.9,106.0
851.2,13.4,106.0
851.3,0.0,106.0
851.4,13.4,106.0
851.5,26.1,106.0
851.6,25.0,106.0
851.7,13.6,106.0
851.8,13.7,106.0
851.9,13.5,106.0
852.0,25.0,106.0
852.1,13.3,106.0
852.2,13.0,106.0
852.3,13.7,106.0
852.4,13.3,106.0
852.5,13.3,106.0
852.6,13.4,106.0
852.7,13.4,106.0
852.8,0.0,106.0
852.9,13.3,106.0
853.0,13.4,106.0
853.1,13.1,106.0
853.2,25.0,106.0
853.3,13.8,106.0
853.4,13.1,106.0
853.5,25.5,106.0
853.6,13.4,106.0
853.7,13.2,106.0
853.8,13.4,106.0
853.9,13.4,106.0
854.0,13.4,106.0
854.1,13.3,106.0
854.2,27.0,106.0
854.3,0.0,106.0
854.4,0.0,106.0
854.5,26.4,106.0
854.6,13.3,106.0
854.7,13.4,106.0
854.8,25.1,106.0
854.9,14.3,106.0
855.0,13.1,106.0
855.1,13.6,106.0
855.2,13.2,106.0
855.3,13.4,106.01
855.4,24.8,106.01
855.5,13.4,106.01
855.6,13.3,106.01
855.7,12.7,106.01
855.8,12.9,106.01
855.9,12.7,106.01
856.0,13.3,106.01
856.1,12.6,106.01
856.2,12.9,106.01
856.3,13.3,106.01
856.4,13.2,106.01
856.5,13.1,106.01
856.6,0.0,106.01
856.7,0.0,106.01
856.8,0.0,106.01
856.9,0.0,106.01
857.0,0.0,106.01
857.1,12.9,106.01
857.2,12.6,106.01
857.3,25.3,106.01
857.4,14.0,106.01
857.5,0.0,106.01
857.6,13.1,106.01
857.7,0.0,106.02
857.8,12.9,106.02
857.9,13.9,106.02
858.0,12.8,106.02
858.1,13.2,106.02
858.2,13.3,106.02
858.3,0.0,106.02
858.4,12.6,106.02
858.5,13.5,106.02
858.6,13.7,106.02
858.7,0.0,106.02
858.8,12.7,106.02
858.9,13.1,106.02
859.0,0.0,106.0
859.1,13.3,106.0
859.2,25.4,106.0
859.3,13.7,106.0
859.4,13.0,106.0
859.5,25.3,106.0
859.6,13.5,106.0
859.7,12.3,106.0
859.8,13.3,106.0
859.9,13.7,106.0
860.0,0.0,106.0
860.1,24.7,106.0
860.2,26.9,106.0
860.3,13.4,106.0
860.4,26.1,106.0
860.5,12.6,106.0
860.6,13.3,106.0
860.7,13.2,106.0
860.8,24.9,106.0
860.9,36.6,106.0
861.0,13.6,106.0
861.1,12.3,106.0
861.2,12.4,106.0
861.3,12.6,106.0
861.4,13.3,106.0
861.5,26.0,106.0
861.6,25.4,106.0
861.7,13.1,106.0
861.8,13.0,106.0
861.9,13.0,106.0
862.0,13.3,106.0
862.1,26.4,106.0
862.2,13.2,106.0
862.3,12.8,106.0
862.4,24.3,106.0
862.5,12.4,106.0
862.6,26.1,106.0
862.7,26.2,106.0
862.8,12.6,106.0
862.9,13.4,106.0
863.0,24.8,106.0
863.1,23.3,106.0
863.2,25.1,106.0
863.3,12.9,106.0
863.4,12.7,106.0
863.5,12.5,106.0
863.6,12.7,106.0
863.7,0.0,106.01
863.8,0.0,106.01
863.9,12.2,106.01
864.0,13.5,106.01
864.1,25.6,106.01
864.2,13.4,106.01
864.3,12.8,106.01
864.4,14.1,106.01
864.5,26.0,106.01
864.6,13.9,106.01
864.7,24.9,106.01
864.8,13.5,106.01
864.9,13.4,106.01
865.0,13.3,106.01
865.1,13.3,106.01
865.2,25.1,106.01
865.3,24.7,106.01
865.4,14.0,106.01
865.5,14.1,106.01
865.6,0.0,106.01
865.7,0.0,106.01
865.8,12.7,106.01
865.9,0.0,106.01
866.0,13.8,106.01
866.1,0.0,106.01
866.2,14.3,106.01
866.3,13.4,106.01
866.4,14.2,106.01
866.5,13.8,106.01
866.6,12.6,106.01
866.7,12.8,106.01
866.8,26.6,106.01
866.9,13.5,106.01
867.0,25.0,106.01
867.1,25.8,106.01
867.2,13.4,106.01
867.3,13.0,106.01
867.4,13.2,106.01
867.5,14.2,106.01
867.6,13.6,106.01
867.7,25.6,106.01
867.8,25.4,106.01
867.9,14.3,106.01
868.0,13.5,106.01
868.1,26.2,106.01
868.2,13.3,106.01
868.3,12.0,106.01
868.4,13.3,106.01
868.5,12.6,106.01
868.6,25.7,106.01
868.7,13.1,106.01
868.8,12.6,106.01
868.9,13.5,106.01
869.0,13.3,106.01
869.1,12.2,106.01
869.2,24.3,106.01
869.3,0.0,106.01
869.4,13.3,106.01
869.5,13.4,106.01
869.6,24.6,106.01
869.7,13.7,106.01
869.8,13.4,106.01
869.9,13.5,106.01
870.0,24.8,106.01
870.1,26.6,106.01
870.2,12.7,106.01
870.3,13.4,106.02
870.4,13.5,106.02
870.5,13.5,106.02
870.6,13.2,106.02
870.7,12.8,106.02
870.8,26.7,106.02
870.9,13.3,106.02
871.0,26.7,106.02
871.1,13.3,106.02
871.2,26.7,106.02
871.3,24.9,106.02
871.4,13.8,106.02
871.5,13.0,106.02
871.6,13.5,106.02
871.7,13.7,106.02
871.8,0.0,106.02
871.9,13.4,106.02
872.0,26.5,106.02
872.1,13.6,106.02
872.2,13.9,106.02
872.3,12.6,106.02
872.4,25.4,106.02
872.5,25.5,106.02
872.6,13.0,106.02
872.7,13.2,106.02
872.8,13.3,106.02
872.9,13.3,106.02
873.0,26.1,106.02
873.1,13.9,106.02
873.2,13.3,106.02
873.3,13.4,106.02
873.4,13.3,106.02
873.5,12.6,106.02
873.6,0.0,106.02
873.7,13.4,106.02
873.8,0.0,106.02
873.9,13.1,106.02
874.0,13.5,106.02
874.1,12.9,106.02
874.2,13.2,106.02
874.3,0.0,106.02
874.4,13.3,106.02
874.5,13.6,106.02
874.6,26.9,106.02
874.7,13.7,106.02
874.8,13.7,106.02
874.9,13.5,106.02
875.0,24.6,106.02
875.1,14.1,106.02
875.2,13.7,106.02
875.3,13.4,106.02
875.4,13.1,106.02
875.5,0.0,106.02
875.6,13.4,106.02
875.7,24.6,106.02
875.8,13.1,106.02
875.9,25.0,106.02
876.0,13.4,106.02
876.1,13.6,106.02
876.2,12.8,106.02
876.3,13.4,106.02
876.4,13.1,106.02
876.5,13.1,106.02
876.6,13.2,106.02
876.7,25.5,106.02
876.8,0.0,106.02
876.9,12.3,106.02
877.0,11.9,106.02
877.1,12.9,106.02
877.2,12.7,106.02
877.3,13.3,106.02
877.4,13.3,106.02
877.5,13.5,106.02
877.6,13.2,106.02
877.7,13.6,106.02
877.8,13.9,106.02
877.9,14.5,106.02
878.0,13.7,106.02
878.1,12.7,106.02
878.2,26.6,106.02
878.3,25.1,106.02
878.4,12.8,106.02
878.5,13.0,106.02
878.6,26.9,106.02
878.7,24.7,106.02
878.8,13.8,106.02
878.9,13.6,106.02
879.0,13.2,106.02
879.1,13.1,106.02
879.2,13.3,106.02
879.3,13.6,106.02
879.4,26.4,106.02
879.5,26.0,106.02
879.6,12.6,106.02
879.7,12.8,106.02
879.8,12.9,106.02
879.9,13.5,106.02
880.0,12.6,106.02
880.1,13.1,106.02
880.2,26.0,106.02
880.3,13.1,106.02
880.4,25.4,106.02
880.5,13.5,106.02
880.6,13.9,106.02
880.7,14.2,106.02
880.8,26.2,106.02
880.9,12.7,106.02
881.0,13.8,106.02
881.1,24.5,106.02
881.2,13.8,106.02
881.3,12.3,106.02
881.4,13.6,106.02
881.5,13.4,106.02
881.6,13.5,106.02
881.7,13.5,106.02
881.8,24.3,106.02
881.9,26.3,106.02
882.0,13.6,106.02
882.1,12.3,106.02
882.2,13.0,106.02
882.3,25.7,106.02
882.4,13.4,106.02
882.5,13.2,106.02
882.6,13.4,106.02
882.7,12.7,106.02
882.8,13.8,106.03
882.9,13.1,106.03
883.0,13.3,106.03
883.1,13.8,106.03
883.2,13.3,106.03
883.3,12.5,106.03
883.4,13.1,106.03
883.5,12.3,106.03
883.6,13.6,106.03
883.7,12.3,106.03
883.8,12.8,106.03
883.9,12.3,106.03
884.0,0.0,106.03
884.1,13.6,106.03
884.2,13.4,106.03
884.3,13.4,106.03
884.4,25.4,106.03
884.5,14.1,106.03
884.6,14.1,106.03
884.7,13.4,106.03
884.8,0.0,106.03
884.9,0.0,106.03
885.0,13.6,106.03
885.1,13.8,106.03
885.2,13.3,106.03
885.3,24.6,106.03
885.4,12.6,106.09
885.5,25.1,106.09
885.6,13.4,106.09
885.7,13.2,106.09
885.8,13.5,106.09
885.9,13.2,106.09
886.0,13.0,106.09
886.1,13.2,106.09
886.2,25.9,106.09
886.3,13.1,106.09
886.4,13.2,106.09
886.5,12.2,106.09
886.6,13.6,106.09
886.7,13.3,106.09
886.8,37.1,106.09
886.9,13.3,106.09
887.0,13.7,106.09
887.1,13.3,106.09
887.2,0.0,106.09
887.3,13.4,106.09
887.4,12.9,106.09
887.5,12.9,106.09
887.6,13.4,106.09
887.7,0.0,106.09
887.8,13.1,106.09
887.9,12.8,106.09
888.0,13.7,106.09
888.1,13.7,106.09
888.2,13.3,106.09
888.3,0.0,106.09
888.4,0.0,106.09
888.5,13.3,106.09
888.6,13.4,106.09
888.7,12.6,106.09
888.8,12.6,106.09
888.9,13.1,106.09
889.0,13.7,106.09
889.1,13.3,106.09
889.2,13.2,106.09
889.3,13.0,106.09
889.4,25.0,106.09
889.5,26.9,106.09
889.6,13.3,106.09
889.7,13.5,106.09
889.8,13.4,106.09
889.9,13.3,106.09
890.0,13.6,106.09
890.1,13.4,106.09
890.2,13.1,106.09
890.3,0.0,106.09
890.4,14.1,106.09
890.5,14.4,106.09
890.6,13.6,106.09
890.7,14.3,106.09
890.8,13.6,106.09
890.9,13.3,106.09
891.0,13.4,106.09
891.1,13.7,106.09
891.2,13.2,106.09
891.3,0.0,106.09
891.4,0.0,106.09
891.5,13.8,106.09
891.6,14.0,106.09
891.7,13.5,106.09
891.8,12.8,106.09
891.9,13.8,106.09
892.0,13.7,106.09
892.1,13.7,106.09
892.2,14.2,106.09
892.3,13.6,106.09
892.4,13.5,106.09
892.5,13.6,106.09
892.6,25.8,106.09
892.7,13.0,106.09
892.8,13.2,106.09
892.9,26.4,106.09
893.0,13.4,106.09
893.1,40.2,106.09
893.2,13.0,106.09
893.3,13.3,106.09
893.4,13.3,106.09
893.5,13.9,106.09
893.6,12.6,106.09
893.7,13.3,106.09
893.8,25.5,106.09
893.9,14.2,106.09
894.0,25.5,106.09
894.1,13.6,106.09
894.2,26.3,106.09
894.3,13.6,106.09
894.4,25.2,106.09
894.5,13.7,106.09
894.6,13.7,106.09
894.7,13.0,106.09
894.8,12.5,106.09
894.9,13.5,106.09
895.0,13.3,106.09
895.1,26.3,106.09
895.2,13.1,106.09
895.3,0.0,106.09
895.4,13.4,106.09
895.5,12.5,106.09
895.6,13.0,106.09
895.7,13.9,106.09
895.8,13.3,106.09
895.9,24.4,106.09
896.0,13.5,106.09
896.1,13.3,106.09
896.2,25.4,106.09
896.3,26.4,106.09
896.4,13.4,106.09
896.5,14.0,106.09
896.6,24.2,106.09
896.7,25.4,106.09
896.8,13.4,106.09
896.9,13.3,106.09
897.0,13.3,106.09
897.1,23.9,106.09
897.2,13.4,106.09
897.3,0.0,106.09
897.4,13.3,106.09
897.5,26.5,106.09
897.6,12.9,106.09
897.7,12.7,106.09
897.8,26.2,106.09
897.9,13.5,106.09
898.0,13.6,106.09
898.1,13.3,106.09
898.2,25.0,106.09
898.3,12.8,106.09
898.4,13.3,106.09
898.5,12.6,106.09
898.6,12.6,106.09
898.7,13.2,106.09
898.8,25.0,106.09
898.9,13.3,106.09
899.0,12.5,106.09
899.1,12.6,106.09
899.2,12.9,106.09
899.3,13.3,106.09
899.4,12.6,106.09
899.5,13.6,106.09
899.6,63.2,108.61
899.7,95.8,108.61
899.8,98.5,108.68
899.9,14.4,108.72
900.0,26.3,108.74
900.1,13.8,108.74
900.2,13.4,108.74
900.3,13.5,108.74
900.4,13.7,108.74
900.5,25.0,108.74
900.6,14.3,108.74
900.7,26.3,108.74
900.8,13.8,108.74
900.9,24.7,108.74
901.0,14.3,108.74
901.1,13.5,108.74
901.2,26.9,108.77
901.3,14.2,108.77
901.4,24.4,108.77
901.5,0.0,108.77
901.6,12.6,108.77
901.7,26.6,108.77
901.8,26.2,108.77
901.9,13.0,108.77
902.0,13.4,108.77
902.1,13.1,108.77
902.2,12.7,108.77
902.3,12.5,108.77
902.4,13.4,108.77
902.5,0.0,108.77
902.6,0.0,108.77
902.7,13.0,108.77
902.8,13.3,108.77
902.9,12.9,108.78
903.0,121.5,108.84
903.1,85.5,108.91
903.2,86.5,108.93
903.3,13.2,108.93
903.4,13.5,108.93
903.5,13.3,108.93
903.6,13.9,108.93
903.7,13.1,108.93
903.8,13.3,108.93
903.9,13.6,108.93
904.0,13.4,108.93
904.1,13.2,108.93
904.2,13.3,108.93
904.3,0.0,108.93
904.4,13.4,108.93
904.5,13.4,108.93
904.6,13.5,108.93
904.7,13.2,108.93
904.8,12.8,108.93
904.9,13.3,108.93
905.0,14.5,108.93
905.1,13.2,108.93
905.2,12.5,108.93
905.3,13.4,108.93
905.4,13.6,108.93
905.5,24.8,108.93
905.6,26.2,108.93
905.7,13.4,108.93
905.8,0.0,108.93
905.9,13.2,108.93
906.0,13.3,108.93
906.1,13.5,108.93
906.2,13.7,108.93
906.3,13.3,108.93
906.4,25.2,108.93
906.5,12.9,108.93
906.6,13.4,108.93
906.7,13.5,108.93
906.8,13.3,108.93
906.9,13.3,108.93
907.0,12.7,108.93
907.1,13.6,108.93
907.2,13.1,108.93
907.3,12.3,108.93
907.4,12.2,108.94
907.5,12.5,108.94
907.6,13.6,108.94
907.7,25.3,108.94
907.8,13.5,108.94
907.9,12.5,108.94
908.0,13.3,108.94
908.1,13.3,108.94
908.2,12.4,108.94
908.3,12.3,108.94
908.4,12.6,108.94
908.5,13.3,108.94
908.6,13.4,108.94
908.7,13.7,108.94
908.8,13.9,108.94
908.9,13.7,108.94
909.0,13.3,108.94
909.1,13.4,108.94
909.2,13.6,108.94
909.3,13.0,108.94
909.4,12.6,108.94
909.5,0.0,108.94
909.6,13.5,108.94
909.7,13.4,108.94
909.8,12.7,108.94
909.9,14.2,108.94
910.0,13.3,108.94
910.1,14.0,108.94
910.2,13.4,108.94
910.3,26.0,108.94
910.4,13.0,108.94
910.5,13.4,108.94
910.6,27.1,108.94
910.7,0.0,108.94
910.8,14.2,108.94
910.9,23.9,108.94
911.0,13.5,108.94
911.1,13.7,108.94
911.2,13.3,108.94
911.3,0.0,108.94
911.4,12.4,108.94
911.5,13.9,108.94
911.6,13.4,108.94
911.7,12.9,108.94
911.8,13.4,108.94
911.9,24.5,108.94
912.0,24.9,108.94
912.1,13.5,108.94
912.2,23.8,108.94
912.3,14.0,108.94
912.4,13.3,108.94
912.5,26.2,108.94
912.6,12.7,108.94
912.7,13.3,108.94
912.8,12.8,108.94
912.9,13.7,108.94
913.0,13.6,108.94
913.1,26.6,108.94
913.2,13.4,108.94
913.3,12.7,108.94
913.4,0.0,108.94
913.5,13.9,108.94
913.6,25.3,108.94
913.7,12.7,108.94
913.8,13.2,108.94
913.9,42.5,109.8
914.0,26.8,109.8
914.1,13.6,109.8
914.2,26.4,109.8
914.3,24.7,109.8
914.4,25.1,109.8
914.5,24.9,109.8
914.6,13.0,109.8
914.7,13.5,109.8
914.8,14.5,109.8
914.9,26.8,109.8
915.0,12.6,109.8
915.1,26.7,109.8
915.2,24.8,109.8
915.3,13.9,109.8
915.4,25.9,109.8
915.5,13.3,109.8
915.6,26.5,109.8
915.7,12.7,109.8
915.8,13.0,109.8
915.9,13.6,109.8
916.0,24.5,109.8
916.1,13.7,109.8
916.2,26.3,109.8
916.3,26.6,109.8
916.4,12.8,109.8
916.5,24.6,109.8
916.6,24.8,109.8
916.7,0.0,109.8
916.8,13.5,109.8
916.9,25.4,109.8
917.0,12.7,109.8
917.1,12.9,109.8
917.2,12.9,109.8
917.3,24.4,109.8
917.4,0.0,109.8
917.5,13.3,109.8
917.6,26.1,109.8
917.7,13.6,109.8
917.8,13.4,109.8
917.9,13.4,109.8
918.0,13.4,109.8
918.1,12.8,109.8
918.2,13.5,109.8
918.3,13.9,109.8
918.4,13.9,109.8
918.5,25.0,109.8
918.6,0.0,109.8
918.7,13.2,109.8
918.8,13.2,109.8
918.9,26.4,109.8
919.0,13.5,109.8
919.1,26.0,109.8
919.2,25.0,109.8
919.3,13.9,109.8
919.4,13.4,109.8
919.5,13.1,109.8
919.6,13.4,109.8
919.7,13.3,109.8
919.8,26.5,109.8
919.9,13.4,109.8
920.0,13.3,109.8
920.1,13.3,109.81
920.2,26.6,109.81
920.3,13.2,109.81
920.4,13.3,109.81
920.5,13.1,109.81
920.6,13.0,109.81
920.7,14.1,109.81
920.8,26.0,109.81
920.9,13.6,109.81
921.0,25.8,109.81
921.1,13.0,109.81
921.2,13.3,109.81
921.3,26.3,109.81
921.4,13.9,109.81
921.5,13.3,109.81
921.6,0.0,109.81
921.7,13.3,109.81
921.8,25.2,109.81
921.9,13.2,109.81
922.0,12.8,109.81
922.1,13.2,109.81
922.2,13.4,109.81
922.3,13.2,109.81
922.4,25.2,109.81
922.5,13.3,109.81
922.6,12.5,109.81
922.7,12.5,109.81
922.8,13.7,109.81
922.9,13.6,109.81
923.0,24.5,109.81
923.1,13.0,109.81
923.2,13.7,109.81
923.3,13.3,109.81
923.4,13.4,109.81
923.5,0.0,109.81
923.6,13.0,109.81
923.7,13.1,109.81
923.8,13.8,109.81
923.9,24.6,109.81
924.0,13.1,109.81
924.1,51.7,109.91
924.2,73.4,123.14
924.3,64.8,142.77
924.4,0.0,142.5
924.5,188.8,158.18
924.6,233.7,181.48
924.7,114.1,111.93
924.8,127.6,111.93
924.9,94.6,111.93
925.0,13.1,111.94
925.1,14.4,111.94
925.2,14.4,111.94
925.3,25.4,111.94
925.4,13.5,111.94
925.5,13.5,111.94
925.6,0.0,111.94
925.7,13.2,111.94
925.8,13.3,111.94
925.9,13.4,111.94
926.0,12.4,111.94
926.1,13.4,111.94
926.2,13.9,111.94
926.3,13.6,111.94
926.4,26.7,111.94
926.5,13.4,111.94
926.6,14.2,111.94
926.7,13.3,111.94
926.8,26.7,111.94
926.9,13.4,111.94
927.0,25.6,111.94
927.1,13.2,111.94
927.2,12.8,111.94
927.3,0.0,111.94
927.4,14.2,111.94
927.5,12.5,111.94
927.6,12.6,111.94
927.7,13.4,111.94
927.8,25.1,111.94
927.9,25.6,111.94
928.0,27.8,111.94
928.1,107.4,112.0
928.2,99.1,112.0
928.3,28.9,112.0
928.4,13.4,112.0
928.5,24.8,112.0
928.6,14.2,112.0
928.7,25.3,112.0
928.8,13.5,112.0
928.9,13.2,112.0
929.0,0.0,112.0
929.1,13.0,112.0
929.2,12.9,112.0
929.3,14.2,112.0
929.4,13.7,112.0
929.5,0.0,112.0
929.6,0.0,112.0
929.7,0.0,112.0
929.8,13.1,112.0
929.9,13.9,112.0
930.0,0.0,112.0
930.1,0.0,112.0
930.2,0.0,112.0
930.3,13.5,112.0
930.4,13.9,112.0
930.5,25.8,112.0
930.6,14.3,112.0
930.7,13.4,112.0
930.8,13.4,112.0
930.9,13.3,112.0
931.0,12.6,112.0
931.1,13.6,112.0
931.2,26.7,123.41
931.3,77.5,112.05
931.4,124.9,112.05
931.5,104.4,112.05
931.6,56.0,112.05
931.7,0.0,112.05
931.8,13.8,112.05
931.9,25.4,112.05
932.0,25.3,112.05
932.1,27.6,112.05
932.2,13.2,112.05
932.3,13.6,112.05
932.4,14.2,112.05
932.5,12.8,112.05
932.6,13.8,112.05
932.7,25.9,112.05
932.8,13.4,112.05
932.9,0.0,112.05
933.0,13.6,112.05
933.1,49.8,112.05
933.2,12.5,112.05
933.3,25.1,112.05
933.4,13.7,112.05
933.5,13.8,112.05
933.6,13.2,112.05
933.7,13.3,112.05
933.8,13.5,112.05
933.9,13.3,112.05
934.0,13.4,112.05
934.1,13.0,112.05
934.2,12.7,112.05
934.3,0.0,112.05
934.4,25.0,112.05
934.5,13.3,112.05
934.6,13.8,112.05
934.7,13.3,112.05
934.8,13.5,112.05
934.9,12.6,112.05
935.0,13.1,112.05
935.1,13.3,112.05
935.2,13.4,112.05
935.3,13.0,112.05
935.4,13.5,112.05
935.5,12.5,112.05
935.6,12.6,112.05
935.7,13.2,112.05
935.8,13.1,112.05
935.9,13.5,112.05
936.0,13.1,112.05
936.1,13.3,112.05
936.2,25.3,112.05
936.3,26.0,112.05
936.4,13.1,112.05
936.5,12.8,112.05
936.6,24.6,112.05
936.7,53.5,112.71
936.8,13.6,112.71
936.9,13.6,112.71
937.0,26.3,112.71
937.1,12.5,112.71
937.2,25.4,112.71
937.3,0.0,112.71
937.4,13.3,112.71
937.5,14.1,112.71
937.6,14.0,112.71
937.7,13.0,112.71
937.8,25.7,112.71
937.9,13.9,112.71
938.0,13.3,112.71
938.1,0.0,112.71
938.2,0.0,112.71
938.3,12.6,112.71
938.4,12.9,112.71
938.5,13.6,112.71
938.6,0.0,112.71
938.7,0.0,112.71
938.8,13.1,112.71
938.9,0.0,112.71
939.0,13.4,112.71
939.1,13.7,112.71
939.2,13.9,112.71
939.3,13.5,112.71
939.4,13.4,112.71
939.5,13.2,112.71
939.6,13.1,112.71
939.7,13.3,112.71
939.8,13.4,112.71
939.9,12.5,112.71
940.0,12.2,112.71
940.1,13.3,112.71
940.2,14.0,112.71
940.3,25.5,112.71
940.4,24.4,112.71
940.5,26.5,112.71
940.6,24.6,112.71
940.7,12.9,112.71
940.8,12.7,112.71
940.9,0.0,112.71
941.0,13.6,112.71
941.1,13.5,112.71
941.2,12.9,112.71
941.3,13.4,112.71
941.4,13.5,112.71
941.5,13.5,112.71
941.6,13.5,112.71
941.7,14.4,112.71
941.8,13.6,112.71
941.9,13.4,112.71
942.0,13.2,112.71
942.1,14.0,112.71
942.2,0.0,112.71
942.3,13.3,112.71
942.4,13.7,112.71
942.5,13.5,112.71
942.6,13.6,112.71
942.7,13.8,112.71
942.8,0.0,112.71
942.9,13.7,112.71
943.0,14.4,112.71
943.1,13.4,112.71
943.2,13.7,112.71
943.3,12.9,112.71
943.4,14.3,112.71
943.5,13.6,112.71
943.6,13.6,112.71
943.7,13.3,112.71
943.8,12.4,112.71
943.9,0.0,112.71
944.0,12.9,112.71
944.1,13.0,112.71
944.2,26.0,112.71
944.3,13.5,112.71
944.4,13.2,112.71
944.5,13.0,112.71
944.6,13.4,112.71
944.7,13.3,112.71
944.8,12.1,112.71
944.9,12.5,112.71
945.0,12.6,112.71
945.1,14.0,112.71
945.2,13.1,112.71
945.3,13.4,112.71
945.4,13.6,112.71
945.5,13.7,112.71
945.6,13.3,112.71
945.7,13.2,112.71
945.8,13.0,112.71
945.9,13.3,112.71
946.0,12.8,112.71
946.1,13.3,112.71
946.2,13.7,112.71
946.3,13.2,112.71
946.4,13.3,112.71
946.5,12.4,112.71
946.6,13.3,112.71
946.7,12.4,112.71
946.8,24.8,112.71
946.9,25.9,112.71
947.0,25.0,112.71
947.1,13.3,112.71
947.2,13.3,112.71
947.3,13.2,112.71
947.4,24.3,112.71
947.5,13.2,112.71
947.6,13.2,112.71
947.7,12.8,112.71
947.8,12.7,112.71
947.9,0.0,112.71
948.0,13.2,112.71
948.1,13.2,112.71
948.2,25.0,112.71
948.3,12.8,112.71
948.4,13.7,112.71
948.5,13.0,112.71
948.6,12.8,112.71
948.7,0.0,112.71
948.8,13.5,112.71
948.9,13.1,112.71
949.0,12.8,112.71
949.1,13.3,112.71
949.2,12.9,112.71
949.3,13.3,112.71
949.4,13.2,112.71
949.5,13.4,112.71
949.6,14.2,112.71
949.7,13.4,112.71
949.8,13.6,112.71
949.9,13.8,112.71
950.0,13.6,112.71
950.1,13.5,112.71
950.2,0.0,112.71
950.3,13.5,112.71
950.4,25.4,112.71
950.5,25.1,112.71
950.6,13.3,112.71
950.7,13.4,112.71
950.8,13.1,112.71
950.9,0.0,112.71
951.0,13.5,112.71
951.1,25.9,112.71
951.2,13.7,112.71
951.3,24.3,112.71
951.4,12.4,112.71
951.5,13.3,112.71
951.6,13.4,112.71
951.7,13.5,112.71
951.8,13.7,112.71
951.9,13.5,112.71
952.0,13.1,112.71
952.1,13.3,112.71
952.2,13.8,112.71
952.3,13.4,112.71
952.4,12.6,112.71
952.5,13.1,112.71
952.6,12.5,112.71
952.7,13.7,112.71
952.8,13.5,112.71
952.9,13.4,112.71
953.0,13.3,112.71
953.1,13.6,112.71
953.2,25.0,112.71
953.3,25.7,112.71
953.4,13.3,112.71
953.5,26.2,112.71
953.6,13.0,112.71
953.7,12.5,112.71
953.8,13.5,112.71
953.9,13.5,112.71
954.0,12.6,112.71
954.1,13.4,112.71
954.2,13.4,112.71
954.3,24.5,112.71
954.4,13.1,112.71
954.5,26.2,112.71
954.6,13.3,112.71
954.7,25.2,112.71
954.8,13.3,112.71
954.9,13.3,112.71
955.0,26.4,112.71
955.1,0.0,112.71
955.2,13.3,112.71
955.3,13.3,112.71
955.4,13.2,112.71
955.5,13.3,112.71
955.6,13.5,112.71
955.7,25.1,112.71
955.8,13.5,112.71
955.9,13.2,112.71
956.0,13.7,112.71
956.1,13.6,112.71
956.2,13.4,112.71
956.3,13.3,112.71
956.4,12.7,112.71
956.5,13.4,112.71
956.6,13.3,112.71
956.7,13.4,112.71
956.8,12.4,112.71
956.9,12.8,112.71
957.0,13.5,112.71
957.1,26.7,112.71
957.2,12.3,112.71
957.3,13.5,112.71
957.4,12.9,112.71
957.5,13.3,112.71
957.6,13.4,112.71
957.7,13.6,112.71
957.8,13.4,112.71
957.9,13.4,112.71
958.0,25.5,112.71
958.1,12.8,112.71
958.2,13.2,112.71
958.3,13.5,112.71
958.4,13.5,112.71
958.5,13.3,112.71
958.6,13.2,112.71
958.7,13.2,112.71
958.8,13.4,112.71
958.9,0.0,112.71
959.0,13.1,112.71
959.1,0.0,112.71
959.2,13.4,112.71
959.3,13.4,112.71
959.4,13.3,112.71
959.5,12.9,112.71
959.6,13.7,112.71
959.7,13.4,112.71
959.8,13.3,112.71
959.9,13.1,112.71
960.0,0.0,112.71
960.1,13.4,112.71
960.2,13.6,112.71
960.3,13.1,112.71
960.4,13.5,112.71
960.5,12.7,112.71
960.6,0.0,112.71
960.7,13.3,112.71
960.8,13.1,112.71
960.9,13.6,112.71
961.0,13.5,112.71
961.1,13.0,112.71
961.2,25.0,112.71
961.3,13.4,112.71
961.4,13.3,112.71
961.5,25.4,112.71
961.6,13.7,112.71
961.7,13.5,112.71
961.8,13.3,112.71
961.9,13.7,112.71
962.0,12.9,112.71
962.1,25.1,112.71
962.2,13.4,112.71
962.3,13.2,112.71
962.4,0.0,112.71
962.5,13.9,112.71
962.6,27.3,112.71
962.7,13.7,112.71
962.8,12.2,112.71
962.9,13.2,112.71
963.0,25.8,112.71
963.1,13.5,112.71
963.2,0.0,112.71
963.3,24.7,112.71
963.4,13.3,112.71
963.5,13.2,112.71
963.6,13.1,112.71
963.7,13.4,112.71
963.8,25.2,112.71
963.9,14.0,112.71
964.0,13.9,112.71
964.1,26.6,112.71
964.2,13.3,112.71
964.3,0.0,112.71
964.4,13.3,112.71
964.5,13.3,112.71
964.6,0.0,112.71
964.7,26.2,112.71
964.8,25.2,112.71
964.9,12.7,112.71
965.0,13.3,112.71
965.1,24.5,112.71
965.2,0.0,112.71
965.3,13.3,112.71
965.4,13.9,112.71
965.5,0.0,112.71
965.6,13.4,112.71
965.7,24.5,112.71
965.8,12.3,112.71
965.9,13.4,112.71
966.0,14.1,112.71
966.1,13.5,112.71
966.2,0.0,112.71
966.3,13.1,112.71
966.4,26.3,112.71
966.5,25.2,112.71
966.6,14.2,112.71
966.7,13.0,112.71
966.8,13.5,112.71
966.9,13.9,112.71
967.0,0.0,112.71
967.1,12.9,112.71
967.2,0.0,112.71
967.3,24.2,112.71
967.4,24.8,112.71
967.5,13.4,112.71
967.6,13.4,112.71
967.7,13.4,112.71
967.8,12.8,112.71
967.9,14.7,112.71
968.0,24.9,112.71
968.1,13.2,112.71
968.2,13.2,112.71
968.3,13.5,112.71
968.4,13.9,112.71
968.5,14.2,112.71
968.6,12.3,112.71
968.7,14.6,112.71
968.8,13.7,112.71
968.9,13.4,112.71
969.0,13.4,112.71
969.1,25.5,112.71
969.2,13.6,112.71
969.3,0.0,112.71
969.4,12.9,112.71
969.5,12.4,112.71
969.6,13.2,112.71
969.7,25.5,112.71
969.8,14.3,112.71
969.9,13.1,112.71
970.0,12.8,112.71
970.1,26.0,112.71
970.2,13.3,112.71
970.3,13.1,112.71
970.4,13.2,112.71
970.5,13.4,112.71
970.6,13.6,112.71
970.7,13.4,112.71
970.8,25.5,112.71
970.9,24.9,112.71
971.0,13.6,112.71
971.1,13.6,112.71
971.2,13.1,112.71
971.3,13.4,112.71
971.4,13.5,112.71
971.5,13.3,112.71
971.6,13.2,112.71
971.7,13.2,112.71
971.8,13.5,112.71
971.9,13.4,112.71
972.0,12.9,112.71
972.1,13.6,112.71
972.2,13.4,112.71
972.3,25.9,112.71
972.4,13.4,112.71
972.5,13.9,112.71
972.6,13.3,112.71
972.7,13.3,112.71
972.8,13.8,112.71
972.9,13.6,112.71
973.0,13.6,112.71
973.1,13.4,112.71
973.2,13.1,112.71
973.3,13.0,112.71
973.4,13.9,112.71
973.5,13.4,112.71
973.6,12.9,112.71
973.7,13.4,112.71
973.8,13.3,112.71
973.9,13.3,112.71
974.0,13.5,112.71
974.1,13.5,112.71
974.2,25.0,112.71
974.3,13.4,112.71
974.4,13.3,112.71
974.5,14.2,112.71
974.6,13.4,112.71
974.7,12.8,112.71
974.8,24.9,112.71
974.9,13.1,112.71
975.0,0.0,112.71
975.1,25.8,112.71
975.2,13.6,112.71
975.3,12.4,112.71
975.4,13.3,112.71
975.5,25.3,112.71
975.6,13.5,112.71
975.7,13.4,112.71
975.8,13.6,112.71
975.9,13.3,112.71
976.0,13.4,112.71
976.1,13.4,112.71
976.2,13.3,112.71
976.3,13.4,112.71
976.4,13.3,112.71
976.5,13.4,112.71
976.6,13.4,112.71
976.7,13.6,112.71
976.8,12.4,112.71
976.9,12.5,112.71
977.0,13.6,112.71
977.1,13.0,112.71
977.2,12.5,112.71
977.3,13.5,112.71
977.4,13.3,112.71
977.5,13.0,112.71
977.6,13.4,112.71
977.7,24.4,112.71
977.8,13.4,112.71
977.9,38.8,112.71
978.0,13.3,112.71
978.1,13.2,112.71
978.2,25.2,112.71
978.3,11.7,112.71
978.4,13.4,112.71
978.5,13.4,112.71
978.6,12.3,112.71
978.7,12.9,112.71
978.8,13.3,112.71
978.9,13.3,112.71
979.0,12.4,112.71
979.1,13.3,112.71
979.2,26.8,112.71
979.3,12.7,112.71
979.4,13.1,112.71
979.5,13.2,112.71
979.6,0.0,112.71
979.7,22.8,112.71
979.8,11.6,112.71
979.9,13.3,112.71
980.0,13.7,112.71
980.1,13.6,112.71
980.2,13.9,112.71
980.3,24.9,112.71
980.4,14.8,112.71
980.5,13.8,112.71
980.6,13.2,112.71
980.7,13.2,112.71
980.8,12.4,112.71
980.9,0.0,112.71
981.0,13.0,112.71
981.1,0.0,112.71
981.2,24.2,112.71
981.3,24.6,112.71
981.4,24.5,112.71
981.5,13.3,112.71
981.6,13.5,112.71
981.7,24.9,112.71
981.8,13.5,112.71
981.9,13.3,112.71
982.0,13.1,112.71
982.1,13.4,112.71
982.2,13.1,112.71
982.3,12.9,112.71
982.4,13.6,112.71
982.5,13.3,112.71
982.6,12.7,112.71
982.7,13.4,112.71
982.8,13.1,112.71
982.9,13.1,112.71
983.0,13.8,112.71
983.1,13.2,112.71
983.2,13.0,112.71
983.3,13.5,112.71
983.4,0.0,112.71
983.5,12.5,112.71
983.6,14.0,112.71
983.7,12.9,112.71
983.8,14.0,112.71
983.9,12.7,112.71
984.0,13.3,112.71
984.1,13.4,112.71
984.2,25.9,112.71
984.3,25.5,112.71
984.4,13.1,112.71
984.5,0.0,112.71
984.6,12.6,112.71
984.7,13.3,112.71
984.8,13.9,112.71
984.9,0.0,112.71
985.0,13.6,112.71
985.1,25.3,112.71
985.2,25.1,112.71
985.3,13.4,112.71
985.4,12.9,112.71
985.5,13.7,112.71
985.6,13.2,112.71
985.7,13.4,112.71
985.8,12.7,112.71
985.9,13.3,112.71
986.0,13.2,112.71
986.1,13.8,112.71
986.2,0.0,112.71
986.3,13.4,112.71
986.4,13.6,112.71
986.5,12.9,112.71
986.6,26.5,112.71
986.7,13.5,112.71
986.8,13.3,112.71
986.9,13.3,112.71
987.0,14.0,112.71
987.1,0.0,112.71
987.2,13.3,112.71
987.3,26.3,112.71
987.4,12.7,112.71
987.5,13.5,112.71
987.6,13.7,112.71
987.7,12.4,112.71
987.8,13.0,112.71
987.9,13.2,112.71
988.0,13.2,112.71
988.1,13.5,112.71
988.2,12.7,112.71
988.3,13.3,112.71
988.4,25.3,112.71
988.5,13.3,112.71
988.6,0.0,112.71
988.7,12.8,112.71
988.8,13.9,112.71
988.9,13.3,112.71
989.0,13.4,112.71
989.1,13.4,112.71
989.2,26.2,112.71
989.3,13.3,112.71
989.4,12.3,112.71
989.5,12.3,112.71
989.6,13.5,112.71
989.7,24.6,112.71
989.8,14.6,112.71
989.9,27.2,112.71
990.0,13.3,112.71
990.1,13.5,112.71
990.2,13.9,112.71
990.3,12.6,112.71
990.4,13.3,112.71
990.5,13.7,112.71
990.6,13.6,112.71
990.7,13.4,112.71
990.8,13.6,112.71
990.9,26.7,112.71
991.0,13.4,112.71
991.1,25.6,112.71
991.2,13.4,112.71
991.3,13.6,112.71
991.4,14.4,112.71
991.5,0.0,112.71
991.6,13.8,112.71
991.7,14.0,112.71
991.8,13.8,112.71
991.9,14.5,112.71
992.0,13.8,112.71
992.1,0.0,112.71
992.2,28.8,112.71
992.3,14.4,112.71
992.4,14.6,112.71
992.5,14.1,112.71
992.6,0.0,112.71
992.7,14.0,112.71
992.8,0.0,112.71
992.9,13.7,112.71
993.0,14.4,112.71
993.1,13.9,112.71
993.2,13.9,112.71
993.3,13.9,112.71
993.4,0.0,112.71
993.5,0.0,112.71
993.6,0.0,112.71
993.7,13.9,112.71
993.8,14.1,112.71
993.9,13.8,112.71
994.0,13.8,112.71
994.1,0.0,112.71
994.2,0.0,112.71
994.3,13.6,112.71
994.4,0.0,112.71
994.5,13.5,112.71
994.6,0.0,112.71
994.7,13.6,112.71
994.8,13.5,112.71
994.9,13.6,112.71
995.0,0.0,112.71
995.1,0.0,112.71
995.2,13.7,112.71
995.3,13.7,112.71
995.4,13.4,112.71
995.5,13.4,112.71
995.6,13.6,112.71
995.7,13.5,112.71
995.8,13.5,112.71
995.9,14.1,112.71
996.0,13.4,112.71
996.1,13.6,112.71
996.2,13.5,112.71
996.3,13.6,112.71
996.4,13.7,112.71
996.5,26.8,112.71
996.6,13.7,112.71
996.7,13.5,112.71
996.8,13.6,112.71
996.9,13.6,112.71
997.0,13.5,112.71
997.1,13.6,112.71
997.2,13.6,112.71
997.3,0.0,112.71
997.4,13.5,112.71
997.5,13.6,112.71
997.6,13.7,112.71
997.7,14.2,112.71
997.8,13.6,112.71
997.9,13.6,112.71
998.0,13.6,112.71
998.1,13.5,112.71
998.2,0.0,112.71
998.3,13.5,112.71
998.4,13.6,112.71
998.5,26.9,112.71
998.6,13.8,112.71
998.7,13.6,112.71
998.8,13.5,112.71
998.9,13.6,112.71
999.0,26.6,112.71
999.1,13.6,112.71
999.2,13.6,112.71
999.3,13.6,112.71
999.4,13.6,112.71
999.5,13.4,112.71
999.6,0.0,112.71
999.7,13.6,112.71
999.8,0.0,112.71
999.9,13.7,112.71
1000.0,13.6,112.71
1000.1,13.7,112.71
1000.2,13.6,112.71
1000.3,13.6,112.71
1000.4,26.8,112.71
1000.5,13.7,112.71
1000.6,13.5,112.71
1000.7,13.4,112.71
1000.8,13.8,112.71
1000.9,13.6,112.71
1001.0,0.0,112.71
1001.1,13.6,112.71
1001.2,13.5,112.71
1001.3,0.0,112.71
1001.4,13.7,112.71
1001.5,13.6,112.71
1001.6,13.6,112.71
1001.7,13.8,112.71
1001.8,13.7,112.71
1001.9,13.5,112.71
1002.0,13.5,112.71
1002.1,13.7,112.71
1002.2,13.6,112.71
1002.3,13.6,112.71
1002.4,13.6,112.71
1002.5,13.7,112.71
1002.6,13.6,112.71
1002.7,13.6,112.71
1002.8,13.5,112.71
1002.9,13.6,112.71
1003.0,13.7,112.71
1003.1,13.6,112.71
1003.2,13.6,112.71
1003.3,13.7,112.71
1003.4,13.6,112.71
1003.5,13.6,112.71
1003.6,13.5,112.71
1003.7,0.0,112.71
1003.8,13.6,112.71
1003.9,13.5,112.71
1004.0,13.7,112.71
1004.1,14.7,112.71
1004.2,13.5,112.71
1004.3,13.6,112.71
1004.4,13.5,112.71
1004.5,13.7,112.71
1004.6,13.6,112.71
1004.7,13.6,112.71
1004.8,13.5,112.71
1004.9,13.5,112.71
1005.0,13.7,112.71
1005.1,13.7,112.71
1005.2,13.6,112.71
1005.3,13.7,112.71
1005.4,13.4,112.71
1005.5,13.5,112.71
1005.6,13.5,112.71
1005.7,13.7,112.71
1005.8,13.5,112.71
1005.9,13.6,112.71
1006.0,13.6,112.71
1006.1,13.5,112.71
1006.2,13.7,112.71
1006.3,13.7,112.71
1006.4,13.8,112.71
1006.5,13.4,112.71
1006.6,13.5,112.71
1006.7,13.9,112.71
1006.8,13.6,112.71
1006.9,13.8,112.71
1007.0,13.6,112.71
1007.1,13.7,112.71
1007.2,13.8,112.71
1007.3,13.9,112.71
1007.4,13.6,112.71
1007.5,13.6,112.71
1007.6,13.5,112.71
1007.7,13.6,112.71
1007.8,13.6,112.71
1007.9,13.5,112.71
1008.0,13.7,112.71
1008.1,0.0,112.71
1008.2,13.6,112.71
1008.3,13.7,112.71
1008.4,13.7,112.71
1008.5,0.0,112.71
1008.6,13.4,112.71
1008.7,14.1,112.71
1008.8,0.0,112.71
1008.9,13.6,112.71
1009.0,0.0,112.71
1009.1,13.6,112.71
1009.2,13.7,112.71
1009.3,13.5,112.71
1009.4,14.0,112.71
1009.5,13.7,112.71
1009.6,13.6,112.71
1009.7,13.6,112.71
1009.8,13.4,112.71
1009.9,13.5,112.71
1010.0,13.5,112.71
1010.1,13.7,112.71
1010.2,13.5,112.71
1010.3,0.0,112.71
1010.4,13.5,112.71
1010.5,13.7,112.71
1010.6,13.7,112.71
1010.7,13.7,112.71
1010.8,0.0,112.71
1010.9,13.6,112.71
1011.0,13.6,112.71
1011.1,13.5,112.71
1011.2,13.6,112.71
1011.3,13.5,112.71
1011.4,13.8,112.71
1011.5,13.6,112.71
1011.6,0.0,112.71
1011.7,13.6,112.71
1011.8,0.0,112.71
1011.9,13.5,112.71
1012.0,13.8,112.71
1012.1,13.5,112.71
1012.2,14.2,112.71
1012.3,13.8,112.71
1012.4,13.6,112.71
1012.5,0.0,112.71
1012.6,13.7,112.71
1012.7,13.7,112.71
1012.8,13.7,112.71
1012.9,13.5,112.71
1013.0,13.6,112.71
1013.1,13.6,112.71
1013.2,13.7,112.71
1013.3,13.6,112.71
1013.4,13.6,112.71
1013.5,13.6,112.71
1013.6,13.5,112.71
1013.7,13.6,112.71
1013.8,0.0,112.71
1013.9,13.7,112.71
1014.0,13.6,112.71
1014.1,0.0,112.71
1014.2,13.5,112.71
1014.3,14.3,112.71
1014.4,13.7,112.71
1014.5,13.6,112.71
1014.6,13.5,112.71
1014.7,0.0,112.71
1014.8,13.6,112.71
1014.9,14.7,112.71
1015.0,13.6,112.71
1015.1,0.0,112.71
1015.2,13.6,112.71
1015.3,13.6,112.71
1015.4,13.6,112.71
1015.5,13.5,112.71
1015.6,13.6,112.71
1015.7,13.7,112.71
1015.8,13.5,112.71
1015.9,13.8,112.71
1016.0,13.6,112.71
1016.1,13.4,112.71
1016.2,13.6,112.71
1016.3,13.6,112.71
1016.4,13.6,112.71
1016.5,13.6,112.71
1016.6,13.6,112.71
1016.7,13.6,112.71
1016.8,13.6,112.71
1016.9,13.6,112.71
1017.0,13.7,112.71
1017.1,13.7,112.71
1017.2,13.7,112.71
1017.3,13.5,112.71
1017.4,13.7,112.71
1017.5,13.2,112.71
1017.6,13.4,112.71
1017.7,13.6,112.71
1017.8,13.7,112.71
1017.9,13.5,112.71
1018.0,13.8,112.71
1018.1,13.5,112.71
1018.2,13.5,112.71
1018.3,13.6,112.71
1018.4,13.5,112.71
1018.5,13.7,112.71
1018.6,0.0,112.71
1018.7,13.7,112.71
1018.8,13.7,112.71
1018.9,13.8,112.71
1019.0,0.0,112.71
1019.1,0.0,112.71
1019.2,13.9,112.71
1019.3,13.5,112.71
1019.4,13.6,112.71
1019.5,13.7,112.71
1019.6,13.8,112.71
1019.7,13.3,112.71
1019.8,13.6,112.71
1019.9,13.6,112.71
1020.0,13.5,112.71
1020.1,13.4,112.71
1020.2,13.5,112.71
1020.3,13.6,112.71
1020.4,13.7,112.71
1020.5,0.0,112.71
1020.6,13.7,112.71
1020.7,13.6,112.71
1020.8,13.5,112.71
1020.9,13.6,112.71
1021.0,0.0,112.71
1021.1,0.0,112.71
1021.2,13.7,112.71
1021.3,13.7,112.71
1021.4,13.6,112.71
1021.5,13.5,112.71
1021.6,13.7,112.71
1021.7,0.0,112.71
1021.8,13.6,112.71
1021.9,13.6,112.71
1022.0,13.5,112.71
1022.1,13.7,112.71
1022.2,13.7,112.71
1022.3,0.0,112.71
1022.4,0.0,112.71
1022.5,13.4,112.71
1022.6,13.5,112.71
1022.7,13.5,112.71
1022.8,14.4,112.71
1022.9,13.5,112.71
1023.0,13.7,112.71
1023.1,13.7,112.71
1023.2,13.6,112.71
1023.3,13.8,112.71
1023.4,0.0,112.71
1023.5,13.7,112.71
1023.6,13.6,112.71
1023.7,13.7,112.71
1023.8,13.6,112.71
1023.9,13.6,112.71
1024.0,13.6,112.71
1024.1,13.6,112.71
1024.2,13.6,112.71
1024.3,13.5,112.71
1024.4,13.7,112.71
1024.5,13.6,112.71
1024.6,14.1,112.71
1024.7,0.0,112.71
1024.8,0.0,112.71
1024.9,13.7,112.71
1025.0,13.6,112.71
1025.1,13.5,112.71
1025.2,13.7,112.71
1025.3,13.6,112.71
1025.4,13.7,112.71
1025.5,13.4,112.71
1025.6,13.8,112.71
1025.7,13.6,112.71
1025.8,0.0,112.71
1025.9,13.5,112.71
1026.0,13.6,112.71
1026.1,13.7,112.71
1026.2,0.0,112.71
1026.3,13.6,112.71
1026.4,13.6,112.71
1026.5,13.6,112.71
1026.6,13.7,112.71
1026.7,13.8,112.71
1026.8,13.6,112.71
1026.9,13.3,112.71
1027.0,13.6,112.71
1027.1,13.6,112.71
1027.2,13.5,112.71
1027.3,13.5,112.71
1027.4,13.7,112.71
1027.5,13.7,112.71
1027.6,13.6,112.71
1027.7,13.8,112.71
1027.8,0.0,112.71
1027.9,13.6,112.71
1028.0,13.6,112.71
1028.1,13.6,112.71
1028.2,13.6,112.71
1028.3,13.7,112.71
1028.4,13.7,112.71
1028.5,13.7,112.71
1028.6,13.7,112.71
1028.7,0.0,112.71
1028.8,13.6,112.71
1028.9,13.7,112.71
1029.0,26.9,112.71
1029.1,13.3,112.71
1029.2,13.6,112.71
1029.3,13.6,112.71
1029.4,13.5,112.71
1029.5,0.0,112.71
1029.6,13.6,112.71
1029.7,13.5,112.71
1029.8,13.5,112.71
1029.9,14.4,112.71
1030.0,13.8,112.71
1030.1,13.6,112.71
1030.2,13.7,112.71
1030.3,13.6,112.71
1030.4,13.6,112.71
1030.5,13.6,112.71
1030.6,13.7,112.71
1030.7,13.6,112.71
1030.8,0.0,112.71
1030.9,13.8,112.71
1031.0,13.6,112.71
1031.1,13.5,112.71
1031.2,13.7,112.71
1031.3,13.5,112.71
1031.4,13.6,112.71
1031.5,13.6,112.71
1031.6,13.7,112.71
1031.7,0.0,112.71
1031.8,13.7,112.71
1031.9,13.6,112.71
1032.0,13.6,112.71
1032.1,13.7,112.71
1032.2,13.7,112.71
1032.3,0.0,112.71
1032.4,0.0,112.71
1032.5,13.8,112.71
1032.6,0.0,112.71
1032.7,13.5,112.71
1032.8,13.5,112.71
1032.9,13.5,112.71
1033.0,13.6,112.71
1033.1,13.6,112.71
1033.2,13.5,112.71
1033.3,13.6,112.71
1033.4,13.7,112.71
1033.5,13.7,112.71
1033.6,13.7,112.71
1033.7,13.6,112.71
1033.8,13.6,112.71
1033.9,13.6,112.71
1034.0,13.8,112.71
1034.1,0.0,112.71
1034.2,13.6,112.71
1034.3,0.0,112.71
1034.4,0.0,112.72
1034.5,13.5,112.72
1034.6,13.7,112.72
1034.7,0.0,112.72
1034.8,13.7,112.72
1034.9,13.5,112.72
1035.0,13.7,112.72
1035.1,13.5,112.72
1035.2,13.6,112.72
1035.3,13.6,112.72
1035.4,0.0,112.72
1035.5,13.5,112.72
1035.6,13.7,112.72
1035.7,13.7,112.72
1035.8,13.9,112.72
1035.9,0.0,112.72
1036.0,13.6,112.72
1036.1,13.6,112.72
1036.2,0.0,112.72
1036.3,13.5,112.72
1036.4,13.6,112.72
1036.5,27.1,112.72
1036.6,0.0,112.72
1036.7,13.6,112.72
1036.8,13.5,112.72
1036.9,13.5,112.72
1037.0,0.0,112.72
1037.1,13.6,112.72
1037.2,27.4,112.72
1037.3,0.0,112.72
1037.4,13.6,112.72
1037.5,13.6,112.72
1037.6,13.6,112.72
1037.7,13.7,112.72
1037.8,13.6,112.72
1037.9,13.6,112.72
1038.0,13.5,112.72
1038.1,13.6,112.72
1038.2,13.7,112.72
1038.3,13.7,112.72
1038.4,13.5,112.72
1038.5,13.6,112.72
1038.6,14.5,112.72
1038.7,13.4,112.72
1038.8,13.6,112.72
1038.9,13.7,112.72
1039.0,14.0,112.72
1039.1,13.6,112.72
1039.2,13.6,112.72
1039.3,0.0,112.72
1039.4,13.6,112.72
1039.5,0.0,112.72
1039.6,13.7,112.72
1039.7,13.5,112.72
1039.8,0.0,112.72
1039.9,13.6,112.72
1040.0,13.5,112.72
1040.1,13.7,112.72
1040.2,0.0,112.72
1040.3,13.6,112.72
1040.4,13.4,112.72
1040.5,13.8,112.72
1040.6,13.7,112.72
1040.7,0.0,112.72
1040.8,13.6,112.72
1040.9,13.6,112.72
1041.0,13.6,112.72
1041.1,13.5,112.72
1041.2,13.8,112.72
1041.3,13.7,112.72
1041.4,13.7,112.72
1041.5,13.6,112.72
1041.6,13.7,112.72
1041.7,13.7,112.72
1041.8,13.6,112.72
1041.9,13.5,112.72
1042.0,13.7,112.72
1042.1,13.7,112.72
1042.2,0.0,112.72
1042.3,13.5,112.72
1042.4,13.7,112.72
1042.5,13.6,112.72
1042.6,0.0,112.72
1042.7,13.6,112.72
1042.8,13.5,112.72
1042.9,13.6,112.72
1043.0,13.6,112.72
1043.1,13.7,112.72
1043.2,0.0,112.72
1043.3,13.6,112.72
1043.4,13.7,112.72
1043.5,0.0,112.72
1043.6,13.6,112.72
1043.7,0.0,112.72
1043.8,0.0,112.72
1043.9,13.5,112.72
1044.0,13.5,112.72
1044.1,13.8,112.72
1044.2,13.5,112.72
1044.3,13.7,112.72
1044.4,0.0,112.72
1044.5,14.5,112.72
1044.6,13.8,112.72
1044.7,0.0,112.72
1044.8,0.0,112.72
1044.9,13.9,112.72
1045.0,13.7,112.72
1045.1,13.8,112.72
1045.2,13.9,112.72
1045.3,14.3,112.72
1045.4,13.8,112.72
1045.5,0.0,112.72
1045.6,0.0,112.72
1045.7,13.6,112.72
1045.8,14.1,112.72
1045.9,13.7,112.72
1046.0,0.0,112.72
1046.1,0.0,112.72
1046.2,0.0,112.72
1046.3,0.0,112.72
1046.4,13.7,112.72
1046.5,14.2,112.72
1046.6,14.6,112.72
1046.7,13.8,112.72
1046.8,14.0,112.72
1046.9,13.5,112.72
1047.0,13.6,112.72
1047.1,13.6,112.72
1047.2,13.7,112.73
1047.3,13.8,112.73
1047.4,13.8,112.73
1047.5,13.5,112.73
1047.6,13.7,112.73
1047.7,0.0,112.73
1047.8,13.6,112.73
1047.9,13.5,112.73
1048.0,13.7,112.73
1048.1,13.8,112.73
1048.2,13.5,112.73
1048.3,13.5,112.73
1048.4,13.6,112.73
1048.5,13.4,112.73
1048.6,13.6,112.73
1048.7,0.0,112.73
1048.8,13.6,112.73
1048.9,14.8,112.73
1049.0,13.6,112.73
1049.1,13.4,112.73
1049.2,13.8,112.73
1049.3,13.4,112.73
1049.4,26.8,112.73
1049.5,13.4,112.73
1049.6,13.4,112.73
1049.7,13.5,112.73
1049.8,13.6,112.73
1049.9,13.8,112.73
1050.0,13.5,112.73
1050.1,13.7,112.73
1050.2,13.6,112.73
1050.3,13.8,112.73
1050.4,13.6,112.73
1050.5,13.6,112.73
1050.6,13.8,112.73
1050.7,13.6,112.73
1050.8,0.0,112.73
1050.9,13.7,112.73
1051.0,13.5,112.73
1051.1,13.7,112.73
1051.2,13.4,112.73
1051.3,13.5,112.73
1051.4,13.6,112.73
1051.5,13.6,112.73
1051.6,0.0,112.73
1051.7,13.6,112.73
1051.8,13.7,112.73
1051.9,0.0,112.73
1052.0,13.6,112.73
1052.1,13.4,112.73
1052.2,13.6,112.73
1052.3,13.6,112.73
1052.4,13.6,112.73
1052.5,13.6,112.73
1052.6,13.7,112.73
1052.7,13.7,112.73
1052.8,13.7,112.73
1052.9,13.6,112.73
1053.0,13.6,112.73
1053.1,13.6,112.73
1053.2,13.7,112.73
1053.3,26.8,112.73
1053.4,13.5,112.73
1053.5,14.0,112.73
1053.6,13.6,112.73
1053.7,13.6,112.73
1053.8,0.0,112.73
1053.9,0.0,112.73
1054.0,13.7,112.73
1054.1,13.6,112.73
1054.2,0.0,112.73
1054.3,13.7,112.73
1054.4,13.7,112.73
1054.5,13.6,112.73
1054.6,13.6,112.73
1054.7,13.6,112.73
1054.8,0.0,112.73
1054.9,13.6,112.73
1055.0,13.5,112.73
1055.1,13.4,112.73
1055.2,13.5,112.73
1055.3,13.7,112.73
1055.4,13.6,112.73
1055.5,13.6,112.73
1055.6,13.5,112.73
1055.7,13.7,112.73
1055.8,13.7,112.73
1055.9,13.6,112.73
1056.0,13.7,112.73
1056.1,13.6,112.73
1056.2,13.5,112.73
1056.3,13.6,112.73
1056.4,0.0,112.73
1056.5,0.0,112.73
1056.6,13.7,112.73
1056.7,13.7,112.73
1056.8,13.7,112.73
1056.9,27.1,113.05
1057.0,111.9,113.09
1057.1,44.1,113.09
1057.2,13.7,113.1
1057.3,0.0,113.1
1057.4,0.0,113.1
1057.5,0.0,113.1
1057.6,13.6,113.1
1057.7,13.6,113.1
1057.8,13.7,113.1
1057.9,13.5,113.1
1058.0,13.7,113.1
1058.1,13.8,113.1
1058.2,13.4,113.1
1058.3,13.6,113.1
1058.4,13.6,113.1
1058.5,13.6,113.11
1058.6,14.6,113.11
1058.7,0.0,113.11
1058.8,13.9,113.11
1058.9,0.0,113.11
1059.0,13.5,113.11
1059.1,13.7,113.11
1059.2,13.4,113.11
1059.3,13.5,113.11
1059.4,13.4,113.11
1059.5,13.5,113.11
1059.6,14.8,113.11
1059.7,13.7,113.11
1059.8,13.8,113.11
1059.9,13.5,113.11
1060.0,13.5,113.11
1060.1,13.6,113.11
1060.2,13.9,113.11
1060.3,13.7,113.11
1060.4,13.6,113.11
1060.5,13.6,113.11
1060.6,13.6,113.11
1060.7,13.6,113.11
1060.8,81.2,113.11
1060.9,73.9,113.42
1061.0,27.9,113.44
1061.1,13.6,113.44
1061.2,0.0,113.44
1061.3,13.9,113.44
1061.4,13.6,113.44
1061.5,13.7,113.44
1061.6,13.6,113.44
1061.7,13.6,113.44
1061.8,13.7,113.44
1061.9,13.4,113.44
1062.0,13.5,113.44
1062.1,0.0,113.44
1062.2,13.6,113.44
1062.3,13.5,113.44
1062.4,0.0,113.44
1062.5,13.7,113.44
1062.6,13.6,113.44
1062.7,13.7,113.44
1062.8,13.8,113.44
1062.9,13.7,113.44
1063.0,13.6,113.44
1063.1,13.7,113.44
1063.2,13.5,113.44
1063.3,13.7,113.44
1063.4,13.4,113.44
1063.5,13.6,113.44
1063.6,13.5,113.44
1063.7,13.8,113.44
1063.8,13.6,113.44
1063.9,13.5,113.44
1064.0,13.6,113.44
1064.1,0.0,113.61
1064.2,13.5,113.61
1064.3,0.0,113.61
1064.4,13.7,113.61
1064.5,13.6,113.61
1064.6,0.0,113.61
1064.7,0.0,113.61
1064.8,13.7,113.61
1064.9,13.6,113.61
1065.0,13.9,113.61
1065.1,0.0,113.61
1065.2,13.6,113.61
1065.3,13.7,113.62
1065.4,13.5,113.62
1065.5,0.0,113.62
1065.6,13.7,113.62
1065.7,13.6,113.62
1065.8,13.6,113.62
1065.9,13.6,113.62
1066.0,13.8,113.62
1066.1,41.0,113.64
1066.2,101.2,113.82
1066.3,29.4,113.91
1066.4,13.8,114.0
1066.5,13.6,114.01
1066.6,13.5,114.02
1066.7,13.7,114.02
1066.8,13.7,114.02
1066.9,0.0,114.02
1067.0,0.0,114.02
1067.1,13.7,114.02
1067.2,0.0,114.02
1067.3,13.7,114.02
1067.4,0.0,114.02
1067.5,13.6,114.02
1067.6,0.0,114.04
1067.7,40.9,114.05
1067.8,86.0,114.8
1067.9,29.3,114.86
1068.0,27.0,114.88
1068.1,13.8,114.88
1068.2,13.5,114.88
1068.3,0.0,114.88
1068.4,13.7,114.88
1068.5,13.6,114.88
1068.6,0.0,114.88
1068.7,13.7,114.88
1068.8,13.6,114.88
1068.9,0.0,114.88
1069.0,13.5,114.88
1069.1,13.6,114.88
1069.2,0.0,114.88
1069.3,13.7,114.88
1069.4,13.6,114.88
1069.5,0.0,114.88
1069.6,13.6,114.88
1069.7,40.4,116.29
1069.8,14.8,116.29
1069.9,13.8,116.29
1070.0,13.7,116.29
1070.1,13.7,116.29
1070.2,13.6,116.29
1070.3,13.6,116.29
1070.4,13.7,116.29
1070.5,13.6,116.29
1070.6,13.6,116.29
1070.7,0.0,116.29
1070.8,14.0,116.29
1070.9,13.7,116.29
1071.0,13.7,116.29
1071.1,13.6,116.29
1071.2,13.9,116.3
1071.3,13.6,116.3
1071.4,0.0,116.3
1071.5,13.7,116.3
1071.6,13.8,116.3
1071.7,14.7,116.3
1071.8,13.6,116.3
1071.9,13.8,116.3
1072.0,13.5,116.3
1072.1,13.6,116.3
1072.2,13.8,116.3
1072.3,13.7,116.3
1072.4,13.6,116.3
1072.5,13.6,116.3
1072.6,13.7,116.3
1072.7,13.6,116.3
1072.8,13.7,116.3
1072.9,0.0,116.3
1073.0,13.6,116.31
1073.1,27.2,116.31
1073.2,13.5,116.31
1073.3,13.7,116.32
1073.4,13.7,116.32
1073.5,0.0,116.32
1073.6,13.7,116.32
1073.7,14.7,116.32
1073.8,14.4,116.32
1073.9,13.9,116.32
1074.0,14.0,116.32
1074.1,13.9,116.32
1074.2,14.0,116.32
1074.3,0.0,116.32
1074.4,0.0,116.32
1074.5,14.6,116.32
1074.6,13.9,116.32
1074.7,13.7,116.32
1074.8,13.9,116.32
1074.9,14.3,116.32
1075.0,13.9,116.32
1075.1,13.9,116.32
1075.2,14.1,116.32
1075.3,13.9,116.32
1075.4,0.0,116.32
1075.5,14.0,116.32
1075.6,0.0,116.32
1075.7,13.6,116.32
1075.8,13.7,116.32
1075.9,13.6,116.32
1076.0,13.6,116.32
1076.1,13.5,116.32
1076.2,13.7,116.32
1076.3,13.6,116.32
1076.4,27.0,116.32
1076.5,13.7,116.32
1076.6,13.4,116.32
1076.7,0.0,116.32
1076.8,13.7,116.32
1076.9,13.8,116.32
1077.0,13.6,116.32
1077.1,13.6,116.32
1077.2,13.6,116.32
1077.3,0.0,116.32
1077.4,13.7,116.32
1077.5,0.0,116.32
1077.6,13.5,116.32
1077.7,13.6,116.33
1077.8,13.7,116.33
1077.9,0.0,116.33
1078.0,13.6,116.33
1078.1,13.8,116.33
1078.2,13.4,116.33
1078.3,13.6,116.33
1078.4,13.7,116.33
1078.5,0.0,116.33
1078.6,0.0,116.33
1078.7,13.8,116.33
1078.8,13.8,116.33
1078.9,13.6,116.33
1079.0,13.6,116.33
1079.1,13.4,116.33
1079.2,13.6,144.38
1079.3,44.3,155.75
1079.4,102.9,177.93
1079.5,103.5,190.88
1079.6,0.0,116.93
1079.7,14.7,116.93
1079.8,13.6,116.93
1079.9,13.7,116.93
1080.0,13.7,116.93
1080.1,13.6,116.93
1080.2,14.6,116.93
1080.3,13.8,116.93
1080.4,0.0,116.93
1080.5,13.7,116.93
1080.6,13.6,116.93
1080.7,13.6,116.93
1080.8,13.6,116.93
1080.9,13.7,116.93
1081.0,13.6,116.93
1081.1,13.5,116.93
1081.2,13.6,116.93
1081.3,13.8,116.93
1081.4,13.6,116.93
1081.5,13.6,116.93
1081.6,13.6,116.93
1081.7,0.0,116.93
1081.8,13.6,116.93
1081.9,13.5,116.93
1082.0,13.6,116.93
1082.1,0.0,116.93
1082.2,13.7,116.93
1082.3,13.7,116.93
1082.4,13.7,116.93
1082.5,13.6,116.93
1082.6,13.6,116.93
1082.7,13.5,116.93
1082.8,13.6,116.93
1082.9,13.7,116.93
1083.0,0.0,116.93
1083.1,13.5,116.93
1083.2,13.7,116.93
1083.3,13.6,116.93
1083.4,13.4,116.93
1083.5,13.7,116.93
1083.6,13.6,116.93
1083.7,13.7,116.93
1083.8,13.5,116.93
1083.9,13.5,116.93
1084.0,13.6,116.93
1084.1,0.0,116.93
1084.2,13.6,116.93
1084.3,13.5,116.93
1084.4,13.9,116.93
1084.5,13.5,116.93
1084.6,13.7,116.93
1084.7,13.7,116.93
1084.8,13.5,116.93
1084.9,13.7,116.93
1085.0,13.6,116.93
1085.1,13.8,116.93
1085.2,13.7,116.93
1085.3,13.6,116.93
1085.4,13.6,116.93
1085.5,13.5,116.93
1085.6,13.8,116.93
1085.7,0.0,116.93
1085.8,13.5,116.93
1085.9,14.2,116.93
1086.0,13.7,116.93
1086.1,13.5,116.93
1086.2,13.5,116.93
1086.3,13.5,116.93
1086.4,13.5,116.93
1086.5,13.7,116.93
1086.6,13.6,116.93
1086.7,13.8,116.93
1086.8,13.7,116.93
1086.9,13.6,116.93
1087.0,13.7,116.93
1087.1,13.6,116.93
1087.2,13.5,116.93
1087.3,13.5,116.93
1087.4,13.5,116.93
1087.5,13.7,116.93
1087.6,13.7,116.93
1087.7,13.8,116.93
1087.8,13.6,116.93
1087.9,13.8,116.93
1088.0,13.5,116.93
1088.1,13.5,116.93
1088.2,13.5,116.93
1088.3,13.6,116.93
1088.4,13.6,116.93
1088.5,13.7,116.93
1088.6,13.9,116.93
1088.7,13.5,116.93
1088.8,13.7,116.93
1088.9,13.6,116.93
1089.0,13.5,116.93
1089.1,13.5,116.93
1089.2,13.6,116.93
1089.3,0.0,116.93
1089.4,13.6,116.93
1089.5,29.0,129.08
1089.6,44.3,150.03
1089.7,103.7,171.16
1089.8,88.4,191.2
1089.9,14.5,117.01
1090.0,14.7,117.02
1090.1,13.7,117.02
1090.2,14.8,117.02
1090.3,13.6,117.02
1090.4,13.8,117.02
1090.5,0.0,117.02
1090.6,14.1,117.02
1090.7,0.0,117.02
1090.8,13.8,117.02
1090.9,0.0,117.02
1091.0,13.8,117.02
1091.1,13.7,117.02
1091.2,14.8,117.02
1091.3,14.0,117.02
1091.4,13.8,117.02
1091.5,0.0,117.02
1091.6,13.9,117.02
1091.7,13.9,117.02
1091.8,14.2,117.02
1091.9,14.0,117.02
1092.0,13.9,117.02
1092.1,0.0,117.02
1092.2,13.7,117.02
1092.3,13.7,117.02
1092.4,13.9,117.02
1092.5,13.5,117.02
1092.6,13.6,117.02
1092.7,13.4,117.02
1092.8,13.6,117.02
1092.9,13.7,117.02
1093.0,13.5,117.02
1093.1,0.0,117.02
1093.2,13.7,117.02
1093.3,13.7,117.02
1093.4,13.5,117.02
1093.5,13.8,117.02
1093.6,13.6,117.02
1093.7,13.7,117.02
1093.8,13.7,117.02
1093.9,13.6,117.02
1094.0,13.8,117.02
1094.1,13.6,117.02
1094.2,13.6,117.02
1094.3,13.6,117.02
1094.4,13.7,117.02
1094.5,13.6,117.02
1094.6,13.8,117.02
1094.7,0.0,117.02
1094.8,13.6,117.02
1094.9,13.6,117.02
1095.0,0.0,117.02
1095.1,13.6,117.02
1095.2,13.6,117.02
1095.3,0.0,117.02
1095.4,13.6,117.02
1095.5,13.7,117.02
1095.6,0.0,117.02
1095.7,13.6,117.02
1095.8,13.9,117.02
1095.9,13.7,117.02
1096.0,13.5,117.02
1096.1,13.6,117.02
1096.2,13.6,117.02
1096.3,13.6,117.02
1096.4,13.7,117.02
1096.5,14.6,117.02
1096.6,13.8,117.02
1096.7,0.0,117.02
1096.8,13.7,117.02
1096.9,0.0,117.02
1097.0,0.0,117.02
1097.1,13.6,117.02
1097.2,0.0,117.02
1097.3,13.6,117.02
1097.4,14.4,117.02
1097.5,27.3,117.02
1097.6,14.7,117.02
1097.7,14.1,117.02
1097.8,13.8,117.02
1097.9,0.0,117.02
1098.0,0.0,117.02
1098.1,14.0,117.02
1098.2,13.8,117.02
1098.3,13.6,117.02
1098.4,13.7,117.02
1098.5,0.0,117.02
1098.6,0.0,117.02
1098.7,0.0,117.02
1098.8,0.0,117.02
1098.9,14.0,117.02
1099.0,13.8,117.02
1099.1,14.5,117.02
1099.2,14.0,117.02
1099.3,13.9,117.02
1099.4,13.7,117.02
1099.5,0.0,117.02
1099.6,0.0,117.02
1099.7,13.7,117.02
1099.8,13.7,117.02
1099.9,13.6,117.02
1100.0,0.0,117.02
1100.1,13.6,117.02
1100.2,14.6,117.02
1100.3,13.5,117.02
1100.4,13.8,117.02
1100.5,0.0,117.02
1100.6,13.7,117.02
1100.7,13.6,117.02
1100.8,13.6,117.02
1100.9,13.5,117.02
1101.0,13.6,117.02
1101.1,13.6,117.02
1101.2,13.8,117.02
1101.3,14.0,117.02
1101.4,14.8,117.02
1101.5,14.7,117.02
1101.6,0.0,117.02
1101.7,0.0,117.02
1101.8,14.6,117.02
1101.9,14.5,117.02
1102.0,14.4,117.02
1102.1,14.1,117.02
1102.2,13.9,117.02
1102.3,14.4,117.02
1102.4,14.7,117.02
1102.5,13.7,117.02
1102.6,0.0,117.02
1102.7,0.0,117.02
1102.8,13.6,117.02
1102.9,13.8,117.02
1103.0,0.0,117.02
1103.1,14.5,117.02
1103.2,14.8,117.02
1103.3,0.0,117.02
1103.4,0.0,117.02
1103.5,13.6,117.02
1103.6,13.5,117.02
1103.7,13.8,117.02
1103.8,13.5,117.02
1103.9,13.9,117.02
1104.0,13.8,117.02
1104.1,13.6,117.02
1104.2,13.7,117.02
1104.3,0.0,117.02
1104.4,0.0,117.02
1104.5,13.4,117.02
1104.6,13.5,117.02
1104.7,13.6,117.02
1104.8,13.7,117.02
1104.9,13.7,117.02
1105.0,13.6,117.02
1105.1,13.6,117.02
1105.2,13.7,117.02
1105.3,13.5,117.02
1105.4,13.5,117.02
1105.5,13.6,117.02
1105.6,13.7,117.02
1105.7,13.5,117.02
1105.8,0.0,117.02
1105.9,13.6,117.02
1106.0,13.5,117.02
1106.1,13.6,117.02
1106.2,13.7,117.02
1106.3,13.6,117.02
1106.4,13.6,117.02
1106.5,13.5,117.02
1106.6,13.6,117.02
1106.7,13.6,117.02
1106.8,13.6,117.02
1106.9,13.6,117.02
1107.0,13.6,117.02
1107.1,13.5,117.02
1107.2,0.0,117.02
1107.3,13.5,117.02
1107.4,13.6,117.02
1107.5,13.7,117.02
1107.6,0.0,117.02
1107.7,13.8,117.02
1107.8,0.0,117.02
1107.9,13.6,117.02
1108.0,13.5,117.02
1108.1,13.5,117.02
1108.2,13.6,117.02
1108.3,13.7,117.02
1108.4,13.5,117.02
1108.5,13.7,117.02
1108.6,13.7,117.02
1108.7,13.5,117.02
1108.8,13.6,117.02
1108.9,13.7,117.02
1109.0,0.0,117.02
1109.1,13.7,117.02
1109.2,14.2,117.02
1109.3,13.6,117.02
1109.4,13.6,117.02
1109.5,13.7,117.02
1109.6,13.7,117.02
1109.7,13.7,117.02
1109.8,0.0,117.02
1109.9,13.7,117.02
1110.0,13.5,117.02
1110.1,0.0,117.02
1110.2,13.7,117.02
1110.3,13.7,117.02
1110.4,0.0,117.02
1110.5,13.6,117.02
1110.6,13.7,117.02
1110.7,13.6,117.02
1110.8,13.7,117.02
1110.9,13.8,117.02
1111.0,13.7,117.02
1111.1,13.7,117.02
1111.2,13.6,117.02
1111.3,13.6,117.02
1111.4,0.0,117.02
1111.5,13.6,117.02
1111.6,13.7,117.02
1111.7,13.5,117.02
1111.8,13.8,117.02
1111.9,13.6,117.02
1112.0,13.7,117.02
1112.1,13.7,117.02
1112.2,13.6,117.02
1112.3,13.6,117.02
1112.4,13.6,117.02
1112.5,13.7,117.02
1112.6,13.8,117.02
1112.7,13.5,117.02
1112.8,13.5,117.02
1112.9,13.6,117.02
1113.0,13.6,117.02
1113.1,13.6,117.02
1113.2,0.0,117.02
1113.3,13.5,117.02
1113.4,13.6,117.02
1113.5,13.6,117.02
1113.6,13.6,117.02
1113.7,13.6,117.02
1113.8,13.7,117.02
1113.9,13.6,117.02
1114.0,14.2,117.02
1114.1,13.7,117.02
1114.2,13.6,117.02
1114.3,13.6,117.02
1114.4,0.0,117.02
1114.5,0.0,117.02
1114.6,14.0,117.02
1114.7,0.0,117.02
1114.8,13.7,117.02
1114.9,13.7,117.02
1115.0,13.6,117.02
1115.1,13.6,117.02
1115.2,13.8,117.02
1115.3,13.7,117.02
1115.4,13.6,117.02
1115.5,13.6,117.02
1115.6,13.5,117.02
1115.7,13.7,117.02
1115.8,13.6,117.02
1115.9,13.5,117.02
1116.0,13.6,117.02
1116.1,13.7,117.02
1116.2,13.5,117.02
1116.3,13.7,117.02
1116.4,27.0,117.02
1116.5,0.0,117.02
1116.6,13.8,117.02
1116.7,13.6,117.02
1116.8,0.0,117.02
1116.9,13.7,117.02
1117.0,13.6,117.02
1117.1,13.5,117.02
1117.2,13.7,117.02
1117.3,13.4,117.02
1117.4,0.0,117.02
1117.5,13.5,117.02
1117.6,14.8,117.02
1117.7,13.7,117.02
1117.8,14.8,117.02
1117.9,13.6,117.02
1118.0,0.0,117.02
1118.1,13.5,117.02
1118.2,27.7,117.02
1118.3,0.0,117.02
1118.4,13.6,117.02
1118.5,13.5,117.02
1118.6,0.0,117.02
1118.7,13.6,117.02
1118.8,13.6,117.02
1118.9,13.7,117.02
1119.0,13.7,117.02
1119.1,13.6,117.02
1119.2,13.7,117.02
1119.3,13.7,117.02
1119.4,13.7,117.02
1119.5,13.7,117.02
1119.6,0.0,117.02
1119.7,13.6,117.02
1119.8,13.5,117.02
1119.9,0.0,117.02
1120.0,13.5,117.02
1120.1,13.6,117.02
1120.2,13.6,117.02
1120.3,13.6,117.02
1120.4,13.7,117.02
1120.5,0.0,117.02
1120.6,13.7,117.02
1120.7,13.6,117.02
1120.8,0.0,117.02
1120.9,13.5,117.02
1121.0,13.6,117.02
1121.1,13.7,117.02
1121.2,13.6,117.02
1121.3,13.5,117.02
1121.4,13.7,117.02
1121.5,13.5,117.02
1121.6,13.6,117.02
1121.7,13.6,117.02
1121.8,13.4,117.02
1121.9,13.6,117.02
1122.0,13.6,117.02
1122.1,13.8,117.02
1122.2,0.0,117.02
1122.3,13.7,117.02
1122.4,13.8,117.02
1122.5,13.6,117.02
1122.6,13.6,117.02
1122.7,13.7,117.02
1122.8,13.8,117.02
1122.9,13.5,117.02
1123.0,13.7,117.02
1123.1,13.7,117.02
1123.2,0.0,117.02
1123.3,13.5,117.02
1123.4,13.7,117.02
1123.5,13.6,117.02
1123.6,13.6,117.02
1123.7,13.7,117.02
1123.8,13.6,117.02
1123.9,13.6,117.02
1124.0,13.6,117.02
1124.1,13.6,117.02
1124.2,13.8,117.02
1124.3,13.6,117.02
1124.4,13.5,117.02
1124.5,13.6,117.02
1124.6,13.5,117.02
1124.7,13.6,117.02
1124.8,13.6,117.02
1124.9,13.7,117.03
1125.0,13.6,117.03
1125.1,13.7,117.03
1125.2,13.5,117.03
1125.3,13.6,117.03
1125.4,13.4,117.03
1125.5,13.6,117.03
1125.6,13.5,117.03
1125.7,13.6,117.03
1125.8,14.5,117.03
1125.9,13.6,117.03
1126.0,13.6,117.03
1126.1,13.6,117.03
1126.2,13.7,117.03
1126.3,13.7,117.03
1126.4,13.7,117.03
1126.5,13.6,117.03
1126.6,0.0,117.03
1126.7,13.7,117.03
1126.8,13.6,117.03
1126.9,13.6,117.03
1127.0,0.0,117.03
1127.1,13.5,117.03
1127.2,13.6,117.03
1127.3,13.6,117.03
1127.4,13.6,117.03
1127.5,13.7,117.03
1127.6,0.0,117.03
1127.7,13.6,117.03
1127.8,13.6,117.03
1127.9,13.6,117.03
1128.0,13.7,117.03
1128.1,0.0,117.03
1128.2,0.0,117.03
1128.3,13.5,117.03
1128.4,13.6,117.03
1128.5,13.6,117.03
1128.6,13.6,117.03
1128.7,13.7,117.03
1128.8,13.6,117.03
1128.9,13.6,117.03
1129.0,13.6,117.03
1129.1,13.6,117.03
1129.2,13.6,117.03
1129.3,14.1,117.03
1129.4,13.5,117.03
1129.5,13.7,117.03
1129.6,13.6,117.03
1129.7,0.0,117.03
1129.8,13.7,117.03
1129.9,13.6,117.03
1130.0,13.5,117.03
1130.1,13.8,117.03
1130.2,13.6,117.03
1130.3,14.0,117.03
1130.4,0.0,117.03
1130.5,13.6,117.03
1130.6,13.6,117.03
1130.7,13.5,117.03
1130.8,13.5,117.03
1130.9,13.7,117.03
1131.0,13.7,117.03
1131.1,13.6,117.03
1131.2,13.5,117.03
1131.3,13.6,117.03
1131.4,13.6,117.03
1131.5,13.6,117.03
1131.6,13.6,117.03
1131.7,13.5,117.03
1131.8,0.0,117.03
1131.9,13.7,117.03
1132.0,13.7,117.03
1132.1,0.0,117.03
1132.2,13.5,117.03
1132.3,13.6,117.03
1132.4,13.5,117.03
1132.5,13.7,117.03
1132.6,13.7,117.03
1132.7,0.0,117.03
1132.8,13.6,117.03
1132.9,14.0,117.03
1133.0,13.7,117.03
1133.1,13.6,117.03
1133.2,13.6,117.03
1133.3,14.0,117.03
1133.4,0.0,117.03
1133.5,14.8,117.03
1133.6,13.6,117.03
1133.7,27.2,117.03
1133.8,13.6,117.03
1133.9,13.6,117.03
1134.0,13.5,117.03
1134.1,13.5,117.03
1134.2,13.7,117.03
1134.3,13.8,117.03
1134.4,0.0,117.03
1134.5,13.5,117.03
1134.6,13.6,117.03
1134.7,13.6,117.03
1134.8,13.6,117.03
1134.9,13.5,117.03
1135.0,13.7,117.03
1135.1,13.8,117.03
1135.2,13.7,117.03
1135.3,0.0,117.03
1135.4,13.9,117.03
1135.5,13.5,117.03
1135.6,13.7,117.03
1135.7,13.6,117.03
1135.8,13.8,117.03
1135.9,27.4,117.03
1136.0,0.0,117.03
1136.1,13.7,117.03
1136.2,13.3,117.03
1136.3,13.6,117.03
1136.4,13.7,117.03
1136.5,13.7,117.03
1136.6,13.5,117.03
1136.7,13.8,117.03
1136.8,13.6,117.03
1136.9,0.0,117.03
1137.0,13.6,117.03
1137.1,13.6,117.03
1137.2,13.6,117.03
1137.3,13.6,117.03
1137.4,13.6,117.03
1137.5,13.6,117.03
1137.6,13.8,117.03
1137.7,13.5,117.03
1137.8,13.6,117.03
1137.9,13.6,117.03
1138.0,13.6,117.03
1138.1,13.5,117.03
1138.2,13.5,117.03
1138.3,0.0,117.03
1138.4,13.5,117.03
1138.5,13.6,117.03
1138.6,13.7,117.03
1138.7,13.7,117.03
1138.8,13.6,117.03
1138.9,0.0,117.03
1139.0,13.7,117.03
1139.1,14.3,117.03
1139.2,13.6,117.03
1139.3,13.6,117.03
1139.4,13.7,117.03
1139.5,13.8,117.03
1139.6,13.5,117.03
1139.7,13.5,117.03
1139.8,14.7,117.03
1139.9,13.7,117.03
1140.0,27.3,117.03
1140.1,13.6,117.03
1140.2,13.6,117.03
1140.3,13.6,117.03
1140.4,13.6,117.03
1140.5,13.6,117.03
1140.6,13.5,117.03
1140.7,27.2,117.03
1140.8,13.5,117.03
1140.9,13.5,117.03
1141.0,13.7,117.03
1141.1,13.5,117.03
1141.2,13.7,117.03
1141.3,13.6,117.03
1141.4,13.8,117.03
1141.5,13.6,117.03
1141.6,13.5,117.03
1141.7,13.6,117.03
1141.8,13.6,117.03
1141.9,13.5,117.03
1142.0,13.5,117.03
1142.1,13.4,117.03
1142.2,13.5,117.03
1142.3,13.7,117.03
1142.4,13.9,117.03
1142.5,13.5,117.03
1142.6,13.6,117.03
1142.7,13.6,117.03
1142.8,13.7,117.03
1142.9,13.6,117.03
1143.0,0.0,117.03
1143.1,13.7,117.03
1143.2,13.7,117.03
1143.3,13.6,117.03
1143.4,13.5,117.03
1143.5,13.6,117.03
1143.6,13.5,117.03
1143.7,13.6,117.03
1143.8,13.4,117.03
1143.9,13.6,117.03
1144.0,0.0,117.03
1144.1,13.8,117.03
1144.2,13.7,117.03
1144.3,13.7,117.03
1144.4,13.6,117.03
1144.5,13.7,117.03
1144.6,13.5,117.03
1144.7,13.7,117.03
1144.8,13.6,117.03
1144.9,13.6,117.03
1145.0,0.0,117.03
1145.1,13.6,117.03
1145.2,13.6,117.03
1145.3,13.6,117.03
1145.4,13.6,117.03
1145.5,13.8,117.03
1145.6,13.8,117.03
1145.7,13.7,117.03
1145.8,13.6,117.03
1145.9,13.6,117.03
1146.0,13.7,117.03
1146.1,14.1,117.03
1146.2,13.7,117.03
1146.3,13.6,117.03
1146.4,13.6,117.03
1146.5,13.5,117.03
1146.6,13.6,117.03
1146.7,13.6,117.03
1146.8,13.7,117.03
1146.9,13.7,117.03
1147.0,13.7,117.03
1147.1,13.7,117.03
1147.2,13.7,117.03
1147.3,13.6,117.03
1147.4,13.7,117.03
1147.5,13.6,117.03
1147.6,13.9,117.03
1147.7,13.5,117.03
1147.8,13.7,117.03
1147.9,13.5,117.03
1148.0,13.5,117.03
1148.1,13.7,117.03
1148.2,13.6,117.03
1148.3,13.7,117.03
1148.4,0.0,117.03
1148.5,13.6,117.03
1148.6,13.6,117.03
1148.7,13.6,117.03
1148.8,13.6,117.03
1148.9,13.8,117.03
1149.0,0.0,117.03
1149.1,13.5,117.03
1149.2,13.6,117.03
1149.3,13.6,117.03
1149.4,13.8,117.03
1149.5,13.7,117.03
1149.6,0.0,117.03
1149.7,13.6,117.03
1149.8,14.8,117.03
1149.9,13.6,117.03
1150.0,14.0,117.03
1150.1,14.2,117.03
1150.2,14.8,117.03
1150.3,14.3,117.03
1150.4,13.5,117.03
1150.5,0.0,117.03
1150.6,0.0,117.03
1150.7,0.0,117.03
1150.8,13.6,117.03
1150.9,14.2,117.03
1151.0,13.6,117.03
1151.1,0.0,117.03
1151.2,13.7,117.03
1151.3,0.0,117.03
1151.4,13.6,117.03
1151.5,13.8,117.03
1151.6,13.8,117.03
1151.7,13.7,117.03
1151.8,0.0,117.03
1151.9,13.8,117.03
1152.0,0.0,117.03
1152.1,0.0,117.03
1152.2,14.4,117.03
1152.3,13.6,117.03
1152.4,13.6,117.03
1152.5,13.6,117.03
1152.6,13.8,117.03
1152.7,0.0,117.03
1152.8,13.6,117.03
1152.9,14.0,117.03
1153.0,13.6,117.03
1153.1,13.7,117.03
1153.2,13.7,117.03
1153.3,13.5,117.03
1153.4,13.7,117.03
1153.5,13.7,117.03
1153.6,13.6,117.03
1153.7,13.5,117.03
1153.8,13.6,117.03
1153.9,13.5,117.03
1154.0,13.6,117.03
1154.1,13.7,117.03
1154.2,13.4,117.03
1154.3,13.7,117.03
1154.4,13.6,117.03
1154.5,13.4,117.03
1154.6,13.9,117.03
1154.7,13.6,117.03
1154.8,0.0,117.03
1154.9,13.6,117.03
1155.0,13.6,117.03
1155.1,0.0,117.03
1155.2,13.6,117.03
1155.3,13.7,117.03
1155.4,0.0,117.03
1155.5,13.7,117.03
1155.6,13.6,117.03
1155.7,13.6,117.03
1155.8,13.8,117.03
1155.9,0.0,117.03
1156.0,13.6,117.03
1156.1,13.6,117.03
1156.2,13.7,117.03
1156.3,13.6,117.03
1156.4,14.0,117.03
1156.5,13.7,117.03
1156.6,13.6,117.03
1156.7,13.7,117.03
1156.8,13.6,117.03
1156.9,13.6,117.03
1157.0,13.7,117.03
1157.1,13.6,117.03
1157.2,13.7,117.03
1157.3,13.6,117.03
1157.4,13.6,117.03
1157.5,13.6,117.03
1157.6,13.7,117.03
1157.7,13.6,117.03
1157.8,13.5,117.03
1157.9,13.8,117.03
1158.0,13.8,117.03
1158.1,13.6,117.03
1158.2,13.6,117.03
1158.3,13.6,117.03
1158.4,13.6,117.03
1158.5,13.6,117.03
1158.6,13.6,117.03
1158.7,13.7,117.03
1158.8,13.5,117.03
1158.9,13.7,117.03
1159.0,13.6,117.03
1159.1,13.6,117.03
1159.2,13.6,117.03
1159.3,13.5,117.03
1159.4,13.6,117.03
1159.5,13.6,117.03
1159.6,0.0,117.03
1159.7,13.7,117.03
1159.8,13.7,117.03
1159.9,0.0,117.03
1160.0,13.6,117.03
1160.1,13.7,117.03
1160.2,13.5,117.03
1160.3,13.5,117.03
1160.4,13.5,117.03
1160.5,13.7,117.03
1160.6,13.7,117.03
1160.7,13.5,117.03
1160.8,0.0,117.03
1160.9,13.6,117.03
1161.0,13.6,117.03
1161.1,0.0,117.03
1161.2,13.7,117.03
1161.3,13.7,117.03
1161.4,13.7,117.03
1161.5,13.6,117.03
1161.6,26.8,117.03
1161.7,13.6,117.03
1161.8,13.5,117.03
1161.9,13.8,117.03
1162.0,13.5,117.03
1162.1,13.8,117.03
1162.2,13.5,117.03
1162.3,13.7,117.03
1162.4,13.6,117.03
1162.5,13.6,117.03
1162.6,13.6,117.03
1162.7,13.6,117.03
1162.8,13.7,117.03
1162.9,13.5,117.03
1163.0,13.7,117.03
1163.1,13.7,117.03
1163.2,13.5,117.03
1163.3,13.6,117.03
1163.4,13.5,117.03
1163.5,13.6,117.03
1163.6,13.8,117.03
1163.7,13.6,117.03
1163.8,13.6,117.03
1163.9,13.6,117.03
1164.0,0.0,117.03
1164.1,13.6,117.03
1164.2,13.6,117.03
1164.3,0.0,117.03
1164.4,13.6,117.03
1164.5,13.5,117.03
1164.6,13.4,117.03
1164.7,13.7,117.03
1164.8,13.8,117.03
1164.9,13.8,117.03
1165.0,13.6,117.03
1165.1,13.6,117.03
1165.2,13.6,117.03
1165.3,13.6,117.03
1165.4,13.6,117.03
1165.5,13.6,117.03
1165.6,13.8,117.03
1165.7,13.6,117.03
1165.8,13.6,117.03
1165.9,13.5,117.03
1166.0,13.6,117.03
1166.1,13.6,117.03
1166.2,13.6,117.03
1166.3,13.7,117.03
1166.4,13.7,117.03
1166.5,13.8,117.03
1166.6,13.7,117.03
1166.7,13.5,117.03
1166.8,13.6,117.03
1166.9,13.7,117.03
1167.0,13.6,117.03
1167.1,13.8,117.03
1167.2,13.6,117.03
1167.3,0.0,117.03
1167.4,13.5,117.03
1167.5,13.6,117.03
1167.6,13.6,117.03
1167.7,13.5,117.03
1167.8,13.7,117.03
1167.9,13.7,117.03
1168.0,13.8,117.03
1168.1,0.0,117.03
1168.2,0.0,117.03
1168.3,13.6,117.03
1168.4,13.6,117.03
1168.5,0.0,117.03
1168.6,13.8,117.03
1168.7,13.7,117.03
1168.8,13.7,117.03
1168.9,13.6,117.03
1169.0,13.7,117.03
1169.1,13.4,117.03
1169.2,13.7,117.03
1169.3,0.0,117.03
1169.4,13.6,117.03
1169.5,13.7,117.03
1169.6,13.6,117.03
1169.7,13.6,117.03
1169.8,13.6,117.03
1169.9,13.6,117.03
1170.0,13.7,117.03
1170.1,0.0,117.03
1170.2,13.6,117.03
1170.3,0.0,117.03
1170.4,0.0,117.03
1170.5,13.5,117.03
1170.6,13.7,117.03
1170.7,13.6,117.03
1170.8,13.6,117.03
1170.9,13.4,117.03
1171.0,13.6,117.03
1171.1,13.7,117.03
1171.2,13.6,117.03
1171.3,13.6,117.03
1171.4,13.6,117.03
1171.5,13.6,117.03
1171.6,13.6,117.03
1171.7,13.4,117.03
1171.8,13.6,117.03
1171.9,13.3,117.03
1172.0,13.7,117.03
1172.1,13.6,117.03
1172.2,13.8,117.03
1172.3,13.6,117.03
1172.4,13.7,117.03
1172.5,13.6,117.03
1172.6,13.6,117.03
1172.7,13.5,117.03
1172.8,13.7,117.03
1172.9,13.7,117.03
1173.0,13.5,117.03
1173.1,13.6,117.03
1173.2,13.5,117.03
1173.3,27.3,117.03
1173.4,13.7,117.03
1173.5,0.0,117.03
1173.6,0.0,117.03
1173.7,13.7,117.03
1173.8,13.7,117.03
1173.9,13.7,117.03
1174.0,13.6,117.03
1174.1,13.6,117.03
1174.2,13.6,117.03
1174.3,13.6,117.03
1174.4,13.5,117.03
1174.5,13.6,117.03
1174.6,13.5,117.03
1174.7,13.6,117.03
1174.8,13.6,117.03
1174.9,13.9,117.03
1175.0,13.6,117.03
1175.1,13.7,117.03
1175.2,0.0,117.03
1175.3,13.7,117.03
1175.4,13.6,117.03
1175.5,13.7,117.03
1175.6,13.7,117.03
1175.7,13.6,117.03
1175.8,13.6,117.03
1175.9,27.2,117.03
1176.0,13.6,117.03
1176.1,13.6,117.03
1176.2,13.6,117.03
1176.3,13.7,117.03
1176.4,13.6,117.03
1176.5,0.0,117.03
1176.6,13.6,117.03
1176.7,13.7,117.03
1176.8,13.7,117.03
1176.9,13.5,117.03
1177.0,27.0,117.03
1177.1,13.6,117.03
1177.2,13.6,117.03
1177.3,13.5,117.03
1177.4,13.7,117.03
1177.5,13.5,117.03
1177.6,13.3,117.03
1177.7,13.6,117.03
1177.8,0.0,117.03
1177.9,13.7,117.03
1178.0,13.6,117.03
1178.1,13.7,117.03
1178.2,13.8,117.03
1178.3,13.8,117.03
1178.4,13.7,117.03
1178.5,13.7,117.03
1178.6,13.4,117.03
1178.7,13.6,117.03
1178.8,13.5,117.03
1178.9,13.5,117.03
1179.0,0.0,117.03
1179.1,13.6,117.03
1179.2,13.6,117.03
1179.3,13.6,117.03
1179.4,13.7,117.03
1179.5,0.0,117.03
1179.6,14.0,117.03
1179.7,0.0,117.03
1179.8,13.6,117.03
1179.9,13.7,117.03
1180.0,13.7,117.03
1180.1,0.0,117.03
1180.2,13.5,117.03
1180.3,13.6,117.03
1180.4,13.7,117.03
1180.5,13.7,117.03
1180.6,13.7,117.03
1180.7,0.0,117.03
1180.8,13.6,117.03
1180.9,13.6,117.03
1181.0,13.5,117.03
1181.1,13.6,117.03
1181.2,13.8,117.03
1181.3,0.0,117.03
1181.4,13.5,117.03
1181.5,13.6,117.03
1181.6,13.6,117.03
1181.7,13.9,117.03
1181.8,13.6,117.03
1181.9,0.0,117.03
1182.0,13.7,117.03
1182.1,13.7,117.03
1182.2,13.6,117.03
1182.3,13.6,117.03
1182.4,13.7,117.03
1182.5,13.5,117.03
1182.6,13.7,117.03
1182.7,13.6,117.03
1182.8,13.6,117.03
1182.9,13.6,117.03
1183.0,13.6,117.03
1183.1,0.0,117.03
1183.2,0.0,117.03
1183.3,13.4,117.03
1183.4,13.7,117.03
1183.5,13.8,117.03
1183.6,13.7,117.03
1183.7,13.6,117.03
1183.8,13.7,117.03
1183.9,13.6,117.03
1184.0,13.6,117.03
1184.1,13.6,117.03
1184.2,13.5,117.03
1184.3,13.4,117.03
1184.4,13.8,117.03
1184.5,13.7,117.03
1184.6,0.0,117.03
1184.7,13.7,117.03
1184.8,13.6,117.03
1184.9,0.0,117.03
1185.0,14.0,117.03
1185.1,13.7,117.03
1185.2,13.6,117.03
1185.3,13.7,117.03
1185.4,13.5,117.03
1185.5,13.5,117.03
1185.6,13.6,117.03
1185.7,13.5,117.03
1185.8,13.5,117.03
1185.9,13.8,117.03
1186.0,13.7,117.03
1186.1,13.5,117.03
1186.2,13.6,117.03
1186.3,13.6,117.03
1186.4,0.0,117.03
1186.5,13.7,117.03
1186.6,13.8,117.03
1186.7,13.6,117.03
1186.8,13.6,117.03
1186.9,13.5,117.03
1187.0,0.0,117.03
1187.1,13.7,117.03
1187.2,13.7,117.03
1187.3,13.8,117.03
1187.4,13.8,117.03
1187.5,13.6,117.03
1187.6,13.5,117.03
1187.7,27.3,117.03
1187.8,13.6,117.03
1187.9,13.6,117.03
1188.0,13.7,117.03
1188.1,13.8,117.03
1188.2,13.6,117.03
1188.3,13.6,117.03
1188.4,13.6,117.03
1188.5,13.6,117.03
1188.6,13.5,117.03
1188.7,13.6,117.03
1188.8,13.6,117.03
1188.9,13.4,117.03
1189.0,13.6,117.03
1189.1,0.0,117.03
1189.2,13.6,117.03
1189.3,13.6,117.03
1189.4,13.6,117.03
1189.5,13.5,117.03
1189.6,13.5,117.03
1189.7,13.5,117.03
1189.8,13.6,117.03
1189.9,13.7,117.03
1190.0,13.8,117.03
1190.1,13.7,117.03
1190.2,13.7,117.03
1190.3,13.6,117.03
1190.4,13.7,117.03
1190.5,13.7,117.03
1190.6,13.5,117.03
1190.7,13.4,117.03
1190.8,13.7,117.03
1190.9,13.6,117.03
1191.0,13.7,117.03
1191.1,13.7,117.03
1191.2,13.5,117.03
1191.3,13.6,117.03
1191.4,13.6,117.03
1191.5,13.6,117.03
1191.6,13.8,117.03
1191.7,0.0,117.03
1191.8,13.6,117.03
1191.9,13.6,117.03
1192.0,13.6,117.03
1192.1,13.6,117.03
1192.2,13.7,117.03
1192.3,13.7,117.03
1192.4,13.6,117.03
1192.5,13.8,117.03
1192.6,13.4,117.03
1192.7,13.6,117.03
1192.8,13.6,117.03
1192.9,0.0,117.03
1193.0,13.8,117.03
1193.1,13.6,117.03
1193.2,13.8,117.03
1193.3,13.6,117.03
1193.4,13.6,117.03
1193.5,13.6,117.03
1193.6,13.5,117.03
1193.7,14.6,117.03
1193.8,13.7,117.03
1193.9,13.5,117.03
1194.0,13.6,117.03
1194.1,13.6,117.03
1194.2,13.5,117.03
1194.3,13.5,117.03
1194.4,13.7,117.03
1194.5,13.7,117.03
1194.6,13.8,117.03
1194.7,13.7,117.03
1194.8,13.7,117.03
1194.9,13.7,117.03
1195.0,13.7,117.03
1195.1,13.8,117.03
1195.2,13.5,117.03
1195.3,13.7,117.03
1195.4,13.6,117.03
1195.5,0.0,117.03
1195.6,0.0,117.03
1195.7,13.6,117.03
1195.8,13.7,117.03
1195.9,13.4,117.03
1196.0,13.7,117.03
1196.1,13.6,117.03
1196.2,13.6,117.03
1196.3,13.6,117.03
1196.4,13.6,117.03
1196.5,14.3,117.03
1196.6,13.5,117.03
1196.7,13.7,117.03
1196.8,13.5,117.03
1196.9,13.5,117.03
1197.0,0.0,117.03
1197.1,13.6,117.03
1197.2,13.5,117.03
1197.3,13.6,117.03
1197.4,13.6,117.03
1197.5,13.7,117.03
1197.6,13.7,117.03
1197.7,13.7,117.03
1197.8,13.6,117.03
1197.9,0.0,117.03
1198.0,13.5,117.03
1198.1,13.5,117.03
1198.2,13.5,117.03
1198.3,13.5,117.03
1198.4,13.4,117.03
1198.5,13.6,117.03
1198.6,13.5,117.03
1198.7,13.7,117.03
1198.8,13.6,117.03
1198.9,13.7,117.03
1199.0,0.0,117.03
1199.1,0.0,117.03
1199.2,13.5,117.03
1199.3,13.6,117.03
1199.4,13.8,117.03
1199.5,13.6,117.03
1199.6,13.7,117.03
1199.7,13.5,117.03
1199.8,13.5,117.03
1199.9,0.0,117.03
1200.0,13.5,117.03
1200.1,14.9,117.03
1200.2,13.6,117.03
1200.3,13.6,117.03
1200.4,13.7,117.03
1200.5,13.6,117.03
1200.6,13.5,117.03
1200.7,13.8,117.03
1200.8,13.7,117.03
1200.9,13.7,117.03
1201.0,0.0,117.03
1201.1,13.6,117.03
1201.2,13.6,117.03
1201.3,13.6,117.03
1201.4,13.8,117.03
1201.5,13.8,117.03
1201.6,13.7,117.03
1201.7,13.7,117.03
1201.8,13.6,117.03
1201.9,13.5,117.03
1202.0,13.7,117.03
1202.1,13.5,117.03
1202.2,13.6,117.03
1202.3,0.0,117.03
1202.4,13.8,117.03
1202.5,13.7,117.03
1202.6,14.3,117.03
1202.7,14.7,117.03
1202.8,14.8,117.03
1202.9,0.0,117.03
1203.0,0.0,117.03
1203.1,0.0,117.03
1203.2,14.8,117.03
1203.3,14.4,117.03
1203.4,13.8,117.03
1203.5,14.3,117.03
1203.6,13.6,117.03
1203.7,0.0,117.03
1203.8,13.7,117.03
1203.9,0.0,117.03
1204.0,0.0,117.03
1204.1,0.0,117.03
1204.2,13.8,117.03
1204.3,14.3,117.03
1204.4,13.7,117.03
1204.5,13.6,117.03
1204.6,0.0,117.03
1204.7,0.0,117.03
1204.8,13.6,117.03
1204.9,13.5,117.03
1205.0,0.0,117.03
1205.1,13.5,117.03
1205.2,13.6,117.03
1205.3,0.0,117.03
1205.4,13.6,117.03
1205.5,0.0,117.03
1205.6,13.7,117.03
1205.7,13.6,117.03
1205.8,13.4,117.03
1205.9,13.7,117.03
1206.0,13.7,117.03
1206.1,13.7,117.03
1206.2,13.7,117.03
1206.3,13.5,117.03
1206.4,13.7,117.03
1206.5,13.7,117.03
1206.6,13.6,117.03
1206.7,13.7,117.03
1206.8,13.8,117.03
1206.9,13.7,117.03
1207.0,13.7,117.03
1207.1,0.0,117.03
1207.2,13.8,117.03
1207.3,13.7,117.03
1207.4,0.0,117.03
1207.5,13.7,117.03
1207.6,13.4,117.03
1207.7,0.0,117.03
1207.8,0.0,117.03
1207.9,13.7,117.03
1208.0,13.7,117.03
1208.1,13.6,117.03
1208.2,13.6,117.03
1208.3,0.0,117.03
1208.4,13.7,117.03
1208.5,13.7,117.03
1208.6,13.7,117.03
1208.7,13.6,117.03
1208.8,13.7,117.03
1208.9,13.7,117.03
1209.0,13.3,117.03
1209.1,13.7,117.03
1209.2,13.6,117.03
1209.3,13.6,117.03
1209.4,13.7,117.03
1209.5,0.0,117.03
1209.6,13.6,117.03
1209.7,13.6,117.03
1209.8,0.0,117.03
1209.9,13.7,117.03
1210.0,13.6,117.03
1210.1,0.0,117.03
1210.2,13.7,117.03
1210.3,13.7,117.03
1210.4,13.7,117.03
1210.5,13.6,117.03
1210.6,13.9,117.03
1210.7,13.5,117.03
1210.8,13.6,117.03
1210.9,13.5,117.03
1211.0,0.0,117.03
1211.1,13.6,117.03
1211.2,13.6,117.03
1211.3,13.7,117.03
1211.4,13.6,117.03
1211.5,13.6,117.03
1211.6,13.6,117.03
1211.7,13.7,117.03
1211.8,13.8,117.03
1211.9,13.6,117.03
1212.0,13.6,117.03
1212.1,13.6,117.03
1212.2,13.5,117.03
1212.3,13.6,117.03
1212.4,13.6,117.03
1212.5,0.0,117.03
1212.6,13.9,117.03
1212.7,13.7,117.03
1212.8,13.6,117.03
1212.9,13.6,117.03
1213.0,0.0,117.03
1213.1,13.7,117.03
1213.2,0.0,117.03
1213.3,13.6,117.03
1213.4,13.6,117.03
1213.5,13.6,117.03
1213.6,13.6,117.03
1213.7,13.6,117.03
1213.8,13.8,117.03
1213.9,13.6,117.03
1214.0,13.4,117.03
1214.1,13.7,117.03
1214.2,13.7,117.03
1214.3,13.7,117.03
1214.4,13.6,117.03
1214.5,13.7,117.03
1214.6,13.8,117.03
1214.7,13.7,117.03
1214.8,13.4,117.03
1214.9,13.7,117.03
1215.0,13.6,117.03
1215.1,13.6,117.03
1215.2,13.6,117.03
1215.3,13.7,117.03
1215.4,13.6,117.03
1215.5,13.8,117.03
1215.6,13.7,117.03
1215.7,0.0,117.03
1215.8,13.6,117.03
1215.9,13.7,117.03
1216.0,13.8,117.03
1216.1,13.6,117.03
1216.2,13.5,117.03
1216.3,13.6,117.03
1216.4,13.6,117.03
1216.5,0.0,117.03
1216.6,0.0,117.03
1216.7,13.8,117.03
1216.8,0.0,117.03
1216.9,0.0,117.03
1217.0,13.7,117.03
1217.1,13.6,117.03
1217.2,13.5,117.03
1217.3,13.7,117.03
1217.4,13.7,117.03
1217.5,26.7,117.03
1217.6,13.7,117.03
1217.7,13.6,117.03
1217.8,0.0,117.03
1217.9,13.6,117.03
1218.0,13.7,117.03
1218.1,13.7,117.03
1218.2,13.6,117.03
1218.3,13.8,117.03
1218.4,13.7,117.03
1218.5,0.0,117.03
1218.6,13.6,117.03
1218.7,13.7,117.03
1218.8,13.6,117.03
1218.9,13.6,117.03
1219.0,13.5,117.03
1219.1,13.5,117.03
1219.2,13.7,117.03
1219.3,13.5,117.03
1219.4,13.7,117.03
1219.5,13.6,117.03
1219.6,13.7,117.03
1219.7,13.6,117.03
1219.8,13.6,117.03
1219.9,13.7,117.03
1220.0,0.0,117.03
1220.1,13.6,117.03
1220.2,13.6,117.03
1220.3,13.6,117.03
1220.4,13.6,117.03
1220.5,13.5,117.03
1220.6,13.7,117.03
1220.7,13.6,117.03
1220.8,13.5,117.03
1220.9,13.5,117.03
1221.0,13.7,117.03
1221.1,0.0,117.03
1221.2,13.6,117.03
1221.3,13.6,117.03
1221.4,13.6,117.03
1221.5,13.7,117.03
1221.6,13.8,117.03
1221.7,13.6,117.03
1221.8,13.7,117.03
1221.9,13.7,117.03
1222.0,13.6,117.03
1222.1,13.5,117.03
1222.2,13.6,117.03
1222.3,13.5,117.03
1222.4,13.6,117.03
1222.5,13.8,117.03
1222.6,14.8,117.03
1222.7,13.6,117.03
1222.8,0.0,117.03
1222.9,13.6,117.03
1223.0,13.7,117.03
1223.1,0.0,117.03
1223.2,13.6,117.03
1223.3,13.6,117.03
1223.4,13.7,117.03
1223.5,0.0,117.03
1223.6,0.0,117.03
1223.7,13.6,117.03
1223.8,0.0,117.03
1223.9,13.7,117.03
1224.0,13.6,117.03
1224.1,13.5,117.03
1224.2,13.6,117.03
1224.3,13.6,117.03
1224.4,0.0,117.03
1224.5,13.6,117.03
1224.6,13.6,117.03
1224.7,13.6,117.03
1224.8,13.5,117.03
1224.9,13.6,117.03
1225.0,0.0,117.03
1225.1,13.8,117.03
1225.2,13.7,117.03
1225.3,13.7,117.03
1225.4,13.5,117.03
1225.5,13.5,117.03
1225.6,0.0,117.03
1225.7,13.6,117.03
1225.8,13.7,117.03
1225.9,13.8,117.03
1226.0,13.6,117.03
1226.1,13.6,117.03
1226.2,13.6,117.03
1226.3,13.6,117.03
1226.4,13.7,117.03
1226.5,13.8,117.03
1226.6,13.7,117.03
1226.7,13.6,117.03
1226.8,13.6,117.03
1226.9,13.6,117.03
1227.0,13.6,117.03
1227.1,13.7,117.03
1227.2,13.5,117.03
1227.3,13.5,117.03
1227.4,13.5,117.03
1227.5,13.5,117.03
1227.6,13.5,117.03
1227.7,13.6,117.03
1227.8,13.6,117.03
1227.9,0.0,117.03
1228.0,13.7,117.03
1228.1,13.6,117.03
1228.2,0.0,117.03
1228.3,0.0,117.03
1228.4,13.7,117.03
1228.5,13.6,117.03
1228.6,13.6,117.03
1228.7,13.6,117.03
1228.8,13.6,117.03
1228.9,0.0,117.03
1229.0,13.7,117.03
1229.1,13.5,117.03
1229.2,13.8,117.03
1229.3,13.5,117.03
1229.4,13.6,117.03
1229.5,13.7,117.03
1229.6,13.6,117.03
1229.7,13.6,117.03
1229.8,13.6,117.03
1229.9,13.7,117.03
1230.0,13.7,117.03
1230.1,13.7,117.03
1230.2,13.8,117.03
1230.3,13.7,117.03
1230.4,13.5,117.03
1230.5,13.7,117.03
1230.6,13.7,117.03
1230.7,0.0,117.03
1230.8,13.8,117.03
1230.9,13.6,117.03
1231.0,0.0,117.03
1231.1,0.0,117.03
1231.2,13.6,117.03
1231.3,13.6,117.03
1231.4,13.6,117.03
1231.5,13.7,117.03
1231.6,0.0,117.03
1231.7,13.7,117.03
1231.8,13.5,117.03
1231.9,13.5,117.03
1232.0,13.6,117.03
1232.1,13.6,117.03
1232.2,13.8,117.03
1232.3,14.3,117.03
1232.4,14.4,117.03
1232.5,13.7,117.03
1232.6,13.6,117.03
1232.7,0.0,117.03
1232.8,13.5,117.03
1232.9,13.6,117.03
1233.0,13.6,117.03
1233.1,13.6,117.03
1233.2,13.7,117.03
1233.3,13.6,117.03
1233.4,13.6,117.03
1233.5,13.5,117.03
1233.6,13.4,117.03
1233.7,13.5,117.03
1233.8,0.0,117.03
1233.9,13.7,117.03
1234.0,13.7,117.03
1234.1,0.0,117.03
1234.2,13.6,117.03
1234.3,13.7,117.03
1234.4,13.6,117.03
1234.5,13.8,117.03
1234.6,13.4,117.03
1234.7,13.6,117.03
1234.8,0.0,117.03
1234.9,13.7,117.03
1235.0,13.5,117.03
1235.1,13.7,117.03
1235.2,13.7,117.03
1235.3,0.0,117.03
1235.4,13.8,117.03
1235.5,13.6,117.03
1235.6,13.6,117.03
1235.7,13.6,117.03
1235.8,13.5,117.03
1235.9,0.0,117.03
1236.0,13.7,117.03
1236.1,13.8,117.03
1236.2,13.7,117.03
1236.3,13.5,117.03
1236.4,13.6,117.03
1236.5,13.5,117.03
1236.6,13.7,117.03
1236.7,13.7,117.03
1236.8,13.8,117.03
1236.9,13.7,117.03
1237.0,13.6,117.03
1237.1,13.6,117.03
1237.2,13.6,117.03
1237.3,13.6,117.03
1237.4,13.5,117.03
1237.5,13.6,117.03
1237.6,13.7,117.03
1237.7,0.0,117.03
1237.8,13.6,117.03
1237.9,13.7,117.03
1238.0,13.7,117.03
1238.1,13.7,117.03
1238.2,13.5,117.03
1238.3,13.5,117.03
1238.4,13.7,117.03
1238.5,13.6,117.03
1238.6,0.0,117.03
1238.7,13.6,117.03
1238.8,13.7,117.03
1238.9,13.5,117.03
1239.0,13.6,117.03
1239.1,13.6,117.03
1239.2,13.7,117.03
1239.3,13.8,117.03
1239.4,13.9,117.03
1239.5,13.7,117.03
1239.6,13.6,117.03
1239.7,13.6,117.03
1239.8,13.6,117.03
1239.9,13.7,117.03
1240.0,14.4,117.03
1240.1,13.6,117.03
1240.2,13.6,117.03
1240.3,0.0,117.03
1240.4,0.0,117.03
1240.5,13.5,117.03
1240.6,13.5,117.03
1240.7,0.0,117.03
1240.8,13.7,117.03
1240.9,13.7,117.03
1241.0,13.7,117.03
1241.1,13.6,117.03
1241.2,13.8,117.03
1241.3,13.8,117.03
1241.4,0.0,117.03
1241.5,13.7,117.03
1241.6,13.6,117.03
1241.7,13.6,117.03
1241.8,13.6,117.03
1241.9,13.7,117.03
1242.0,0.0,117.03
1242.1,13.6,117.03
1242.2,13.6,117.03
1242.3,0.0,117.03
1242.4,13.6,117.03
1242.5,13.6,117.03
1242.6,13.6,117.03
1242.7,13.6,117.03
1242.8,13.7,117.03
1242.9,0.0,117.03
1243.0,13.8,117.03
1243.1,13.7,117.03
1243.2,13.7,117.03
1243.3,13.6,117.03
1243.4,13.8,117.03
1243.5,13.5,117.03
1243.6,13.7,117.03
1243.7,13.5,117.03
1243.8,13.8,117.03
1243.9,0.0,117.03
1244.0,13.6,117.03
1244.1,13.6,117.03
1244.2,13.5,117.03
1244.3,13.4,117.03
1244.4,13.7,117.03
1244.5,13.6,117.03
1244.6,13.6,117.03
1244.7,0.0,117.03
1244.8,13.8,117.03
1244.9,13.7,117.03
1245.0,13.6,117.03
1245.1,13.6,117.03
1245.2,13.7,117.03
1245.3,13.6,117.03
1245.4,13.6,117.03
1245.5,13.7,117.03
1245.6,13.7,117.03
1245.7,13.6,117.03
1245.8,13.6,117.03
1245.9,13.5,117.03
1246.0,13.5,117.03
1246.1,13.6,117.03
1246.2,0.0,117.03
1246.3,13.4,117.03
1246.4,13.7,117.03
1246.5,13.7,117.03
1246.6,13.7,117.03
1246.7,13.6,117.03
1246.8,0.0,117.03
1246.9,0.0,117.03
1247.0,13.8,117.03
1247.1,0.0,117.03
1247.2,13.6,117.03
1247.3,13.7,117.03
1247.4,0.0,117.03
1247.5,13.6,117.03
1247.6,13.6,117.03
1247.7,0.0,117.03
1247.8,13.6,117.03
1247.9,13.7,117.03
1248.0,0.0,117.03
1248.1,13.6,117.03
1248.2,13.6,117.03
1248.3,13.6,117.03
1248.4,13.6,117.03
1248.5,13.8,117.03
1248.6,0.0,117.03
1248.7,13.6,117.03
1248.8,13.5,117.03
1248.9,0.0,117.03
1249.0,13.8,117.03
1249.1,13.5,117.03
1249.2,0.0,117.03
1249.3,13.7,117.03
1249.4,13.6,117.04
1249.5,13.4,117.04
1249.6,13.7,117.04
1249.7,13.4,117.04
1249.8,13.6,117.04
1249.9,13.5,117.04
1250.0,13.5,117.04
1250.1,13.6,117.04
1250.2,13.6,117.04
1250.3,13.7,117.04
1250.4,13.6,117.04
1250.5,13.5,117.04
1250.6,13.5,117.04
1250.7,13.8,117.04
1250.8,13.6,117.04
1250.9,13.7,117.04
1251.0,0.0,117.04
1251.1,13.5,117.04
1251.2,13.6,117.04
1251.3,13.6,117.04
1251.4,13.7,117.04
1251.5,13.7,117.04
1251.6,14.5,117.04
1251.7,13.7,117.04
1251.8,13.6,117.04
1251.9,0.0,117.04
1252.0,13.8,117.04
1252.1,13.7,117.04
1252.2,13.6,117.04
1252.3,13.6,117.04
1252.4,13.6,117.04
1252.5,13.6,117.04
1252.6,0.0,117.04
1252.7,0.0,117.04
1252.8,0.0,117.04
1252.9,13.5,117.04
1253.0,13.4,117.04
1253.1,13.5,117.04
1253.2,13.5,117.04
1253.3,13.6,117.04
1253.4,13.4,117.04
1253.5,0.0,117.04
1253.6,0.0,117.04
1253.7,13.7,117.04
1253.8,13.8,117.04
1253.9,13.5,117.04
1254.0,13.6,117.04
1254.1,13.5,117.04
1254.2,13.4,117.04
1254.3,0.0,117.04
1254.4,13.7,117.04
1254.5,13.6,117.04
1254.6,13.7,117.04
1254.7,13.7,117.04
1254.8,0.0,117.04
1254.9,14.0,117.04
1255.0,0.0,117.04
1255.1,0.0,117.04
1255.2,0.0,117.04
1255.3,13.9,117.04
1255.4,13.6,117.04
1255.5,13.8,117.04
1255.6,0.0,117.04
1255.7,0.0,117.04
1255.8,0.0,117.04
1255.9,13.9,117.04
1256.0,14.0,117.04
1256.1,14.0,117.04
1256.2,14.1,117.04
1256.3,14.4,117.04
1256.4,13.9,117.04
1256.5,0.0,117.04
1256.6,0.0,117.04
1256.7,13.6,117.04
1256.8,14.3,117.04
1256.9,14.5,117.04
1257.0,14.6,117.04
1257.1,13.8,117.04
1257.2,14.3,117.04
1257.3,13.5,117.04
1257.4,0.0,117.04
1257.5,13.7,117.04
1257.6,13.6,117.04
1257.7,0.0,117.04
1257.8,14.2,117.04
1257.9,13.6,117.04
1258.0,13.7,117.04
1258.1,13.6,117.04
1258.2,13.6,117.04
1258.3,13.6,117.04
1258.4,13.6,117.04
1258.5,13.6,117.04
1258.6,13.6,117.04
1258.7,13.2,117.04
1258.8,13.6,117.04
1258.9,13.6,117.04
1259.0,13.5,117.04
1259.1,13.7,117.04
1259.2,0.0,117.04
1259.3,13.6,117.04
1259.4,13.6,117.04
1259.5,13.6,117.04
1259.6,13.5,117.04
1259.7,13.6,117.04
1259.8,0.0,117.04
1259.9,13.5,117.04
1260.0,13.5,117.04
1260.1,13.7,117.04
1260.2,13.6,117.04
1260.3,13.7,117.04
1260.4,13.6,117.04
1260.5,13.6,117.04
1260.6,13.7,117.04
1260.7,13.7,117.04
1260.8,13.8,117.04
1260.9,13.7,117.04
1261.0,0.0,117.04
1261.1,13.5,117.04
1261.2,13.6,117.04
1261.3,13.5,117.04
1261.4,13.6,117.04
1261.5,13.7,117.04
1261.6,13.5,117.04
1261.7,13.6,117.04
1261.8,13.6,117.04
1261.9,13.6,117.04
1262.0,13.5,117.04
1262.1,13.6,117.04
1262.2,13.5,117.04
1262.3,13.6,117.04
1262.4,0.0,117.04
1262.5,13.5,117.04
1262.6,13.6,117.04
1262.7,0.0,117.04
1262.8,13.7,117.04
1262.9,13.6,117.04
1263.0,0.0,117.04
1263.1,13.5,117.04
1263.2,13.6,117.04
1263.3,13.6,117.04
1263.4,13.7,117.04
1263.5,13.8,117.04
1263.6,0.0,117.04
1263.7,13.6,117.04
1263.8,13.6,117.04
1263.9,13.6,117.04
1264.0,13.5,117.04
1264.1,13.6,117.04
1264.2,13.6,117.04
1264.3,13.6,117.04
1264.4,13.7,117.04
1264.5,13.7,117.04
1264.6,13.6,117.04
1264.7,13.7,117.04
1264.8,13.7,117.04
1264.9,13.8,117.04
1265.0,13.7,117.04
1265.1,0.0,117.04
1265.2,13.7,117.04
1265.3,13.7,117.04
1265.4,13.7,117.04
1265.5,13.6,117.04
1265.6,13.5,117.04
1265.7,13.6,117.04
1265.8,13.7,117.04
1265.9,13.6,117.04
1266.0,0.0,117.04
1266.1,13.6,117.04
1266.2,13.6,117.04
1266.3,13.6,117.04
1266.4,0.0,117.04
1266.5,13.7,117.04
1266.6,0.0,117.04
1266.7,26.6,117.04
1266.8,13.5,117.04
1266.9,13.6,117.04
1267.0,13.6,117.04
1267.1,13.7,117.04
1267.2,13.7,117.04
1267.3,13.7,117.04
1267.4,13.6,117.04
1267.5,13.5,117.04
1267.6,13.8,117.04
1267.7,13.6,117.04
1267.8,13.7,117.04
1267.9,13.7,117.04
1268.0,13.3,117.04
1268.1,13.6,117.04
1268.2,0.0,117.04
1268.3,13.5,117.04
1268.4,13.6,117.04
1268.5,13.4,117.04
1268.6,13.7,117.04
1268.7,13.6,117.04
1268.8,13.7,117.04
1268.9,13.7,117.04
1269.0,13.6,117.04
1269.1,13.6,117.04
1269.2,13.7,117.1
1269.3,13.6,117.1
1269.4,13.6,117.1
1269.5,13.8,117.1
1269.6,13.7,117.1
1269.7,0.0,117.1
1269.8,14.2,117.1
1269.9,13.5,117.1
1270.0,13.6,117.1
1270.1,13.6,117.1
1270.2,13.8,117.1
1270.3,13.6,117.1
1270.4,13.6,117.1
1270.5,13.7,117.1
1270.6,13.6,117.1
1270.7,13.5,117.1
1270.8,13.6,117.1
1270.9,13.5,117.1
1271.0,13.8,117.1
1271.1,13.6,117.1
1271.2,13.6,117.1
1271.3,13.6,117.1
1271.4,13.6,117.1
1271.5,13.6,117.1
1271.6,13.5,117.1
1271.7,13.6,117.1
1271.8,0.0,117.1
1271.9,13.7,117.1
1272.0,13.7,117.1
1272.1,13.7,117.1
1272.2,13.7,117.1
1272.3,13.6,117.1
1272.4,13.5,117.1
1272.5,13.7,117.1
1272.6,13.8,117.1
1272.7,13.6,117.1
1272.8,13.6,117.1
1272.9,13.7,117.1
1273.0,13.6,117.1
1273.1,13.6,117.1
1273.2,13.6,117.1
1273.3,13.6,117.1
1273.4,13.6,117.1
1273.5,13.6,117.1
1273.6,0.0,117.1
1273.7,13.6,117.1
1273.8,13.5,117.1
1273.9,13.5,117.1
1274.0,13.7,117.1
1274.1,13.6,117.1
1274.2,13.5,117.1
1274.3,13.6,117.1
1274.4,13.7,117.1
1274.5,13.7,117.1
1274.6,13.6,117.1
1274.7,13.7,117.1
1274.8,13.6,117.1
1274.9,13.4,117.1
1275.0,13.6,117.1
1275.1,13.7,117.1
1275.2,13.9,117.1
1275.3,14.7,117.1
1275.4,13.7,117.1
1275.5,13.4,117.1
1275.6,13.6,117.1
1275.7,13.7,117.1
1275.8,13.7,117.1
1275.9,13.7,117.1
1276.0,13.7,117.1
1276.1,13.7,117.1
1276.2,13.7,117.1
1276.3,13.7,117.1
1276.4,13.7,117.1
1276.5,13.6,117.1
1276.6,13.6,117.1
1276.7,13.5,117.1
1276.8,13.6,117.1
1276.9,13.8,117.1
1277.0,13.7,117.1
1277.1,0.0,117.1
1277.2,13.7,117.1
1277.3,13.6,117.1
1277.4,0.0,117.1
1277.5,13.6,117.1
1277.6,0.0,117.1
1277.7,13.4,117.1
1277.8,0.0,117.1
1277.9,13.6,117.1
1278.0,13.6,117.1
1278.1,13.5,117.1
1278.2,13.5,117.1
1278.3,13.6,117.1
1278.4,0.0,117.1
1278.5,13.7,117.1
1278.6,13.7,117.1
1278.7,0.0,117.1
1278.8,13.6,117.1
1278.9,13.4,117.1
1279.0,13.7,117.1
1279.1,13.6,117.1
1279.2,13.7,117.1
1279.3,13.5,117.1
1279.4,13.8,117.1
1279.5,13.6,117.1
1279.6,13.5,117.1
1279.7,13.6,117.1
1279.8,13.6,117.1
1279.9,13.5,117.1
1280.0,13.7,117.1
1280.1,13.7,117.1
1280.2,13.7,117.1
1280.3,13.6,117.1
1280.4,13.5,117.1
1280.5,13.6,117.1
1280.6,13.5,117.1
1280.7,13.6,117.1
1280.8,13.9,117.1
1280.9,13.5,117.1
1281.0,0.0,117.1
1281.1,13.8,117.1
1281.2,13.5,117.1
1281.3,0.0,117.1
1281.4,13.6,117.1
1281.5,13.7,117.1
1281.6,0.0,117.1
1281.7,13.5,117.1
1281.8,13.7,117.1
1281.9,13.5,117.1
1282.0,13.3,117.1
1282.1,13.5,117.1
1282.2,13.6,117.1
1282.3,13.6,117.1
1282.4,0.0,117.1
1282.5,0.0,117.1
1282.6,13.6,117.1
1282.7,13.6,117.1
1282.8,13.5,117.1
1282.9,13.7,117.1
1283.0,13.6,117.1
1283.1,14.1,117.1
1283.2,13.7,117.1
1283.3,13.5,117.1
1283.4,13.5,117.1
1283.5,13.8,117.1
1283.6,0.0,117.1
1283.7,13.7,117.1
1283.8,13.5,117.1
1283.9,13.7,117.1
1284.0,13.7,117.1
1284.1,13.6,117.1
1284.2,13.6,117.1
1284.3,13.5,117.1
1284.4,13.6,117.1
1284.5,0.0,117.1
1284.6,13.7,117.1
1284.7,13.5,117.1
1284.8,13.6,117.1
1284.9,13.6,117.1
1285.0,13.5,117.1
1285.1,13.5,117.1
1285.2,13.5,117.1
1285.3,13.6,117.1
1285.4,13.6,117.1
1285.5,13.6,117.1
1285.6,13.6,117.1
1285.7,13.7,117.1
1285.8,13.8,117.1
1285.9,13.6,117.1
1286.0,13.6,117.1
1286.1,13.6,117.1
1286.2,13.8,117.1
1286.3,13.5,117.1
1286.4,13.5,117.1
1286.5,13.3,117.1
1286.6,13.6,117.1
1286.7,13.7,117.1
1286.8,13.8,117.1
1286.9,13.6,117.1
1287.0,13.7,117.1
1287.1,13.6,117.1
1287.2,13.6,117.1
1287.3,13.7,117.1
1287.4,13.6,117.1
1287.5,13.7,117.1
1287.6,13.6,117.1
1287.7,13.6,117.1
1287.8,13.7,117.1
1287.9,13.5,117.1
1288.0,13.4,117.1
1288.1,13.6,117.1
1288.2,13.6,117.1
1288.3,13.7,117.1
1288.4,0.0,117.1
1288.5,13.7,117.1
1288.6,13.5,117.1
1288.7,13.5,117.1
1288.8,13.7,117.1
1288.9,13.6,117.1
1289.0,0.0,117.1
1289.1,13.5,117.1
1289.2,13.5,117.1
1289.3,0.0,117.1
1289.4,13.6,117.1
1289.5,13.3,117.1
1289.6,13.6,117.1
1289.7,0.0,117.1
1289.8,13.6,117.1
1289.9,13.4,117.1
1290.0,13.5,117.1
1290.1,13.8,117.1
1290.2,13.6,117.1
1290.3,13.8,117.1
1290.4,0.0,117.1
1290.5,13.6,117.1
1290.6,13.5,117.1
1290.7,13.6,117.1
1290.8,13.4,117.1
1290.9,13.6,117.1
1291.0,13.6,117.1
1291.1,14.1,117.1
1291.2,13.6,117.1
1291.3,0.0,117.1
1291.4,13.7,117.1
1291.5,13.7,117.1
1291.6,0.0,117.1
1291.7,0.0,117.1
1291.8,0.0,117.1
1291.9,13.6,117.1
1292.0,0.0,117.1
1292.1,13.6,117.1
1292.2,13.6,117.1
1292.3,0.0,117.1
1292.4,13.9,117.1
1292.5,13.6,117.1
1292.6,13.6,117.1
1292.7,13.6,117.1
1292.8,13.6,117.1
1292.9,13.6,117.1
1293.0,13.5,117.1
1293.1,13.6,117.1
1293.2,0.0,117.1
1293.3,13.7,117.1
1293.4,13.7,117.1
1293.5,13.6,117.1
1293.6,13.4,117.1
1293.7,13.6,117.1
1293.8,13.6,117.1
1293.9,13.6,117.1
1294.0,13.6,117.1
1294.1,13.6,117.1
1294.2,13.6,117.1
1294.3,13.5,117.1
1294.4,13.6,117.1
1294.5,13.6,117.1
1294.6,13.6,117.1
1294.7,0.0,117.1
1294.8,13.6,117.1
1294.9,13.6,117.1
1295.0,13.5,117.1
1295.1,0.0,117.1
1295.2,13.6,117.1
1295.3,14.0,117.1
1295.4,13.6,117.1
1295.5,13.6,117.1
1295.6,0.0,117.1
1295.7,13.6,117.1
1295.8,13.5,117.1
1295.9,13.6,117.1
1296.0,0.0,117.1
1296.1,0.0,117.1
1296.2,13.4,117.1
1296.3,13.6,117.1
1296.4,13.6,117.1
1296.5,13.5,117.1
1296.6,13.7,117.1
1296.7,0.0,117.1
1296.8,13.6,117.1
1296.9,14.1,117.1
1297.0,13.6,117.1
1297.1,13.5,117.1
1297.2,13.5,117.1
1297.3,13.6,117.1
1297.4,13.5,117.1
1297.5,0.0,117.1
1297.6,13.7,117.1
1297.7,13.6,117.1
1297.8,0.0,117.1
1297.9,13.5,117.1
1298.0,13.6,117.1
1298.1,0.0,117.1
1298.2,13.6,117.1
1298.3,13.6,117.1
1298.4,13.6,117.1
1298.5,13.6,117.1
1298.6,13.8,117.1
1298.7,13.7,117.1
1298.8,13.6,117.1
1298.9,13.7,117.1
1299.0,13.6,117.1
1299.1,0.0,117.1
1299.2,13.5,117.1
1299.3,13.6,117.1
1299.4,13.6,117.1
1299.5,13.9,117.1
1299.6,13.7,117.1
1299.7,13.6,117.1
1299.8,13.6,117.1
1299.9,13.6,117.1
1300.0,13.6,117.1
1300.1,13.5,117.1
1300.2,13.6,117.1
1300.3,13.5,117.1
1300.4,13.7,117.1
1300.5,13.6,117.1
1300.6,13.7,117.1
1300.7,14.4,117.1
1300.8,13.5,117.1
1300.9,0.0,117.1
1301.0,0.0,117.1
1301.1,13.7,117.1
1301.2,13.6,117.1
1301.3,0.0,117.1
1301.4,13.6,117.1
1301.5,14.7,117.1
1301.6,13.9,117.1
1301.7,0.0,117.1
1301.8,0.0,117.1
1301.9,13.7,117.1
1302.0,13.5,117.1
1302.1,13.5,117.1
1302.2,13.6,117.1
1302.3,27.7,117.1
1302.4,13.7,117.1
1302.5,13.6,117.1
1302.6,13.6,117.1
1302.7,13.7,117.1
1302.8,13.6,117.1
1302.9,13.6,117.1
1303.0,13.6,117.1
1303.1,13.7,117.1
1303.2,13.6,117.1
1303.3,13.7,117.1
1303.4,13.4,117.1
1303.5,13.5,117.1
1303.6,13.6,117.1
1303.7,13.6,117.1
1303.8,13.6,117.1
1303.9,0.0,117.1
1304.0,13.6,117.1
1304.1,0.0,117.1
1304.2,13.6,117.1
1304.3,13.5,117.1
1304.4,13.7,117.1
1304.5,27.2,117.1
1304.6,13.5,117.1
1304.7,0.0,117.1
1304.8,13.6,117.1
1304.9,14.4,117.1
1305.0,13.6,117.1
1305.1,0.0,117.1
1305.2,13.6,117.1
1305.3,13.7,117.1
1305.4,13.8,117.1
1305.5,13.7,117.1
1305.6,13.5,117.1
1305.7,13.7,117.1
1305.8,13.7,117.1
1305.9,0.0,117.1
1306.0,13.2,117.1
1306.1,13.2,117.1
1306.2,13.7,117.1
1306.3,13.6,117.1
1306.4,13.7,117.1
1306.5,13.7,117.1
1306.6,13.7,117.1
1306.7,0.0,117.1
1306.8,13.6,117.1
1306.9,13.6,117.1
1307.0,13.5,117.1
1307.1,13.6,117.1
1307.2,13.7,117.1
1307.3,0.0,117.1
1307.4,13.7,117.1
1307.5,14.3,117.1
1307.6,13.9,117.1
1307.7,14.2,117.1
1307.8,14.1,117.1
1307.9,13.6,117.1
1308.0,0.0,117.1
1308.1,0.0,117.1
1308.2,0.0,117.1
1308.3,0.0,117.1
1308.4,0.0,117.1
1308.5,13.6,117.1
1308.6,13.7,117.1
1308.7,14.1,117.1
1308.8,13.8,117.1
1308.9,0.0,117.1
1309.0,14.1,117.1
1309.1,13.8,117.1
1309.2,14.3,117.1
1309.3,28.1,117.1
1309.4,13.9,117.1
1309.5,0.0,117.1
1309.6,13.7,117.1
1309.7,14.0,117.1
1309.8,13.6,117.1
1309.9,13.5,117.1
1310.0,13.6,117.1
1310.1,13.6,117.1
1310.2,13.5,117.1
1310.3,0.0,117.1
1310.4,13.6,117.1
1310.5,13.7,117.1
1310.6,13.4,117.1
1310.7,13.7,117.1
1310.8,13.6,117.1
1310.9,13.6,117.1
1311.0,13.6,117.1
1311.1,13.6,117.1
1311.2,0.0,117.1
1311.3,14.1,117.1
1311.4,13.5,117.1
1311.5,13.8,117.1
1311.6,13.4,117.1
1311.7,0.0,117.1
1311.8,13.4,117.1
1311.9,13.8,117.1
1312.0,13.6,117.1
1312.1,13.6,117.1
1312.2,13.8,117.1
1312.3,13.6,117.1
1312.4,13.8,117.1
1312.5,13.7,117.1
1312.6,13.8,117.1
1312.7,13.6,117.1
1312.8,13.6,117.1
1312.9,13.4,117.1
1313.0,13.6,117.1
1313.1,13.8,117.1
1313.2,13.5,117.1
1313.3,13.7,117.1
1313.4,13.5,117.1
1313.5,14.7,117.1
1313.6,13.7,117.1
1313.7,13.4,117.1
1313.8,13.7,117.1
1313.9,13.5,117.1
1314.0,13.6,117.1
1314.1,13.7,117.1
1314.2,13.7,117.1
1314.3,13.5,117.1
1314.4,13.5,117.1
1314.5,0.0,117.1
1314.6,13.5,117.1
1314.7,0.0,117.1
1314.8,13.7,117.1
1314.9,0.0,117.1
1315.0,13.7,117.1
1315.1,13.5,117.1
1315.2,13.6,117.1
1315.3,13.6,117.1
1315.4,13.8,117.1
1315.5,13.6,117.1
1315.6,13.5,117.1
1315.7,13.5,117.1
1315.8,13.6,117.1
1315.9,13.9,117.1
1316.0,13.6,117.1
1316.1,0.0,117.1
1316.2,13.6,117.1
1316.3,13.6,117.1
1316.4,13.5,117.1
1316.5,13.6,117.1
1316.6,13.7,117.1
1316.7,0.0,117.1
1316.8,13.6,117.1
1316.9,13.6,117.1
1317.0,13.6,117.1
1317.1,13.6,117.1
1317.2,13.6,117.1
1317.3,13.6,117.1
1317.4,13.6,117.1
1317.5,13.6,117.1
1317.6,0.0,117.1
1317.7,13.6,117.1
1317.8,13.5,117.1
1317.9,13.6,117.1
1318.0,13.6,117.1
1318.1,13.6,117.1
1318.2,13.6,117.1
1318.3,27.0,117.1
1318.4,0.0,117.1
1318.5,13.7,117.1
1318.6,13.6,117.1
1318.7,13.6,117.1
1318.8,13.7,117.1
1318.9,0.0,117.1
1319.0,0.0,117.1
1319.1,0.0,117.1
1319.2,13.6,117.1
1319.3,13.6,117.1
1319.4,13.6,117.1
1319.5,13.7,117.1
1319.6,13.6,117.1
1319.7,13.5,117.1
1319.8,0.0,117.1
1319.9,13.5,117.1
1320.0,13.6,117.1
1320.1,13.6,117.1
1320.2,13.7,117.1
1320.3,0.0,117.1
1320.4,13.6,117.1
1320.5,13.7,117.1
1320.6,0.0,117.1
1320.7,14.4,117.1
1320.8,14.3,117.1
1320.9,13.6,117.1
1321.0,13.5,117.1
1321.1,13.6,117.1
1321.2,13.7,117.1
1321.3,13.6,117.1
1321.4,13.7,117.1
1321.5,14.6,117.1
1321.6,14.7,117.1
1321.7,13.8,117.1
1321.8,13.6,117.1
1321.9,13.6,117.1
1322.0,13.6,117.1
1322.1,13.8,117.1
1322.2,13.7,117.1
1322.3,13.7,117.1
1322.4,13.8,117.1
1322.5,0.0,117.1
1322.6,13.8,117.1
1322.7,13.7,117.1
1322.8,13.7,117.1
1322.9,13.7,117.1
1323.0,13.5,117.1
1323.1,13.5,117.1
1323.2,13.7,117.1
1323.3,13.6,117.1
1323.4,13.5,117.1
1323.5,13.7,117.1
1323.6,13.7,117.1
1323.7,13.6,117.1
1323.8,13.6,117.1
1323.9,14.0,117.1
1324.0,13.6,117.1
1324.1,13.7,117.1
1324.2,13.4,117.1
1324.3,0.0,117.1
1324.4,13.6,117.1
1324.5,13.9,117.1
1324.6,13.6,117.1
1324.7,13.6,117.1
1324.8,13.5,117.1
1324.9,13.6,117.1
1325.0,13.7,117.1
1325.1,13.8,117.1
1325.2,0.0,117.1
1325.3,13.5,117.1
1325.4,13.6,117.1
1325.5,13.5,117.1
1325.6,13.6,117.1
1325.7,14.4,117.1
1325.8,13.6,117.1
1325.9,0.0,117.1
1326.0,13.5,117.1
1326.1,13.6,117.1
1326.2,13.6,117.1
1326.3,13.6,117.1
1326.4,13.7,117.1
1326.5,13.6,117.1
1326.6,13.7,117.1
1326.7,0.0,117.1
1326.8,13.5,117.1
1326.9,13.6,117.1
1327.0,13.7,117.1
1327.1,13.6,117.1
1327.2,13.4,117.1
1327.3,13.5,117.1
1327.4,13.6,117.1
1327.5,14.0,117.1
1327.6,14.0,117.1
1327.7,13.6,117.1
1327.8,0.0,117.1
1327.9,13.8,117.1
1328.0,13.7,117.1
1328.1,13.6,117.1
1328.2,13.6,117.1
1328.3,13.5,117.1
1328.4,13.6,117.1
1328.5,13.5,117.1
1328.6,13.6,117.1
1328.7,13.5,117.1
1328.8,13.6,117.1
1328.9,0.0,117.1
1329.0,13.6,117.1
1329.1,13.6,117.1
1329.2,13.7,117.1
1329.3,0.0,117.1
1329.4,13.8,117.1
1329.5,13.6,117.1
1329.6,13.5,117.1
1329.7,13.6,117.1
1329.8,0.0,117.1
1329.9,0.0,117.1
1330.0,13.7,117.1
1330.1,13.4,117.1
1330.2,13.5,117.1
1330.3,13.8,117.1
1330.4,13.7,117.1
1330.5,13.8,117.1
1330.6,13.6,117.1
1330.7,13.6,117.1
1330.8,13.7,117.1
1330.9,13.5,117.1
1331.0,13.9,117.1
1331.1,0.0,117.1
1331.2,13.4,117.1
1331.3,13.6,117.1
1331.4,13.6,117.1
1331.5,13.6,117.1
1331.6,13.7,117.1
1331.7,13.6,117.1
1331.8,13.5,117.1
1331.9,13.6,117.1
1332.0,0.0,117.1
1332.1,13.5,117.1
1332.2,0.0,117.1
1332.3,13.6,117.1
1332.4,13.7,117.1
1332.5,13.7,117.1
1332.6,0.0,117.08
1332.7,13.8,117.08
1332.8,13.5,117.08
1332.9,13.5,117.08
1333.0,13.4,117.08
1333.1,13.6,117.08
1333.2,13.6,117.08
1333.3,13.7,117.08
1333.4,13.6,117.08
1333.5,13.6,117.08
1333.6,13.8,117.08
1333.7,14.0,117.08
1333.8,0.0,117.08
1333.9,13.5,117.08
1334.0,13.8,117.08
1334.1,0.0,117.08
1334.2,13.6,117.08
1334.3,13.5,117.08
1334.4,13.7,117.08
1334.5,13.6,117.08
1334.6,13.6,117.08
1334.7,13.7,117.08
1334.8,0.0,117.08
1334.9,13.6,117.08
1335.0,13.7,117.08
1335.1,13.6,117.08
1335.2,13.7,117.08
1335.3,13.6,117.08
1335.4,13.5,117.08
1335.5,13.6,117.08
1335.6,13.6,117.08
1335.7,13.5,117.08
1335.8,13.6,117.08
1335.9,13.6,117.08
1336.0,13.8,117.08
1336.1,0.0,117.08
1336.2,13.6,117.08
1336.3,13.6,117.08
1336.4,13.7,117.08
1336.5,0.0,117.08
1336.6,13.7,117.08
1336.7,13.6,117.08
1336.8,13.5,117.08
1336.9,13.6,117.08
1337.0,13.7,117.08
1337.1,0.0,117.08
1337.2,14.7,117.08
1337.3,0.0,117.08
1337.4,13.9,117.08
1337.5,13.6,117.08
1337.6,13.6,117.08
1337.7,13.6,117.08
1337.8,13.6,117.08
1337.9,13.6,117.08
1338.0,13.6,117.08
1338.1,13.6,117.08
1338.2,13.8,117.08
1338.3,13.4,117.08
1338.4,13.7,117.08
1338.5,13.6,117.08
1338.6,0.0,117.08
1338.7,13.6,117.08
1338.8,13.6,117.08
1338.9,13.7,117.08
1339.0,13.6,117.08
1339.1,13.7,117.08
1339.2,0.0,117.08
1339.3,13.5,117.08
1339.4,13.6,117.08
1339.5,13.6,117.08
1339.6,13.6,117.08
1339.7,13.5,117.08
1339.8,13.7,117.08
1339.9,13.7,117.08
1340.0,13.6,117.08
1340.1,0.0,117.08
1340.2,13.6,117.08
1340.3,0.0,117.08
1340.4,13.7,117.08
1340.5,13.7,117.08
1340.6,13.5,117.08
1340.7,13.8,117.08
1340.8,13.5,117.08
1340.9,13.7,117.08
1341.0,13.5,117.08
1341.1,13.7,117.08
1341.2,13.5,117.08
1341.3,13.6,117.08
1341.4,13.7,117.08
1341.5,13.7,117.08
1341.6,0.0,117.08
1341.7,13.6,117.08
1341.8,0.0,117.08
1341.9,13.5,117.08
1342.0,13.6,117.08
1342.1,13.7,117.08
1342.2,13.7,117.08
1342.3,13.6,117.08
1342.4,13.7,117.08
1342.5,13.6,117.08
1342.6,13.6,117.08
1342.7,13.4,117.08
1342.8,13.7,117.08
1342.9,0.0,117.08
1343.0,13.7,117.08
1343.1,13.9,117.08
1343.2,13.7,117.08
1343.3,13.6,117.08
1343.4,13.6,117.08
1343.5,0.0,117.08
1343.6,13.7,117.08
1343.7,13.6,117.08
1343.8,13.3,117.08
1343.9,0.0,117.08
1344.0,13.7,117.08
1344.1,13.7,117.08
1344.2,13.6,117.08
1344.3,13.7,117.08
1344.4,13.6,117.08
1344.5,13.5,117.08
1344.6,13.5,117.08
1344.7,13.7,117.08
1344.8,13.5,117.08
1344.9,13.8,117.08
1345.0,13.5,117.08
1345.1,13.6,117.08
1345.2,13.5,117.08
1345.3,14.0,117.08
1345.4,13.5,117.08
1345.5,13.4,117.08
1345.6,13.4,117.08
1345.7,13.7,117.08
1345.8,13.7,117.08
1345.9,13.7,117.08
1346.0,13.6,117.08
1346.1,13.7,117.08
1346.2,13.6,117.08
1346.3,13.5,117.08
1346.4,13.8,117.08
1346.5,13.3,117.08
1346.6,13.6,117.08
1346.7,13.4,117.08
1346.8,13.5,117.08
1346.9,13.8,117.08
1347.0,13.6,117.08
1347.1,13.6,117.08
1347.2,14.1,117.08
1347.3,13.6,117.08
1347.4,13.6,117.08
1347.5,13.7,117.08
1347.6,13.7,117.08
1347.7,14.3,117.08
1347.8,14.7,117.08
1347.9,0.0,117.08
1348.0,13.7,117.08
1348.1,13.5,117.08
1348.2,13.6,117.08
1348.3,13.7,117.08
1348.4,13.4,117.08
1348.5,13.7,117.08
1348.6,13.6,117.08
1348.7,13.6,117.08
1348.8,13.6,117.08
1348.9,13.5,117.08
1349.0,0.0,117.08
1349.1,13.9,117.08
1349.2,14.4,117.08
1349.3,0.0,117.08
1349.4,13.6,117.08
1349.5,13.6,117.08
1349.6,13.6,117.08
1349.7,13.7,117.08
1349.8,13.7,117.08
1349.9,13.5,117.08
1350.0,13.7,117.08
1350.1,14.2,117.08
1350.2,13.5,117.08
1350.3,13.7,117.08
1350.4,13.8,117.08
1350.5,13.6,117.08
1350.6,13.5,117.08
1350.7,13.6,117.08
1350.8,13.9,117.08
1350.9,13.6,117.08
1351.0,13.7,117.08
1351.1,13.7,117.08
1351.2,13.5,117.08
1351.3,13.5,117.08
1351.4,13.6,117.08
1351.5,13.6,117.08
1351.6,13.6,117.08
1351.7,13.5,117.08
1351.8,0.0,117.08
1351.9,13.5,117.08
1352.0,13.7,117.08
1352.1,13.5,117.08
1352.2,13.7,117.08
1352.3,13.5,117.08
1352.4,13.6,117.08
1352.5,13.7,117.08
1352.6,13.6,117.08
1352.7,13.6,117.08
1352.8,13.5,117.08
1352.9,13.8,117.08
1353.0,0.0,117.08
1353.1,13.6,117.08
1353.2,13.7,117.08
1353.3,13.6,117.08
1353.4,13.5,117.08
1353.5,13.7,117.08
1353.6,13.3,117.08
1353.7,13.8,117.08
1353.8,14.4,117.08
1353.9,13.7,117.08
1354.0,0.0,117.08
1354.1,13.6,117.08
1354.2,13.6,117.08
1354.3,13.6,117.08
1354.4,13.8,117.08
1354.5,27.2,117.08
1354.6,13.8,117.08
1354.7,13.5,117.08
1354.8,13.7,117.08
1354.9,0.0,117.08
1355.0,13.7,117.08
1355.1,13.7,117.08
1355.2,13.8,117.08
1355.3,13.8,117.08
1355.4,0.0,117.08
1355.5,13.6,117.08
1355.6,13.6,117.08
1355.7,0.0,117.08
1355.8,0.0,117.08
1355.9,13.7,117.08
1356.0,0.0,117.08
1356.1,13.6,117.08
1356.2,13.5,117.08
1356.3,0.0,117.08
1356.4,13.6,117.08
1356.5,13.7,117.08
1356.6,0.0,117.08
1356.7,27.3,117.08
1356.8,13.7,117.08
1356.9,13.7,117.08
1357.0,13.6,117.08
1357.1,13.6,117.08
1357.2,0.0,117.08
1357.3,13.5,117.08
1357.4,13.6,117.08
1357.5,13.6,117.08
1357.6,13.9,117.08
1357.7,13.6,117.08
1357.8,0.0,117.08
1357.9,13.7,117.08
1358.0,13.7,117.08
1358.1,0.0,117.08
1358.2,13.6,117.08
1358.3,13.5,117.08
1358.4,0.0,117.08
1358.5,0.0,117.08
1358.6,13.5,117.08
1358.7,13.5,117.08
1358.8,0.0,117.08
1358.9,13.7,117.08
1359.0,13.4,117.08
1359.1,13.7,117.08
1359.2,13.6,117.08
1359.3,13.4,117.08
1359.4,13.6,117.08
1359.5,13.5,117.08
1359.6,0.0,117.08
1359.7,13.6,117.08
1359.8,14.8,117.08
1359.9,13.8,117.08
1360.0,14.4,117.08
1360.1,14.5,117.08
1360.2,14.3,117.08
1360.3,14.0,117.08
1360.4,0.0,117.08
1360.5,13.7,117.08
1360.6,0.0,117.08
1360.7,0.0,117.08
1360.8,0.0,117.08
1360.9,13.6,117.08
1361.0,14.2,117.08
1361.1,0.0,117.08
1361.2,0.0,117.08
1361.3,0.0,117.08
1361.4,0.0,117.08
1361.5,0.0,117.08
1361.6,0.0,117.08
1361.7,0.0,117.08
1361.8,0.0,117.08
1361.9,13.3,117.08
1362.0,13.5,117.08
1362.1,12.9,117.08
1362.2,14.1,117.08
1362.3,0.0,117.08
1362.4,0.0,117.08
1362.5,13.6,117.08
1362.6,13.0,117.08
1362.7,12.7,117.08
1362.8,0.0,117.08
1362.9,13.7,117.08
1363.0,13.6,117.08
1363.1,13.1,117.08
1363.2,13.4,117.08
1363.3,13.8,117.08
1363.4,13.6,117.08
1363.5,14.2,117.08
1363.6,25.1,117.08
1363.7,13.2,117.08
1363.8,0.0,117.08
1363.9,13.8,117.08
1364.0,13.1,117.08
1364.1,0.0,117.08
1364.2,13.9,117.08
1364.3,13.4,117.08
1364.4,14.3,117.08
1364.5,14.4,117.08
1364.6,25.5,117.08
1364.7,25.8,117.08
1364.8,12.5,117.08
1364.9,12.8,117.08
1365.0,13.9,117.08
1365.1,13.5,117.08
1365.2,13.5,117.08
1365.3,12.4,117.08
1365.4,12.8,117.08
1365.5,0.0,117.08
1365.6,13.6,117.08
1365.7,14.6,117.08
1365.8,13.4,117.08
1365.9,0.0,117.08
1366.0,0.0,117.08
1366.1,0.0,117.08
1366.2,0.0,117.08
1366.3,14.5,117.08
1366.4,14.1,117.08
1366.5,14.6,117.08
1366.6,13.1,117.08
1366.7,13.6,117.08
1366.8,13.0,117.08
1366.9,14.0,117.08
1367.0,13.8,117.08
1367.1,25.4,117.08
1367.2,25.3,117.08
1367.3,14.2,117.08
1367.4,29.1,117.08
1367.5,13.5,117.08
1367.6,13.6,117.08
1367.7,13.3,117.08
1367.8,13.5,117.08
1367.9,13.6,117.08
1368.0,13.5,117.08
1368.1,25.5,117.08
1368.2,13.3,117.08
1368.3,13.6,117.08
1368.4,13.9,117.08
1368.5,26.0,117.08
1368.6,13.7,117.08
1368.7,14.7,117.08
1368.8,38.1,117.08
1368.9,13.0,117.08
1369.0,13.1,117.08
1369.1,26.2,117.08
1369.2,13.9,117.08
1369.3,13.7,117.08
1369.4,14.2,117.08
1369.5,13.2,117.08
1369.6,14.3,117.08
1369.7,14.3,117.08
1369.8,14.4,117.08
1369.9,14.4,117.08
1370.0,14.3,117.08
1370.1,13.7,117.08
1370.2,13.7,117.08
1370.3,13.4,117.08
1370.4,13.5,117.08
1370.5,12.8,117.08
1370.6,13.7,117.08
1370.7,0.0,117.08
1370.8,13.6,117.08
1370.9,12.9,117.14
1371.0,12.7,117.14
1371.1,0.0,117.14
1371.2,12.7,117.14
1371.3,13.6,117.14
1371.4,13.6,117.14
1371.5,24.9,117.14
1371.6,25.3,117.14
1371.7,13.5,117.14
1371.8,0.0,117.14
1371.9,13.2,117.14
1372.0,0.0,117.14
1372.1,12.7,117.14
1372.2,13.5,117.14
1372.3,14.1,117.14
1372.4,25.5,117.14
1372.5,13.5,117.14
1372.6,0.0,117.14
1372.7,13.6,117.14
1372.8,13.1,117.14
1372.9,0.0,117.14
1373.0,14.0,117.14
1373.1,13.6,117.14
1373.2,13.5,117.14
1373.3,13.2,117.14
1373.4,13.6,117.14
1373.5,13.4,117.14
1373.6,14.3,117.14
1373.7,13.5,117.14
1373.8,12.9,117.14
1373.9,24.9,117.14
1374.0,13.5,117.14
1374.1,13.5,117.14
1374.2,13.5,117.14
1374.3,0.0,117.14
1374.4,13.5,117.14
1374.5,13.3,117.14
1374.6,13.1,117.14
1374.7,13.3,117.14
1374.8,12.7,117.14
1374.9,0.0,117.14
1375.0,13.0,117.14
1375.1,12.5,117.14
1375.2,12.7,117.14
1375.3,25.6,117.14
1375.4,26.0,117.14
1375.5,14.2,117.14
1375.6,12.7,117.14
1375.7,12.9,117.14
1375.8,13.6,117.14
1375.9,14.3,117.14
1376.0,14.3,117.14
1376.1,13.7,117.14
1376.2,14.1,117.14
1376.3,26.3,117.14
1376.4,13.8,117.14
1376.5,25.2,117.14
1376.6,25.5,117.14
1376.7,14.4,117.14
1376.8,0.0,117.14
1376.9,12.8,117.14
1377.0,13.9,117.14
1377.1,0.0,117.14
1377.2,0.0,117.14
1377.3,0.0,117.14
1377.4,12.6,117.14
1377.5,12.2,117.14
1377.6,12.7,117.14
1377.7,13.3,117.14
1377.8,25.3,117.14
1377.9,25.2,117.14
1378.0,25.0,117.14
1378.1,13.7,117.14
1378.2,25.3,117.14
1378.3,13.3,117.14
1378.4,12.9,117.14
1378.5,13.6,117.14
1378.6,24.8,117.14
1378.7,13.4,117.14
1378.8,12.4,117.14
1378.9,12.5,117.14
1379.0,0.0,117.14
1379.1,13.0,117.14
1379.2,13.3,117.14
1379.3,24.5,117.14
1379.4,25.0,117.14
1379.5,0.0,117.14
1379.6,12.8,117.14
1379.7,13.1,117.14
1379.8,12.4,117.14
1379.9,13.6,117.14
1380.0,0.0,117.14
1380.1,0.0,117.14
1380.2,13.2,117.14
1380.3,13.5,117.14
1380.4,12.3,117.14
1380.5,13.1,117.14
1380.6,25.9,117.14
1380.7,13.8,117.14
1380.8,13.7,117.14
1380.9,12.6,117.14
1381.0,11.6,117.14
1381.1,24.9,117.14
1381.2,0.0,117.14
1381.3,13.3,117.14
1381.4,13.3,117.14
1381.5,13.5,117.14
1381.6,13.6,117.14
1381.7,13.5,117.14
1381.8,0.0,117.14
1381.9,0.0,117.14
1382.0,14.2,117.14
1382.1,13.6,117.14
1382.2,25.8,117.14
1382.3,13.6,117.14
1382.4,13.8,117.14
1382.5,0.0,117.14
1382.6,0.0,117.14
1382.7,13.4,117.14
1382.8,13.1,117.14
1382.9,13.4,117.14
1383.0,13.5,117.14
1383.1,13.4,117.14
1383.2,13.6,117.14
1383.3,13.6,117.14
1383.4,13.5,117.14
1383.5,13.0,117.14
1383.6,13.0,117.14
1383.7,26.5,117.14
1383.8,12.6,117.14
1383.9,13.4,117.14
1384.0,13.4,117.14
1384.1,12.7,117.14
1384.2,13.5,117.14
1384.3,0.0,117.14
1384.4,12.8,117.14
1384.5,13.5,117.14
1384.6,0.0,117.14
1384.7,13.7,117.14
1384.8,13.4,117.14
1384.9,13.0,117.14
1385.0,13.6,117.14
1385.1,25.1,117.14
1385.2,25.1,117.14
1385.3,14.2,117.14
1385.4,13.4,117.14
1385.5,25.6,117.14
1385.6,25.7,117.14
1385.7,12.7,117.14
1385.8,12.7,117.14
1385.9,0.0,117.14
1386.0,13.4,117.14
1386.1,13.3,117.14
1386.2,12.8,117.14
1386.3,13.1,117.14
1386.4,25.5,117.14
1386.5,13.6,117.14
1386.6,12.7,117.14
1386.7,26.5,117.14
1386.8,12.7,117.14
1386.9,13.3,117.14
1387.0,13.4,117.14
1387.1,13.0,117.14
1387.2,13.5,117.14
1387.3,13.5,117.14
1387.4,25.8,117.14
1387.5,13.0,117.14
1387.6,24.4,117.14
1387.7,14.2,117.14
1387.8,13.5,117.14
1387.9,25.4,117.14
1388.0,14.0,117.14
1388.1,25.1,117.14
1388.2,13.9,117.14
1388.3,13.0,117.14
1388.4,25.5,117.14
1388.5,25.6,117.14
1388.6,14.1,117.14
1388.7,25.3,117.14
1388.8,12.8,117.14
1388.9,12.6,117.14
1389.0,13.6,117.14
1389.1,14.2,117.14
1389.2,13.3,117.14
1389.3,13.3,117.14
1389.4,13.7,117.14
1389.5,14.4,117.14
1389.6,14.3,117.14
1389.7,13.9,117.14
1389.8,13.4,117.14
1389.9,13.3,117.14
1390.0,13.5,117.14
1390.1,13.4,117.14
1390.2,13.5,117.14
1390.3,13.3,117.14
1390.4,14.1,117.14
1390.5,0.0,117.14
1390.6,13.5,117.14
1390.7,13.5,117.14
1390.8,13.1,117.14
1390.9,14.1,117.14
1391.0,13.8,117.14
1391.1,0.0,117.14
1391.2,12.3,117.14
1391.3,13.4,117.14
1391.4,13.3,117.14
1391.5,12.7,117.14
1391.6,0.0,117.14
1391.7,0.0,117.14
1391.8,13.2,117.14
1391.9,26.7,117.14
1392.0,13.6,117.14
1392.1,13.5,117.14
1392.2,12.5,117.14
1392.3,12.9,117.14
1392.4,13.3,117.14
1392.5,26.7,117.14
1392.6,0.0,117.14
1392.7,13.5,117.14
1392.8,13.6,117.14
1392.9,13.8,117.14
1393.0,13.4,117.14
1393.1,13.3,117.14
1393.2,13.6,117.14
1393.3,13.0,117.14
1393.4,12.9,117.14
1393.5,14.6,117.14
1393.6,13.5,117.14
1393.7,13.9,117.14
1393.8,13.4,117.14
1393.9,13.3,117.14
1394.0,13.8,117.14
1394.1,13.9,117.14
1394.2,13.6,117.14
1394.3,0.0,117.14
1394.4,13.0,117.14
1394.5,0.0,117.14
1394.6,13.8,117.14
1394.7,26.5,117.14
1394.8,13.5,117.14
1394.9,13.5,117.14
1395.0,14.2,117.14
1395.1,13.2,117.14
1395.2,0.0,117.14
1395.3,13.4,117.14
1395.4,12.4,117.14
1395.5,26.5,117.14
1395.6,13.6,117.14
1395.7,13.4,117.14
1395.8,13.3,117.14
1395.9,13.7,117.14
1396.0,13.6,117.14
1396.1,13.7,117.14
1396.2,13.5,117.14
1396.3,13.4,117.14
1396.4,13.7,117.14
1396.5,0.0,117.14
1396.6,0.0,117.14
1396.7,12.8,117.14
1396.8,13.5,117.14
1396.9,0.0,117.14
1397.0,13.9,117.14
1397.1,12.9,117.14
1397.2,12.5,117.14
1397.3,12.8,117.14
1397.4,13.2,117.14
1397.5,25.6,117.14
1397.6,13.6,117.14
1397.7,13.5,117.14
1397.8,13.6,117.14
1397.9,14.0,117.14
1398.0,13.6,117.14
1398.1,12.9,117.14
1398.2,13.4,117.14
1398.3,13.7,117.14
1398.4,13.4,117.14
1398.5,13.5,117.14
1398.6,0.0,117.14
1398.7,26.0,117.14
1398.8,25.5,117.14
1398.9,13.0,117.14
1399.0,12.9,117.14
1399.1,25.7,117.14
1399.2,13.9,117.14
1399.3,25.2,117.14
1399.4,26.2,117.14
1399.5,13.3,117.14
1399.6,13.6,117.14
1399.7,12.8,117.14
1399.8,0.0,117.14
1399.9,13.6,117.14
1400.0,13.2,117.14
1400.1,13.4,117.14
1400.2,12.9,117.14
1400.3,13.6,117.14
1400.4,13.4,117.14
1400.5,13.2,117.14
1400.6,13.4,117.14
1400.7,13.1,117.14
1400.8,13.4,117.14
1400.9,0.0,117.14
1401.0,0.0,117.14
1401.1,0.0,117.14
1401.2,14.1,117.14
1401.3,14.2,117.14
1401.4,13.3,117.14
1401.5,13.4,117.14
1401.6,0.0,117.14
1401.7,13.2,117.14
1401.8,13.6,117.14
1401.9,13.6,117.14
1402.0,13.5,117.14
1402.1,13.5,117.14
1402.2,13.4,117.14
1402.3,13.6,117.14
1402.4,27.4,117.14
1402.5,13.7,117.14
1402.6,13.5,117.14
1402.7,13.0,117.14
1402.8,12.7,117.14
1402.9,13.5,117.14
1403.0,13.4,117.14
1403.1,13.8,117.14
1403.2,13.6,117.14
1403.3,13.6,117.14
1403.4,0.0,117.14
1403.5,13.5,117.14
1403.6,13.6,117.14
1403.7,12.8,117.14
1403.8,14.0,117.14
1403.9,0.0,117.14
1404.0,0.0,117.14
1404.1,13.3,117.14
1404.2,0.0,117.14
1404.3,13.1,117.14
1404.4,12.8,117.14
1404.5,25.7,117.14
1404.6,13.4,117.14
1404.7,0.0,117.14
1404.8,13.4,117.14
1404.9,13.5,117.14
1405.0,13.1,117.14
1405.1,25.6,117.14
1405.2,13.3,117.14
1405.3,12.8,117.14
1405.4,12.8,117.14
1405.5,13.9,117.14
1405.6,0.0,117.14
1405.7,13.4,117.14
1405.8,13.8,117.14
1405.9,0.0,117.14
1406.0,13.9,117.14
1406.1,13.4,117.14
1406.2,13.6,117.14
1406.3,12.6,117.14
1406.4,13.7,117.14
1406.5,13.6,117.14
1406.6,0.0,117.14
1406.7,13.4,117.14
1406.8,0.0,117.14
1406.9,25.3,117.14
1407.0,26.5,117.14
1407.1,12.7,117.14
1407.2,13.5,117.14
1407.3,13.5,117.14
1407.4,12.5,117.14
1407.5,13.6,117.14
1407.6,13.5,117.14
1407.7,13.6,117.14
1407.8,12.7,117.14
1407.9,12.6,117.14
1408.0,0.0,117.14
1408.1,0.0,117.14
1408.2,13.5,117.14
1408.3,13.1,117.14
1408.4,0.0,117.14
1408.5,12.9,117.14
1408.6,13.4,117.14
1408.7,13.6,117.14
1408.8,14.1,117.14
1408.9,13.4,117.14
1409.0,13.4,117.14
1409.1,13.9,117.14
1409.2,14.5,117.14
1409.3,25.5,117.14
1409.4,13.4,117.14
1409.5,12.5,117.14
1409.6,13.0,117.14
1409.7,14.1,117.14
1409.8,24.9,117.14
1409.9,0.0,117.14
1410.0,13.9,117.14
1410.1,14.3,117.14
1410.2,13.3,117.14
1410.3,13.3,117.14
1410.4,25.1,117.14
1410.5,25.2,117.14
1410.6,13.3,117.14
1410.7,12.9,117.14
1410.8,13.5,117.14
1410.9,13.2,117.14
1411.0,14.1,117.14
1411.1,0.0,117.14
1411.2,24.3,117.14
1411.3,13.9,117.14
1411.4,13.9,117.14
1411.5,12.9,117.14
1411.6,14.2,117.14
1411.7,13.5,117.14
1411.8,13.6,117.14
1411.9,13.6,117.14
1412.0,13.7,117.14
1412.1,0.0,117.14
1412.2,14.0,117.14
1412.3,0.0,117.14
1412.4,14.3,117.14
1412.5,13.4,117.14
1412.6,0.0,117.14
1412.7,13.9,117.14
1412.8,12.7,117.14
1412.9,13.4,117.14
1413.0,13.0,117.14
1413.1,13.3,117.14
1413.2,13.9,117.14
1413.3,13.8,117.14
1413.4,0.0,117.14
1413.5,13.9,117.14
1413.6,13.3,117.14
1413.7,0.0,117.14
1413.8,12.6,117.14
1413.9,13.1,117.14
1414.0,26.5,117.14
1414.1,13.1,117.14
1414.2,12.9,117.14
1414.3,25.3,117.14
1414.4,13.1,117.14
1414.5,13.3,117.14
1414.6,13.5,117.14
1414.7,13.0,117.14
1414.8,26.2,117.14
1414.9,25.6,117.14
1415.0,25.5,117.14
1415.1,12.9,117.14
1415.2,12.6,117.14
1415.3,13.3,117.14
1415.4,13.4,117.14
1415.5,0.0,117.14
1415.6,13.6,117.14
1415.7,25.4,117.14
1415.8,12.7,117.14
1415.9,0.0,117.14
1416.0,0.0,117.14
1416.1,0.0,117.14
1416.2,13.5,117.14
1416.3,28.5,117.14
1416.4,13.9,117.14
1416.5,26.2,117.14
1416.6,12.4,117.14
1416.7,13.2,117.14
1416.8,13.2,117.14
1416.9,13.4,117.14
1417.0,13.6,117.14
1417.1,13.5,117.14
1417.2,0.0,117.14
1417.3,13.8,117.14
1417.4,0.0,117.14
1417.5,27.8,118.84
1417.6,83.0,118.86
1417.7,105.3,118.86
1417.8,40.7,118.88
1417.9,13.6,118.88
1418.0,13.5,118.88
1418.1,12.9,118.88
1418.2,13.5,118.88
1418.3,13.1,118.88
1418.4,13.3,118.88
1418.5,12.7,118.88
1418.6,13.7,118.88
1418.7,13.3,118.88
1418.8,0.0,118.88
1418.9,13.8,118.88
1419.0,13.3,118.88
1419.1,0.0,118.88
1419.2,13.2,118.88
1419.3,25.9,118.88
1419.4,13.4,118.88
1419.5,13.4,118.88
1419.6,13.2,118.88
1419.7,13.6,118.88
1419.8,13.7,118.88
1419.9,14.2,118.88
1420.0,0.0,118.88
1420.1,13.6,118.88
1420.2,13.9,118.88
1420.3,25.5,118.88
1420.4,13.4,118.88
1420.5,13.5,118.88
1420.6,13.7,118.88
1420.7,13.8,118.88
1420.8,13.5,118.88
1420.9,12.9,118.88
1421.0,13.6,118.88
1421.1,13.2,118.88
1421.2,40.9,118.88
1421.3,107.1,118.88
1421.4,111.4,118.88
1421.5,65.6,118.88
1421.6,25.7,118.88
1421.7,13.6,118.88
1421.8,13.5,118.88
1421.9,13.2,118.88
1422.0,25.1,118.88
1422.1,13.3,118.88
1422.2,0.0,118.88
1422.3,13.4,118.88
1422.4,13.4,118.88
1422.5,13.6,118.88
1422.6,12.7,118.88
1422.7,0.0,118.88
1422.8,13.0,118.88
1422.9,13.4,118.88
1423.0,13.5,118.88
1423.1,13.6,118.88
1423.2,13.7,118.88
1423.3,13.3,118.88
1423.4,12.8,118.88
1423.5,26.2,118.88
1423.6,13.5,118.88
1423.7,13.5,118.88
1423.8,14.2,118.88
1423.9,13.1,118.88
1424.0,13.6,118.88
1424.1,13.1,118.88
1424.2,12.4,118.88
1424.3,0.0,118.88
1424.4,13.2,118.88
1424.5,24.9,118.88
1424.6,24.8,118.88
1424.7,25.3,118.88
1424.8,14.3,118.88
1424.9,25.1,118.88
1425.0,26.0,118.88
1425.1,13.2,118.88
1425.2,13.5,118.88
1425.3,36.3,118.54
1425.4,11.5,118.54
1425.5,13.8,118.54
1425.6,13.0,118.54
1425.7,13.9,118.54
1425.8,12.9,118.54
1425.9,0.0,118.54
1426.0,0.0,118.54
1426.1,13.4,118.54
1426.2,28.4,118.59
1426.3,42.5,120.49
1426.4,28.7,118.59
1426.5,14.0,118.54
1426.6,13.4,118.54
1426.7,13.0,118.54
1426.8,13.2,118.54
